Date,always_up_gross,always_up_net,persistence_gross,persistence_net,logreg_gross,logreg_net,gbm_gross,gbm_net
2018-01-02,1.0063252817069046,1.0063252817069046,1.0063252817069046,1.0063252817069046,1.0063252817069046,1.0063252817069046,1.0,1.0
2018-01-03,1.0105667532856886,1.0105667532856886,1.0105667532856886,1.0105667532856886,1.0105667532856886,1.0105667532856886,1.0,1.0
2018-01-04,1.0173011273449655,1.0173011273449655,1.0173011273449655,1.0173011273449655,1.0105667532856886,1.0100614699090458,1.0,1.0
2018-01-05,1.0191611201111572,1.0191611201111572,1.0191611201111572,1.0191611201111572,1.0105667532856886,1.0100614699090458,1.0018283600756899,1.0013283600756897
2018-01-08,1.021468230253938,1.021468230253938,1.021468230253938,1.021468230253938,1.0105667532856886,1.0100614699090458,1.0018283600756899,1.000827695895652
2018-01-09,1.0199055181617669,1.0199055181617669,1.0199055181617669,1.0199055181617669,1.0105667532856886,1.0100614699090458,1.0018283600756899,1.000827695895652
2018-01-10,1.027346911931522,1.027346911931522,1.0199055181617669,1.019395565402686,1.017940009933398,1.0169260091934766,1.0091378600090442,1.0076294809751687
2018-01-11,1.0340438429822587,1.0340438429822587,1.0265539412543654,1.0255309665010368,1.017940009933398,1.01641754618888,1.0091378600090442,1.0071256662346812
2018-01-12,1.030509391113953,1.030509391113953,1.0230450905221575,1.0220256123855853,1.017940009933398,1.01641754618888,1.0091378600090442,1.0071256662346812
2018-01-16,1.0403319403542577,1.0403319403542577,1.0230450905221575,1.0215145995793926,1.0276427510801223,1.02559756683149,1.0187567013370982,1.016221765018496
2018-01-17,1.0385830479139233,1.0385830479139233,1.0213252588458117,1.0192865834974805,1.0276427510801223,1.0250847680480744,1.0187567013370982,1.0157136541359868
2018-01-18,1.0433084978621598,1.0433084978621598,1.0213252588458117,1.0187769402057318,1.0323184237619083,1.029236259776527,1.0233919433731282,1.0198271937817385
2018-01-19,1.0517915056881366,1.0517915056881366,1.0296295237697628,1.0265510966069675,1.0407120727023862,1.0376048480362354,1.0317130122443825,1.0281192781304442
2018-01-22,1.0540239238190632,1.0540239238190632,1.031814903290866,1.028729942193754,1.0407120727023862,1.0370860456122173,1.0317130122443825,1.027605218491379
2018-01-23,1.0536145081246482,1.0536145081246482,1.0314141142711937,1.0283303514689792,1.0407120727023862,1.0370860456122173,1.0317130122443825,1.027605218491379
2018-01-24,1.0540613668276029,1.0540613668276029,1.0314141142711937,1.027816186293245,1.041153459227886,1.0370073512452727,1.0317130122443825,1.027605218491379
2018-01-25,1.0662650715384572,1.0662650715384572,1.0433556137714135,1.0392021216336071,1.041153459227886,1.03648884756965,1.0317130122443825,1.027605218491379
2018-01-26,1.0591957151229858,1.0591957151229858,1.0364381474689763,1.0323121930580212,1.041153459227886,1.03648884756965,1.0317130122443825,1.027605218491379
2018-01-29,1.0483313578212339,1.0483313578212339,1.0364381474689763,1.0317960369614922,1.041153459227886,1.03648884756965,1.0317130122443825,1.027605218491379
2018-01-30,1.0488522618519576,1.0488522618519576,1.0364381474689763,1.0317960369614922,1.0416707966417367,1.036485622766781,1.0317130122443825,1.027605218491379
2018-01-31,1.0476617164508872,1.0476617164508872,1.0352616932486418,1.030108953952212,1.0404884028752577,1.0353091146575437,1.030541921494401,1.0259249878622037
2018-02-01,1.02485400945103,1.02485400945103,1.0352616932486418,1.0295938994752358,1.0178368596749188,1.0127703251125904,1.0081069142516634,1.0035904917557112
2018-02-02,0.9819921762865996,0.9819921762865996,1.0352616932486418,1.0295938994752358,0.9752685004103999,0.9704138603785409,0.9659454844557174,0.9616179494947081
2018-02-05,1.0013396707511457,1.0013396707511457,1.0352616932486418,1.0295938994752358,0.9944835230641337,0.9895332355073637,0.9659454844557174,0.9611371405199608
2018-02-06,0.99590726576084,0.99590726576084,1.0296452566358214,1.0234934144709122,0.9890883136149586,0.984164882046833,0.9607050977783532,0.9554422711973775
2018-02-07,0.958551818246076,0.958551818246076,1.0296452566358214,1.022981667763677,0.9519886379152507,0.9472498791533779,0.9246700470351412,0.9196046236149654
2018-02-08,0.9729508860897682,0.9729508860897682,1.0296452566358214,1.022981667763677,0.9662891157014675,0.9614791727765601,0.9246700470351412,0.919144821303158
2018-02-09,0.9872379482498833,0.9872379482498833,1.0447648335792628,1.0374919040127892,0.980478354704222,0.9755977813348212,0.9382481408818729,0.9321822088972219
2018-02-12,0.9896938604006958,0.9896938604006958,1.047363853049774,1.0400728309088345,0.9829174512859482,0.9780247367104056,0.9382481408818729,0.9317161177927734
2018-02-13,1.003051055514532,1.003051055514532,1.0614993790948692,1.0541099552064679,0.9961831900188381,0.9912244419496702,0.9382481408818729,0.9317161177927734
2018-02-14,1.015849709583879,1.015849709583879,1.0750438176089117,1.067560106715278,0.9961831900188381,0.9907288297286954,0.9502199276820924,0.9431386997259448
2018-02-15,1.0161473135999424,1.0161473135999424,1.0753587631707857,1.0678728598441611,0.9964750325180656,0.9905237098999891,0.9504983047529855,0.9434150022755199
2018-02-16,1.0097853649054003,1.0097853649054003,1.0686261003098452,1.061187065121589,0.9902362490784746,0.9843221868149296,0.9445473748354869,0.9375084198717591
2018-02-20,1.0047621816042838,1.0047621816042838,1.0686261003098452,1.060656471589028,0.985310312970263,0.9794256702446082,0.9398487183038273,0.9328447786634148
2018-02-21,1.006064474015297,1.006064474015297,1.0686261003098452,1.060656471589028,0.9865873934242919,0.9806951234952019,0.9410668750734157,0.9340538574863926
2018-02-22,1.0221010106314232,1.0221010106314232,1.0856598610967372,1.0770328692968332,0.9865873934242919,0.9802047759334543,0.9560673584322076,0.9489425542587095
2018-02-23,1.0339694096440402,1.0339694096440402,1.0982662906858425,1.0895391242653336,0.9865873934242919,0.9802047759334543,0.9560673584322076,0.9484680829815803
2018-02-26,1.0210586852227075,1.0210586852227075,1.0845527191932722,1.0759345250881756,0.9865873934242919,0.9802047759334543,0.944129362899826,0.9361507422411973
2018-02-27,1.0107154906253133,1.0107154906253133,1.0845527191932722,1.0753965578256315,0.9865873934242919,0.9802047759334543,0.944129362899826,0.9356826668700767
2018-02-28,0.996018818765558,0.996018818765558,1.0845527191932722,1.0753965578256315,0.9722415648339361,0.9654616536987785,0.944129362899826,0.9356826668700767
2018-03-01,1.0011533610661663,1.0011533610661663,1.0845527191932722,1.0753965578256315,0.9772535338319079,0.9704386718104197,0.9489964116540489,0.9400383310191431
2018-03-02,1.012724414736354,1.012724414736354,1.0970876795799298,1.087287995552499,0.9772535338319079,0.9699534524745145,0.9489964116540489,0.9395683118536337
2018-03-05,1.0152919445602924,1.0152919445602924,1.0998690930580772,1.0900445641857512,0.9772535338319079,0.9699534524745145,0.9489964116540489,0.9395683118536337
2018-03-06,1.0149199072060089,1.0149199072060089,1.0994660637721345,1.0896451349399234,0.9768954350395961,0.9691130519530131,0.9489964116540489,0.9395683118536337
2018-03-07,1.0198310848235486,1.0198310848235486,1.0994660637721345,1.0891003123724536,0.9816226129786423,0.9738025710922323,0.9489964116540489,0.9395683118536337
2018-03-08,1.0375786181926088,1.0375786181926088,1.1185994388430869,1.1075087480819885,0.9987052263044331,0.9907490967301779,0.9489964116540489,0.9395683118536337
2018-03-09,1.036276390450004,1.036276390450004,1.1171955247718226,1.1061187535392694,0.9987052263044331,0.9902537221818128,0.9489964116540489,0.9395683118536337
2018-03-12,1.0295787480467733,1.0295787480467733,1.1171955247718226,1.1055656941624998,0.9922504131545166,0.9833584057759598,0.9428628755957316,0.9330259271596688
2018-03-13,1.0242959210854017,1.0242959210854017,1.1171955247718226,1.1055656941624998,0.9871591199970098,0.9783127380127313,0.9380249926950568,0.9282385181994423
2018-03-14,1.02317987369096,1.02317987369096,1.1171955247718226,1.1055656941624998,0.9860835359386406,0.9772467927524483,0.9370029439614163,0.9272271325653385
2018-03-15,1.024289260239323,1.024289260239323,1.1171955247718226,1.1055656941624998,0.9871527006460994,0.978306376188545,0.9370029439614163,0.9267635189990558
2018-03-16,1.0104303029436887,1.0104303029436887,1.1020795163651067,1.0900542581910693,0.9737962127343469,0.9650695818415302,0.9370029439614163,0.9267635189990558
2018-03-19,1.0121487365636046,1.0121487365636046,1.1020795163651067,1.0895092310619738,0.9754523429454405,0.9667108707163424,0.938596500049523,0.9278762791902875
2018-03-20,1.0102060975713092,1.0102060975713092,1.0999642712793205,1.0868733577814997,0.9735801361362265,0.9648554416041101,0.938596500049523,0.9274123410506924
2018-03-21,0.9849537953921326,0.9849537953921326,1.0999642712793205,1.086329921102609,0.9492433796540964,0.9407367778688717,0.938596500049523,0.9274123410506924
2018-03-22,0.9639598432463669,0.9639598432463669,1.0999642712793205,1.086329921102609,0.9290105827651732,0.9206852962778209,0.9185906377457204,0.9071811590873972
2018-03-23,0.9903331722874421,0.9903331722874421,1.0999642712793205,1.086329921102609,0.9544277222379065,0.9458746612001614,0.9437226941410689,0.9320010593935152
2018-03-26,0.9734856938283276,0.9734856938283276,1.0812517562543313,1.0673061877258805,0.9381910647764136,0.9297835078130802,0.9276681498666453,0.916145922747192
2018-03-27,0.9706091136800159,0.9706091136800159,1.0812517562543313,1.0667725346320176,0.9354187777162453,0.9270360644785155,0.9249269572625369,0.9134387774947872
2018-03-28,0.9830112210682458,0.9830112210682458,1.0812517562543313,1.0667725346320176,0.9473712351686777,0.9388814105219226,0.9367453538637668,0.9251103821102766
2018-03-29,0.9617933868921429,0.9617933868921429,1.0579134464007638,1.0432133656896616,0.92692267330061,0.9186160975198682,0.9165261466385256,0.9051423102698797
2018-04-02,0.9741204789264761,0.9741204789264761,1.0579134464007638,1.0426917590068168,0.9388028351505564,0.9303897958345742,0.928273058517379,0.9167433180486086
2018-04-03,0.9845426983190961,0.9845426983190961,1.0692321757318035,1.0533262839937405,0.9488471872877126,0.9403441359625315,0.9382047514459461,0.9265516530483516
2018-04-04,0.9923128016094181,0.9923128016094181,1.077670656318736,1.0616392337916676,0.9488471872877126,0.9398739638945504,0.9456091513146891,0.9338640855718935
2018-04-05,0.9701982752806134,0.9701982752806134,1.05365385832491,1.0379797095475987,0.9277013287728835,0.9184581442367036,0.9245354551580025,0.9130521380948382
2018-04-06,0.9749796634022295,0.9749796634022295,1.05365385832491,1.037460719692825,0.932273280946803,0.9229845436057241,0.9290918050876361,0.9175518952668865
2018-04-09,0.9904824916427425,0.9904824916427425,1.070407658843748,1.0534383081254675,0.9470970491650076,0.9376606146924138,0.9438649857134556,0.9321415836142745
2018-04-10,0.9852898771112725,0.9852898771112725,1.0647960358107247,1.0479156470860913,0.9470970491650076,0.9371917843850677,0.9389167639307234,0.9272548218862249
2018-04-11,0.9933961267891432,0.9933961267891432,1.0647960358107247,1.0473916892625483,0.9470970491650076,0.9371917843850677,0.9466414893054279,0.9348836012696656
2018-04-12,0.9904824916427426,0.9904824916427426,1.061672984421634,1.0437959890527027,0.9470970491650076,0.9371917843850677,0.9466414893054279,0.9344161594690309
2018-04-13,0.9986258609871104,0.9986258609871104,1.061672984421634,1.0432740910581764,0.9548837199455481,0.9444284219635819,0.9466414893054279,0.9344161594690309
2018-04-16,1.0093095347554246,1.0093095347554246,1.0730311599479332,1.0539137912814245,0.9548837199455481,0.9439562077526001,0.9466414893054279,0.9344161594690309
2018-04-17,1.010056713547601,1.010056713547601,1.0738255110349384,1.0546939900277077,0.9548837199455481,0.9439562077526001,0.9466414893054279,0.9344161594690309
2018-04-18,1.004453325285137,1.004453325285137,1.0678683591406315,1.048842972114609,0.9548837199455481,0.9439562077526001,0.9413899031926987,0.9287651864877836
2018-04-19,0.9959362372078642,0.9959362372078642,1.0678683591406315,1.048318550628552,0.9548837199455481,0.9439562077526001,0.9413899031926987,0.9283008038945397
2018-04-20,0.9957868531841558,0.9957868531841558,1.0678683591406315,1.048318550628552,0.9547404935351315,0.9433426422947845,0.9412487007679213,0.9276974143484418
2018-04-23,0.9823764359700979,0.9823764359700979,1.0678683591406315,1.048318550628552,0.941882854062868,0.9306384994668963,0.9412487007679213,0.9272335656412676
2018-04-24,0.9848046053736503,0.9848046053736503,1.0678683591406315,1.048318550628552,0.9442109342612776,0.9329387866556275,0.9435752135105455,0.9290618199697626
2018-04-25,0.9948159216984594,0.9948159216984594,1.078724084101986,1.058451377076335,0.9538095838701983,0.9424228459846853,0.9531674005161285,0.938506466871562
2018-04-26,0.995749539512433,0.995749539512433,1.0797364482985305,1.0594447156823117,0.9547047179339149,0.9433072937886616,0.9531674005161285,0.9380372136381263
2018-04-27,0.9880915065740963,0.9880915065740963,1.071432495389005,1.0512968208482205,0.9473623493098698,0.9360525795857869,0.9458368549730439,0.9303540115500437
2018-04-30,0.9898474478709605,0.9898474478709605,1.071432495389005,1.0507711724377964,0.9490459106614042,0.9377160423011277,0.9475177053626012,0.9320073473177483
2018-05-01,0.9831981774373117,0.9831981774373117,1.0642351798546124,1.0431872631321408,0.9426707233257101,0.9314169630150801,0.9411527836999981,0.9257466160184025
2018-05-02,0.9810313977410449,0.9810313977410449,1.0642351798546124,1.0426656695005747,0.9405932583441423,0.9293642991569352,0.939078663965438,0.9237064485145278
2018-05-03,0.9937322731766918,0.9937322731766918,1.0642351798546124,1.0426656695005747,0.9527706033683141,0.9413962690053103,0.9512364003669054,0.9356651692738236
2018-05-04,0.9970943837362606,0.9970943837362606,1.0678358240448385,1.0456720043809136,0.9527706033683141,0.9409255708708076,0.9544547339489436,0.9388308204564907
2018-05-07,0.9970943837362606,0.9970943837362606,1.0678358240448385,1.0456720043809136,0.9527706033683141,0.9404551080853722,0.9544547339489436,0.9383614050462625
2018-05-08,1.0067321753333898,1.0067321753333898,1.0678358240448385,1.045149168378723,0.961979966759497,0.9495454314148635,0.9544547339489436,0.9383614050462625
2018-05-09,1.0161456322213223,1.0161456322213223,1.0778206310663356,1.0543992690691006,0.961979966759497,0.9490706586991561,0.9544547339489436,0.9383614050462625
2018-05-10,1.0192459003947454,1.0192459003947454,1.0811090701376616,1.057616249384048,0.961979966759497,0.9490706586991561,0.9544547339489436,0.9383614050462625
2018-05-11,1.0197320774900878,1.0197320774900878,1.081624755770799,1.0581207290154238,0.961979966759497,0.9490706586991561,0.9544547339489436,0.9383614050462625
2018-05-14,1.0127086356446737,1.0127086356446737,1.0741750258481957,1.0508328839336463,0.9553542946813778,0.9420593646214018,0.9478808921860462,0.9314292259701422
2018-05-15,1.0169672443517188,1.0169672443517188,1.0741750258481957,1.0503074674916795,0.9593717188194203,0.9460208813612844,0.9518668894202215,0.9353460412041582
2018-05-16,1.0161085772232337,1.0161085772232337,1.0732680558449252,1.0488954961124817,0.9593717188194203,0.9455478709206038,0.9518668894202215,0.9348783681835562
2018-05-17,1.0135679494572447,1.0135679494572447,1.0732680558449252,1.0483710483644255,0.9593717188194203,0.9455478709206038,0.9494868884016341,0.9320734052414027
2018-05-18,1.02118860405545,1.02118860405545,1.0732680558449252,1.0483710483644255,0.9665848913593812,0.9521843329610966,0.956625740440028,0.9390813315331934
2018-05-21,1.018349596252495,1.018349596252495,1.070284261888446,1.0449322850875356,0.9665848913593812,0.9517082407946161,0.956625740440028,0.9386117908674269
2018-05-22,1.021151031710093,1.021151031710093,1.070284261888446,1.0444098189449917,0.9692439243647434,0.9538504946607704,0.9592573762542725,0.9407245651942782
2018-05-23,1.0190594613729487,1.0190594613729487,1.0680920545215011,1.0417484039389782,0.9672586726451582,0.9518967724994543,0.9572925794597177,0.9387977281888958
2018-05-24,1.0166312273009879,1.0166312273009879,1.0680920545215011,1.0412275297370088,0.9649538704679113,0.9496285749471166,0.95501152467696,0.9365607432859773
2018-05-25,1.0049388556963943,1.0049388556963943,1.0680920545215011,1.0412275297370088,0.9538558450169762,0.9387068071650071,0.9440278470824427,0.9257892698679844
2018-05-29,1.0183495962524949,1.0183495962524949,1.0680920545215011,1.0412275297370088,0.966584891359381,0.9512336921369408,0.9566257404400278,0.9381437724702523
2018-05-30,1.01211109954984,1.01211109954984,1.0615488312661623,1.034328267092736,0.966584891359381,0.9507580752908723,0.9566257404400278,0.9376747005840171
2018-05-31,1.0220479178680204,1.0220479178680204,1.0615488312661623,1.0338111029591897,0.9760747373444791,0.9596171559414075,0.9660178083518166,0.9464118714925038
2018-06-01,1.0269039333330823,1.0269039333330823,1.0665925258439077,1.0382061028244292,0.9760747373444791,0.9591373473634368,0.9660178083518166,0.9459386655567577
2018-06-04,1.0276512414620755,1.0276512414620755,1.0673687165264185,1.0389616358738478,0.9760747373444791,0.9591373473634368,0.9660178083518166,0.9459386655567577
2018-06-05,1.0362428922143858,1.0362428922143858,1.0762924241680203,1.0476478468765,0.9842351841118918,0.9666766208606843,0.9660178083518166,0.9459386655567577
2018-06-06,1.0361310158676258,1.0361310158676258,1.0761762239360417,1.047534739211608,0.9842351841118918,0.966193282550254,0.9660178083518166,0.9459386655567577
2018-06-07,1.0391939057009176,1.0391939057009176,1.0761762239360417,1.0470109718420022,0.9871446655315366,0.9685663339605264,0.9688734376869756,0.9482619699357796
2018-06-08,1.0405762576016935,1.0405762576016935,1.0776077702918918,1.0478802166398529,0.9871446655315366,0.9680820507935461,0.9701622482071783,0.9495233627609136
2018-06-11,1.0419209078202951,1.0419209078202951,1.0790002732567676,1.04923430515771,0.9871446655315366,0.9680820507935461,0.9701622482071783,0.9490486010795333
2018-06-12,1.0385964989429006,1.0385964989429006,1.0755575569620828,1.0458865617614956,0.9839950286783604,0.9645091951186412,0.9670667963679404,0.9455459912776594
2018-06-13,1.04121110736825,1.04121110736825,1.0755575569620828,1.045363618480615,0.9864721809652234,0.966937292912588,0.969501332779562,0.9479263502696896
2018-06-14,1.0398827535885984,1.0398827535885984,1.0741853847523235,1.0435072852111738,0.9852136618802527,0.9657036959996881,0.9682644647221033,0.9467170070910572
2018-06-15,1.0377441693184513,1.0377441693184513,1.0741853847523235,1.0429855315685683,0.9831875080347735,0.9637176656258207,0.9662731679663382,0.9447700240368055
2018-06-18,1.0337666741832943,1.0337666741832943,1.0741853847523235,1.0429855315685683,0.9794191192104607,0.9600239013628915,0.9625696089019273,0.9411488828292219
2018-06-19,1.0355301816839566,1.0355301816839566,1.0741853847523235,1.0429855315685683,0.9810899149578514,0.9616616107156388,0.9642116609893088,0.942754393197817
2018-06-20,1.0290387021671255,1.0290387021671255,1.0674515854428144,1.0359258235635926,0.974939707846783,0.9556331947809802,0.9581672594277595,0.9368445018773204
2018-06-21,1.030915056040676,1.030915056040676,1.0674515854428144,1.035407860651811,0.9767174173667884,0.957375700716806,0.9581672594277595,0.9363760796263818
2018-06-22,1.0168807180211032,1.0168807180211032,1.0529198582342032,1.02079465601135,0.9634208976345277,0.944342488992081,0.9581672594277595,0.9363760796263818
2018-06-25,1.0191324720061807,1.0191324720061807,1.0529198582342032,1.0202842586833445,0.9655542715958091,0.9464336162257687,0.9602889998704202,0.9379813782123483
2018-06-26,1.010689817267128,1.010689817267128,1.044197303438687,1.0113219202317747,0.9575554671510307,0.938593210317106,0.9602889998704202,0.9375123875232422
2018-06-27,1.0164682629114874,1.0164682629114874,1.044197303438687,1.010816259271659,0.9630301262639057,0.9439594559795462,0.9657792874876754,0.9424036975730143
2018-06-28,1.0179319030017877,1.0179319030017877,1.04570087132296,1.0117663527597123,0.9644168193387387,0.9453186886814433,0.9671699391539653,0.9437606900963857
2018-06-29,1.0201079949488832,1.0201079949488832,1.0479363266009076,1.0139292642531923,0.9664785089940268,0.9473395511574226,0.9692375143128333,0.9457782219486126
2018-07-02,1.0165057705884357,1.0165057705884357,1.0442358343171778,1.010348858341712,0.9664785089940268,0.946865881381844,0.9658149247415281,0.9424384722676442
2018-07-03,1.0247983946196948,1.0247983946196948,1.0442358343171778,1.009843683912541,0.9664785089940268,0.946865881381844,0.9736940143506545,0.9501268574684343
2018-07-05,1.0334663540940725,1.0334663540940725,1.053068199727853,1.017880231469411,0.9664785089940268,0.946865881381844,0.9819297222724724,0.9581632294410022
2018-07-06,1.0427717500713485,1.0427717500713485,1.0625500919546538,1.0270452890194142,0.9664785089940268,0.946865881381844,0.9819297222724724,0.9576841478262818
2018-07-09,1.0465246518236748,1.0465246518236748,1.0663741753187823,1.0307415917478067,0.9664785089940268,0.946865881381844,0.9819297222724724,0.9576841478262818
2018-07-10,1.0388700463109906,1.0388700463109906,1.05857438424195,1.0232024284260475,0.9664785089940268,0.946865881381844,0.9819297222724724,0.9576841478262818
2018-07-11,1.0482880946559288,1.0482880946559288,1.05857438424195,1.0226908272118345,0.9752402798761229,0.9549764178016067,0.9908315686858259,0.9658873498977714
2018-07-12,1.0491137808960629,1.0491137808960629,1.0594081724989024,1.022985006298836,0.9752402798761229,0.954498929592706,0.9908315686858259,0.9654044062228225
2018-07-13,1.048175377619858,1.048175377619858,1.0584605611739781,1.0220699744892265,0.9752402798761229,0.954498929592706,0.9899452972373393,0.9640581764651609
2018-07-16,1.0524154264936543,1.0524154264936543,1.0584605611739781,1.021558939501982,0.9752402798761229,0.954498929592706,0.993949795465682,0.9679579568575198
2018-07-17,1.0546292847913321,1.0546292847913321,1.0606871360009233,1.0231971087057772,0.9752402798761229,0.954498929592706,0.9960406656171183,0.9699941506462519
2018-07-18,1.0506519836614006,1.0506519836614006,1.0566869890247705,1.0193383470771322,0.971562376822375,0.9504219984900737,0.9922843185082851,0.9663360322087806
2018-07-19,1.0494512206517819,1.0494512206517819,1.0566869890247705,1.0188286779035938,0.9704520032812145,0.9493357857411693,0.9911502623953017,0.9652316317218618
2018-07-20,1.0514025252108206,1.0514025252108206,1.0566869890247705,1.0188286779035938,0.9722564200859848,0.9511009399573174,0.9929931646547351,0.967026341991804
2018-07-23,1.0566934357232591,1.0566934357232591,1.0620044922307545,1.0234462546389815,0.9771490483520119,0.9558871087565614,0.997990145209445,0.9718926512463149
2018-07-24,1.0656990936269901,1.0656990936269901,1.0710554135537487,1.0321685638164062,0.9854767901103312,0.9640336458741653,1.006495504980985,0.9801755954195069
2018-07-25,1.0631845272296392,1.0631845272296392,1.0685282086713115,1.0297331142579935,0.9854767901103312,0.9635516290512283,1.0041206321946188,0.9778628256794513
2018-07-26,1.0559802725139704,1.0559802725139704,1.0685282086713115,1.0292182477008647,0.978799091526028,0.956540721943313,0.9973166008958958,0.9712367201514344
2018-07-27,1.0504640572662074,1.0504640572662074,1.0685282086713115,1.0292182477008647,0.9736860542717254,0.9515439576544041,0.9921068321304131,0.9661631871088785
2018-07-30,1.0556427034214344,1.0556427034214344,1.0685282086713115,1.0292182477008647,0.9784861952251199,0.9562349410571688,0.996997785034749,0.9709262413415617
2018-07-31,1.053878937247138,1.053878937247138,1.06674291341504,1.026984022341919,0.9768513420237853,0.9546372652164221,0.995332002698175,0.9693040192993265
2018-08-01,1.0596204572302257,1.0596204572302257,1.06674291341504,1.0264705303307482,0.9821732165793069,0.9598381177442822,0.995332002698175,0.9688193672896769
2018-08-02,1.0641606321880184,1.0641606321880184,1.0713136060898016,1.0303554319314012,0.9863815519428806,0.9639507535054948,0.9995967197508754,0.9724860754897794
2018-08-03,1.0680627886272362,1.0680627886272362,1.0752419916736864,1.0341336285323481,0.989998501309374,0.967485451676152,1.0032621276400744,0.9760520717188634
2018-08-06,1.0715899976337866,1.0715899976337866,1.0787929095388498,1.037548788659052,0.989998501309374,0.9670017089503139,1.0065753366107673,0.9792754212212403
2018-08-07,1.0711394528315457,1.0711394528315457,1.0783393363073337,1.0371125563175463,0.989998501309374,0.9670017089503139,1.0065753366107673,0.9787857835106297
2018-08-08,1.0696764594253307,1.0696764594253307,1.0783393363073337,1.0365940000393876,0.9886463325737816,0.9651974490478427,1.0052005267515773,0.9769595365392422
2018-08-09,1.0625093890445676,1.0625093890445676,1.0783393363073337,1.0365940000393876,0.9820221820796721,0.9587304112929168,0.9984654594716269,0.9704136901799644
2018-08-10,1.0585318939094102,1.0585318939094102,1.0783393363073337,1.0365940000393876,0.9783459901399935,0.9551414119050864,0.9947277122586425,0.9667809545339747
2018-08-13,1.0652861211701063,1.0652861211701063,1.0783393363073337,1.0365940000393876,0.9845885712044067,0.9612359303595878,1.0010748209945861,0.9729497419987709
2018-08-14,1.0573313249050171,1.0573313249050171,1.0702870679500456,1.028335159052115,0.9845885712044067,0.960755312394408,1.0010748209945861,0.9724632671277716
2018-08-15,1.0658863733380983,1.0658863733380983,1.0702870679500456,1.027820991472589,0.9925550455865674,0.9680485701505662,1.0091746884410708,0.979845401969038
2018-08-16,1.0696390164167906,1.0696390164167906,1.0740552044589853,1.030925708089708,0.9960495126472323,0.9714567577937168,1.0091746884410708,0.9793554792680536
2018-08-17,1.0719277607315483,1.0719277607315483,1.0763533982469946,1.033131616173757,0.9981807949062932,0.9735354180681723,1.0113340551015206,0.9809613629756921
2018-08-20,1.0744421331236735,1.0744421331236735,1.078878151656567,1.0355549862069822,1.0005221823812749,0.975818995999092,1.0113340551015206,0.9804708822942043
2018-08-21,1.0738040499366899,1.0738040499366899,1.0782374340337626,1.034939997083301,0.9999279983269642,0.9752394825235027,1.0107334501577176,0.9793983707434076
2018-08-22,1.0723778528549295,1.0723778528549295,1.0782374340337626,1.0344225270847596,0.9985999213903309,0.9739441961962864,1.0093910217163857,0.9780975606949472
2018-08-23,1.078832148036855,1.078832148036855,1.0782374340337626,1.0344225270847596,1.0046101710837034,0.9798060510604454,1.0093910217163857,0.9776085119145999
2018-08-24,1.0873494947877624,1.0873494947877624,1.086750085535839,1.0420720499755185,1.0046101710837034,0.9793161480349152,1.0173601329028255,0.9848378969040847
2018-08-27,1.087875378285943,1.087875378285943,1.087275679136948,1.0425760355823765,1.0046101710837034,0.9793161480349152,1.0178521668883702,0.9853142019015555
2018-08-28,1.093729033289425,1.093729033289425,1.0931261072708875,1.0481859432510408,1.0046101710837034,0.9793161480349152,1.0178521668883702,0.9848215448006048
2018-08-29,1.0893010580204352,1.0893010580204352,1.0887005729552033,1.043942349734958,1.0046101710837034,0.9793161480349152,1.0178521668883702,0.9848215448006048
2018-08-30,1.0893384363605665,1.0893384363605665,1.0887005729552033,1.0434203785600906,1.0046446433357936,0.9788600942724035,1.0178870935270778,0.9843629272522165
2018-08-31,1.087462664502693,1.087462664502693,1.086825899457752,1.041101964502935,1.0029147088303807,0.9771745591289214,1.0161343563603715,0.9826679165785432
2018-09-04,1.084535837000952,1.084535837000952,1.086825899457752,1.0405814135206835,1.0002154360667979,0.9745445641258579,1.01339950386682,0.9800231365992362
2018-09-05,1.0812709230594069,1.0812709230594069,1.086825899457752,1.0405814135206835,0.997204362379465,0.9716107706766067,1.0103487405304243,0.9770728503177172
2018-09-06,1.0791697171293912,1.0791697171293912,1.086825899457752,1.0405814135206835,0.9952665208311687,0.9697226644957467,1.0083853558506815,0.9751741298182
2018-09-07,1.081046006334533,1.081046006334533,1.086825899457752,1.0405814135206835,0.9969969324611782,0.9714086645182591,1.0101385764310722,0.9768696079843021
2018-09-10,1.084610529012806,1.084610529012806,1.0904094801224522,1.043492221976539,1.0002843209304038,0.9746116810358326,1.0134692967175247,0.9800906308186423
2018-09-11,1.0848731474198536,1.0848731474198536,1.0906735026384053,1.0437448843449852,1.0002843209304038,0.9741243751953148,1.0137146895891371,0.9803279416628051
2018-09-12,1.0912896115827881,1.0912896115827881,1.097124272905681,1.0499180960809136,1.006200485887809,0.97939875540174,1.0197102882383051,0.9861260749473857
2018-09-13,1.0914774086411645,1.0914774086411645,1.0973130740350403,1.0500987736278153,1.0063736401901877,0.9795672974672831,1.0197102882383051,0.985633011909912
2018-09-14,1.0856990276652134,1.0856990276652134,1.091503798514111,1.0445394549205644,1.0010458063283643,0.9743813788293558,1.0143118489450234,0.9799221643204004
2018-09-17,1.0915898023351926,1.0915898023351926,1.091503798514111,1.0440171851931042,1.0064772704166112,0.979668167339843,1.0198152917914949,0.9852390159680836
2018-09-18,1.0927530576678623,1.0927530576678623,1.0926669621965992,1.0446077360578025,1.0075498253722532,0.9807121531094672,1.0198152917914949,0.9847463964600996
2018-09-19,1.1016084908585742,1.1016084908585742,1.1015216976883309,1.0530730100300416,1.0075498253722532,0.9802217970329126,1.0280796531858243,0.992234193953185
2018-09-20,1.1006018624113683,1.1006018624113683,1.1005151485510385,1.0521107323627237,1.006629145907077,0.9788359784908433,1.0280796531858243,0.9917380768562085
2018-09-21,1.096945898603431,1.096945898603431,1.1005151485510385,1.0515846769965425,1.00328533934892,0.9755844948858375,1.0246645926338742,0.9879478662036425
2018-09-24,1.0959285352004087,1.0959285352004087,1.1005151485510385,1.0515846769965425,1.00235484151093,0.9746796882195137,1.023714266589312,0.9870315931181154
2018-09-25,1.0926489415301266,1.0926489415301266,1.1005151485510385,1.0515846769965425,0.9993552694694969,0.971762934769479,1.020650775931803,0.9840778762824034
2018-09-26,1.0957020664337302,1.0957020664337302,1.1005151485510385,1.0515846769965425,1.0021477093326538,0.9744782749888076,1.0235027205806635,0.9868276274210955
2018-09-27,1.0958153654854779,1.0958153654854779,1.1006289452906675,1.0511676218324877,1.0022513345686161,0.9745790391179329,1.023608553992186,0.9869296685122373
2018-09-28,1.0996222653589283,1.0996222653589283,1.104452567704181,1.0548194139249962,1.005733189814408,0.9779647598675609,1.0271646049451029,0.9903582957687087
2018-10-01,1.098981401430378,1.098981401430378,1.1038088886575357,1.0542046612641829,1.0051470447867903,0.9773947983837529,1.0271646049451029,0.9898631166208244
2018-10-02,1.0995844990083457,1.0995844990083457,1.1038088886575357,1.0536775589335508,1.005698648069087,0.9779311718245192,1.0277282909953036,0.9899114008506759
2018-10-03,1.09099045552492,1.09099045552492,1.095181828531579,1.0449154724153686,0.9978383900165927,0.9702879365642577,1.0196958554435784,0.9821745314865461
2018-10-04,1.0848840763808956,1.0848840763808956,1.095181828531579,1.044393014679161,0.9922533919966307,0.9648571410980558,1.013988519074689,0.9766772055984149
2018-10-05,1.0848840763808956,1.0848840763808956,1.095181828531579,1.044393014679161,0.9922533919966307,0.9648571410980558,1.013988519074689,0.9766772055984149
2018-10-08,1.0833013170820798,1.0833013170820798,1.095181828531579,1.044393014679161,0.9908057734748404,0.9634494915202352,1.0125091907368522,0.9752523114896736
2018-10-09,1.0490003525074982,1.0490003525074982,1.095181828531579,1.044393014679161,0.959433529021383,0.9329434389964106,0.9804497430695587,0.9443725419738469
2018-10-10,1.0258945241443096,1.0258945241443096,1.095181828531579,1.044393014679161,0.9383005461825636,0.9123939406835777,0.9804497430695587,0.94390035570286
2018-10-11,1.0401422679120373,1.0401422679120373,1.095181828531579,1.044393014679161,0.9513317744857646,0.9250653750037188,0.9940663443746891,0.9565374046412077
2018-10-12,1.0343001885536822,1.0343001885536822,1.0890306131147176,1.0380048640025756,0.9459885095362235,0.9198696383250367,0.9884830557703672,0.9511649016677766
2018-10-15,1.0569160243854259,1.0569160243854259,1.0890306131147176,1.0374858615705744,0.9666733368882362,0.9399833547849121,1.0100970617999163,0.9719629151488681
2018-10-16,1.057104532796296,1.057104532796296,1.0892248493884902,1.0371521615443837,0.9666733368882362,0.9395133631075198,1.0102772197193264,0.9721362715748585
2018-10-17,1.0418385202678264,1.0418385202678264,1.0734949762480357,1.0221742881166884,0.9527132725672207,0.9254757686891205,0.9956874566306512,0.9580973151227615
2018-10-18,1.0412731890404412,1.0412731890404412,1.0734949762480357,1.02166320097263,0.952196303235363,0.9249735792019304,0.9951471682836582,0.9575774242562062
2018-10-19,1.0365995384874391,1.0365995384874391,1.0734949762480357,1.02166320097263,0.9479224653741544,0.9208219278145234,0.9906805497609502,0.9532794337715559
2018-10-22,1.0313224670144268,1.0313224670144268,1.0734949762480357,1.02166320097263,0.943096826914048,0.9161342514780235,0.9856372404848917,0.94842652431232
2018-10-23,1.0000743040014066,1.0000743040014066,1.0734949762480357,1.02166320097263,0.9145218231426427,0.8883761900107211,0.9557732996250206,0.9196900354007788
2018-10-24,1.0180165539485564,1.0180165539485564,1.0734949762480357,1.02166320097263,0.9309291831430906,0.9043144733807601,0.9729207489356071,0.9361901178676918
2018-10-25,1.0001121350203976,1.0001121350203976,1.0546148276910507,1.0031838148503656,0.9145564178645755,0.8884097956902002,0.9729207489356071,0.935722022808758
2018-10-26,0.994571410445801,0.994571410445801,1.0546148276910507,1.0026822229429404,0.9094896808039218,0.8834879136182536,0.9675306674497419,0.9300701650981615
2018-10-29,1.0093092114133826,1.0093092114133826,1.0546148276910507,1.0026822229429404,0.9229667200159675,0.8965796523223991,0.9818677721132615,0.9438521709301596
2018-10-30,1.0200898877944946,1.0200898877944946,1.0658794243433871,1.0128907737421005,0.9328251513138399,0.9061562369530322,0.9923553398283858,0.9539336847926548
2018-10-31,1.0309452561874608,1.0309452561874608,1.0772220657636902,1.0236695321852212,0.9427518850114257,0.9157991712585339,1.0029155688037508,0.9640850466430039
2018-11-01,1.0248391357170707,1.0248391357170707,1.0708418553039802,1.017606504640474,0.9427518850114257,0.9153412716729047,0.9969754635964264,0.9583749282801008
2018-11-02,1.0304932240118234,1.0304932240118234,1.0708418553039802,1.017097701388154,0.9479530938764341,0.9199335841900325,1.0024758266313842,0.9636623302489782
2018-11-05,1.0370137396440855,1.0370137396440855,1.0776176796320693,1.0230249070935358,0.9539513312478636,0.9257545262171926,1.0024758266313842,0.9631804990838537
2018-11-06,1.0592151803139571,1.0592151803139571,1.1006884105824302,1.0449268606649835,0.9539513312478636,0.925291648954084,1.0024758266313842,0.9631804990838537
2018-11-07,1.0572927178651237,1.0572927178651237,1.0986906747337202,1.0430303313395537,0.9539513312478636,0.925291648954084,1.0024758266313842,0.9631804990838537
2018-11-08,1.0469647850121429,1.0469647850121429,1.0986906747337202,1.042508816173884,0.9539513312478636,0.925291648954084,1.0024758266313842,0.9631804990838537
2018-11-09,1.0274023327576371,1.0274023327576371,1.0986906747337202,1.042508816173884,0.9361268278473581,0.9075400035727144,0.983744646962772,0.9447019591799065
2018-11-12,1.0254796763035778,1.0254796763035778,1.0986906747337202,1.042508816173884,0.9343749822168855,0.9058416546498511,0.9819036904705353,0.942934066251238
2018-11-13,1.0184689094662365,1.0184689094662365,1.0986906747337202,1.042508816173884,0.9279870592864379,0.8996488019009862,0.9819036904705353,0.9424625992181124
2018-11-14,1.029098132434567,1.029098132434567,1.0986906747337202,1.042508816173884,0.9376719708956202,0.9090379620606306,0.9921513015290875,0.9518273531049843
2018-11-15,1.0317744991900644,1.0317744991900644,1.1015480302217493,1.0446988055723718,0.9376719708956202,0.9085834430796004,0.994731580975863,0.9543027624022461
2018-11-16,1.0143228884584454,1.0143228884584454,1.0829162580266603,1.0270285909072991,0.9218120264573095,0.8927612152651776,0.9779065205122969,0.9381615219057753
2018-11-19,0.9955515248455094,0.9955515248455094,1.0829162580266603,1.0265150766118456,0.9047526966045587,0.8762395084379379,0.9779065205122969,0.9376924411448224
2018-11-20,0.998943706215045,0.998943706215045,1.0829162580266603,1.0265150766118456,0.9078354956007587,0.879225153340883,0.981238579373383,0.9404186307911275
2018-11-21,0.9922721251804527,0.9922721251804527,1.0756838549151009,1.0191460989020846,0.9017723931082986,0.8733531288997952,0.981238579373383,0.939948421475732
2018-11-23,1.008291783341952,1.008291783341952,1.0756838549151009,1.0186365258526335,0.9163309855654282,0.8874529088131998,0.981238579373383,0.939948421475732
2018-11-26,1.011684223385122,1.011684223385122,1.079303038412868,1.0215544529534295,0.9194140196430503,0.8904387813890001,0.981238579373383,0.939948421475732
2018-11-27,1.034978301485547,1.034978301485547,1.1041540429948034,1.045075793566325,0.940583571846335,0.9109411773321923,1.0038316450501348,0.9611208050621384
2018-11-28,1.0327168472391897,1.0327168472391897,1.1017414379715107,1.0427922760396935,0.940583571846335,0.9104857067435262,1.0016382470503236,0.9590207313477908
2018-11-29,1.0390115407888585,1.0390115407888585,1.1017414379715107,1.0422708799016738,0.9463166877129481,0.9155801249813101,1.0016382470503236,0.9585412209821169
2018-11-30,1.0527695506987749,1.0527695506987749,1.116330082107522,1.0555509127178688,0.9588472842042912,0.9277037250938281,1.0149013807000296,0.970754417297761
2018-12-03,1.018657611882332,1.018657611882332,1.0801586489248935,1.0213488519455252,0.9277786235735015,0.8976441810186961,0.9820164499189449,0.9392999406113169
2018-12-04,1.0171117782447878,1.0171117782447878,1.0801586489248935,1.0208381775195525,0.9263707006484823,0.8962819877229522,0.9820164499189449,0.9388302906410113
2018-12-06,0.9934783203363879,0.9934783203363879,1.0801586489248935,1.0208381775195525,0.9048456889146375,0.8754561128447149,0.9591984618364884,0.9165463545830687
2018-12-07,0.9953630811030474,0.9953630811030474,1.0801586489248935,1.0208381775195525,0.9065623017681216,0.8771169697558785,0.9610181891433685,0.9182851651585807
2018-12-10,0.9955890971908661,0.9955890971908661,1.08040391945651,1.0205595591229817,0.9067681539528163,0.8773161358188231,0.9612364065713166,0.9184936792420055
2018-12-11,1.000602321557069,1.000602321557069,1.0858442233626526,1.025698520631693,0.9067681539528163,0.8768774777509137,0.9612364065713166,0.9180344324023846
2018-12-12,1.0002630064175027,1.0002630064175027,1.0854760017662604,1.025350695097829,0.9064606590009416,0.8761416803138466,0.9612364065713166,0.9180344324023846
2018-12-13,0.9817935149355931,0.9817935149355931,1.0854760017662604,1.0248380197502802,0.8897231936416399,0.8599640438345583,0.9612364065713166,0.9180344324023846
2018-12-14,0.9625321587912116,0.9625321587912116,1.0854760017662604,1.0248380197502802,0.8722681228533872,0.8430928041414069,0.942378350896412,0.8995649192047881
2018-12-17,0.961476835032381,0.961476835032381,1.0854760017662604,1.0248380197502802,0.8713117649117743,0.8421684341253163,0.94134512384584,0.8985786329563997
2018-12-18,0.947077896525506,0.947077896525506,1.0854760017662604,1.0248380197502802,0.8582631254998234,0.8295562410348887,0.9272476749441758,0.8851216488584986
2018-12-19,0.9316615946156086,0.9316615946156086,1.0854760017662604,1.0248380197502802,0.8442925286678434,0.8160529278333551,0.9121541645216096,0.8707138555652029
2018-12-20,0.9125722564379218,0.9125722564379218,1.0854760017662604,1.0248380197502802,0.8269933443998857,0.799332360622758,0.8934645250458915,0.8528733098767876
2018-12-21,0.8884594116170754,0.8884594116170754,1.0854760017662604,1.0248380197502802,0.8051417463037258,0.7782116471274662,0.8698565627246871,0.8303378869249946
2018-12-24,0.933348599388978,0.933348599388978,1.0854760017662604,1.0248380197502802,0.8458213300418772,0.817530594394404,0.9138058462464869,0.8722904993155374
2018-12-26,0.940514441069979,0.940514441069979,1.0938098110013896,1.0321938581128471,0.8458213300418772,0.8171218290972069,0.9208216472298089,0.878987563651444
2018-12-27,0.9393010677206967,0.9393010677206967,1.0923986687414764,1.0308622076202698,0.8458213300418772,0.8171218290972069,0.9196336798819393,0.8778535671517498
2018-12-28,0.9475281826541132,0.9475281826541132,1.0923986687414764,1.0303467765164598,0.8532296781578605,0.8238702441870603,0.9276885328370083,0.8855424780237373
2018-12-31,0.9485140525421806,0.9485140525421806,1.093535271296411,1.0309036428625655,0.8541174337546863,0.8247274523211168,0.9286537602642998,0.8864638539571082
2019-01-02,0.9258799155508224,0.9258799155508224,1.0674405317729772,1.0063034651267657,0.8337358580147199,0.8050472018426561,0.9064935441124918,0.865310404248507
2019-01-03,0.9568929442304211,0.9568929442304211,1.0674405317729772,1.0058003133942024,0.8616624537228014,0.8320128499141166,0.9368572120236883,0.8942946126031607
2019-01-04,0.9644375487801929,0.9644375487801929,1.0758567467123632,1.0132276270261529,0.8616624537228014,0.8315968434891596,0.9442438452170233,0.9013456617761783
2019-01-07,0.9734987568468526,0.9734987568468526,1.0859647748000398,1.0227472339296624,0.8616624537228014,0.8315968434891596,0.9531153267950639,0.9098141008074715
2019-01-08,0.9780485673975163,0.9780485673975163,1.0910402142449118,1.0275272155401858,0.8616624537228014,0.8315968434891596,0.9531153267950639,0.9093591937570678
2019-01-09,0.9814984329874625,0.9814984329874625,1.0948886346790694,1.0311516069066162,0.8616624537228014,0.8315968434891596,0.9531153267950639,0.9093591937570678
2019-01-10,0.9818779072087274,0.9818779072087274,1.0953119486631293,1.031550278407136,0.8616624537228014,0.8315968434891596,0.9531153267950639,0.9093591937570678
2019-01-11,0.9758873491843835,0.9758873491843835,1.08862931558314,1.0252566631292515,0.8616624537228014,0.8315968434891596,0.9531153267950639,0.9093591937570678
2019-01-14,0.9870716211031424,0.9870716211031424,1.08862931558314,1.0247440347976868,0.8616624537228014,0.8315968434891596,0.9531153267950639,0.9093591937570678
2019-01-15,0.9894602134406733,0.9894602134406733,1.0912636650933683,1.0267114177414454,0.8616624537228014,0.8315968434891596,0.9531153267950639,0.9093591937570678
2019-01-16,0.9969671163082707,0.9969671163082707,1.0995429371909375,1.0345009405351282,0.8616624537228014,0.8315968434891596,0.9531153267950639,0.9093591937570678
2019-01-17,1.0102366857285465,1.0102366857285465,1.1141777843157423,1.048270082787887,0.8616624537228014,0.8315968434891596,0.9658012316634902,0.9210080276584158
2019-01-18,0.996587965429049,0.996587965429049,1.099124776286171,1.0341075153812354,0.8616624537228014,0.8315968434891596,0.9527528529398658,0.9085648238620341
2019-01-22,0.9986733275989743,0.9986733275989743,1.099124776286171,1.0335904616235447,0.8616624537228014,0.8315968434891596,0.9547464900554352,0.91046599744463
2019-01-23,0.9992038672225692,0.9992038672225692,1.0997086801804468,1.0336227555486228,0.8616624537228014,0.8315968434891596,0.9547464900554352,0.9100107644459077
2019-01-24,1.0076586796224263,1.0076586796224263,1.1090139189714703,1.0423688050556954,0.8616624537228014,0.8315968434891596,0.9547464900554352,0.9100107644459077
2019-01-25,1.0000002586736387,1.0000002586736387,1.100585176579522,1.0344465797482207,0.8616624537228014,0.8315968434891596,0.9474902130361554,0.9026394831033902
2019-01-28,0.9986733275989748,0.9986733275989748,1.100585176579522,1.0339293564583467,0.8616624537228014,0.8315968434891596,0.9462329591547562,0.9014417430338654
2019-01-29,1.0144832014431968,1.0144832014431968,1.100585176579522,1.0339293564583467,0.8616624537228014,0.8315968434891596,0.9612126560166402,0.9157123556971124
2019-01-30,1.0233926327550322,1.0233926327550322,1.1102507757926092,1.0424926038226148,0.8616624537228014,0.8315968434891596,0.9696542528047036,0.9237543580909188
2019-01-31,1.0238854706964529,1.0238854706964529,1.11078544224348,1.0429946397884504,0.8616624537228014,0.8315968434891596,0.9701212118100226,0.9241992129605443
2019-02-01,1.0310889493912194,1.0310889493912194,1.1186002999562425,1.0503325597819446,0.8616624537228014,0.8315968434891596,0.9701212118100226,0.923737113354064
2019-02-04,1.035411062475443,1.035411062475443,1.1232892426466978,1.0547353381281772,0.8616624537228014,0.8315968434891596,0.9741877606614311,0.9271473610356298
2019-02-05,1.0340463650501963,1.0340463650501963,1.121808719603432,1.0533451708289996,0.8616624537228014,0.8315968434891596,0.9729037570643448,0.9259253578503398
2019-02-06,1.0241888302008761,1.0241888302008761,1.121808719603432,1.052818498243585,0.8616624537228014,0.8315968434891596,0.9636290929734065,0.9170985375148358
2019-02-07,1.025440099237558,1.025440099237558,1.121808719603432,1.052818498243585,0.8616624537228014,0.8315968434891596,0.9648063751418197,0.9182189725066464
2019-02-08,1.0260085992169612,1.0260085992169612,1.1224306459689632,1.0528757674511686,0.8616624537228014,0.8315968434891596,0.9653412600217887,0.9187280295128486
2019-02-11,1.0392025065992547,1.0392025065992547,1.13686448794384,1.0664151718688448,0.8616624537228014,0.8315968434891596,0.9777550187239618,0.9305423676579291
2019-02-12,1.0425770334932616,1.0425770334932616,1.1405561455034068,1.0698780644762007,0.8616624537228014,0.8315968434891596,0.9809300116492883,0.9335640503672505
2019-02-13,1.0402642971989386,1.0402642971989386,1.1380260633045112,1.0675047666279607,0.8616624537228014,0.8315968434891596,0.9809300116492883,0.933097268342067
2019-02-14,1.0516001518672962,1.0516001518672962,1.1380260633045112,1.0669710142446467,0.8616624537228014,0.8315968434891596,0.9916192952110022,0.9427987655149552
2019-02-15,1.0534199855517898,1.0534199855517898,1.139995460285061,1.068283962278498,0.8616624537228014,0.8315968434891596,0.9916192952110022,0.9423273661321978
2019-02-19,1.0555429847354802,1.0555429847354802,1.142292938465455,1.0704369174255175,0.8616624537228014,0.8315968434891596,0.9916192952110022,0.9423273661321978
2019-02-20,1.0517897596411114,1.0517897596411114,1.1382312540207962,1.0666307335386271,0.8616624537228014,0.8315968434891596,0.9916192952110022,0.9423273661321978
2019-02-21,1.0583107926206419,1.0583107926206419,1.1382312540207962,1.0660974181718579,0.8616624537228014,0.8315968434891596,0.9916192952110022,0.9423273661321978
2019-02-22,1.0597513460890964,1.0597513460890964,1.1397805937727068,1.06701552194479,0.8616624537228014,0.8315968434891596,0.9916192952110022,0.9423273661321978
2019-02-25,1.058993367672695,1.058993367672695,1.1389653750964568,1.0662523478864752,0.8616624537228014,0.8315968434891596,0.9916192952110022,0.9423273661321978
2019-02-26,1.0585384900870825,1.0585384900870825,1.1389653750964568,1.065719221712532,0.8616624537228014,0.8315968434891596,0.9916192952110022,0.9423273661321978
2019-02-27,1.0565665563057223,1.0565665563057223,1.1389653750964568,1.065719221712532,0.8616624537228014,0.8315968434891596,0.9916192952110022,0.9423273661321978
2019-02-28,1.0631640273441372,1.0631640273441372,1.1389653750964568,1.065719221712532,0.867042893837433,0.8363737478439824,0.9978112189873544,0.9477403348491772
2019-03-01,1.0592964038350756,1.0592964038350756,1.134821998206877,1.061309443197402,0.8638887281646653,0.8333311517004655,0.9941813387159146,0.9442926045787078
2019-03-04,1.0578556563613954,1.0578556563613954,1.134821998206877,1.0607787884758033,0.8627137543819375,0.8321977392323359,0.9928291541460914,0.943008273602471
2019-03-05,1.0514483104440642,1.0514483104440642,1.134821998206877,1.0607787884758033,0.8574883671386744,0.8271571850179517,0.9868156684789579,0.9372965489682623
2019-03-06,1.0426528895364702,1.0426528895364702,1.134821998206877,1.0607787884758033,0.8503154314485073,0.8202379712756224,0.9785609030508642,0.9294560136024016
2019-03-07,1.040567527366545,1.040567527366545,1.134821998206877,1.0607787884758033,0.8486147545971395,0.8185974509713101,0.9766037283202619,0.9275970513064857
2019-03-08,1.0556569304713141,1.0556569304713141,1.134821998206877,1.0607787884758033,0.8609206259375397,0.8304680375439117,0.9907655841755368,0.9410482550562145
2019-03-11,1.059637659026898,1.059637659026898,1.13910124670454,1.0642484414178175,0.8609206259375397,0.8300528035251399,0.9945016169139914,0.9445968109866076
2019-03-12,1.0666520472951175,1.0666520472951175,1.1466416529491954,1.071293351268235,0.8666195849043152,0.835132403137704,0.9945016169139914,0.9441245125811144
2019-03-13,1.0659693429062473,1.0659693429062473,1.1459077516822218,1.0706076762399697,0.8660649101201666,0.8345978815396292,0.9938650919850537,0.943048168966143
2019-03-14,1.071235808760261,1.071235808760261,1.1459077516822218,1.0700723724018497,0.8703437398134033,0.8387212470699896,0.9938650919850537,0.9425766448816599
2019-03-15,1.0751199227134984,1.0751199227134984,1.1500626130591793,1.0734172317518424,0.8734994542100629,0.8417623038307708,0.997468673231915,0.9455229748543145
2019-03-18,1.075386421225058,1.075386421225058,1.1503476882104304,1.0736833082038741,0.8734994542100629,0.8413414226788555,0.997468673231915,0.9450502133668873
2019-03-19,1.072149508704407,1.072149508704407,1.1468851423184818,1.0704515220524553,0.870870221346128,0.8383883147603314,0.9944662930887258,0.9417330876516093
2019-03-20,1.0842592502176647,1.0842592502176647,1.1468851423184818,1.069916296291429,0.8807065484502078,0.8478577644005703,1.0056986162443875,0.9523697984585971
2019-03-21,1.0633914014685362,1.0633914014685362,1.124811984374272,1.0487895364678488,0.8807065484502078,0.84743383551837,0.9863427596014466,0.9340403178445444
2019-03-22,1.0625915825918146,1.0625915825918146,1.124811984374272,1.048265141699615,0.8800441341018033,0.8463727299801235,0.9863427596014466,0.9335732976856222
2019-03-25,1.0705127512844672,1.0705127512844672,1.124811984374272,1.048265141699615,0.8866044891407511,0.852682079010238,0.9936955257211655,0.9400659032426599
2019-03-26,1.0649144718262773,1.0649144718262773,1.1189297454015064,1.0422590742312388,0.8819679636130168,0.8482229517727884,0.9936955257211655,0.9395958702910386
2019-03-27,1.0689509445500156,1.0689509445500156,1.1189297454015064,1.0417379446941233,0.885310992299846,0.851438072704151,0.997462048753194,0.9426875349917256
2019-03-28,1.0756909447608347,1.0756909447608347,1.1259848743186454,1.0477854912348121,0.885310992299846,0.8510123536677989,0.997462048753194,0.9422161912242298
2019-03-29,1.0884479523750874,1.0884479523750874,1.139338335817208,1.0602115579920792,0.8958102152641721,0.8606793105059595,1.0092913116217233,0.9529191654096507
2019-04-01,1.0889812080718406,1.0889812080718406,1.1398965238837833,1.0607309800295126,0.8958102152641721,0.8602489708507065,1.0097857866587991,0.9533860224351899
2019-04-02,1.0906949208979335,1.0906949208979335,1.141690361352161,1.0624002359101805,0.8958102152641721,0.8602489708507065,1.0097857866587991,0.9529093294239723
2019-04-03,1.0935889615165488,1.0935889615165488,1.144719712838381,1.0652191996525067,0.8958102152641721,0.8602489708507065,1.01246514366936,0.9549613162623528
2019-04-04,1.0988824587653283,1.0988824587653283,1.1502607075482494,1.0703753735909196,0.8958102152641721,0.8602489708507065,1.01246514366936,0.9544838356042217
2019-04-05,1.0997196559821811,1.0997196559821811,1.151137047920537,1.0711908523317168,0.8958102152641721,0.8602489708507065,1.0132365027839578,0.954733779023054
2019-04-08,1.094083933515451,1.094083933515451,1.1452378272528325,1.0657013311434738,0.8958102152641721,0.8602489708507065,1.0132365027839578,0.9542564121335425
2019-04-09,1.0978159473718216,1.0978159473718216,1.1452378272528325,1.065168480477902,0.8988659005124713,0.862753229167913,1.0132365027839578,0.9542564121335425
2019-04-10,1.0975112298308198,1.0975112298308198,1.1449199469602223,1.0643402405579465,0.8988659005124713,0.862321852553329,1.0132365027839578,0.9542564121335425
2019-04-11,1.1049367151720761,1.1049367151720761,1.1449199469602223,1.0638080704376676,0.904947401445304,0.8677249447094255,1.0132365027839578,0.9542564121335425
2019-04-12,1.1042130756806052,1.1042130756806052,1.1441701218554747,1.0625794626722316,0.9043547379303732,0.8671566587351212,1.0125729191256845,0.9531543272079395
2019-04-15,1.1049367151720761,1.1049367151720761,1.1441701218554747,1.0620481729408955,0.9049474014453038,0.8677249447094254,1.0125729191256845,0.9526777500443355
2019-04-16,1.102232929011361,1.102232929011361,1.1413703313348975,1.0589183111901674,0.9027329902246378,0.8656016170431462,1.0100951476770088,0.9498702035256341
2019-04-17,1.104403847485774,1.104403847485774,1.1413703313348975,1.0583888520345723,0.9045109807694299,0.8673064749660593,1.0120845948794015,0.9517410338364086
2019-04-18,1.1053557664593623,1.1053557664593623,1.1423541128354435,1.0587719148702257,0.9052906060544862,0.868054032565859,1.0129569411057708,0.952561368128175
2019-04-22,1.1152947835034328,1.1152947835034328,1.152625807562476,1.0682920643343081,0.913430699078322,0.8758593058422467,1.0129569411057708,0.952085087444111
2019-04-23,1.1128195354984696,1.1128195354984696,1.150067708329127,1.0659211325949385,0.913430699078322,0.8754213761893256,1.0129569411057708,0.952085087444111
2019-04-24,1.1121343090416667,1.1121343090416667,1.150067708329127,1.0653881720286411,0.9128682477000901,0.874444618630934,1.0129569411057708,0.952085087444111
2019-04-25,1.1173126965232596,1.1173126965232596,1.150067708329127,1.0653881720286411,0.9171188004146335,0.878516260904399,1.0176735328884081,0.9560422014518493
2019-04-26,1.1190644343735692,1.1190644343735692,1.1518707999268218,1.066525807826125,0.9185566715861648,0.8798936104960822,1.0176735328884081,0.9555641803511233
2019-04-29,1.1196361031049904,1.1196361031049904,1.1524592276336891,1.0670706374506402,0.9190259118828401,0.8803430999523166,1.018193406561163,0.9555745436670507
2019-04-30,1.111219897745027,1.111219897745027,1.1437962937555732,1.0590495620374178,0.9121176755513359,0.8737256388898532,1.0105397369608216,0.9483915745095252
2019-05-01,1.108820829125314,1.108820829125314,1.1437962937555732,1.0585200372563992,0.9101484587497459,0.8718393085903753,1.0083580318124208,0.9463440441600209
2019-05-02,1.1196741281292073,1.1196741281292073,1.1437962937555732,1.0585200372563992,0.9190571237939765,0.8803729981197677,1.0182279863936947,0.9556069968409553
2019-05-03,1.115066245347682,1.115066245347682,1.1390891391333844,1.0536345666841496,0.915274855909441,0.8767499300525133,1.0182279863936947,0.9551291933425349
2019-05-06,1.0964449771109483,1.0964449771109483,1.1390891391333844,1.0531077494008076,0.8999900433045063,0.8621084720295823,1.0182279863936947,0.9551291933425349
2019-05-07,1.0949220360900245,1.0949220360900245,1.1390891391333844,1.0531077494008076,0.8987399744146081,0.8609110199148401,1.0168136872710722,0.9533249726352613
2019-05-08,1.0916084268368549,1.0916084268368549,1.1390891391333844,1.0531077494008076,0.8960200793013008,0.8583056081798341,1.0137364606450352,0.9504398846139419
2019-05-09,1.0970923078803523,1.0970923078803523,1.1390891391333844,1.0531077494008076,0.9005213889345652,0.8626174527373773,1.0188291385897652,0.9552145814173746
2019-05-10,1.0695224839446207,1.0695224839446207,1.11046393887682,1.026116699304791,0.8778913732422176,0.8409399593076701,0.9932260605536223,0.9312101310704376
2019-05-13,1.0791944851298636,1.0791944851298636,1.11046393887682,1.0256036409551386,0.8858303988634433,0.8485448226043665,1.0022080911131466,0.9396313336413318
2019-05-14,1.0855160160690733,1.0855160160690733,1.1169686349656274,1.031098454293002,0.8910192729268925,0.8535152912486297,1.008078663602901,0.9451353541204115
2019-05-15,1.0955689788489769,1.0955689788489769,1.1273128804188557,1.0406474560856793,0.8992710015557779,0.8614196955392938,1.0174144791361561,0.9538882517251381
2019-05-16,1.0884859773993047,1.0884859773993047,1.1200246503572218,1.0339195297000705,0.8934570930473793,0.8558505008376592,1.0108367570850902,0.9477212353161004
2019-05-17,1.0812890302137999,1.0812890302137999,1.1200246503572218,1.0334025699352205,0.8875496549685351,0.8501917133281194,1.0041532178342767,0.9414550088154634
2019-05-20,1.091037663463153,1.091037663463153,1.1200246503572218,1.0334025699352205,0.8955515821453671,0.8578568305847295,1.0132064137636654,0.9499429332697545
2019-05-21,1.0876865465330348,1.0876865465330348,1.1165845000364272,1.0297117776324,0.8928008997727757,0.8552219274600611,1.0100943551422517,0.9470251881240721
2019-05-22,1.0743964772272545,1.0743964772272545,1.1165845000364272,1.029196921743584,0.8818920714232262,0.8447722636998576,0.9977523582424949,0.9354538117706493
2019-05-23,1.0768337002080013,1.0768337002080013,1.1165845000364272,1.029196921743584,0.8838926062989156,0.8466885938612335,1.0000157172800064,0.9375758491896089
2019-05-24,1.066818309773455,1.066818309773455,1.106199396265188,1.019109991915943,0.875671718010796,0.8388137318074556,0.9907147937972925,0.9288556650146323
2019-05-28,1.0596593876121667,1.0596593876121667,1.106199396265188,1.018600436919985,0.869795491843088,0.8331848424653665,0.9840665669831712,0.9226225460814529
2019-05-29,1.0625536869044165,1.0625536869044165,1.106199396265188,1.018600436919985,0.8721712066301918,0.835460560802836,0.986754395922963,0.9251425499745478
2019-05-30,1.0482351958977552,1.0482351958977552,1.091292755497565,1.0043649397336234,0.8604182234799608,0.8242022736464226,0.9734573417430762,0.912675749054321
2019-05-31,1.0455696287664826,1.0455696287664826,1.091292755497565,1.0038627572637566,0.8582302578930088,0.8221064019386706,0.9709819279199179,0.9103548973144543
2019-06-03,1.0682656534248056,1.0682656534248056,1.091292755497565,1.0038627572637566,0.8768597346487925,0.8399517435178611,0.9920588884326819,0.9301158358773403
2019-06-04,1.0775190560016221,1.0775190560016221,1.1007456206752557,1.0120563654216193,0.8844551638401111,0.8472274727364798,1.0006521819127692,0.9381725736792648
2019-06-05,1.0845258780660432,1.0845258780660432,1.1079034789602702,1.018637500884771,0.8902065423632737,0.8527367694087651,1.0071591589801214,0.9442732623426128
2019-06-06,1.0953785950542596,1.0953785950542596,1.1189901327235325,1.0288308809914772,0.8902065423632737,0.8523104010240607,1.017237676732038,0.9537224886663025
2019-06-07,1.100405270449437,1.100405270449437,1.1241251610991134,1.0335521699582588,0.8902065423632737,0.8523104010240607,1.017237676732038,0.9532456274219694
2019-06-10,1.100138836606286,1.100138836606286,1.1238529841158715,1.0333019228137441,0.8902065423632737,0.8523104010240607,1.0169913797077617,0.9525382015552367
2019-06-11,1.0981964562876247,1.0981964562876247,1.1238529841158715,1.0327852718523374,0.8902065423632737,0.8523104010240607,1.0151958026637893,0.9508564215890085
2019-06-12,1.1027281596838998,1.1027281596838998,1.1238529841158715,1.0327852718523374,0.8902065423632737,0.8523104010240607,1.019385004186409,0.9547801269064078
2019-06-13,1.1015095481935264,1.1015095481935264,1.1226110278386994,1.0311275607615271,0.8902065423632737,0.8523104010240607,1.019385004186409,0.9543027368429546
2019-06-14,1.1019285994808126,1.1019285994808126,1.1226110278386994,1.0306119969811465,0.8902065423632737,0.8523104010240607,1.0197728125344574,0.9541886343386947
2019-06-17,1.1134667369310576,1.1134667369310576,1.1343657280510968,1.0408880824436297,0.8902065423632737,0.8523104010240607,1.0197728125344574,0.9537115400215255
2019-06-18,1.115980009960238,1.115980009960238,1.1369261734555056,1.043237533807764,0.8902065423632737,0.8523104010240607,1.0220746033474442,0.9553873641759822
2019-06-19,1.1266425371589623,1.1266425371589623,1.1477888288249714,1.053205049784463,0.8902065423632737,0.8523104010240607,1.0318399200735975,0.9645155238785982
2019-06-20,1.1250047450444858,1.1250047450444858,1.1461202964991157,1.0516740132146796,0.8902065423632737,0.8523104010240607,1.0303399418384775,0.9631134146317007
2019-06-21,1.1236273079427586,1.1236273079427586,1.1461202964991157,1.0511481762080723,0.8891165882763662,0.8508406911419084,1.0303399418384775,0.962631857924385
2019-06-24,1.1126067764344019,1.1126067764344019,1.1461202964991157,1.0511481762080723,0.8891165882763662,0.8504152707963375,1.0303399418384775,0.962631857924385
2019-06-25,1.1114973252176306,1.1114973252176306,1.1461202964991157,1.0511481762080723,0.8882299933880301,0.8491420598259519,1.029312524132265,0.9611906403404107
2019-06-26,1.1154383473703762,1.1154383473703762,1.1461202964991157,1.0511481762080723,0.8913793793570784,0.8521528521982563,1.0329621446645585,0.964598721962066
2019-06-27,1.1211783153116592,1.1211783153116592,1.1520181516107568,1.056031737324255,0.8913793793570784,0.8517267757721573,1.0329621446645585,0.964116422601085
2019-06-28,1.1313569934777488,1.1313569934777488,1.1624768109039305,1.0656189787475,0.8913793793570784,0.8517267757721573,1.042339947539181,0.9723871476413672
2019-07-01,1.134303286170458,1.134303286170458,1.165504146177549,1.0683940757579007,0.8913793793570784,0.8517267757721573,1.042339947539181,0.9719009540675466
2019-07-02,1.1433726424565929,1.1433726424565929,1.1748229698850412,1.0769364529555878,0.8985064301873695,0.858110919621399,1.050674008165435,0.9791858671106494
2019-07-03,1.1420712554032988,1.1420712554032988,1.1734857860604955,1.0757106835912924,0.8985064301873695,0.8576818641615883,1.0494781307229581,0.9780713574898066
2019-07-05,1.1357958330393723,1.1357958330393723,1.1734857860604955,1.0751728282494968,0.8985064301873695,0.8576818641615883,1.0437114865658341,0.9726970773463666
2019-07-08,1.1372114245021334,1.1372114245021334,1.1734857860604955,1.0751728282494968,0.8996262776060783,0.8583219892261721,1.045012309325515,0.9739093917769096
2019-07-09,1.142644993523793,1.142644993523793,1.1790926731151938,1.0797723919260547,0.9039246704710737,0.8624230311879254,1.0500053531772244,0.9785627075870097
2019-07-10,1.1453240763524488,1.1453240763524488,1.1818572123656526,1.0823040615963908,0.9060440418215656,0.864445096437402,1.0500053531772244,0.9780734262332162
2019-07-11,1.1504512464544847,1.1504512464544847,1.1871479270980405,1.0871491156212756,0.9060440418215656,0.8640128738891834,1.0500053531772244,0.9780734262332162
2019-07-12,1.150833954096176,1.150833954096176,1.1875428422106267,1.0875107652570062,0.9060440418215656,0.8640128738891834,1.0500053531772244,0.9780734262332162
2019-07-15,1.1471222461200845,1.1471222461200845,1.1837127395066747,1.084003289337372,0.9060440418215656,0.8640128738891834,1.0500053531772244,0.9780734262332162
2019-07-16,1.139316251863027,1.139316251863027,1.1837127395066747,1.0834612876927032,0.8998785484654549,0.857701389868734,1.0500053531772244,0.9780734262332162
2019-07-17,1.1434868468660604,1.1434868468660604,1.1837127395066747,1.0834612876927032,0.903172654883607,0.8608411020643881,1.0538490156124425,0.9811647370639688
2019-07-18,1.1371353744537005,1.1371353744537005,1.1771378332628983,1.076901495277967,0.8981560023380941,0.8560595791932046,1.047995434552197,0.9757148792221215
2019-07-19,1.1399286616918234,1.1399286616918234,1.1771378332628983,1.076363044530328,0.900362254782206,0.8581624249504937,1.050569756254529,0.9781116491946388
2019-07-22,1.148078821219087,1.148078821219087,1.1855540275819634,1.0835205467968658,0.9067995839374454,0.8642980375538908,1.050569756254529,0.9776225933700415
2019-07-23,1.1534743652165298,1.1534743652165298,1.1911256911288717,1.0886126908851679,0.9110612051446043,0.8683599172805576,1.050569756254529,0.9776225933700415
2019-07-24,1.1479642287991685,1.1479642287991685,1.185435694674454,1.0834123980886115,0.9067090741599075,0.8642117699546427,1.050569756254529,0.9776225933700415
2019-07-25,1.1556557599731245,1.1556557599731245,1.185435694674454,1.0828706918895672,0.9127841598939856,0.8700021174260609,1.0576087299681087,0.9836839989395518
2019-07-26,1.1535508032754143,1.1535508032754143,1.1832764956364397,1.0803568734217661,0.9111215790481313,0.8684174614692208,1.0556823599738512,0.9818922783479058
2019-07-29,1.1507193616762577,1.1507193616762577,1.1832764956364397,1.0798166949850554,0.9088851907300086,0.866285892301347,1.0556823599738512,0.9814013322087319
2019-07-30,1.1381297159032855,1.1381297159032855,1.1832764956364397,1.0798166949850554,0.8989413738614693,0.8568081404832929,1.0556823599738512,0.9814013322087319
2019-07-31,1.1282190236221519,1.1282190236221519,1.1832764956364397,1.0798166949850554,0.8911135039705144,0.849347161558267,1.0464896090333153,0.9723647105707849
2019-08-01,1.1197243108142307,1.1197243108142307,1.1832764956364397,1.0798166949850554,0.884404032549631,0.8429521619521649,1.0386102624710924,0.9650434734812546
2019-08-02,1.0860505651339993,1.0860505651339993,1.1832764956364397,1.0798166949850554,0.8578071317026793,0.817601853444942,1.0073758795952772,0.9360214828157628
2019-08-05,1.101280234016874,1.101280234016874,1.1832764956364397,1.0798166949850554,0.8698361467417611,0.8290670705404781,1.0215022946806906,0.9491472963903661
2019-08-06,1.101930927543521,1.101930927543521,1.1839756368106493,1.0799147983912374,0.8703500910880281,0.8295569264003162,1.0221058512597274,0.9497081018806663
2019-08-07,1.1235507405470577,1.1235507405470577,1.2072051616644917,1.1011026563752384,0.8874263031686543,0.8458327792475948,1.0421595014674745,0.9683413129625769
2019-08-08,1.1158974930709524,1.1158974930709524,1.1989820885773328,1.0936023176529004,0.8813814554640923,0.8400712525542549,1.035060663572159,0.9617452995899802
2019-08-09,1.102313376511578,1.102313376511578,1.1989820885773328,1.093055516494074,0.8706521649166729,0.829844842078619,1.0224605952080899,0.9500377186238224
2019-08-12,1.1194564542660916,1.1194564542660916,1.1989820885773328,1.093055516494074,0.884192468498524,0.8427505138731102,1.0383618097429699,0.9648126191440628
2019-08-13,1.0863565760431715,1.0863565760431715,1.1635308113327971,1.060189728483257,0.858048831627797,0.8178322249345815,1.0076597227409743,0.9362852207982812
2019-08-14,1.0892263013401793,1.0892263013401793,1.1635308113327971,1.0596596336190156,0.860315457975436,0.8199926148805339,1.0103215620126231,0.938758516806785
2019-08-15,1.1052982115757723,1.1052982115757723,1.1806991102740538,1.0747654476448598,0.87300970966387,0.8320918890937933,1.0252292055700474,0.9526102229182271
2019-08-16,1.118614471587008,1.118614471587008,1.1949237748783954,1.0877138592156406,0.8835274361601827,0.8421166514903745,1.0375808212059943,0.9640869495471932
2019-08-19,1.1100430620465682,1.1100430620465682,1.1857676435174627,1.0793792263399167,0.8767573865247622,0.8356639129606224,1.0296303339060713,0.956699610757057
2019-08-20,1.119073746624401,1.119073746624401,1.1857676435174627,1.0788395367267467,0.8838901903588696,0.8424624034598209,1.0380068258595738,0.9644827794609392
2019-08-21,1.1187291933437435,1.1187291933437435,1.1854025557536725,1.0779679514484664,0.8836180480932256,0.8422030164571161,1.0380068258595738,0.9640005380712088
2019-08-22,1.0899923633076474,1.0899923633076474,1.1854025557536725,1.0774289674727422,0.8609205250322717,0.8205693225445813,1.0380068258595738,0.9640005380712088
2019-08-23,1.1020452612898055,1.1020452612898055,1.1854025557536725,1.0774289674727422,0.8704403965545562,0.8296429992645776,1.049484879099235,0.9741782456416475
2019-08-26,1.0977216608321856,1.0977216608321856,1.180751923685692,1.0726632284370687,0.8670254401738451,0.8263881013241036,1.049484879099235,0.9736911565188267
2019-08-27,1.1054513463671758,1.1054513463671758,1.180751923685692,1.0721268968228503,0.8731306617819342,0.8322071722061068,1.049484879099235,0.9736911565188267
2019-08-28,1.1195710466860107,1.1195710466860107,1.1958334226300988,1.0852848874245327,0.8731306617819342,0.8317910686200038,1.0628897313622743,0.9856410657360869
2019-08-29,1.1190737466244012,1.1190737466244012,1.1953022477336872,1.0848028168645822,0.8731306617819342,0.8317910686200038,1.0628897313622743,0.9851482452032189
2019-08-30,1.1125302090387015,1.1125302090387015,1.1953022477336872,1.08426041545615,0.8731306617819342,0.8317910686200038,1.0628897313622743,0.9851482452032189
2019-09-03,1.1251580091727078,1.1251580091727078,1.1953022477336872,1.08426041545615,0.8830411517607922,0.8408164370463918,1.0749540860944733,0.9958376192575951
2019-09-04,1.1396223921090172,1.1396223921090172,1.2106683645767462,1.0976569122892328,0.8830411517607922,0.8403960288278686,1.0887730763282568,1.0086395337886176
2019-09-05,1.140502529149135,1.140502529149135,1.2116033708370135,1.0985046391437914,0.8830411517607922,0.8403960288278686,1.0896139421443332,1.0094185120010162
2019-09-06,1.1410765259432634,1.1410765259432634,1.212213151554584,1.0990574990674549,0.8830411517607922,0.8403960288278686,1.0896139421443332,1.0089138027450157
2019-09-09,1.1408087987319417,1.1408087987319417,1.2119287337796019,1.0987996306488015,0.8830411517607922,0.8403960288278686,1.0893582894378626,1.0081726275581193
2019-09-10,1.1489206745613547,1.1489206745613547,1.2119287337796019,1.0982502308334772,0.8830411517607922,0.8403960288278686,1.0971043194364778,1.015341375886897
2019-09-11,1.152900368422402,1.152900368422402,1.2161266783798164,1.1015052845428608,0.8830411517607922,0.8403960288278686,1.1009045289911163,1.0188583705149439
2019-09-12,1.1521349531390197,1.1521349531390197,1.2153192868899214,1.1007739906664704,0.8830411517607922,0.8403960288278686,1.1001736339588009,1.018181946263765
2019-09-13,1.1485765092911486,1.1485765092911486,1.2153192868899214,1.1002236036711373,0.8830411517607922,0.8403960288278686,1.096775676029754,1.015037225002749
2019-09-16,1.151484776959641,1.151484776959641,1.2153192868899214,1.1002236036711373,0.8852770672708519,0.8421037662009525,1.0995527807436183,1.017607362838507
2019-09-17,1.1521731075000534,1.1521731075000534,1.2160457762002945,1.1003311796849313,0.885806265098146,0.8426071560434156,1.0995527807436183,1.0170985591570878
2019-09-18,1.1520966694411687,1.1520966694411687,1.2159651006680827,1.100258180949795,0.8857474984848557,0.8425512553675615,1.0994798336494238,1.0165225330035481
2019-09-19,1.1466530121477785,1.1466530121477785,1.2159651006680827,1.0997080518593203,0.8815623411468276,0.8385702002981449,1.0942847909293676,1.0117194635672269
2019-09-20,1.1463845089155544,1.1463845089155544,1.2159651006680827,1.0997080518593203,0.8813559122311074,0.8383738385332156,1.094028550375141,1.0114825567234005
2019-09-23,1.1373883572678778,1.1373883572678778,1.2159651006680827,1.0997080518593203,0.8744395491955428,0.8317947735421645,1.085443257509161,1.0035450362854532
2019-09-24,1.144116458491527,1.144116458491527,1.2159651006680827,1.0997080518593203,0.8796122043958141,0.8367151680564332,1.0918640829575519,1.0094814014183249
2019-09-25,1.1417325222794106,1.1417325222794106,1.2134314571612193,1.0968667931183147,0.8777794019995934,0.8349717479932459,1.0895890223142466,1.007377997302041
2019-09-26,1.1355820392807674,1.1355820392807674,1.2134314571612193,1.0963183597217556,0.8730508275014445,0.8304737771987142,1.0895890223142466,1.00687430830339
2019-09-27,1.1408486344715978,1.1408486344715978,1.2134314571612193,1.0963183597217556,0.8770998571007341,0.8343253432237243,1.0946423113822352,1.011040546440369
2019-09-30,1.1272784862884662,1.1272784862884662,1.1989979519737606,1.082729730362253,0.8666669436776724,0.8244012234076613,1.0816217774357115,0.9990144374371314
2019-10-01,1.107365401922901,1.107365401922901,1.1989979519737606,1.0821883654970719,0.8513574951463501,0.8098383879482155,1.0625152070826973,0.981367104486955
2019-10-02,1.1164379916294624,1.1164379916294624,1.1989979519737606,1.0821883654970719,0.8583326247952051,0.8164733536151209,1.0712203413717987,0.989407396404208
2019-10-03,1.1315456958938461,1.1315456958938461,1.2152228624549808,1.0962915076327455,0.8699476321248572,0.8275219188365207,1.0857161577456367,1.002796115217021
2019-10-04,1.1266633603865117,1.1266633603865117,1.2099794809881796,1.091561285094206,0.8661940265663212,0.8239513695762529,1.0810315651860223,0.9984693018168133
2019-10-07,1.109172366594097,1.109172366594097,1.2099794809881796,1.091015504451659,0.852746714019918,0.8111598572246256,1.0642489865907738,0.982968469026792
2019-10-08,1.1197055569757577,1.1197055569757577,1.2099794809881796,1.091015504451659,0.8608447732184974,0.8188629892746457,1.074355564726751,0.992303171490776
2019-10-09,1.1272784862884664,1.1272784862884664,1.2181629619240966,1.0978488859465285,0.8666669436776725,0.8244012234076612,1.0816217774357115,0.9990144374371314
2019-10-10,1.1389649730678835,1.1389649730678835,1.2307916473136078,1.1092302763016788,0.8756516727420885,0.8329477840982761,1.0928349414906293,1.0093712118789069
2019-10-11,1.1376965669029406,1.1376965669029406,1.2294209785484327,1.107994984124947,0.8746765049306879,0.8320201733908283,1.0916179079471675,1.0082471275583729
2019-10-14,1.1489597342801081,1.1489597342801081,1.2294209785484327,1.1074409866328847,0.8833357803143945,0.8402571521659258,1.0916179079471675,1.0077430039945938
2019-10-15,1.147114744584696,1.147114744584696,1.227446784876479,1.1051089468933373,0.8833357803143945,0.8398370235898429,1.0916179079471675,1.0077430039945938
2019-10-16,1.1504974196981779,1.1504974196981779,1.227446784876479,1.1045563924198907,0.8859406094956281,0.8418936627306186,1.0916179079471675,1.0077430039945938
2019-10-17,1.1454616907258062,1.1454616907258062,1.222074248414582,1.099169469198239,0.8859406094956281,0.8414727158992533,1.0916179079471675,1.0077430039945938
2019-10-18,1.1532270732223056,1.1532270732223056,1.222074248414582,1.09861988446364,0.8919466311353009,0.8467565417734857,1.0916179079471675,1.0077430039945938
2019-10-21,1.1494596210780594,1.1494596210780594,1.218081880948951,1.0944815174002733,0.8919466311353009,0.846333163502599,1.0916179079471675,1.0077430039945938
2019-10-22,1.1528044005041416,1.1528044005041416,1.218081880948951,1.0939342766415732,0.8919466311353009,0.846333163502599,1.094794375439101,1.0101715348186375
2019-10-23,1.1546878032342218,1.1546878032342218,1.220071931246328,1.0951745327323221,0.8919466311353009,0.846333163502599,1.094794375439101,1.0096664490512284
2019-10-24,1.1594162279292508,1.1594162279292508,1.2250681027077897,1.0996592517112822,0.8919466311353009,0.846333163502599,1.094794375439101,1.0096664490512284
2019-10-25,1.165951229285024,1.165951229285024,1.2319731481256968,1.105857435355526,0.8919466311353009,0.846333163502599,1.1009651384105368,1.014852558780997
2019-10-28,1.1656049946257447,1.1656049946257447,1.2316073079494796,1.1055290458288247,0.8919466311353009,0.846333163502599,1.1009651384105368,1.0143451325016064
2019-10-29,1.1691808989439194,1.1691808989439194,1.2316073079494796,1.1049762813059103,0.8946829919303937,0.8485064223204791,1.1009651384105368,1.0143451325016064
2019-10-30,1.1660664683890276,1.1660664683890276,1.2283265877162202,1.1014803890299023,0.8946829919303937,0.8480821691093189,1.0980324190426156,1.0111359764555345
2019-10-31,1.176869067360632,1.176869067360632,1.2283265877162202,1.1009296488353875,0.9029714573228439,0.8555148770319742,1.1082047412920712,1.0205032781964902
2019-11-01,1.1815972333820264,1.1815972333820264,1.2332614884594613,1.1048022573178784,0.9065992176924643,0.8589519767778718,1.1082047412920712,1.019993026557392
2019-11-04,1.1802904141824158,1.1802904141824158,1.2318975297891737,1.1035803715848662,0.9065992176924643,0.8585225007894829,1.1069790924905123,1.0183549413579551
2019-11-05,1.1805591760882739,1.1805591760882739,1.2318975297891737,1.103028581399074,0.9068056578453866,0.8582887322252624,1.1072311608010466,1.0185868292150373
2019-11-06,1.1847114052632841,1.1847114052632841,1.2362303247624526,1.1063566078796647,0.9099950489278786,0.8613074809561281,1.1072311608010466,1.01807753580043
2019-11-07,1.1876324772766655,1.1876324772766655,1.2392784238925143,1.1090844851582486,0.9122387692617334,0.8634311552673227,1.1099611944124315,1.020078709886113
2019-11-08,1.1853646855262725,1.1853646855262725,1.236912013879386,1.10696668129716,0.9104968435440531,0.8617824279982288,1.1078417164694596,1.0181308631176111
2019-11-11,1.1878632141583074,1.1878632141583074,1.236912013879386,1.1064131979565115,0.9124160018088046,0.8635989053213929,1.1078417164694596,1.0176217976860524
2019-11-12,1.1882478618522545,1.1882478618522545,1.2373125443008044,1.1062182643304428,0.9127114556176548,0.8638785514317091,1.1082004520178117,1.017442507790238
2019-11-13,1.1899777417804804,1.1899777417804804,1.2391138537784345,1.1078287235899438,0.9140402029926963,0.8651362066857377,1.109813796994009,1.018923725159825
2019-11-14,1.1985882110396735,1.1985882110396735,1.2480798632860037,1.1158447770285989,0.9206540368428652,0.8713961798357704,1.1178442140740354,1.0262964776953676
2019-11-15,1.1994727455315715,1.1994727455315715,1.2490009216424531,1.1166682484959427,0.9213334613885031,0.8720392530531386,1.1186691610865371,1.027053864281581
2019-11-18,1.1991268988827435,1.1991268988827435,1.2486407944242714,1.1163462770522117,0.9210678112590931,0.8717878160326323,1.1183466127152213,1.0267577315528875
2019-11-19,1.1946676241040244,1.1946676241040244,1.2486407944242714,1.1157881039136857,0.9176425737266313,0.8685458393710704,1.1183466127152213,1.0262443526871112
2019-11-20,1.1927455496656423,1.1927455496656423,1.2486407944242714,1.1157881039136857,0.916166198792763,0.8671484550921833,1.116547329471764,1.024080128565728
2019-11-21,1.1953978597731658,1.1953978597731658,1.2486407944242714,1.1157881039136857,0.9182034789736957,0.8690767344412944,1.1190301974802144,1.0263573771177519
2019-11-22,1.2046627733267008,1.2046627733267008,1.2583183665607593,1.1238781091718248,0.9253200015504223,0.8758125009061222,1.1277032245888765,1.0343121448934223
2019-11-25,1.2073921681771942,1.2073921681771942,1.261169328461481,1.1264244708521853,0.9274164917078428,0.8777968223136557,1.1277032245888765,1.0337949888209756
2019-11-26,1.212773355787943,1.212773355787943,1.2667901937811716,1.1314447961174594,0.9315498646638034,0.881709046949103,1.1277032245888765,1.0337949888209756
2019-11-27,1.2082764439954583,1.2082764439954583,1.2620929898610564,1.1272494471498031,0.9280957175622846,0.8784397074704254,1.123521749208605,1.0294448236726759
2019-11-29,1.1980121448564727,1.1980121448564727,1.2620929898610564,1.1266858224262284,0.9202115515487771,0.8709773688823917,1.113977440552798,1.0206996977788731
2019-12-02,1.189977741780481,1.189977741780481,1.2620929898610564,1.1266858224262284,0.914040202992697,0.8651362066857379,1.106506611635588,1.0138544309535684
2019-12-03,1.1973198048747313,1.1973198048747313,1.2620929898610564,1.1266858224262284,0.9196797545619663,0.8704740246898823,1.1133336648413714,1.0201098279573044
2019-12-04,1.1994727455315723,1.1994727455315723,1.2643624013411998,1.1281484108532522,0.9213334613885038,0.8720392530531389,1.1133336648413714,1.019599773043326
2019-12-05,1.210428996641848,1.210428996641848,1.2759113690147807,1.1384531696108087,0.9297491263520278,0.8800046537427838,1.1133336648413714,1.019599773043326
2019-12-06,1.206623002126117,1.206623002126117,1.271899475969834,1.134873491222422,0.9268256834357403,0.8772376241233225,1.1133336648413714,1.019599773043326
2019-12-09,1.2052777698918384,1.2052777698918384,1.271899475969834,1.1343060544768109,0.9257923898695494,0.8762596149796105,1.1133336648413714,1.019599773043326
2019-12-10,1.2086992460504393,1.2086992460504393,1.271899475969834,1.1343060544768109,0.9284204783225846,0.8787470925190548,1.116494135137911,1.0219843568432267
2019-12-11,1.2191170679912793,1.2191170679912793,1.282862022948,1.1435155258171061,0.936422567561077,0.8863210450724366,1.1261172379369455,1.030792876490034
2019-12-12,1.2198474329972373,1.2198474329972373,1.283630577136629,1.1442005984370824,0.9369835721537393,0.8868520341729598,1.1261172379369455,1.030277480051789
2019-12-13,1.2282278120588743,1.2282278120588743,1.2924491478205722,1.1520612820587173,0.9434206701848279,0.8929447274204194,1.1261172379369455,1.030277480051789
2019-12-16,1.2284967033015493,1.2284967033015493,1.2927320987959854,1.1523134984527192,0.9436272096833481,0.8931402164128024,1.1261172379369455,1.030277480051789
2019-12-17,1.2285734000340682,1.2285734000340682,1.2928128058322628,1.1523854389633703,0.9436861216230417,0.8931959763803269,1.1261875429791575,1.0298266629465673
2019-12-18,1.2336097756905255,1.2336097756905255,1.2981125225146108,1.1571094920573817,0.9475546392143773,0.8968575162376627,1.1308042012316546,1.034048302398871
2019-12-19,1.2390179946960407,1.2390179946960407,1.3038035254183702,1.162182329246033,0.951708775400348,0.9007893932056776,1.1308042012316546,1.0335312782476715
2019-12-20,1.2409104510033155,1.2409104510033155,1.3057949341111315,1.1639574279843887,0.953162400192244,0.90216524454601,1.1308042012316546,1.0335312782476715
2019-12-23,1.2409493813852517,1.2409493813852517,1.3058359000772688,1.163993944162645,0.9531923032172823,0.9021935476661194,1.1308396773124736,1.0330469370009547
2019-12-24,1.2475555179904099,1.2475555179904099,1.3127874570619706,1.1701904120589677,0.9582665783331694,0.9069963332668677,1.1308396773124736,1.0325304135324542
2019-12-26,1.247246273660811,1.247246273660811,1.312462043025312,1.1699003450084342,0.9580290430080313,0.9067715068210822,1.1308396773124736,1.0325304135324542
2019-12-27,1.240370081781624,1.240370081781624,1.312462043025312,1.16931539483593,0.9527473342832404,0.9017723859552563,1.1308396773124736,1.0325304135324542
2019-12-30,1.243383241608755,1.243383241608755,1.312462043025312,1.16931539483593,0.9550617886829668,0.9039630098396002,1.1335867612164237,1.0345224151793015
2019-12-31,1.255010880136408,1.255010880136408,1.3247356797503962,1.1796657218487616,0.9639931566464042,0.9124165218132573,1.1335867612164237,1.0340051539717119
2020-01-02,1.2455077281658418,1.2455077281658418,1.3147045599531473,1.1707330959993523,0.956693639477915,0.9055075515369961,1.1335867612164237,1.0340051539717119
2020-01-03,1.2502594334879418,1.2502594334879418,1.3147045599531473,1.1701477294513527,0.9603434974077577,0.9089621307054261,1.1379114796621828,1.037432958546137
2020-01-06,1.246744317473787,1.246744317473787,1.3110082558671377,1.1662727743727364,0.9576434827416735,0.9064065752292404,1.1347122309641007,1.0345162061437783
2020-01-07,1.2533887377767958,1.2533887377767958,1.3110082558671377,1.1656896379855501,0.9627471641546083,0.9112371937986012,1.1347122309641007,1.0339989480407064
2020-01-08,1.261887460026046,1.261887460026046,1.319897672771307,1.173010863279426,0.9692751634079894,0.9174159247699812,1.142406255805026,1.0404930773574246
2020-01-09,1.258256328886985,1.258256328886985,1.316099614947771,1.169635478067164,0.9664860357403791,0.9147760241152637,1.139118936562765,1.0374990173220773
2020-01-10,1.266909479295809,1.266909479295809,1.316099614947771,1.1690506603281305,0.9731326536379321,0.9210670272640875,1.1469527676076177,1.0446339983587603
2020-01-13,1.264978092606598,1.264978092606598,1.3140932385495152,1.1666839327796785,0.971649125820998,0.9196628728036459,1.1452042533335416,1.043041467690627
2020-01-14,1.2678368242741553,1.2678368242741553,1.3140932385495152,1.1661005908132887,0.9738449615765525,0.9217412245105462,1.14779230737492,1.045398643432792
2020-01-15,1.2783833363479735,1.2783833363479735,1.3250245350232706,1.1752177588147747,0.9819458996851882,0.9294087372117977,1.1573402280506708,1.0540948014902212
2020-01-16,1.2823619955144843,1.2823619955144843,1.3291483536481146,1.178875340054931,0.9850019689749844,0.9323012972809134,1.1573402280506708,1.0535677540894761
2020-01-17,1.2798511798848282,1.2798511798848282,1.3265459321227229,1.176567147329648,0.9830733728784102,0.9304758870793094,1.1573402280506708,1.0535677540894761
2020-01-21,1.2800056080444022,1.2800056080444022,1.3265459321227229,1.1759788637559832,0.9831919915225822,0.9305881592567532,1.1574798739128052,1.0531680947811373
2020-01-22,1.281473192907623,1.281473192907623,1.3280668775921143,1.1767391877760696,0.9843192660246081,0.9316551210636662,1.1574798739128052,1.0526415107337468
2020-01-23,1.270077325956148,1.270077325956148,1.3162566629707992,1.1662746979258714,0.9755659253730267,0.9233701113864741,1.1574798739128052,1.0526415107337468
2020-01-24,1.2497185469189815,1.2497185469189815,1.3162566629707992,1.1656915605769085,0.9599280341163616,0.9085688959934752,1.1389259823415043,1.0352418111026143
2020-01-27,1.2628145463307578,1.2628145463307578,1.3162566629707992,1.1656915605769085,0.9699872726554136,0.9180899339558415,1.1508609688483247,1.0460902746888117
2020-01-28,1.261771703574774,1.261771703574774,1.3151696872703822,1.1641460770101046,0.9691862490976596,0.9173317676520485,1.149910578287814,1.0452264046389819
2020-01-29,1.265866895213459,1.265866895213459,1.3151696872703822,1.1635640039715998,0.9723318287713744,0.9203090490208934,1.1536427147528325,1.0486187793615116
2020-01-30,1.2428811560849136,1.2428811560849136,1.2912887030565796,1.1418541090884036,0.9546761290710108,0.9035979842174593,1.1326947536448173,1.0295778534957372
2020-01-31,1.2521137354341827,1.2521137354341827,1.2912887030565796,1.1412831820338594,0.961767815248204,0.9103102431074455,1.141108827782419,1.0372259372904842
2020-02-03,1.2711976414655533,1.2711976414655533,1.3109696885542406,1.1581072390111518,0.976426456944063,0.9241846018395877,1.1585008689562313,1.0530346627763427
2020-02-04,1.2858774995390905,1.2858774995390905,1.326108836346002,1.1714811230934252,0.9877022816778632,0.9348571348479975,1.1718792986980773,1.065195163151603
2020-02-05,1.2902043334171367,1.2902043334171367,1.3305710441699472,1.1754230259673062,0.991025789317836,0.9380028244830081,1.1758225413883066,1.068779425665184
2020-02-06,1.2833282708747666,1.2833282708747666,1.3234798497910323,1.1691586831566703,0.9857441799386433,0.9330037976474815,1.1695560693854563,1.0630834331897843
2020-02-07,1.2929081195778516,1.2929081195778516,1.3234798497910323,1.168574103815092,0.9931026090468261,0.9399685278912672,1.1695560693854563,1.0625518914731895
2020-02-10,1.2951491386071128,1.2951491386071128,1.3257738593059496,1.1700153255863532,0.9931026090468261,0.9394985436273215,1.1695560693854563,1.0625518914731895
2020-02-11,1.3034933033599718,1.3034933033599718,1.3343153277572046,1.1775532996690616,0.9995008002198466,0.9450816344489108,1.1695560693854563,1.0625518914731895
2020-02-12,1.30210241522927,1.30210241522927,1.3328915510893788,1.1762967953943126,0.9984342862637953,0.9440731882800575,1.1695560693854563,1.0625518914731895
2020-02-13,1.3041888767621401,1.3041888767621401,1.3328915510893788,1.1757086469966156,1.0000341563715711,0.945585951307391,1.1714301414405934,1.0637232263377145
2020-02-14,1.3008276715602909,1.3008276715602909,1.3294563722630226,1.1720907116085133,0.9974568302891956,0.9431489512110394,1.1684110871033195,1.0609817583606447
2020-02-18,1.3070472204192458,1.3070472204192458,1.3294563722630226,1.171504666252709,1.0022258951133172,0.9476583578846329,1.173997522572414,1.0660545501138128
2020-02-19,1.30167780245885,1.30167780245885,1.323994896341363,1.1661063118212078,0.9981086990108924,0.9437653280631757,1.1691746796906255,1.0616751425769475
2020-02-20,1.2882728173911089,1.2882728173911089,1.323994896341363,1.1655232586652973,0.9878299401805968,0.9340462100861764,1.1571342430378468,1.0507417615158643
2020-02-21,1.2455465292109609,1.2455465292109609,1.323994896341363,1.1655232586652973,0.9550680079816337,0.9030680453628566,1.1187572389873586,1.0158933235923202
2020-02-24,1.207803976602725,1.207803976602725,1.323994896341363,1.1655232586652973,0.9261275359155079,0.8757032762341463,1.0848566556225012,0.9851097227305137
2020-02-25,1.20336125693659,1.20336125693659,1.323994896341363,1.1655232586652973,0.9227209193644229,0.8724821375043604,1.0848566556225012,0.9846171678691484
2020-02-26,1.1493161865479369,1.1493161865479369,1.323994896341363,1.1655232586652973,0.8812799000955429,0.8332974302832683,1.036133835291743,0.9399039706396618
2020-02-27,1.144487655156501,1.144487655156501,1.323994896341363,1.1655232586652973,0.8775774484011716,0.8297965635525814,1.0317808079803799,0.935955226264278
2020-02-28,1.1940512048339,1.1940512048339,1.323994896341363,1.1655232586652973,0.9155820990093503,0.865731999827907,1.076463438764658,0.9764880036548976
2020-03-02,1.1598624399481212,1.1598624399481212,1.286085508504614,1.1315685608090273,0.8893666226629964,0.8409438603608658,1.0456415148244855,0.9485286342111183
2020-03-03,1.2086150477825315,1.2086150477825315,1.286085508504614,1.1310027765286228,0.9267494541801911,0.8762913333221956,1.0895930636908295,0.9883982281652701
2020-03-04,1.1684385056139754,1.1684385056139754,1.2433337086162994,1.0928407047291882,0.8959426322778244,0.8471618302850183,1.0533730267566068,0.955542089921695
2020-03-05,1.1491234746905123,1.1491234746905123,1.2433337086162994,1.0922942843768235,0.8811321312844479,0.8331577069438977,1.0359601013112452,0.9397463720239781
2020-03-06,1.0593831241709233,1.0593831241709233,1.2433337086162994,1.0922942843768235,0.8123204604265053,0.7680925800832883,0.9550572003927702,0.8663572448480173
2020-03-09,1.1142004646942634,1.1142004646942634,1.2433337086162994,1.0922942843768235,0.8543536458504518,0.8078372121764489,1.0044762392453765,0.9111865412773553
2020-03-10,1.0598852743631726,1.0598852743631726,1.1827235139803762,1.0385008322536868,0.8127055023117916,0.7684566578451045,0.9555098998419536,0.8667679003013006
2020-03-11,0.9584781609287688,0.9584781609287688,1.1827235139803762,1.03798158183756,0.7349479175475216,0.694932689396403,0.8640891554041293,0.783837763508933
2020-03-12,1.0404151685960503,1.0404151685960503,1.1827235139803762,1.03798158183756,0.7977760920536482,0.7543400994141147,0.9379571710122854,0.8508453631148559
2020-03-13,0.9265689574437362,0.9265689574437362,1.053305378824664,0.9238826722748374,0.710480377641135,0.6717973176182257,0.8353223062332703,0.7577426058781916
2020-03-16,0.9765962442787168,0.9765962442787168,1.053305378824664,0.9234207309387,0.7488406155460798,0.7080689807615469,0.8804230062706195,0.798654624769841
2020-03-17,0.9271483217157725,0.9271483217157725,0.9999734485490954,0.8762035296894846,0.7109246262245581,0.6722173784898435,0.8358446158746399,0.7582164065486314
2020-03-18,0.9291185094501027,0.9291185094501027,0.9999734485490954,0.8757654279246398,0.7124353391771834,0.6736458386432884,0.8376207834752613,0.7598276144095112
2020-03-19,0.8890790643076343,0.8890790643076343,0.9568805797386323,0.837587298458073,0.6817336413954618,0.6446157361025764,0.8015243425271648,0.7270835933019261
2020-03-20,0.8663466960037164,0.8663466960037164,0.9568805797386323,0.837168504808844,0.6643027729344647,0.6281339147259856,0.7810306122276303,0.7084931971333392
2020-03-23,0.944840692932356,0.944840692932356,0.9568805797386323,0.837168504808844,0.7244908939937743,0.6850450125586531,0.8517946778842114,0.7726851229481146
2020-03-24,0.9589848379096159,0.9589848379096159,0.9712049602897531,0.8492822265747831,0.7353364305122636,0.6953000492500842,0.8645459358528552,0.7842521209431221
2020-03-25,1.0149799194891371,1.0149799194891371,1.0279135742657606,0.8988717776095562,0.7353364305122636,0.6949523992254591,0.9150267341862767,0.8300445670331422
2020-03-26,0.9847480851846027,0.9847480851846027,0.9972965026765754,0.872098299514155,0.7353364305122636,0.6949523992254591,0.8877720702456715,0.8053211519841477
2020-03-27,1.0167285532558374,1.0167285532558374,0.9972965026765754,0.8716622503643979,0.7592170590622594,0.7171740484182472,0.9166031660093189,0.8314745893714273
2020-03-30,1.0015736410532254,1.0015736410532254,0.9824312361414353,0.858233802053142,0.7479005008363997,0.7064841649651212,0.9029406791429626,0.8190809919257027
2020-03-31,0.9564980142595253,0.9564980142595253,0.9824312361414353,0.8578046851521155,0.714241384349396,0.6746889826137374,0.8623040096045164,0.7822184112900621
2020-04-01,0.9785696654334738,0.9785696654334738,0.9824312361414353,0.8578046851521155,0.7307228474097893,0.6902577550033853,0.8822020888709141,0.8002684769027963
2020-04-02,0.9644253264509882,0.9644253264509882,0.9682310816487949,0.8449769923338698,0.7201609098992567,0.6802807037857466,0.8694506560022898,0.7887013202514642
2020-04-03,1.0292020545670866,1.0292020545670866,0.9682310816487949,0.8445545038377029,0.7685313396058814,0.7259725339183273,0.9278483019470282,0.8416753448706042
2020-04-06,1.0302514288323321,1.0302514288323321,0.9692182899189149,0.8449933342351437,0.7685313396058814,0.7256095476513682,0.9278483019470282,0.841254507198169
2020-04-07,1.064835382362649,1.064835382362649,1.0017534549875808,0.8733584588899445,0.7685313396058814,0.7256095476513682,0.9278483019470282,0.841254507198169
2020-04-08,1.0810387634727874,1.0810387634727874,1.0169969313769045,0.8866481750184204,0.7685313396058814,0.7256095476513682,0.9278483019470282,0.841254507198169
2020-04-09,1.0711692649678886,1.0711692649678886,1.0077121119672223,0.878553393283116,0.7615149224675711,0.7186221863975512,0.9278483019470282,0.841254507198169
2020-04-13,1.1027612699090727,1.1027612699090727,1.0077121119672223,0.8781141165864745,0.7839742890496604,0.739816517121927,0.9552133404133424,0.8656450068293526
2020-04-14,1.0793294480984748,1.0793294480984748,0.9862999248617172,0.8590166118018465,0.7839742890496604,0.7394466088633661,0.9552133404133424,0.865212184325938
2020-04-15,1.0845363543482305,1.0845363543482305,0.9862999248617172,0.8585871034959457,0.7877563415383533,0.74264412740139,0.9598214851469181,0.8689535389626966
2020-04-16,1.1138354761965108,1.1138354761965108,1.012945155850622,0.8813528352301941,0.8090378494794663,0.7627069133941374,0.9598214851469181,0.8685190621932153
2020-04-17,1.094212106301168,1.094212106301168,0.9950992549956509,0.8658253061977288,0.7947843539507718,0.749269668663545,0.9598214851469181,0.8685190621932153
2020-04-20,1.0609883880759094,1.0609883880759094,0.9950992549956509,0.8653923935446299,0.7706522032704386,0.7265194868632727,0.9306782885167271,0.8417138345203796
2020-04-21,1.0845363543482307,1.0845363543482307,0.9950992549956509,0.8653923935446299,0.7877563415383534,0.74264412740139,0.9513341045413654,0.8603951407523701
2020-04-22,1.0844587522579925,1.0844587522579925,0.995028052419663,0.8648977757180791,0.7876999750196501,0.7425909888077795,0.951266033503699,0.8603335766922208
2020-04-23,1.099574798747077,1.099574798747077,0.995028052419663,0.8644653268302201,0.7986795622257618,0.752941811174994,0.9645255342048451,0.8723255886653106
2020-04-24,1.1154285177722838,1.1154285177722838,1.0093744117425894,0.8764969942254605,0.810194960164247,0.763797760156637,0.9784321068448738,0.8849028183335026
2020-04-27,1.1102995369548092,1.1102995369548092,1.00473309057051,0.872466672068255,0.8064695090547521,0.7602856533762784,0.9784321068448738,0.8844603669243359
2020-04-28,1.1393655291903324,1.1393655291903324,1.00473309057051,0.872030438732221,0.8275816825792608,0.780188802177388,0.9784321068448738,0.8844603669243359
2020-04-29,1.1287573234547748,1.1287573234547748,0.9953783970493986,0.863475274684196,0.8198763794725235,0.7729247564308421,0.9784321068448738,0.8844603669243359
2020-04-30,1.0988753452403972,1.0988753452403972,0.9953783970493986,0.863043537046854,0.7981715120038498,0.752462855317919,0.9784321068448738,0.8844603669243359
2020-05-01,1.1019060948746489,1.1019060948746489,0.9953783970493986,0.863043537046854,0.8003729063918061,0.7545381830913744,0.9784321068448738,0.8844603669243359
2020-05-04,1.1120868424298114,1.1120868424298114,1.0045749122781986,0.8705858602553729,0.8077677239246864,0.7615095237514495,0.9784321068448738,0.8844603669243359
2020-05-05,1.1045481873736245,1.1045481873736245,0.9977650630354742,0.8646843009104936,0.802291998465257,0.7563473750751643,0.9717994754100071,0.8780225243815523
2020-05-06,1.1178767343824811,1.1178767343824811,0.9977650630354742,0.8642519587600385,0.8119732298851376,0.7654741942207238,0.9835261480343886,0.8886175935915983
2020-05-07,1.136373451264383,1.136373451264383,1.0142743769141773,0.8781199996095568,0.8254083775064586,0.7781399551364154,0.9997998606420572,0.9033209213731003
2020-05-08,1.1366067748823658,1.1366067748823658,1.0144826307826442,0.8783002978513926,0.8254083775064586,0.7777508851588473,0.9997998606420572,0.9028692609124138
2020-05-11,1.1139521380055033,1.1139521380055033,0.9942621498510188,0.8607941780953118,0.8254083775064586,0.7777508851588473,0.9997998606420572,0.9028692609124138
2020-05-12,1.094251036683105,1.094251036683105,0.9942621498510188,0.8603637810062642,0.8254083775064586,0.7777508851588473,0.9997998606420572,0.9028692609124138
2020-05-13,1.1073463894107958,1.1073463894107958,0.9942621498510188,0.8603637810062642,0.8352863794324172,0.7866696748077273,1.0117648772545984,0.9132228344951336
2020-05-14,1.1124366985199687,1.1124366985199687,0.9988326272794823,0.8638885653607757,0.8352863794324172,0.7862763399703235,1.0164158121565225,0.9174207860643881
2020-05-15,1.146321133875197,1.146321133875197,1.0292567220929427,0.8902023109303289,0.8352863794324172,0.7862763399703235,1.0473754846726044,0.9453651044784606
2020-05-18,1.134547086070628,1.134547086070628,1.0186850615948682,0.8810589005413054,0.8352863794324172,0.7862763399703235,1.036617723464643,0.9356551082095506
2020-05-19,1.1538207292126306,1.1538207292126306,1.0186850615948682,0.8806183710910348,0.8352863794324172,0.7862763399703235,1.0542277462852285,0.9515499819270263
2020-05-20,1.1458548746496828,1.1458548746496828,1.0116521691873537,0.8740983671210507,0.8352863794324172,0.7862763399703235,1.0542277462852285,0.9510742069360629
2020-05-21,1.1480310959335953,1.1480310959335953,1.0116521691873537,0.8736613179374902,0.8352863794324172,0.7862763399703235,1.0562299482309665,0.9524049613425446
2020-05-22,1.1621751115740382,1.1621751115740382,1.0241159640744057,0.8839882021196329,0.8352863794324172,0.7862763399703235,1.0692429519384437,0.96413881656387
2020-05-26,1.1794670560049925,1.1794670560049925,1.039353733464978,0.8971410176604586,0.8352863794324172,0.7862763399703235,1.0692429519384437,0.9636567471555881
2020-05-27,1.1772912227315313,1.1772912227315313,1.0374363756001226,0.8954860080802639,0.8352863794324172,0.7862763399703235,1.0692429519384437,0.9636567471555881
2020-05-28,1.1825368653579973,1.1825368653579973,1.0374363756001226,0.8950382650762239,0.8352863794324172,0.7862763399703235,1.0692429519384437,0.9636567471555881
2020-05-29,1.187316248758949,1.187316248758949,1.041629315658347,0.8982081646920027,0.8352863794324172,0.7862763399703235,1.0692429519384437,0.9636567471555881
2020-06-01,1.1971477869080398,1.1971477869080398,1.0502544973357735,0.9056457516417515,0.8352863794324172,0.7862763399703235,1.0692429519384437,0.9636567471555881
2020-06-02,1.2130797547075698,1.2130797547075698,1.06423156935299,0.9176983312068892,0.8352863794324172,0.7862763399703235,1.0692429519384437,0.9636567471555881
2020-06-03,1.2098934128823908,1.2098934128823908,1.061436200336282,0.9152878544313318,0.8352863794324172,0.7862763399703235,1.0692429519384437,0.9636567471555881
2020-06-04,1.2409019147733924,1.2409019147733924,1.061436200336282,0.9148302105041162,0.8352863794324172,0.7862763399703235,1.0692429519384437,0.9636567471555881
2020-06-05,1.255901493458711,1.255901493458711,1.0742664616299775,0.9254309359036023,0.8352863794324172,0.7862763399703235,1.0692429519384437,0.9636567471555881
2020-06-08,1.24653686121922,1.24653686121922,1.0662561914035456,0.9185304581010652,0.8352863794324172,0.7862763399703235,1.0692429519384437,0.9636567471555881
2020-06-09,1.239581385871173,1.239581385871173,1.0662561914035456,0.9180711928720147,0.8352863794324172,0.7862763399703235,1.0692429519384437,0.9636567471555881
2020-06-10,1.1681203370440016,1.1681203370440016,1.0662561914035456,0.9180711928720147,0.8352863794324172,0.7862763399703235,1.0692429519384437,0.9636567471555881
2020-06-11,1.1821097951880535,1.1821097951880535,1.0662561914035456,0.9180711928720147,0.8452898041420123,0.795299680221995,1.0692429519384437,0.9636567471555881
2020-06-12,1.193145329767189,1.193145329767189,1.0762101797034052,0.9261827709667001,0.8531809703441466,0.802724165796509,1.0692429519384437,0.9636567471555881
2020-06-15,1.216110892352273,1.216110892352273,1.0969249841954158,0.9440098603087943,0.8696029270681145,0.8181749341214003,1.089823651806911,0.9817233041171466
2020-06-16,1.2110589962777683,1.2110589962777683,1.0923682031842992,0.9400883102778071,0.8696029270681145,0.8177658466543396,1.0852963707315675,0.9776450871243474
2020-06-17,1.2115251261664655,1.2115251261664655,1.0923682031842992,0.9396182661226683,0.8699376324101753,0.8176717172684147,1.0852963707315675,0.9771562645807853
2020-06-18,1.204601597012233,1.204601597012233,1.0861256227057299,0.9337787999194855,0.8649661807825776,0.812998950809982,1.0852963707315675,0.9771562645807853
2020-06-19,1.2123297305054181,1.2123297305054181,1.0861256227057299,0.9333119105195259,0.8705153798943486,0.8182147536424392,1.0922591003622486,0.9829366421556038
2020-06-22,1.217910484824896,1.217910484824896,1.09112541781748,0.9371415976671286,0.8745226498179295,0.821981266502556,1.0922591003622486,0.9824451738345261
2020-06-23,1.1868431346821307,1.1868431346821307,1.0632921937608857,0.9132363053563712,0.8522146873623974,0.801013568026013,1.0922591003622486,0.9824451738345261
2020-06-24,1.1995667733975808,1.1995667733975808,1.0632921937608857,0.9127796872036931,0.8613509173098398,0.8096008926251196,1.1039687440131714,0.9924863266595927
2020-06-25,1.1710752953034538,1.1710752953034538,1.038037437695586,0.8906434350635815,0.8408925640642089,0.7903716787049295,1.0777478599538668,0.9689133142505785
2020-06-26,1.188287697591914,1.188287697591914,1.038037437695586,0.8901981133460497,0.8532519581630295,0.8019885195227949,1.093588540570604,0.9831543505139255
2020-06-29,1.2035088302448624,1.2035088302448624,1.0513339698147945,0.9011558282696136,0.8641815177872743,0.8122614304235273,1.1075966433873732,0.9957478687484592
2020-06-30,1.2119392626547034,1.2119392626547034,1.0586984359075693,0.9074683148173155,0.8702350038045369,0.8179512225681458,1.1153552226389638,1.0027229609902162
2020-07-01,1.2186135597624543,1.2186135597624543,1.0645288171209646,0.9124658533372688,0.875027493946521,0.8224557795598135,1.1214976196764752,1.0082450784466246
2020-07-02,1.237425599804357,1.237425599804357,1.0809622127392955,0.9265518152341606,0.8885355105954549,0.8351522336028734,1.1388104568423156,1.0238096080186463
2020-07-06,1.2246627720333365,1.2246627720333365,1.0698131508883413,0.9169953447355468,0.8793711408814628,0.8265384598764031,1.1388104568423156,1.023297703214637
2020-07-07,1.2340296029987174,1.2340296029987174,1.0698131508883413,0.9165368470631791,0.8860970094393802,0.8328602377705693,1.1475206465324452,1.0306127449689342
2020-07-08,1.2270046737799072,1.2270046737799072,1.0637230525275883,0.9108610324305415,0.8860970094393802,0.832443807651684,1.1409881846697598,1.0247458017709612
2020-07-09,1.2395328845647744,1.2395328845647744,1.0637230525275883,0.9104056019143263,0.8860970094393802,0.832443807651684,1.1526381325355246,1.0352088681959202
2020-07-10,1.2287997394639332,1.2287997394639332,1.0545122489966299,0.9020671750798285,0.8860970094393802,0.832443807651684,1.1526381325355246,1.0346912637618222
2020-07-13,1.2447238177176223,1.2447238177176223,1.0545122489966299,0.9016161414922886,0.8860970094393802,0.832443807651684,1.1675752286555883,1.0475825347851986
2020-07-14,1.256159520408753,1.256159520408753,1.0642004130632523,0.9094487887462235,0.8860970094393802,0.832443807651684,1.1783021409186774,1.0572070332013945
2020-07-15,1.252022164967705,1.252022164967705,1.0606953045974739,0.9064533786622802,0.8860970094393802,0.832443807651684,1.1744212207849494,1.053724958512579
2020-07-16,1.255651744064961,1.255651744064961,1.0606953045974739,0.906000151972949,0.8886657812020473,0.8344408182995124,1.1778258368002297,1.056779679260093
2020-07-17,1.265799510731772,1.265799510731772,1.069267497091542,0.9128691487689242,0.8958476873595808,0.8411844960440704,1.1778258368002297,1.056251289420463
2020-07-20,1.268492561936671,1.268492561936671,1.071542416695308,0.9148113231339513,0.8958476873595808,0.8407639037960485,1.1803317196529746,1.057970390752484
2020-07-21,1.2757129190860643,1.2757129190860643,1.0776417184818727,0.9200184994907852,0.8958476873595808,0.8407639037960485,1.1870502585127063,1.0639924395243376
2020-07-22,1.2604917864331158,1.2604917864331158,1.0647838667630745,0.9090413247562467,0.8958476873595808,0.8407639037960485,1.1870502585127063,1.0634604433045756
2020-07-23,1.2523735730996668,1.2523735730996668,1.0647838667630745,0.9085868040938686,0.8900779689698703,0.8349285712609387,1.1870502585127063,1.0634604433045756
2020-07-24,1.261506563099797,1.261506563099797,1.0647838667630745,0.9085868040938686,0.8965689021582945,0.8410173250129649,1.1957068753349662,1.0706840456792475
2020-07-27,1.2535057875962416,1.2535057875962416,1.0580307535197746,0.902370036474339,0.8908826483412622,0.8356833925477265,1.188123417145018,1.063893512094017
2020-07-28,1.2689218308325052,1.2689218308325052,1.0580307535197746,0.9019188514561018,0.9018390280892986,0.8459609129539528,1.188123417145018,1.06336156533797
2020-07-29,1.2643945248880104,1.2643945248880104,1.0542558725117572,0.8982499928040911,0.8986214136597578,0.8429426625172699,1.1838843867504465,1.0590359840809562
2020-07-30,1.274386182016626,1.274386182016626,1.0542558725117572,0.8978008678076891,0.9057226125948886,0.8496038698360068,1.1838843867504465,1.0585064660889159
2020-07-31,1.2832457539854836,1.2832457539854836,1.0615850917923118,0.9035935066452314,0.912019224079963,0.855510342093828,1.1921147874525513,1.0653359823938273
2020-08-03,1.2882023288258124,1.2882023288258124,1.0656854957410518,0.9070836634036016,0.9155419254221894,0.8588147762009299,1.1967193662278324,1.0694508742689264
2020-08-04,1.2962032336661848,1.2962032336661848,1.0723043692288532,0.9127174756633292,0.9212282711605573,0.8641487948920408,1.1967193662278324,1.068916148831792
2020-08-05,1.3048680243885447,1.3048680243885447,1.0794724526811377,0.9188187611021063,0.9273864491142957,0.8699254109860625,1.204719132462353,1.0755271248134088
2020-08-06,1.3058046816177193,1.3058046816177193,1.0802473170027402,0.9194783053769312,0.9273864491142957,0.8694904482805694,1.2055839010546208,1.0762991571092435
2020-08-07,1.309707549409431,1.309707549409431,1.0834760253386528,0.9222264975941528,0.9301582776684972,0.8716544885513556,1.2055839010546208,1.075761007530689
2020-08-10,1.2988965435447177,1.2988965435447177,1.074532451890142,0.9146139614378328,0.9301582776684972,0.87121866130708,1.2055839010546208,1.075761007530689
2020-08-11,1.317006025996331,1.317006025996331,1.074532451890142,0.9141566544571139,0.9431267354647517,0.8829297615329872,1.2223923994747603,1.0902216079951161
2020-08-12,1.314625323204641,1.314625323204641,1.0725900595567122,0.9120470891584143,0.9431267354647517,0.8824882966522207,1.2223923994747603,1.0896764971911186
2020-08-13,1.3146641242497599,1.3146641242497599,1.0725900595567122,0.9115910656138351,0.9431545717633303,0.8820730990645466,1.2223923994747603,1.0896764971911186
2020-08-14,1.318840410072744,1.318840410072744,1.0759973501163116,0.9140311160796056,0.9461506853670125,0.8848751755116856,1.2223923994747603,1.0896764971911186
2020-08-17,1.321689570815838,1.321689570815838,1.0783218841434843,0.91600574587864,0.9481947047716427,0.8867868181891095,1.2223923994747603,1.0896764971911186
2020-08-18,1.3161866772602326,1.3161866772602326,1.0738322591376226,0.9121919289073964,0.9442468681195564,0.8830946550860925,1.2223923994747603,1.0896764971911186
2020-08-19,1.3202847143088932,1.3202847143088932,1.0738322591376226,0.9117358329429428,0.9471868451877717,0.8858442305654235,1.2223923994747603,1.0896764971911186
2020-08-20,1.3249682591284007,1.3249682591284007,1.0776415447104974,0.9145142338102119,0.950546872001539,0.8889866521294928,1.2223923994747603,1.0896764971911186
2020-08-21,1.3383941967605062,1.3383941967605062,1.0885613143497843,0.9237810301898366,0.9601787880357244,0.897994776863829,1.2223923994747603,1.0896764971911186
2020-08-24,1.343077870916831,1.343077870916831,1.0923707051166716,0.9270137768258244,0.9601787880357244,0.8975457794753972,1.2223923994747603,1.0896764971911186
2020-08-25,1.3565427389308728,1.3565427389308728,1.1033221381536564,0.9363074435762396,0.9601787880357244,0.8975457794753972,1.2223923994747603,1.0896764971911186
2020-08-26,1.359509208167044,1.359509208167044,1.1057348680194319,0.9383549479764002,0.9601787880357244,0.8975457794753972,1.2223923994747603,1.0896764971911186
2020-08-27,1.3682904020247608,1.3682904020247608,1.1128769102895293,0.9444158680908274,0.9601787880357244,0.8975457794753972,1.2223923994747603,1.0896764971911186
2020-08-28,1.3633338271844322,1.3633338271844322,1.1088455601567202,0.9409947610483025,0.9601787880357244,0.8975457794753972,1.2223923994747603,1.0896764971911186
2020-08-31,1.3761747743929593,1.3761747743929593,1.1088455601567202,0.9405242636677784,0.9692225049024712,0.9055507966564903,1.233905849780748,1.0993950867954803
2020-09-01,1.3960797105390497,1.3960797105390497,1.1248838573857411,0.9536577063563688,0.9692225049024712,0.9050980212581621,1.233905849780748,1.0988453892520826
2020-09-02,1.3480345750939773,1.3480345750939773,1.0861717431131215,0.9208382238266518,0.9692225049024712,0.9050980212581621,1.233905849780748,1.0988453892520826
2020-09-03,1.3370281412986806,1.3370281412986806,1.0861717431131215,0.9203778047147385,0.9692225049024712,0.9050980212581621,1.233905849780748,1.0988453892520826
2020-09-04,1.3004970866558798,1.3004970866558798,1.0861717431131215,0.9203778047147385,0.9427408481639427,0.8799158616653974,1.233905849780748,1.0988453892520826
2020-09-08,1.3261783343888482,1.3261783343888482,1.0861717431131215,0.9203778047147385,0.9613573921901526,0.8972917846562782,1.258272103371413,1.1199951467795186
2020-09-09,1.303150819468391,1.303150819468391,1.0673116581817514,0.9039363461136168,0.9446645605260368,0.8817113763330656,1.2364236996665425,1.1005477585327559
2020-09-10,1.3038143173399273,1.3038143173399273,1.0673116581817514,0.9034843779405601,0.9451455354952122,0.8821602987546046,1.2370532234950893,1.1011081012685324
2020-09-11,1.3209871425623658,1.3209871425623658,1.0813694548480905,0.9149326272666636,0.9575942552821999,0.8937794261312657,1.253346723662565,1.115611038322234
2020-09-14,1.3276611809964824,1.3276611809964824,1.0868328701006695,0.9195551518335269,0.9624323196797427,0.8982950781383338,1.2596790216354072,1.1212474527182477
2020-09-15,1.322392516416579,1.322392516416579,1.0825199038643016,0.9159060072120832,0.9586130221467344,0.8947303015761866,1.2546801361227975,1.1167979163274875
2020-09-16,1.3107615151316823,1.3107615151316823,1.0825199038643016,0.9154480542084772,0.9501816153186614,0.8868607702849264,1.2436446938511463,1.1069752064750649
2020-09-17,1.295671142000785,1.295671142000785,1.0825199038643016,0.9154480542084772,0.9392424818822964,0.8766506292453414,1.2293270149630924,1.0942309591657573
2020-09-18,1.2812509922559117,1.2812509922559117,1.0825199038643016,0.9154480542084772,0.9287891987949117,0.866893961107982,1.215645241041809,1.082052734479607
2020-09-21,1.2942995250558258,1.2942995250558258,1.0825199038643016,0.9154480542084772,0.9382481856740889,0.8757225937130958,1.2280256309081727,1.0930725898260087
2020-09-22,1.2642835538989705,1.2642835538989705,1.057415292773827,0.8937602656879661,0.9164893656065696,0.8554137984107371,1.1995466110185309,1.0677232524482085
2020-09-23,1.267653424667563,1.267653424667563,1.057415292773827,0.8933133855551222,0.9189322121605399,0.8576938517622381,1.2027439294108877,1.0705692037114956
2020-09-24,1.2881476193521952,1.2881476193521952,1.0745105606529772,0.907308955800481,0.9337886195125231,0.8715602165239135,1.2221887301469962,1.0878771313021847
2020-09-25,1.3095427743044927,1.3095427743044927,1.0923573660948969,0.9223786694011014,0.9492981402437026,0.8860361706790472,1.2424883579766055,1.1059459453446125
2020-09-28,1.302411142211605,1.302411142211605,1.0864085028719432,0.9173554922666319,0.9441283625048454,0.8812109109668319,1.2357218971762,1.0999230801495388
2020-09-29,1.3122858788575953,1.3122858788575953,1.0864085028719432,0.9168968145204986,0.9512866389028146,0.8878921542342953,1.2450910033722493,1.108262574795507
2020-09-30,1.320710879121119,1.320710879121119,1.0933833488795515,0.9223249309451972,0.9573939896810002,0.8935925063861578,1.2530846061386332,1.115377726025233
2020-10-01,1.3081714160331677,1.3081714160331677,1.0830022424913164,0.9135679352926884,0.948304031550103,0.8851083101652895,1.2411872193500788,1.1047877944620708
2020-10-02,1.3313693968785147,1.3313693968785147,1.0830022424913164,0.9131111513250422,0.9651204353408023,0.9008040556720475,1.2631973603660651,1.1243791460082007
2020-10-05,1.3124425057430595,1.3124425057430595,1.0676061656465687,0.8996737090050854,0.9651204353408023,0.9003536536442115,1.2631973603660651,1.1238169564351965
2020-10-06,1.335287785088274,1.335287785088274,1.0676061656465687,0.8992238721505829,0.981919987207383,0.9155756534171112,1.2851854447502735,1.142816980910465
2020-10-07,1.3471215865023265,1.3471215865023265,1.0770676761117786,0.9067435061318599,0.9906221158892033,0.9236898147110851,1.2851854447502735,1.1422455724200098
2020-10-08,1.3591518505414988,1.3591518505414988,1.0866862648579696,0.9148410408339009,0.9994687157333445,0.9319386858394295,1.2966625975140342,1.1518750996504523
2020-10-09,1.3810171448238224,1.3810171448238224,1.104168281281824,0.9295585049431622,0.9994687157333445,0.9314727164965099,1.3175225987480619,1.1704058385228628
2020-10-12,1.3720041793899274,1.3720041793899274,1.0969621212499252,0.9234919048975091,0.9994687157333445,0.9314727164965099,1.3175225987480619,1.1698206356036014
2020-10-13,1.3633837511958204,1.3633837511958204,1.0969621212499252,0.9230301589450604,0.993188962052079,0.9251544515614913,1.3092444833259418,1.1618856348555435
2020-10-14,1.3616990098167499,1.3616990098167499,1.0969621212499252,0.9230301589450604,0.9919616725672675,0.9240112327243811,1.30762664216094,1.160449885892662
2020-10-15,1.360876039649774,1.360876039649774,1.0969621212499252,0.9230301589450604,0.9913621605918449,0.9234527879630935,1.30762664216094,1.1598696609497157
2020-10-16,1.3401855116768393,1.3401855116768393,1.0969621212499252,0.9230301589450604,0.9762896588228275,0.9094127687516801,1.287745708975616,1.141655264959197
2020-10-19,1.34555428295315,1.34555428295315,1.0969621212499252,0.9230301589450604,0.980200666539281,0.913055868239508,1.2929044068672908,1.1462287258275305
2020-10-20,1.3430073823515334,1.3430073823515334,1.0948857624422894,0.9208215080592435,0.9783453168897412,0.9113276120334299,1.2929044068672908,1.1456556114646168
2020-10-21,1.3503740194410259,1.3503740194410259,1.0948857624422894,0.9203610973052139,0.9837117169501132,0.9163264079266656,1.2929044068672908,1.1456556114646168
2020-10-22,1.3549588802691142,1.3549588802691142,1.0986031761152295,0.9230257751157867,0.9870516666620033,0.9194375674965045,1.2972941438469479,1.1489725737909977
2020-10-23,1.329919013811964,1.329919013811964,1.0783008058958008,0.9059681045975373,0.9688107869722705,0.9024462076544798,1.2972941438469479,1.1483980875041022
2020-10-26,1.3253346703311444,1.3253346703311444,1.0783008058958008,0.9055151205452385,0.9654712141341668,0.8993353991421682,1.2928222610561277,1.1438652629867996
2020-10-27,1.2800360021964179,1.2800360021964179,1.0783008058958008,0.9055151205452385,0.9324723338500136,0.868596977595123,1.2486348358934434,1.1047690451794632
2020-10-28,1.2930454752775788,1.2930454752775788,1.0783008058958008,0.9055151205452385,0.9419493905150866,0.8774248457011855,1.2486348358934434,1.1042166606568735
2020-10-29,1.279565733529575,1.279565733529575,1.0670597345893027,0.895622548061796,0.9321297555783437,0.8682778663029589,1.235618066222762,1.0921533133917327
2020-10-30,1.2939081518473934,1.2939081518473934,1.0670597345893027,0.8951747367877652,0.9425778275536014,0.8780102341276809,1.2494678831742811,1.104395060163622
2020-11-02,1.3167529138453398,1.3167529138453398,1.0858993451439471,0.9105320222608422,0.9592196317684211,0.8935120568820781,1.2715280242858744,1.1238938493667998
2020-11-03,1.3461814371790923,1.3461814371790923,1.110168449757775,0.930881787643157,0.9806575317866215,0.9134814377267761,1.299945802396531,1.1490121050569762
2020-11-04,1.3724353883380187,1.3724353883380187,1.1318195492701835,0.9490363426775287,0.9806575317866215,0.9130246970079128,1.299945802396531,1.1484375990044478
2020-11-05,1.3721218758934564,1.3721218758934564,1.1315610019340319,0.9488195494453667,0.9806575317866215,0.9130246970079128,1.299945802396531,1.1484375990044478
2020-11-06,1.389364025649841,1.389364025649841,1.1315610019340319,0.948345139670644,0.9806575317866215,0.9130246970079128,1.299945802396531,1.1484375990044478
2020-11-09,1.3873261947601867,1.3873261947601867,1.1299013001419183,0.9464799946961717,0.9806575317866215,0.9130246970079128,1.299945802396531,1.1484375990044478
2020-11-10,1.3976321403542666,1.3976321403542666,1.1299013001419183,0.9460067546988237,0.9806575317866215,0.9130246970079128,1.299945802396531,1.1484375990044478
2020-11-11,1.384074020495122,1.384074020495122,1.1189403778691631,0.9363567493068269,0.9806575317866215,0.9130246970079128,1.299945802396531,1.1484375990044478
2020-11-12,1.4032359166271817,1.4032359166271817,1.1189403778691631,0.9358885709321735,0.9806575317866215,0.9130246970079128,1.3179429803465357,1.1637629937085663
2020-11-13,1.4207517430884733,1.4207517430884733,1.1329074986127632,0.9471028118026832,0.9806575317866215,0.9130246970079128,1.3179429803465357,1.1631811122117122
2020-11-16,1.413110265262721,1.413110265262721,1.1268141838789316,0.9420088429440807,0.9806575317866215,0.9130246970079128,1.3179429803465357,1.1631811122117122
2020-11-17,1.3961037671870264,1.3961037671870264,1.1268141838789316,0.9415378385226087,0.9806575317866215,0.9130246970079128,1.3179429803465357,1.1631811122117122
2020-11-18,1.4019814788384823,1.4019814788384823,1.1268141838789316,0.9415378385226087,0.9847861806278778,0.916412093705284,1.3234916286587923,1.167496609778057
2020-11-19,1.3923810655814846,1.3923810655814846,1.1190980464032447,0.9346196575060018,0.9780426148629142,0.9101367363299709,1.3144286939702197,1.1595018893775426
2020-11-20,1.4007274290602338,1.4007274290602338,1.1190980464032447,0.9341523476772489,0.9839053053024335,0.9155923778957374,1.3223077867832145,1.1664523029261498
2020-11-23,1.4232986436900903,1.4232986436900903,1.1371311067068954,0.9487381309669775,0.9997598801188453,0.9303461634261675,1.3436153532968784,1.1852484260965945
2020-11-24,1.4211041859149722,1.4211041859149722,1.1353778652424253,0.9472753559005629,0.9997598801188453,0.9298809903444545,1.3436153532968784,1.1846558018835462
2020-11-25,1.4250624098643871,1.4250624098643871,1.1353778652424253,0.9468017182226126,1.0025445271140287,0.9320060620683491,1.3473577463761002,1.1873631145109373
2020-11-27,1.4187529719175729,1.4187529719175729,1.1303510003575286,0.9421363699458221,0.9981057794220268,0.9278796221496689,1.3473577463761002,1.186769432953682
2020-11-30,1.4342706738920485,1.4342706738920485,1.1303510003575286,0.9416653017608492,1.0090226256458898,0.9380283652569673,1.3620945584745492,1.199156415318376
2020-12-01,1.4372877138236912,1.4372877138236912,1.1327287343284789,0.9431752959297386,1.0111451410182803,0.9400015416500356,1.3620945584745492,1.198556837110717
2020-12-02,1.436896081941623,1.436896081941623,1.132420088619042,0.9429182997050352,1.0108696243831539,0.9397454102092928,1.3620945584745492,1.198556837110717
2020-12-03,1.4492787888072935,1.4492787888072935,1.132420088619042,0.9424468405551827,1.019580972681378,0.9478438329757165,1.3620945584745492,1.198556837110717
2020-12-04,1.4463002912471354,1.4463002912471354,1.1300927858964227,0.9400387395397515,1.019580972681378,0.9473699110592287,1.3620945584745492,1.198556837110717
2020-12-07,1.4505324505750912,1.4505324505750912,1.1300927858964227,0.9395687201699816,1.0225644672919052,0.9496684169345926,1.3620945584745492,1.198556837110717
2020-12-08,1.4375228481571132,1.4375228481571132,1.119957157538637,0.9306720884898428,1.0133932438829116,0.9411509869878643,1.3620945584745492,1.198556837110717
2020-12-09,1.437052708827087,1.437052708827087,1.119957157538637,0.9302067524455979,1.0130618153972057,0.9408431852057616,1.3620945584745492,1.198556837110717
2020-12-10,1.4353675794375653,1.4353675794375653,1.119957157538637,0.9302067524455979,1.0118738699390872,0.9397399253931027,1.3604973271707186,1.196552096429837
2020-12-11,1.428941609018577,1.428941609018577,1.119957157538637,0.9302067524455979,1.0073438306312996,0.9355328211999839,1.3544065419915399,1.1911952746048313
2020-12-14,1.4482596146888325,1.4482596146888325,1.119957157538637,0.9302067524455979,1.020962213432398,0.9481803837249944,1.3727169005764466,1.2072991636118864
2020-12-15,1.4505324505750916,1.4505324505750916,1.1217147697739773,0.9312014752408404,1.0225644672919052,0.9496684169345927,1.3748711830004405,1.2091938466070324
2020-12-16,1.4586439383940533,1.4586439383940533,1.1279874841057136,0.9364088247354487,1.0282827255888862,0.9549790349721026,1.382559567254876,1.215955750591757
2020-12-17,1.4528195135112274,1.4528195135112274,1.1234833839637868,0.932669706013102,1.024176750624157,0.9511657646410357,1.3770389503767269,1.211100389565159
2020-12-18,1.4476249589275016,1.4476249589275016,1.1234833839637868,0.9322033711600954,1.0205148077709514,0.947764872488467,1.3770389503767269,1.2104948393703765
2020-12-21,1.4451852785472308,1.4451852785472308,1.1234833839637868,0.9322033711600954,1.0205148077709514,0.9472909900522228,1.3747182285009505,1.2078495466393566
2020-12-22,1.4464839495273667,1.4464839495273667,1.1234833839637868,0.9322033711600954,1.0214318617884013,0.9476685982592561,1.3759535764495627,1.2089349432164431
2020-12-23,1.4521112651009878,1.4521112651009878,1.127854117248003,0.9353638583143192,1.0254055798687938,0.9513553521035406,1.3759535764495627,1.208330475744835
2020-12-24,1.4645861891172247,1.4645861891172247,1.1375433846975536,0.9433994636707682,1.0342147234944365,0.9595283385785864,1.3877742383565441,1.2181069412710739
2020-12-28,1.4617918671845653,1.4617918671845653,1.1353730362040122,0.9415995273937621,1.0322415184304985,0.9576976296032994,1.3877742383565441,1.2174978878004383
2020-12-29,1.463877423359716,1.463877423359716,1.1353730362040122,0.9411287276300653,1.0337142299165434,0.9590639884196152,1.3877742383565441,1.2174978878004383
2020-12-30,1.4713155837090448,1.4713155837090448,1.1411420210690206,0.9454401663723614,1.0389666725560749,0.963937123025899,1.3877742383565441,1.2174978878004383
2020-12-31,1.4512851908504025,1.4512851908504025,1.125606589212929,0.9325690065977611,1.0248222491239025,0.9508141469091339,1.3688811718375928,1.2003142032905512
2021-01-04,1.4612805987467128,1.4612805987467128,1.125606589212929,0.9321027220944623,1.0318804872054235,0.9573626704466547,1.3783090401575875,1.2085811036498069
2021-01-05,1.4700167833920919,1.4700167833920919,1.1323359654941534,0.9372091949260044,1.0380495272076802,0.9630862098331273,1.3865491839626438,1.215806538442725
2021-01-06,1.4918577623528075,1.4918577623528075,1.1491598047034932,0.9511339109832825,1.0534724925371015,0.9773953972410308,1.4071500314475587,1.23387055330734
2021-01-07,1.5003576486334114,1.5003576486334114,1.1557071632417604,0.9565530134506879,1.0534724925371015,0.9769066995424103,1.4151672939164615,1.2409005528506998
2021-01-08,1.490244156223122,1.490244156223122,1.147916863619128,0.9501051564011473,1.0463713283130733,0.9698331906224675,1.4056280459249242,1.2325359883519549
2021-01-11,1.4905587033622207,1.4905587033622207,1.147916863619128,0.9496301038229468,1.0465921868256745,0.9700378941633199,1.4059247330675217,1.2327961408023795
2021-01-12,1.494572800816607,1.494572800816607,1.1510082213427164,0.9517126572086323,1.0494106756402655,0.9726502210933737,1.4097109099415592,1.236116079721531
2021-01-13,1.4893387985036768,1.4893387985036768,1.1469773841098845,0.948379754156768,1.0457356335810806,0.9692439945756067,1.4047740944454084,1.2317871942923448
2021-01-14,1.4784774806171255,1.4784774806171255,1.1469773841098845,0.9479055642796896,1.038109385508426,0.9621755779431433,1.3945294825317907,1.222804125900362
2021-01-15,1.4900868826535727,1.4900868826535727,1.1469773841098845,0.9479055642796896,1.046260899056773,0.9697308388520415,1.4054797023536256,1.2324059121267426
2021-01-19,1.5107075687452929,1.5107075687452929,1.1628499220587545,0.9605492782008481,1.060739663899713,0.9831505363570744,1.424929545237221,1.2494606595695827
2021-01-20,1.5120846178365694,1.5120846178365694,1.1639098898921003,0.9614248437557168,1.0617065555870746,0.9840467035443501,1.4262284054375651,1.2505995753342498
2021-01-21,1.506732401672843,1.506732401672843,1.1597900825398408,0.9580217580234381,1.057948509958598,0.9805635448570357,1.4211800882768029,1.2461729187949946
2021-01-22,1.5126747817328308,1.5126747817328308,1.1597900825398408,0.9575427471444264,1.0621209377388008,0.9844307751960395,1.426785059809141,1.2510876820905357
2021-01-25,1.5103138674741516,1.5103138674741516,1.1579799347301403,0.9555694864382309,1.0604632275048291,0.9828943202475537,1.4245581983367,1.2491350411242323
2021-01-26,1.4734011398841957,1.4734011398841957,1.1579799347301403,0.9550917016950119,1.0345450451461407,0.9588719557083937,1.3897413765861437,1.2186056376081276
2021-01-27,1.4860729145360034,1.4860729145360034,1.1579799347301403,0.9550917016950119,1.043442501055715,0.9671185960928512,1.4016936474726565,1.229086080178171
2021-01-28,1.4563220838541282,1.4563220838541282,1.1347974484374526,0.9354934443199494,1.022553027281224,0.9477571089678167,1.3736320698973463,1.204480065555902
2021-01-29,1.4805631661290934,1.4805631661290934,1.1347974484374526,0.9350256975977895,1.0395738445438714,0.9635329172933831,1.3964967427544583,1.2245291334725434
2021-02-01,1.5014991753808151,1.5014991753808151,1.1508441328497305,0.9477799824428269,1.0542740127806114,0.9771578233644516,1.4162440047390625,1.241844675189288
2021-02-02,1.5026795031733375,1.5026795031733375,1.151748810878954,0.9485250318393342,1.055102777084064,0.9779259666678306,1.4162440047390625,1.2412237528516934
2021-02-03,1.519758559203405,1.519758559203405,1.164839281888923,0.9593057153653255,1.0670947949489804,0.9890408134084074,1.4323406578564475,1.2547105604057163
2021-02-04,1.5257402576557801,1.5257402576557801,1.1694240347021547,0.9630814976948312,1.0712948300432585,0.9929336316900178,1.437978283546718,1.259649042358594
2021-02-05,1.536758978448698,1.536758978448698,1.177869480683051,0.9700367615876704,1.0790315981857468,1.0001044842637712,1.437978283546718,1.2590192178374147
2021-02-08,1.5357354068784563,1.5357354068784563,1.1770849505577743,0.9693906602372474,1.078312899884462,0.9994383560473629,1.437978283546718,1.2590192178374147
2021-02-09,1.5350667355342376,1.5350667355342376,1.1770849505577743,0.9689059649071289,1.0778433939181187,0.9990031926813242,1.437352176427282,1.2578415213018823
2021-02-10,1.5375459929805302,1.5375459929805302,1.1770849505577743,0.9689059649071289,1.0795841985349153,1.0006166639702212,1.439673616924859,1.2598730375127123
2021-02-11,1.5451409095521396,1.5451409095521396,1.182899321014331,0.9732075541001939,1.0849169508280718,1.005559345436474,1.4467850796458508,1.2660963509318968
2021-02-12,1.5438027908427998,1.5438027908427998,1.1818749097758936,0.9723647395528853,1.0839773940141864,1.0046885136792136,1.4455321387836295,1.264999889628895
2021-02-16,1.544157044384737,1.544157044384737,1.1818749097758936,0.9718785571831089,1.084226132281462,1.0049190576752638,1.44586384234265,1.2652901667900125
2021-02-17,1.5375854407097347,1.5375854407097347,1.1768451017465096,0.967256509649683,1.0796118966625237,1.0006423360836916,1.4397105536117891,1.2599053611834463
2021-02-18,1.534869884898667,1.534869884898667,1.1768451017465096,0.9667728813948582,1.077705175720677,0.9988750846265639,1.437167856304307,1.2576802208859563
2021-02-19,1.5230641495739174,1.5230641495739174,1.1768451017465096,0.9667728813948582,1.0694158072290207,0.9911920523463608,1.4261136141853494,1.2480065410795846
2021-02-22,1.524913924731561,1.524913924731561,1.1768451017465096,0.9667728813948582,1.0707146223800155,0.9923958640409614,1.4278456420426366,1.2495222562888957
2021-02-23,1.5417176226781002,1.5417176226781002,1.189813276080083,0.9769427909982139,1.082513298232873,1.0033315110124286,1.4435797018436778,1.2632912921876613
2021-02-24,1.5045682087129177,1.5045682087129177,1.1611433917353817,0.9534022595615625,1.0564289271085348,0.9791551137924462,1.4087950310669577,1.2328508726959473
2021-02-25,1.4968155012244906,1.4968155012244906,1.1611433917353817,0.9529255584317818,1.050985382304945,0.974109743872312,1.4015358215982459,1.226498264593826
2021-02-26,1.533098875862615,1.533098875862615,1.1611433917353817,0.9529255584317818,1.0764616660113653,0.9977225329880398,1.4355095807169882,1.2562290470388648
2021-03-01,1.5211358669683162,1.5211358669683162,1.1520828093153008,0.9450132693594249,1.0764616660113653,0.9972236717215458,1.424308076265877,1.24642649646655
2021-03-02,1.5009871309220608,1.5009871309220608,1.1520828093153008,0.9445407627247452,1.0622030172980172,0.9835159856820501,1.4054419065170647,1.2299165192687758
2021-03-03,1.482413199960372,1.482413199960372,1.1520828093153008,0.9445407627247452,1.0490588103263885,0.9713454895855554,1.3880502977520541,1.2146969453984087
2021-03-04,1.5096845145223208,1.5096845145223208,1.1520828093153008,0.9445407627247452,1.0683578915887244,0.9892149124937741,1.4135856588098312,1.2370431998005442
2021-03-05,1.5021679760618518,1.5021679760618518,1.146346726933477,0.9393657369648873,1.0683578915887244,0.9887203050375273,1.406547585047133,1.2308841098058345
2021-03-08,1.5236153830882428,1.5236153830882428,1.146346726933477,0.938896054096405,1.0836115162937532,1.002342533146323,1.426629758971237,1.2484582246358764
2021-03-09,1.5330988758626154,1.5330988758626154,1.1534819731527453,0.94427060977511,1.090356277536692,1.0085814490013678,1.4355095807169886,1.2562290470388653
2021-03-10,1.5486434798950404,1.5486434798950404,1.165177514003697,0.9538448863984306,1.1014117657739004,1.018807794807247,1.4500646941335595,1.2689663749553457
2021-03-11,1.550728777396557,1.550728777396557,1.1667464624352237,0.955129268752577,1.1028948516055503,1.0201796517753732,1.4520172521774026,1.2706750783758272
2021-03-12,1.5599770065006908,1.5599770065006908,1.1737046995868898,0.9608254642641592,1.109472290816127,1.026263794460101,1.4606767859443817,1.2782531245261424
2021-03-15,1.5580091468290682,1.5580091468290682,1.1722241097223687,0.9596134145514298,1.108072728022072,1.0249691964467016,1.4606767859443817,1.2776139979638794
2021-03-16,1.563322044600407,1.563322044600407,1.1722241097223687,0.9591336078441541,1.1118513176017104,1.0284643983654937,1.4656577749562143,1.2813319256966726
2021-03-17,1.5405762252675141,1.5405762252675141,1.1551686361496019,0.94469896387908,1.0956742482112052,1.013500581104468,1.4443329384849644,1.2626889694433348
2021-03-18,1.5377257711562493,1.5377257711562493,1.1551686361496019,0.9442266143971405,1.0936469748350512,1.0116253497132546,1.4416605586993911,1.2603526767593596
2021-03-19,1.5500041032105494,1.5500041032105494,1.1551686361496019,0.9442266143971405,1.102379455592728,1.0197029095690584,1.453171835535175,1.270416258290637
2021-03-22,1.537804666614658,1.537804666614658,1.146076785034447,0.9363228867538047,1.0937030861268275,1.011677252755527,1.441734525379785,1.2604173411514477
2021-03-23,1.529986773370431,1.529986773370431,1.146076785034447,0.9358547253104279,1.0881429170404349,1.0065340867011106,1.4344050336370215,1.254009629931539
2021-03-24,1.5385943972196487,1.5385943972196487,1.146076785034447,0.9358547253104279,1.0942647509589343,1.0121967936999778,1.4424749197248423,1.2610646211155276
2021-03-25,1.563388394387561,1.563388394387561,1.164545476077196,0.9504678221935742,1.1118985062782374,1.0285080479731756,1.4657199797218576,1.281386307390347
2021-03-26,1.5625987931193877,1.5625987931193877,1.1639573134759786,0.9499877811490991,1.1118985062782374,1.027993793949189,1.4649797066336538,1.2807391334334675
2021-03-29,1.5584531601220477,1.5584531601220477,1.1639573134759786,0.9495127872585246,1.1089485979859635,1.0247524910975303,1.4610930607210906,1.2773412846472496
2021-03-30,1.5647702289410688,1.5647702289410688,1.1639573134759786,0.9495127872585246,1.1134436349812913,1.0289062457142037,1.467015487940428,1.2825188883166865
2021-03-31,1.5816686014376984,1.5816686014376984,1.1765272000251394,0.9592920735816117,1.125468010796933,1.040017679637607,1.4828581808259635,1.2963691530443107
2021-04-01,1.6043701875791556,1.6043701875791556,1.1934138180909342,0.9730607300646669,1.1416217796542882,1.0549449854723885,1.5041415474534516,1.3149758548351993
2021-04-05,1.6034225367205308,1.6034225367205308,1.1927089061958092,0.9724859737874193,1.1409474596824452,1.0543218627485778,1.5041415474534516,1.3143183669077818
2021-04-06,1.6052781320349427,1.6052781320349427,1.1927089061958092,0.9719997308005256,1.1422678457389535,1.05554199946463,1.5058822477016691,1.3151822310026133
2021-04-07,1.6128980106122452,1.6128980106122452,1.1983704154769197,0.9761275855551231,1.1476899231432311,1.0605524096288599,1.513030317341574,1.3214250924153967
2021-04-08,1.6246243331313182,1.6246243331313182,1.2070829800016063,0.9832243683725552,1.156034023081428,1.068262989914694,1.5240305674290224,1.331032306707004
2021-04-09,1.6252164370798352,1.6252164370798352,1.20752290853405,0.9835827103097767,1.156455346519547,1.0686523246805744,1.5245860093845767,1.3315174093047757
2021-04-12,1.6300331988209182,1.6300331988209182,1.211101724262593,0.9864978196208316,1.1598828099276794,1.0718195604496696,1.5291045260531557,1.3354637157587328
2021-04-13,1.624467059561769,1.624467059561769,1.206966126988183,0.9831291862415675,1.1559221119191845,1.068159575525155,1.5238830319510945,1.330903454640842
2021-04-14,1.6419174415936257,1.6419174415936257,1.206966126988183,0.9826376216484468,1.1683392811891493,1.0796339803486843,1.5402529182611222,1.345200311935853
2021-04-15,1.647405202741635,1.647405202741635,1.2110001555275354,0.98543056088011,1.1722442076809343,1.083242428167886,1.545400887281256,1.3496963589484035
2021-04-16,1.6393113047297945,1.6393113047297945,1.2050503675003694,0.9805890231429214,1.1664848322424264,1.0779203290746586,1.545400887281256,1.3490215107689294
2021-04-19,1.6273091067799248,1.6273091067799248,1.2050503675003694,0.98009872863135,1.1579444276092736,1.0700283483834896,1.5340862533203128,1.3384701552896874
2021-04-20,1.642706784188165,1.642706784188165,1.2050503675003694,0.98009872863135,1.1689009537411024,1.0801530083251298,1.5486018515841138,1.3511348245807535
2021-04-21,1.6277038427456028,1.6277038427456028,1.1940445688557373,0.9706573776865438,1.1582253099013529,1.0702879048940763,1.534458376241591,1.338794827662673
2021-04-22,1.6453519807707502,1.6453519807707502,1.1940445688557373,0.9701720489977006,1.170783196413975,1.081892343107084,1.551095514095905,1.3533105124484814
2021-04-23,1.6487869079583257,1.6487869079583257,1.1965373218962254,0.9717123474421024,1.173227387735418,1.0841509609996685,1.5543336663053786,1.3561357578225828
2021-04-26,1.648431490385035,1.648431490385035,1.1962793926336583,0.9715028821420097,1.1729744832338997,1.0839172580864664,1.553998609363153,1.3558434250306546
2021-04-27,1.6479579882977653,1.6479579882977653,1.1962793926336583,0.9710171307009388,1.1726375533284927,1.0836059093363817,1.5535522325562068,1.355453967115353
2021-04-28,1.6584600085065138,1.6584600085065138,1.1962793926336583,0.9710171307009388,1.1801104764066555,1.0905114562247005,1.5634526287177037,1.364091933043949
2021-04-29,1.64756312299527,1.64756312299527,1.188419257620377,0.964151569286299,1.1723565790042074,1.0833462677810664,1.5531799877073655,1.3551291883621663
2021-04-30,1.651116393370459,1.651116393370459,1.188419257620377,0.9636694935016559,1.174884979793951,1.0856827015999901,1.5565297036366852,1.358051771620043
2021-05-03,1.6409300843321628,1.6409300843321628,1.18108748750787,0.9572424477988511,1.1676367073301281,1.0789847488933038,1.5469269326556734,1.3496734797617154
2021-05-04,1.6414432928222713,1.6414432928222713,1.18108748750787,0.9567638265749517,1.1680018911227137,1.0793222063749581,1.5474107412243605,1.3500955963986774
2021-05-05,1.6545511912212176,1.6545511912212176,1.1905191717178687,0.9639257713700994,1.1773290790831883,1.0879412344478465,1.5597677339185962,1.360876910613944
2021-05-06,1.6665930955739257,1.6665930955739257,1.1991838283763976,0.9709412701975376,1.1858977376035194,1.095859323870585,1.57111979964128,1.3707814392138276
2021-05-07,1.6500901057270594,1.6500901057270594,1.187309233073693,0.9613267854342634,1.174154704240986,1.0850078716814098,1.5555622084268739,1.3572076447263206
2021-05-10,1.635363427725745,1.635363427725745,1.187309233073693,0.9608461220415463,1.1636756411928098,1.075324423789876,1.541679170358221,1.3450948759172499
2021-05-11,1.600619419884312,1.600619419884312,1.187309233073693,0.9608461220415463,1.1389528456863005,1.0524786883534436,1.5089255253422078,1.316517749803251
2021-05-12,1.619847148456257,1.619847148456257,1.187309233073693,0.9608461220415463,1.1526347215282688,1.06512177783244,1.5270517645194488,1.3323326559820068
2021-05-13,1.6447205584298463,1.6447205584298463,1.205540847919461,0.9751198809030912,1.1703338951852955,1.0814771547438191,1.5505002637349357,1.3527911643079462
2021-05-14,1.6405352190296676,1.6405352190296676,1.202473094200775,0.9726384820803408,1.167355733005843,1.0787251073379889,1.5465546878068326,1.349348701008529
2021-05-17,1.6264010329873217,1.6264010329873217,1.202473094200775,0.9721521628393006,1.1572982694924034,1.0694312493465203,1.5332301999027858,1.3377232598995397
2021-05-18,1.6221369274655515,1.6221369274655515,1.202473094200775,0.9721521628393006,1.1542640596996234,1.0666274097011925,1.5292103700890147,1.3342160110578067
2021-05-19,1.6395878268446769,1.6395878268446769,1.202473094200775,0.9721521628393006,1.1666815970984117,1.078102154703635,1.5456615684102522,1.348569466037323
2021-05-20,1.6382453106835566,1.6382453106835566,1.2014884933542418,0.9708700757310174,1.1657263028022833,1.0772193904245089,1.5443959603097048,1.3474652395525286
2021-05-21,1.65494618586053,1.65494618586053,1.2014884933542418,0.9703846406931519,1.1776101454396795,1.0882009610478904,1.5601401006950006,1.3612017957473317
2021-05-24,1.651274184287277,1.651274184287277,1.1988226256205738,0.96774635484159,1.1749972590850184,1.085786456168443,1.5601401006950006,1.360521194849458
2021-05-25,1.6545511912212176,1.6545511912212176,1.1988226256205738,0.9672624816641693,1.1773290790831885,1.0879412344478472,1.563236249097577,1.3625409324907989
2021-05-26,1.6554194292741662,1.6554194292741662,1.1994517167165895,0.9672864286102354,1.1779468912806754,1.0885121397085191,1.5640565689549597,1.3632559359869525
2021-05-27,1.6583809837112886,1.6583809837112886,1.2015975424154661,0.9690169093355191,1.1800542447289168,1.090459493895747,1.5668546747339465,1.3656948083323894
2021-05-28,1.6569199950257383,1.6569199950257383,1.2005389675576397,0.9681632317098399,1.1790146489322824,1.0894988286455538,1.565474318245195,1.3644916682322037
2021-06-01,1.6595261318895702,1.6595261318895702,1.2005389675576397,0.967679150093985,1.1808690978790057,1.0912124799195797,1.567936622003016,1.3666378503337215
2021-06-02,1.6533667246505497,1.6533667246505497,1.1960831121990494,0.9636037250370321,1.176486248142539,1.08716239482663,1.5621171534244196,1.3615655113649578
2021-06-03,1.6684882679543593,1.6684882679543593,1.1960831121990494,0.9631219231745136,1.1872462855150006,1.097105484273479,1.5764041363598744,1.3740182670265493
2021-06-04,1.6668697470256253,1.6668697470256253,1.1949228489914614,0.9617060835491084,1.1860945944917105,1.09604123454429,1.5748749418573744,1.3726853974077704
2021-06-07,1.6672251645989162,1.6672251645989162,1.1949228489914614,0.9612252305073339,1.186347498993229,1.0962749374574923,1.5752107438785403,1.3729780876516895
2021-06-08,1.6647372415858805,1.6647372415858805,1.1931397208825938,0.9593102259320326,1.1845771674826004,1.0946390170650775,1.5728601297303793,1.3709292559442554
2021-06-09,1.6724757220244306,1.6724757220244306,1.1931397208825938,0.9588305708190666,1.1900836384195903,1.099727413245103,1.5801715222086894,1.3773019788970107
2021-06-10,1.6752392617946288,1.6752392617946288,1.1951112227864127,0.9599354932794589,1.1920500905607632,1.1015445639533963,1.582782541781561,1.3795777840068435
2021-06-11,1.678990417499925,1.678990417499925,1.1977872872651165,0.9620849578869647,1.1947193006253696,1.1040111162065265,1.586326670609754,1.3826669015994155
2021-06-14,1.6759107785488232,1.6759107785488232,1.195590281048435,0.9603202817579671,1.1925279217732392,1.1019861161824158,1.5834169974198047,1.3801307853701728
2021-06-15,1.6665533891710875,1.6665533891710875,1.195590281048435,0.9598401216170882,1.1858694837163417,1.0958332151390164,1.5745760438429013,1.3724248732678046
2021-06-16,1.666000991625409,1.666000991625409,1.195590281048435,0.9598401216170882,1.185476414165401,1.0954699891047057,1.5740541332052016,1.3719699678705053
2021-06-17,1.6435258742506307,1.6435258742506307,1.195590281048435,0.9598401216170882,1.169483793700389,1.080691596589072,1.5740541332052016,1.3712839828865702
2021-06-18,1.6670546986740267,1.6670546986740267,1.195590281048435,0.9598401216170882,1.1862262005459945,1.0961628485056731,1.5965883956183153,1.390229732510829
2021-06-21,1.6759667813906123,1.6759667813906123,1.2019819126417621,0.9644915116238816,1.1862262005459945,1.0956147670814205,1.6051237651280315,1.3976619075804582
2021-06-22,1.6739467989817127,1.6739467989817127,1.2005332071266461,0.9633290447369206,1.1847964848232935,1.093746454672954,1.6031891672555276,1.3959773560140132
2021-06-23,1.6838490843697373,1.6838490843697373,1.2005332071266461,0.9628473802145522,1.1918051860117576,1.1002165465198994,1.6126728836285993,1.4042353043447964
2021-06-24,1.6898306534852954,1.6898306534852954,1.2047978840627258,0.9657862975787281,1.1960388582324946,1.1041248666752965,1.6184016121730704,1.4092235961135857
2021-06-25,1.6932369972363002,1.6932369972363002,1.2072265036022851,0.9677331199498208,1.1984498214152823,1.1063505505520632,1.6216639699761268,1.4120642949614195
2021-06-28,1.694148175112513,1.694148175112513,1.2078761457276672,0.9682538840309364,1.1990947405641121,1.1069459085241866,1.622536632417655,1.4128241659939205
2021-06-29,1.6955742428574563,1.6955742428574563,1.2088928886764911,0.9690689223216933,1.2001040916691512,1.1078776923425875,1.623902420363757,1.4140134261790673
2021-06-30,1.7049620263872018,1.7049620263872018,1.2155860929389115,0.9744343077104383,1.2067486355298584,1.1140116118668772,1.632893382841527,1.421842308936069
2021-07-01,1.7179936160640807,1.7179936160640807,1.2248772202103306,0.9818822319859506,1.215972215186164,1.1225263717245437,1.645374127997108,1.4327099208057266
2021-07-02,1.7148648291224946,1.7148648291224946,1.222646490237992,0.9800940412284952,1.213757702889592,1.120482041745318,1.6423775946936285,1.4301006887053374
2021-07-06,1.7209250350228276,1.7209250350228276,1.222646490237992,0.979603994207881,1.21804703314333,1.1244417426880895,1.648181636050655,1.4351545591239154
2021-07-07,1.7069029840008756,1.7069029840008756,1.212684399432741,0.9711324051436208,1.2081224185911066,1.1152798215315554,1.6347522962922034,1.4234609582738613
2021-07-08,1.7251239547887978,1.7251239547887978,1.212684399432741,0.970646838941049,1.2210189707113595,1.1271852908165485,1.6522030677276194,1.4386562217314607
2021-07-09,1.731303150560829,1.731303150560829,1.2170280956019246,0.9736382609616208,1.2210189707113595,1.1266216981711403,1.6581210692615378,1.4438093230016924
2021-07-12,1.7254012529245821,1.7254012529245821,1.2128793275260668,0.9703191926926885,1.2168565980068915,1.1222178086601222,1.6524686444876813,1.4388874727596626
2021-07-13,1.7279759609418677,1.7279759609418677,1.2128793275260668,0.9698340330963422,1.2186724367478594,1.1238924238745254,1.6549345197500667,1.441034634242133
2021-07-14,1.7220736752951695,1.7220736752951695,1.2087364688244144,0.9660364325572156,1.2145097903951156,1.1200535197046713,1.6492817233669377,1.436112460421239
2021-07-15,1.7085663848051307,1.7085663848051307,1.2087364688244144,0.965553414340937,1.2049836378400858,1.1112682461870047,1.6363453852433028,1.4248481408642089
2021-07-16,1.6833345825114583,1.6833345825114583,1.2087364688244144,0.965553414340937,1.1871886553404394,1.0948572358028663,1.6121801297332972,1.4038062387710146
2021-07-19,1.7074573215988103,1.7074573215988103,1.2087364688244144,0.965553414340937,1.2042014598522524,1.1105469006571154,1.6121801297332972,1.4031043356516293
2021-07-20,1.721281745964289,1.721281745964289,1.2185230009266705,0.9728882386821414,1.2042014598522524,1.109991627206787,1.6121801297332972,1.4031043356516293
2021-07-21,1.7248859750454009,1.7248859750454009,1.2210744925963175,0.9749253904097717,1.206722963337253,1.1117608668717442,1.6155559085801936,1.4053407740029307
2021-07-22,1.7426317623674317,1.7426317623674317,1.233637020533505,0.9849555134923158,1.2191378414067613,1.1231987660615403,1.6321768980109643,1.4197990505796056
2021-07-23,1.7469097069286277,1.7469097069286277,1.236665446214965,0.9873734569574574,1.2221306734041013,1.1259560795434702,1.6361836895974267,1.4232844809255825
2021-07-26,1.7389478618070087,1.7389478618070087,1.231029128143705,0.9828733305283047,1.2165606000903917,1.1208243386850192,1.6361836895974267,1.4225728386851197
2021-07-27,1.7382353452818053,1.7382353452818053,1.231029128143705,0.9823818938630406,1.2160621265303075,1.1203650921022417,1.6355132796658174,1.4212786672476978
2021-07-28,1.7454439327808458,1.7454439327808458,1.231029128143705,0.9823818938630406,1.221105223983801,1.1250113270434488,1.6422958713409408,1.4271728125147265
2021-07-29,1.7369671977904966,1.7369671977904966,1.2250506446824518,0.9771197728293849,1.2151749358865198,1.1195477182151234,1.634320074115004,1.4202417587639224
2021-07-30,1.7333233916433635,1.7333233916433635,1.2250506446824518,0.9766312129429703,1.21262574445282,1.117199133358236,1.6308916008887862,1.417262378578976
2021-08-02,1.7474247261341753,1.7474247261341753,1.2250506446824518,0.9766312129429703,1.2224909786711655,1.1262880308763117,1.6441596085169439,1.4287924202076405
2021-08-03,1.7388293892825788,1.7388293892825788,1.2190247925848876,0.9713389855401954,1.2164777172112782,1.120747978207651,1.6360722182782486,1.4217643909260236
2021-08-04,1.7498409965505581,1.7498409965505581,1.2190247925848876,0.9708533160474253,1.2241813912777173,1.127845417817581,1.6464330879764337,1.4307680983610207
2021-08-05,1.7527323210960148,1.7527323210960148,1.221039030627812,0.9719720648706364,1.2262041497521559,1.1297089969350238,1.6464330879764337,1.4300527143118402
2021-08-06,1.7513063826878887,1.7513063826878887,1.220045652214784,0.9711813153179277,1.2252065692475402,1.1287899202287028,1.6450936294930716,1.4281742660981698
2021-08-09,1.7534851907081426,1.7534851907081426,1.220045652214784,0.9706957246602688,1.2267308541618949,1.1301942527633684,1.6450936294930716,1.4274601789651207
2021-08-10,1.7578421600645642,1.7578421600645642,1.22307715858182,0.9726223113549943,1.2297789715731413,1.1330025010178661,1.6450936294930716,1.4274601789651207
2021-08-11,1.7631103072971994,1.7631103072971994,1.2267426472671328,0.9755372019261568,1.233464545188925,1.1363980413717776,1.6500238761605661,1.4310244611809269
2021-08-12,1.7663191537285476,1.7663191537285476,1.2289753089160231,0.97731267170595,1.2357094406374074,1.1384662765721247,1.6530269062062435,1.4336289140710423
2021-08-13,1.7704781084180452,1.7704781084180452,1.2318690399914654,0.9796138408409373,1.238619027821664,1.14114689612482,1.6569191042775377,1.4370045201627213
2021-08-16,1.758872327812476,1.758872327812476,1.2237939320616031,0.9731923080013488,1.230499672590762,1.1336664870465147,1.6460577219684374,1.4275847147943728
2021-08-17,1.7396213186134593,1.7396213186134593,1.2237939320616031,0.9727057118473482,1.2170317476357464,1.1212584096518965,1.6460577219684374,1.4268709224369756
2021-08-18,1.7423146284919921,1.7423146284919921,1.2237939320616031,0.9727057118473482,1.2189159758831951,1.1229943600675367,1.6486061751724637,1.4283665916295527
2021-08-19,1.756178112576224,1.756178112576224,1.2335315807170586,0.9799591150230368,1.228614810958866,1.1319299530901088,1.661724027193514,1.4397320116206846
2021-08-20,1.7716267486903876,1.7716267486903876,1.244382633004615,0.9885795571446736,1.2394226117183984,1.1418872426308373,1.6763417756066386,1.4523969547663504
2021-08-23,1.7744393071142532,1.7744393071142532,1.2463581613485828,0.9901489835281733,1.2413902657459157,1.1437000537016455,1.6790030637056952,1.4547027177003005
2021-08-24,1.7781622673934294,1.7781622673934294,1.248973151847116,0.9922264202268322,1.243994833077015,1.1460996566940678,1.6825257887094358,1.4577548369890776
2021-08-25,1.7676658086678148,1.7676658086678148,1.2416004866083123,0.9863693261599098,1.2366515547611323,1.1393342517799454,1.6825257887094358,1.4570259595705832
2021-08-26,1.7834702503657205,1.7834702503657205,1.2416004866083123,0.9858761414968299,1.2477082756084832,1.1495208728416797,1.6975690059298454,1.469324502789686
2021-08-27,1.7913132349524583,1.7913132349524583,1.2470605459938604,0.9897186900318192,1.2531951945926019,1.1545760031338625,1.7050342314056848,1.4757860007742656
2021-08-30,1.788659243466313,1.788659243466313,1.245212913761152,0.9882523328778774,1.251338473326868,1.1528653950600567,1.7025080700144544,1.4735994912319905
2021-08-31,1.7896097397349136,1.7896097397349136,1.245212913761152,0.9877582067114385,1.2520034365131194,1.1534780295013043,1.703412785417191,1.4743825642644555
2021-09-01,1.795115866710946,1.795115866710946,1.2490440844701245,0.9903033824293742,1.2558554997550704,1.1570269577136858,1.7086537085530327,1.4789188256793553
2021-09-02,1.7946801309742586,1.7946801309742586,1.2487408989463407,0.9900630020829638,1.255550660868898,1.1567461078793462,1.7082389601257884,1.4785598417296515
2021-09-03,1.7882633434692818,1.7882633434692818,1.2487408989463407,0.9895679705819224,1.2510615033563806,1.1526102210194178,1.7021312386295353,1.4732733262364304
2021-09-07,1.786084664785845,1.786084664785845,1.2487408989463407,0.9895679705819224,1.2495373089255184,1.1512059718477188,1.700057496493313,1.4714784064879103
2021-09-08,1.7784398242028487,1.7784398242028487,1.2487408989463407,0.9895679705819224,1.2441890106518825,1.1462785536203055,1.6927808713708543,1.4651801508336801
2021-09-09,1.76441764384408,1.76441764384408,1.2487408989463407,0.9895679705819224,1.234379152330936,1.1372406742377648,1.679434072472626,1.4536278789752344
2021-09-10,1.7689330508014047,1.7689330508014047,1.2487408989463407,0.9895679705819224,1.2375381120204734,1.1401510421262984,1.6837319938415654,1.457347928738388
2021-09-13,1.7593872176812073,1.7593872176812073,1.2420022198163947,0.9837331028077126,1.2308598873743346,1.13399835501639,1.6746459379136336,1.4494835270192277
2021-09-14,1.7740827255096094,1.7740827255096094,1.2420022198163947,0.9832412362563089,1.2411408027571433,1.143470222002841,1.6886336333129706,1.4615905244467324
2021-09-15,1.771270296422561,1.771270296422561,1.2400332906796845,0.9811908967505718,1.2391732392131187,1.1416574942949995,1.685956665503404,1.4592734849732054
2021-09-16,1.7540162476790067,1.7540162476790067,1.2400332906796845,0.9807003013021965,1.227102379382028,1.1305365411040638,1.669533661885679,1.4450586156273144
2021-09-17,1.724769183899594,1.724769183899594,1.2400332906796845,0.9807003013021965,1.2066412567435432,1.1116855901129428,1.6416952894899504,1.4209632165384136
2021-09-20,1.723140316025495,1.723140316025495,1.2400332906796845,0.9807003013021965,1.205501707639223,1.1106357169120895,1.6401448764021749,1.4196212622900992
2021-09-21,1.7399489287710828,1.7399489287710828,1.2400332906796845,0.9807003013021965,1.2172609423222054,1.1214695680461937,1.656143898546635,1.4334691560578425
2021-09-22,1.761089548867399,1.761089548867399,1.25509986664152,0.9921255954301486,1.2320508311023854,1.1350955783822498,1.6762662759366054,1.450886004533625
2021-09-23,1.7639903150005016,1.7639903150005016,1.2571671954659724,0.99375976805292,1.2340801948717754,1.1369652429962516,1.6790273260185993,1.453275821103515
2021-09-24,1.7589437217354964,1.7589437217354964,1.253570570559547,0.9909167244659786,1.2305496194786139,1.133712503404057,1.6742238030495729,1.4491181497667687
2021-09-27,1.7234980616614932,1.7234980616614932,1.253570570559547,0.9904212661037456,1.205751984979429,1.1108662988775937,1.640485391139414,1.4199159935471137
2021-09-28,1.7263985691209618,1.7263985691209618,1.253570570559547,0.9904212661037456,1.207781167781834,1.1127357967656624,1.6432461950068475,1.4223055970069123
2021-09-29,1.7052980434379352,1.7052980434379352,1.2382490807873179,0.977820850023797,1.1930193288843234,1.0991356289492398,1.623161980873762,1.4049217805953649
2021-09-30,1.72556395864045,1.72556395864045,1.2382490807873179,0.9773319395987852,1.2071972778048465,1.1121978555424523,1.6424517837272368,1.4216179972955914
2021-10-01,1.703311300591021,1.703311300591021,1.222280774752177,0.9642397225732416,1.191629411956305,1.0978550904199158,1.6212709299414672,1.4032849885349903
2021-10-04,1.7210343246332482,1.7210343246332482,1.222280774752177,0.9637576027119551,1.204028364931136,1.109278317727597,1.638140320557467,1.4178862264773866
2021-10-05,1.7281867799536834,1.7281867799536834,1.227360457652926,0.967281009043187,1.2090321925488925,1.1138883731413174,1.6449482762639211,1.4237788270718001
2021-10-06,1.7431280277345065,1.7431280277345065,1.237971750903687,0.9756437539718262,1.2194850265674173,1.123518629764232,1.6591698754957795,1.4360882790865526
2021-10-07,1.739948928771083,1.739948928771083,1.235713950760825,0.9738643849308994,1.2172609423222058,1.1214695680461935,1.6561438985466352,1.433469156057843
2021-10-08,1.7273520401363553,1.7273520401363553,1.235713950760825,0.973377452738434,1.2084482120884128,1.113350348555141,1.6441537418770307,1.4230911208054338
2021-10-11,1.7231004802858403,1.7231004802858403,1.235713950760825,0.973377452738434,1.205473838723539,1.1106100411183892,1.640106959359851,1.4195884433359567
2021-10-12,1.7292995939276996,1.7292995939276996,1.235713950760825,0.973377452738434,1.2098107125182094,1.1146056281055978,1.640106959359851,1.4188786491142888
2021-10-13,1.7583875734221244,1.7583875734221244,1.2564994885513394,0.9892636258834325,1.2301605404609415,1.1333540426478506,1.667694658894416,1.4420357007063072
2021-10-14,1.771778848787257,1.771778848787257,1.266068556771375,0.9967975176278633,1.23952902030556,1.141985277479513,1.667694658894416,1.441314682855954
2021-10-15,1.7770242327400891,1.7770242327400891,1.2698167760795689,0.9997485550594067,1.243198668826667,1.14536614595131,1.6726318996837934,1.4448610642104722
2021-10-18,1.7907338060120155,1.7907338060120155,1.279613291969924,1.0074615202607622,1.2527898285462842,1.1542025370436764,1.6855360960156116,1.4560080301677139
2021-10-19,1.797767271460752,1.797767271460752,1.2846392292960627,1.011418527030778,1.257710411350957,1.1587358985281617,1.6855360960156116,1.45528002615263
2021-10-20,1.8024562484265765,1.8024562484265765,1.2879898541801553,1.014056531544122,1.2609907998874055,1.1617581395178187,1.6855360960156116,1.45528002615263
2021-10-21,1.8005886247881784,1.8005886247881784,1.286655297349839,1.0130058120325458,1.2596842182559633,1.1605543782806962,1.6837896197507702,1.4530444907996785
2021-10-22,1.8102449115501478,1.8102449115501478,1.286655297349839,1.0124993091265295,1.2664397158046818,1.1667782573640464,1.6928195309649732,1.4608369504919707
2021-10-25,1.8118739087610638,1.8118739087610638,1.2878131284683911,1.012904184005502,1.2675793553924946,1.1678282139278662,1.6943428598123194,1.4621515236211484
2021-10-26,1.8038471365572788,1.8038471365572788,1.2821079949194856,1.0084169229935962,1.2619638593655589,1.162654624860202,1.6943428598123194,1.461420447859338
2021-10-27,1.8212522507031637,1.8212522507031637,1.2821079949194856,1.0079127145320994,1.274140403915869,1.1738729459960797,1.7106913797504233,1.4747908159333556
2021-10-28,1.8249476622403051,1.8249476622403051,1.284709455905715,1.0094538632789043,1.2767256982630695,1.1762547926766247,1.7141624577731287,1.477783239961365
2021-10-29,1.8280874428113416,1.8280874428113416,1.2869197690410121,1.0111906054840971,1.2789222755265666,1.178278512052829,1.7171116349423572,1.4803257321111607
2021-11-01,1.8354783952224418,1.8354783952224418,1.2921227820627845,1.0152788462698832,1.28409295470446,1.1830422887768852,1.724053912473069,1.4863106848999261
2021-11-02,1.8466843957264676,1.8466843957264676,1.3000114766858033,1.0214773475939198,1.2919326254600998,1.1902650229255543,1.734579641929993,1.495384939507052
2021-11-03,1.8553868234625928,1.8553868234625928,1.3061377297467878,1.0262910195034765,1.2919326254600998,1.1896698904140914,1.7427537804137438,1.502431882343557
2021-11-04,1.8618245635319342,1.8618245635319342,1.3106697093278312,1.0298519992062063,1.2964153167914376,1.1932029200338137,1.7488007112754322,1.5076449547919042
2021-11-05,1.8634137250031952,1.8634137250031952,1.3117884322431963,1.0307310299969135,1.2964153167914376,1.1926063185737967,1.750293401169909,1.5089318060460049
2021-11-08,1.8572544471009915,1.8572544471009915,1.3074524818341866,1.0273240792103056,1.292130180267192,1.1880680063773017,1.750293401169909,1.5081773401429819
2021-11-09,1.8423130699833516,1.8423130699833516,1.3074524818341866,1.0268104171707004,1.2817351563981731,1.1785101495352335,1.7362125121381358,1.4952901555287712
2021-11-10,1.8429087953627468,1.8429087953627468,1.3074524818341866,1.0268104171707004,1.2821496148171954,1.1788912293947815,1.736773929127656,1.4957736685156362
2021-11-11,1.8568171593224996,1.8568171593224996,1.31731977696197,1.0340463118925356,1.2918259501511014,1.1877882775442292,1.736773929127656,1.4950257816813786
2021-11-12,1.8574532377888184,1.8574532377888184,1.3177710431187775,1.0344005387957442,1.292268483044013,1.188195170889704,1.737368885120838,1.4947904106035024
2021-11-15,1.86480448379708,1.86480448379708,1.322986387937935,1.0384943876620651,1.2973828963354552,1.1928976930471054,1.7442448730713216,1.5007063452906215
2021-11-16,1.8602744617794271,1.8602744617794271,1.3197725617601843,1.0359716553959248,1.2942312666944975,1.1899998810452233,1.7400077169791706,1.4970607980789612
2021-11-17,1.8665926946298015,1.8665926946298015,1.3197725617601843,1.035453669568227,1.2986269914508266,1.194041594510004,1.7459174760728942,1.502145412692432
2021-11-18,1.8632548993918407,1.8632548993918407,1.3174125768612248,1.033084369898428,1.2963048185416417,1.1919064386404088,1.7427954692985859,1.499459313138076
2021-11-19,1.8580096447758259,1.8580096447758259,1.3174125768612248,1.0325678277134789,1.2926555868474505,1.1885510991475798,1.7378893203958823,1.4952381805993498
2021-11-22,1.8604732524672536,1.8604732524672536,1.3174125768612248,1.0325678277134789,1.2943695694713182,1.1901270455576256,1.7401936558489386,1.4972207754112756
2021-11-23,1.865440562263399,1.865440562263399,1.3209299595432544,1.0348084145468817,1.297825429228367,1.1933045863925804,1.7401936558489386,1.4964721650235702
2021-11-24,1.823835106939924,1.823835106939924,1.2914688801987941,1.0117287859965365,1.2688796568431484,1.1666899723111674,1.7013816181634438,1.4623476814935554
2021-11-26,1.8462076602187711,1.8462076602187711,1.2914688801987941,1.0112229216035382,1.28444470305766,1.1810014818693,1.7222520634987561,1.480285954143272
2021-11-29,1.810284617952986,1.810284617952986,1.2663398049771963,0.9910411899880892,1.2594523025004352,1.1580218533782565,1.6887409179204356,1.451482923995604
2021-11-30,1.790177528361825,1.790177528361825,1.2663398049771963,0.9905456693930952,1.245463386044411,1.1451595393954266,1.6699838315506241,1.4353610960225964
2021-12-01,1.8175964162320435,1.8175964162320435,1.2663398049771963,0.9905456693930952,1.264539271194005,1.162699141198454,1.6955617972534254,1.4573455105969049
2021-12-02,1.8017807222310533,1.8017807222310533,1.2553208336159345,0.9814312294753099,1.2535359670573807,1.1525819921613043,1.6808079793510327,1.4446645158262952
2021-12-03,1.8231198743415624,1.8231198743415624,1.2553208336159345,0.9809405138605723,1.2683820547899152,1.166232444820221,1.7007144067522075,1.4617742092931558
2021-12-06,1.8608308687664352,1.8608308687664352,1.2812869796846422,1.000740668904783,1.2946183704979353,1.1903558093030995,1.7358934602055613,1.4920108162397978
2021-12-07,1.8657583428229252,1.8657583428229252,1.2846798234176677,1.0033906269241122,1.2946183704979353,1.189760631398448,1.7404901004126663,1.4959616560030577
2021-12-08,1.8531614541881973,1.8531614541881973,1.2760061552927866,0.9966161161558157,1.2858776010942403,1.1811329411353289,1.7404901004126663,1.4952136751750562
2021-12-09,1.8706061454001035,1.8706061454001035,1.2760061552927866,0.9961178080977379,1.2979821792661526,1.1922515079454412,1.7568741625193214,1.508541226656944
2021-12-10,1.8540357710715474,1.8540357710715474,1.2647029209423932,0.9867958473819102,1.2864842748916137,1.1816901966672642,1.7568741625193214,1.5077869560436157
2021-12-13,1.8412796688150141,1.8412796688150141,1.2647029209423932,0.9863024494582193,1.2776330298304384,1.1735599538642796,1.7447865497458068,1.4966592149341411
2021-12-14,1.870049867749913,1.870049867749913,1.2647029209423932,0.9863024494582193,1.297596187549806,1.1918969582349601,1.7720490329987872,1.5200446810752604
2021-12-15,1.853558776890217,1.853558776890217,1.253550100293349,0.9771115604941608,1.286153296642396,1.1813861791522087,1.7564221654403402,1.506640121454307
2021-12-16,1.8338314201939545,1.8338314201939545,1.253550100293349,0.9766230047139138,1.272464815238258,1.1688127302587934,1.7377286300645718,1.4906050070250279
2021-12-17,1.8143318256325414,1.8143318256325414,1.253550100293349,0.9766230047139138,1.2589343741532288,1.1563844480801326,1.7192509208428401,1.4747550259590876
2021-12-20,1.8465526015098805,1.8465526015098805,1.253550100293349,0.9766230047139138,1.281291829245396,1.1769207158142008,1.7497831519456446,1.5009452467853364
2021-12-21,1.8650158201561629,1.8650158201561629,1.2660840349166358,0.9858997029146533,1.2941031464933908,1.1886884523453176,1.7672787970150226,1.5159528237397304
2021-12-22,1.8766196607094763,1.8766196607094763,1.2739614143519684,0.9920338186849007,1.3021548565159862,1.1960842884125018,1.7782745328968215,1.5253848482099293
2021-12-23,1.9031779413989534,1.9031779413989534,1.291990760168974,1.0060732711971516,1.3205832013237149,1.2130115022347865,1.8034410145107715,1.5469723865941956
2021-12-27,1.9016225368369464,1.9016225368369464,1.2909348587323692,1.0052510406943207,1.3195039322279734,1.2120201479408437,1.8034410145107715,1.5461989004008985
2021-12-28,1.9040553623659129,1.9040553623659129,1.2909348587323692,1.0047484151739736,1.321192028992558,1.2135707361887285,1.8057482322972125,1.5474039181032284
2021-12-29,1.8987917419218752,1.8987917419218752,1.2873661646446608,1.0014684881684193,1.31753969119201,1.210215909504828,1.8007563746547466,1.5431262342398813
2021-12-30,1.8940060210168874,1.8940060210168874,1.2873661646446608,1.0009677539243351,1.3142189598531921,1.2071656773757353,1.7962177424094576,1.5392369338415333
2021-12-31,1.9049726190725287,1.9049726190725287,1.2873661646446608,1.0009677539243351,1.321828498011933,1.2141553598917592,1.8066181306779383,1.5481493620907185
2022-01-03,1.9043343418803196,1.9043343418803196,1.2869348217199974,1.0001318873331702,1.3213856081909214,1.2137485468665963,1.806012807989151,1.5476306415495085
2022-01-04,1.8677672022655576,1.8677672022655576,1.2869348217199974,0.9996318213895036,1.2960122843175808,1.1904420761516579,1.771333644229189,1.5179129472890849
2022-01-05,1.8660124896684556,1.8660124896684556,1.2869348217199974,0.9996318213895036,1.2947947187245386,1.189323690678024,1.7696695281362254,1.5164869125205753
2022-01-06,1.858635376296781,1.858635376296781,1.2869348217199974,0.9996318213895036,1.2896758636868784,1.1846218059101954,1.762673298040371,1.5104916172359695
2022-01-07,1.8563224459972325,1.8563224459972325,1.2869348217199974,0.9996318213895036,1.288070960207821,1.183147634212326,1.7604797852453193,1.5086119253538102
2022-01-10,1.8732303894183249,1.8732303894183249,1.2869348217199974,0.9996318213895036,1.2998030981047188,1.1939240988837505,1.776514764872425,1.5223528167238785
2022-01-11,1.8782945724904505,1.8782945724904505,1.290413984547965,1.0018344592596333,1.3033170496633215,1.1971518119537095,1.7813174821732276,1.5264684201263248
2022-01-12,1.8524144047328384,1.8524144047328384,1.2726339563851887,0.9880306372975551,1.2853592360271355,1.180656800905676,1.7567735176942774,1.5054359051160802
2022-01-13,1.8531720598071966,1.8531720598071966,1.2726339563851887,0.9875366219789065,1.285884960155096,1.1811397007438527,1.7574920547380288,1.5060516426906305
2022-01-14,1.8203531011509382,1.8203531011509382,1.250096102450837,0.9695539629862613,1.2631124360817374,1.1602221746022106,1.726367551873923,1.4793800520339075
2022-01-18,1.8014515600316277,1.8014515600316277,1.250096102450837,0.9690691860047682,1.249996974233255,1.1481750683968737,1.7084419047848185,1.464018986718103
2022-01-19,1.7815127376394666,1.7815127376394666,1.250096102450837,0.9690691860047682,1.236161760335226,1.1354668395042407,1.6895325316644934,1.4478149348287415
2022-01-20,1.7465404503159159,1.7465404503159159,1.250096102450837,0.9690691860047682,1.211895077674224,1.1131768655295822,1.656365877342309,1.4193933587027978
2022-01-21,1.753957787437697,1.753957787437697,1.250096102450837,0.9690691860047682,1.2170418432963492,1.1179043873492498,1.656365877342309,1.4186836620234464
2022-01-24,1.7325436199732913,1.7325436199732913,1.2348336101170905,0.9567532322166568,1.202182912237575,1.1042558309636012,1.656365877342309,1.4186836620234464
2022-01-25,1.7281973855726858,1.7281973855726858,1.2348336101170905,0.9562748556005485,1.199167133201046,1.1014857104169813,1.652210741348558,1.414415430439599
2022-01-26,1.7196632250355601,1.7196632250355601,1.2348336101170905,0.9562748556005485,1.1932454225729565,1.0960463688460915,1.6440518170118223,1.4074307836334363
2022-01-27,1.762371923408588,1.762371923408588,1.2348336101170905,0.9562748556005485,1.222880270894267,1.123267229935874,1.684882668157653,1.4423850327817669
2022-01-28,1.794114023725975,1.794114023725975,1.2570742120053733,0.9730201952347066,1.222880270894267,1.122705596320906,1.684882668157653,1.441663840265376
2022-01-31,1.8062368929261645,1.8062368929261645,1.2655682910023278,0.9795949147898639,1.222880270894267,1.122705596320906,1.6962674586077728,1.4506843636521283
2022-02-01,1.8237828548658321,1.8237828548658321,1.277862145232048,0.989110795657157,1.2347594495191265,1.1330503155555152,1.7127451667006532,1.4647764535273802
2022-02-02,1.7809148135341817,1.7809148135341817,1.2478259777618868,0.9658617326688267,1.205736411510292,1.1064179521529944,1.6724870677713761,1.4303468626449396
2022-02-03,1.7892888550917825,1.7892888550917825,1.2478259777618868,0.9653788018024924,1.21140590605364,1.1116204412563435,1.6803512711030748,1.437072498244434
2022-02-04,1.7835466884246094,1.7835466884246094,1.243821467972678,0.9617980290702548,1.2075182751692453,1.1080530408189206,1.674958705765951,1.4324606605446417
2022-02-07,1.7982213730254641,1.7982213730254641,1.243821467972678,0.9613171300557197,1.217453507004151,1.1171698915302404,1.688739948996697,1.444246675754141
2022-02-08,1.8245402512665565,1.8245402512665565,1.2620261152203927,0.9749063679319985,1.2352722311588546,1.1335208585417877,1.7134564504048266,1.4653847586283997
2022-02-09,1.7917611283499535,1.7917611283499535,1.2393529463900228,0.957391503217757,1.2130797142919265,1.1131563752014604,1.6826730245192771,1.439058111633436
2022-02-10,1.7564299313590512,1.7564299313590512,1.2393529463900228,0.9569128074661482,1.1891593614763785,1.0912063805556116,1.6494929029283392,1.4106817589941203
2022-02-11,1.7506876353550604,1.7506876353550604,1.2393529463900228,0.9569128074661482,1.1852716430268126,1.0876388997659023,1.6441002161288336,1.4060698174170905
2022-02-14,1.778920698488694,1.778920698488694,1.2393529463900228,0.9569128074661482,1.2043863317081518,1.1051790806088766,1.6706143607783857,1.4287452834018504
2022-02-15,1.780914813534181,1.780914813534181,1.2407422226850058,0.9575070207031745,1.2057364115102915,1.1064179521529942,1.6706143607783857,1.4280309107601494
2022-02-16,1.7428720701735403,1.7428720701735403,1.2142382947061896,0.9370533788008222,1.1799802548906275,1.0827833718331006,1.6349277839142344,1.3968122282447535
2022-02-17,1.7315867862006546,1.7315867862006546,1.2142382947061896,0.9365848521114218,1.172339755919574,1.0757722331262658,1.6243414507963967,1.3877677189418007
2022-02-18,1.7130038016617715,1.7130038016617715,1.2142382947061896,0.9365848521114218,1.159758479755893,1.0642272970394016,1.6069093981227638,1.3728745202467236
2022-02-22,1.6826174098608457,1.6826174098608457,1.2142382947061896,0.9365848521114218,1.1391859185472595,1.045349330988358,1.5784049788607748,1.3485215660820826
2022-02-23,1.7079392305791945,1.7079392305791945,1.2142382947061896,0.9365848521114218,1.1563296028008931,1.0610808622278465,1.6021584998105949,1.36881555634454
2022-02-24,1.745623193609301,1.745623193609301,1.241029242644033,0.9567813633912657,1.1563296028008931,1.0605503217967327,1.6021584998105949,1.3681311485663679
2022-02-25,1.7411573226529118,1.7411573226529118,1.2378542868626,0.9543336059840393,1.1563296028008931,1.0605503217967327,1.5980596581258426,1.3639469592636178
2022-02-28,1.714638748366273,1.714638748366273,1.2378542868626,0.9538564391810473,1.1387182060174057,1.0438674094632017,1.5737205227661952,1.3431734609176114
2022-03-01,1.7461812819749307,1.7461812819749307,1.2378542868626,0.9538564391810473,1.1596660921644542,1.0630704181887118,1.602670721475564,1.3678825106073018
2022-03-02,1.737488295826451,1.737488295826451,1.231691896805731,0.9486309428150494,1.1596660921644542,1.0625388829796176,1.602670721475564,1.3671985693519983
2022-03-03,1.7233718289280429,1.7233718289280429,1.231691896805731,0.9481566273436419,1.1502442226516818,1.0533748676336618,1.589649598833701,1.3554069738902152
2022-03-04,1.6725683271854546,1.6725683271854546,1.231691896805731,0.9481566273436419,1.1163360239745368,1.0223222932413367,1.5427881120617568,1.3154507558506183
2022-03-07,1.6598873696196352,1.6598873696196352,1.231691896805731,0.9481566273436419,1.107872268252797,1.0145713240232361,1.5310911127439308,1.305477366456753
2022-03-08,1.7043904869926039,1.7043904869926039,1.231691896805731,0.9481566273436419,1.137575349612835,1.0417729206753035,1.5721410832095573,1.3404784234745506
2022-03-09,1.6966940410195992,1.6966940410195992,1.226129996401159,0.943400997171996,1.1324384474267837,1.0370686295745801,1.5721410832095573,1.3398081842628133
2022-03-10,1.6751204012597538,1.6751204012597538,1.226129996401159,0.9429292966734101,1.118039375747188,1.0238821949671753,1.5521511471569533,1.3221024808952813
2022-03-11,1.6628782835142315,1.6628782835142315,1.226129996401159,0.9429292966734101,1.1098685184931458,1.0163994573807273,1.5408077135219425,1.3124402893115628
2022-03-14,1.6994454231289937,1.6994454231289937,1.226129996401159,0.9429292966734101,1.1342748249992352,1.0387503541546412,1.5746904885503032,1.3413012034091785
2022-03-15,1.7371295154959172,1.7371295154959172,1.2533186282980067,0.9633666733610281,1.1342748249992352,1.038230978977564,1.5746904885503032,1.340630552807474
2022-03-16,1.758862627551202,1.758862627551202,1.2689988144596012,0.975419289861822,1.1342748249992352,1.038230978977564,1.5746904885503032,1.340630552807474
2022-03-17,1.7781268291055594,1.7781268291055594,1.2828977105706783,0.9861027130613177,1.146698136805707,1.0490832409485467,1.591937517671274,1.354643690789253
2022-03-18,1.7776070244377808,1.7776070244377808,1.2825226775824112,0.9858144429645124,1.146698136805707,1.0485586993280724,1.591472142232946,1.3542476841028215
2022-03-21,1.798407618042037,1.798407618042037,1.2825226775824112,0.9853215357430302,1.1601161766775943,1.060304085362876,1.6100946863655856,1.370094356246479
2022-03-22,1.775246756863187,1.775246756863187,1.2660056603076775,0.972139373953849,1.1451755761986988,1.0466489187131742,1.5893590204678192,1.3524495437642572
2022-03-23,1.8020073203345515,1.8020073203345515,1.2660056603076775,0.9716533042668721,1.1624382714123331,1.0624263956826012,1.6133174604883875,1.3728367444268132
2022-03-24,1.8108081733884624,1.8108081733884624,1.2721887260788636,0.9759129510951748,1.1681155227173072,1.067615197350323,1.6211967680466004,1.3795415642787474
2022-03-25,1.8236883096525596,1.8236883096525596,1.2812377045329877,0.9828545432399031,1.1764242366528381,1.075209060367719,1.6327282132820613,1.3893541350363923
2022-03-28,1.8462487893266002,1.8462487893266002,1.297087637351956,0.9950132382471254,1.19097754323411,1.0885102544497227,1.6529263641798977,1.4065415543764355
2022-03-29,1.8348486542601619,1.8348486542601619,1.2890784381886011,0.988869274673804,1.1836235479695196,1.0817889696512335,1.642719947842368,1.39785650402507
2022-03-30,1.8066078309175042,1.8066078309175042,1.2890784381886011,0.9883748400364671,1.1654059672198447,1.0651387619542534,1.6174362473361907,1.376341585888961
2022-03-31,1.8117280168314187,1.8117280168314187,1.2890784381886011,0.9883748400364671,1.1687088950137094,1.068157518096007,1.6220202938284833,1.3802423355039035
2022-04-01,1.8272481762054187,1.8272481762054187,1.3001213224518053,0.9963475609471184,1.1787206341621426,1.0773078843559383,1.6359153229024985,1.3920661748565826
2022-04-04,1.8041677625267822,1.8041677625267822,1.2836991755615461,0.9837624539135926,1.1638319287294174,1.063700147895187,1.6152516807724955,1.374482650296471
2022-04-05,1.7861274752722978,1.7861274752722978,1.2836991755615461,0.9832705726866359,1.152194506342037,1.0530639661502081,1.599100408748538,1.3607388830301024
2022-04-06,1.7951276363613038,1.7951276363613038,1.2836991755615461,0.9832705726866359,1.1580003272067347,1.058370275729783,1.607158154612415,1.3675955432163962
2022-04-07,1.790327429732805,1.790327429732805,1.2802665387023535,0.980149652537749,1.1549038115418493,1.0555401727833085,1.6028605820774313,1.3639385658189787
2022-04-08,1.7597267268260048,1.7597267268260048,1.2802665387023535,0.9796595777114802,1.1351639204828168,1.0374986287075663,1.575464107187644,1.340625802945216
2022-04-11,1.753206469867377,1.753206469867377,1.2802665387023535,0.9796595777114802,1.1309578353339815,1.033654419518564,1.5696265923898283,1.3356584267115572
2022-04-12,1.773286916074223,1.773286916074223,1.2802665387023535,0.9796595777114802,1.143911322766841,1.0454934369556723,1.5876043964277653,1.3509564635653288
2022-04-13,1.7512061466546716,1.7512061466546716,1.264324803622484,0.9669711369426305,1.1296674675139373,1.0324750701579406,1.567835724878214,1.3341345054842992
2022-04-14,1.751926294052082,1.751926294052082,1.264324803622484,0.9664876513741593,1.1301320199529654,1.0328996542288027,1.5684804649729167,1.3346831407741853
2022-04-18,1.7802070824712124,1.7802070824712124,1.284734396415115,0.9816061100122188,1.1483753813606254,1.049573424511612,1.5937999457752978,1.3562285058040757
2022-04-19,1.7788870709162612,1.7788870709162612,1.2837817745179159,0.9808782556966252,1.1475238687541744,1.0487951728903444,1.592618153856021,1.3552228715065588
2022-04-20,1.7522864970876049,1.7522864970876049,1.2837817745179159,0.9803878165687769,1.13036437960503,1.033112022518557,1.5688029508141075,1.3349575569527656
2022-04-21,1.7042052766705713,1.7042052766705713,1.2837817745179159,0.9803878165687769,1.099348162235505,1.0047643254080894,1.5257563596348944,1.298327480392847
2022-04-22,1.7140854454628778,1.7140854454628778,1.2837817745179159,0.9803878165687769,1.10572165817117,1.0105894694018425,1.5346019667782889,1.3058545634441519
2022-04-25,1.664444164358423,1.664444164358423,1.246602430795987,0.9515048098503173,1.0736990773821846,0.9813219926464865,1.4901586703148977,1.2680359741567544
2022-04-26,1.6691239584102358,1.6691239584102358,1.246602430795987,0.9510290574453921,1.0767179173429153,0.9840811028181817,1.4943484387859145,1.2716012167382806
2022-04-27,1.7112851740366335,1.7112851740366335,1.2780909692118159,0.9745760494272792,1.1039152600286783,1.0089384870530218,1.5320949143734026,1.3037212116730819
2022-04-28,1.6480434799338544,1.6480434799338544,1.2308582581846075,0.9385599363136529,1.063119329432584,0.9716524869550848,1.4754753167860093,1.255541317804517
2022-04-29,1.657964131149902,1.657964131149902,1.2308582581846075,0.938090656345496,1.0695189397564344,0.9775014985519593,1.4843571674009632,1.2630992418841507
2022-05-02,1.665564091857377,1.665564091857377,1.2365004034053164,0.9419217354858366,1.0744215198336113,0.9819822788299624,1.4911613291654775,1.268889176918091
2022-05-03,1.71628546472113,1.71628546472113,1.2741555127547035,0.9706060495795517,1.1071408458485885,1.0118865554372882,1.5365716199770834,1.3075306206066801
2022-05-04,1.6552838842898925,1.6552838842898925,1.2288684660536235,0.936107998866238,1.1071408458485885,1.0113806121595696,1.4819575716785276,1.2610573293280616
2022-05-05,1.6454033274871345,1.6454033274871345,1.2288684660536235,0.9356399448668049,1.1005322102424047,1.0048378887605605,1.4731116171536163,1.253529950675846
2022-05-06,1.5927222431712336,1.5927222431712336,1.2288684660536235,0.9356399448668049,1.065296332696996,0.9726658682855255,1.4259468180957942,1.2133955253219642
2022-05-09,1.5964022636271449,1.5964022636271449,1.2288684660536235,0.9356399448668049,1.0677577237604663,0.9749132345839521,1.4292415001925205,1.216199102890772
2022-05-10,1.5710416418636772,1.5710416418636772,1.2093465265809058,0.9203084459274887,1.0507952072417381,0.9594256558214999,1.4065364126836373,1.196878430313296
2022-05-11,1.5694016510233104,1.5694016510233104,1.2093465265809058,0.919848291704525,1.0496982951873044,0.9584241233059813,1.4050681468070516,1.1956290237982543
2022-05-12,1.6069223909902826,1.6069223909902826,1.2093465265809058,0.919848291704525,1.0747941377664274,0.9813378129183179,1.4386600552505324,1.2242137303771266
2022-05-13,1.6004022633684718,1.6004022633684718,1.2044395729305544,0.9156560602062795,1.070433133784715,0.9773560103022046,1.4328226562465556,1.2192464526771047
2022-05-16,1.6333232687733936,1.6333232687733936,1.2044395729305544,0.9151982321761765,1.0924524321758349,0.9974606697582402,1.4622964726052663,1.2443269089956506
2022-05-17,1.567481387300367,1.567481387300367,1.1558866813392459,0.877847523974267,1.048413921900855,0.9572514298313832,1.4622964726052663,1.2437047455411527
2022-05-18,1.557881103380186,1.557881103380186,1.1558866813392459,0.87740860021228,1.0419927475266868,0.9513885943401064,1.453340410079594,1.2354656297247408
2022-05-19,1.5585611563643067,1.5585611563643067,1.1558866813392459,0.87740860021228,1.0424476026987857,0.9518038985961471,1.4539748285090064,1.2360049405145372
2022-05-20,1.5877219524867376,1.5877219524867376,1.177513407834724,0.8933862766248453,1.0619518755253508,0.9696122209209783,1.4811788065936413,1.2591306856477857
2022-05-23,1.5756017993597062,1.5756017993597062,1.1685246533555556,0.8865664562795245,1.0538452802082383,0.9622105165022687,1.4811788065936413,1.2585011203049619
2022-05-24,1.589522062306629,1.589522062306629,1.1685246533555556,0.8861231730513848,1.0631558835674333,0.970711537131624,1.494264853123654,1.268990584207284
2022-05-25,1.6212829164624902,1.6212829164624902,1.1918733957057543,0.9033860807815558,1.084399211838027,0.9901076992166657,1.5241223361971632,1.2943467751189603
2022-05-26,1.661083993851111,1.661083993851111,1.2211328449840015,0.925563418831501,1.084399211838027,0.9896126453670575,1.5241223361971632,1.2936996017314009
2022-05-27,1.6517637241398726,1.6517637241398726,1.214281121946134,0.920370122929368,1.084399211838027,0.9896126453670575,1.5241223361971632,1.2936996017314009
2022-05-31,1.6384033602740182,1.6384033602740182,1.214281121946134,0.9199099378679034,1.0756280008989163,0.9811133134363064,1.5117944053375156,1.2825886055398381
2022-06-01,1.6696040566751769,1.6696040566751769,1.214281121946134,0.9199099378679034,1.0961115664911032,0.9997970023067572,1.5405840424962292,1.307013395343944
2022-06-02,1.6422032759593477,1.6422032759593477,1.1943528936833956,0.9043528403249237,1.0961115664911032,0.9992971038056039,1.5153006794413935,1.2855632872807252
2022-06-03,1.647203825317478,1.647203825317478,1.1943528936833956,0.9039006639047613,1.0994492531651567,1.0018403395081474,1.5199148072725104,1.2894778591033227
2022-06-06,1.6630039989004208,1.6630039989004208,1.2058092676605812,0.9121190354673564,1.1099953002169223,1.0114501103351257,1.5344940095649542,1.3018466829805178
2022-06-07,1.6449234878958299,1.6449234878958299,1.1926994689181907,0.9022022954780547,1.097927210029595,1.0004534230976923,1.517810684783557,1.287692746313208
2022-06-08,1.6058025928281465,1.6058025928281465,1.1926994689181907,0.9017511943303158,1.0718154209454318,0.9766598341112677,1.481712888765104,1.2570678004244626
2022-06-09,1.5592410800116103,1.5592410800116103,1.1926994689181907,0.9017511943303158,1.040737287380198,0.9483408118438559,1.4387494547983197,1.2206181279914188
2022-06-10,1.5000396094002642,1.5000396094002642,1.1926994689181907,0.9017511943303158,1.001222437032289,0.9123340830437808,1.3841228260766734,1.1742735382045577
2022-06-13,1.495519675654342,1.495519675654342,1.1926994689181907,0.9017511943303158,0.998205543976961,0.9095850292296931,1.3799521738946376,1.1707352059105216
2022-06-14,1.5168399445895597,1.5168399445895597,1.1926994689181907,0.9017511943303158,1.0124360559499328,0.9225521588223813,1.399624901672224,1.1874253169456832
2022-06-15,1.4666387644040366,1.4666387644040366,1.1532260088739001,0.8714560531265139,0.9789285754459065,0.8920194666152825,1.353303058598659,1.1481264096974486
2022-06-16,1.469800532233974,1.469800532233974,1.1532260088739001,0.8710203250999506,0.9810389416470269,0.8939424748717621,1.35622049824275,1.1506015312031577
2022-06-17,1.506800432838631,1.506800432838631,1.1822566472273819,0.8925113721446911,1.005735043284075,0.9164460608966385,1.390361201373882,1.179566102487791
2022-06-21,1.5040687099254306,1.5040687099254306,1.1801132993080887,0.8908933119739846,1.005735043284075,0.9159878378661902,1.3878405745751077,1.1774276323363522
2022-06-22,1.5188124603865976,1.5188124603865976,1.1801132993080887,0.8904478653179977,1.015593839235602,0.92450888594038,1.401444989703478,1.1889694582401105
2022-06-23,1.5671013957318354,1.5671013957318354,1.2176336754550148,0.9183134305829075,1.0478835040355516,0.9539026070110573,1.4460023582152381,1.2267714060077795
2022-06-24,1.5611155585013143,1.5611155585013143,1.2129826956221041,0.914805760474871,1.0478835040355516,0.9534256557075519,1.4404790814350628,1.2220855229019254
2022-06-27,1.5292176073193657,1.5292176073193657,1.2129826956221041,0.9143483575946336,1.0264723172248944,0.9334677937387769,1.4110460704269958,1.1971149022855279
2022-06-28,1.5279720937710433,1.5279720937710433,1.2129826956221041,0.9143483575946336,1.0256362784741226,0.9327075050928317,1.4098968049531928,1.1961398789647404
2022-06-29,1.5155586047429117,1.5155586047429117,1.2129826956221041,0.9143483575946336,1.017303845740832,0.9251300405382593,1.398442578406496,1.1864222477827508
2022-06-30,1.531587963165691,1.531587963165691,1.2129826956221041,0.9143483575946336,1.0280633953334508,0.9349147106665276,1.413233255093496,1.1989704840508528
2022-07-01,1.5344803224056847,1.5344803224056847,1.2152733780980773,0.9156179036462535,1.0300048630991323,0.936680269855445,1.415902104915995,1.201234704873571
2022-07-05,1.5396628486654238,1.5396628486654238,1.2193778205616217,0.9187102950964707,1.0334835830101843,0.9398437969627166,1.4206841472353404,1.2052917333745017
2022-07-06,1.5627225684533301,1.5627225684533301,1.2376405921041786,0.9324699321426932,1.0489621937010076,0.9539199530647801,1.4419619083833504,1.2233435358573552
2022-07-07,1.5614374778389861,1.5614374778389861,1.2366228296804758,0.9317031240206729,1.0480995892329215,0.9531355057141974,1.440776124193557,1.222337530487122
2022-07-08,1.5435999907136577,1.5435999907136577,1.2366228296804758,0.9312372724586626,1.0361263509865342,0.9422471143740584,1.4243170434230918,1.2083738398031725
2022-07-11,1.529940729463569,1.529940729463569,1.2366228296804758,0.9312372724586626,1.0269577058703323,0.9339092032735102,1.4117133127181731,1.1976809828033397
2022-07-12,1.521905938377126,1.521905938377126,1.2366228296804758,0.9312372724586626,1.0215644311751917,0.9290045914820194,1.4042994166611553,1.191391120523247
2022-07-13,1.5182102681663505,1.5182102681663505,1.2366228296804758,0.9312372724586626,1.0190837488008868,0.9267486737489729,1.4008893323778266,1.1884980450956055
2022-07-14,1.5472153427610371,1.5472153427610371,1.2366228296804758,0.9312372724586626,1.0385531205815839,0.9444540041476936,1.4276530161945582,1.2112040398951744
2022-07-15,1.534440357329213,1.534440357329213,1.2264123320223812,0.9230826513542949,1.0299780369336093,0.9366558743007624,1.4276530161945582,1.210598437875227
2022-07-18,1.5758996620494061,1.5758996620494061,1.2264123320223812,0.9226211100286178,1.057807188509538,0.9619635385088294,1.4662270156011796,1.2427025035331483
2022-07-19,1.5859429245680299,1.5859429245680299,1.2342282998172853,0.9280396954063124,1.057807188509538,0.9614825567395751,1.4662270156011796,1.2420811522813817
2022-07-20,1.6020930835779468,1.6020930835779468,1.2467968374284466,0.9374902175002326,1.068579174078259,0.9707928968021905,1.4811580696005187,1.2541086173997502
2022-07-21,1.5872285325296427,1.5872285325296427,1.2352287984506929,0.9287919893272503,1.068579174078259,0.9703075003537894,1.4674155786292609,1.2424727382148628
2022-07-22,1.589156944472061,1.589156944472061,1.2352287984506929,0.9283275933325867,1.0698774501604236,0.9710012269810453,1.4691984231713822,1.2439822872290078
2022-07-25,1.5703557687227916,1.5703557687227916,1.2206149154034487,0.9168804675976074,1.0572198243415156,0.9595133970440898,1.4518164661150441,1.2292648424275185
2022-07-26,1.611132045712072,1.611132045712072,1.2206149154034487,0.9164220273638087,1.0846718764525924,0.984428377987941,1.489514719936886,1.2611842613938185
2022-07-27,1.6313397593469083,1.6313397593469083,1.2359245461283352,0.9274580907933115,1.0846718764525924,0.9839361637989471,1.489514719936886,1.2605536692631216
2022-07-28,1.6551228599526515,1.6551228599526515,1.2539429372410764,0.9409793876013894,1.1004851735993622,0.9977888793669009,1.511230170832398,1.27830084848156
2022-07-29,1.6502212532595746,1.6502212532595746,1.250229415276856,0.9381926996908337,1.1004851735993622,0.9972899849272174,1.511230170832398,1.2776616980573192
2022-08-01,1.6393343266832445,1.6393343266832445,1.250229415276856,0.9377236033409884,1.0932249948447552,0.9902119659145939,1.511230170832398,1.2776616980573192
2022-08-02,1.6650054861444825,1.6650054861444825,1.250229415276856,0.9377236033409884,1.1103443540339522,1.0057181923527665,1.5348952829859168,1.2970304133533805
2022-08-03,1.6638803851728463,1.6638803851728463,1.24938459263717,0.9366210897309456,1.1103443540339522,1.00521533325659,1.533858101914372,1.2961539656837187
2022-08-04,1.661068085422615,1.661068085422615,1.24938459263717,0.9361527791860802,1.1084676439186418,1.0030137051220016,1.5312655665402286,1.2939631991439864
2022-08-05,1.6591399321538305,1.6591399321538305,1.24938459263717,0.9361527791860802,1.1071809443969785,1.0018494156078397,1.529488086897213,1.2924611780083015
2022-08-08,1.652551256018976,1.652551256018976,1.24938459263717,0.9361527791860802,1.1027841744055262,0.997870931811862,1.5234142763274183,1.2873286343609947
2022-08-09,1.6872616362879724,1.6872616362879724,1.24938459263717,0.9361527791860802,1.125947182456762,1.0188303298192847,1.5554122483394501,1.3143678358787025
2022-08-10,1.6872616362879724,1.6872616362879724,1.24938459263717,0.9356847027964872,1.125947182456762,1.0188303298192847,1.5554122483394501,1.3137106519607633
2022-08-11,1.7158254136628381,1.7158254136628381,1.24938459263717,0.935216860445089,1.145008425813369,1.036078184033373,1.5817439376472515,1.3352937016919217
2022-08-12,1.7228957401044378,1.7228957401044378,1.2545328768686015,0.9386029590671002,1.145008425813369,1.0355601449413565,1.588261760438041,1.340795987816837
2022-08-15,1.7262703963352617,1.7262703963352617,1.2569901452285785,0.9404414117664455,1.1472511673377532,1.0370707287531142,1.588261760438041,1.3401255898229285
2022-08-16,1.714017414297106,1.714017414297106,1.2480680912419486,0.9337662050602569,1.139108035197803,1.029709651926051,1.588261760438041,1.3401255898229285
2022-08-17,1.718998692469494,1.718998692469494,1.2480680912419486,0.9332993219577268,1.142418511476744,1.0327021945748314,1.5928775674732063,1.3433502006136884
2022-08-18,1.6958992662787493,1.6958992662787493,1.2312968994539837,0.9202912556593311,1.127067009349138,1.0188250297898298,1.5928775674732063,1.3426785255133815
2022-08-19,1.6605864351158703,1.6605864351158703,1.2312968994539837,0.9198311100315015,1.1035986773545563,0.9976105644162891,1.5597099037317483,1.3140492874412717
2022-08-22,1.6565688455674235,1.6565688455674235,1.2312968994539837,0.9198311100315015,1.1009286528270403,0.9951969654055641,1.5559363728420994,1.3108701029244478
2022-08-23,1.6618716550670318,1.6618716550670318,1.2312968994539837,0.9198311100315015,1.1044528135851177,0.9983826705673235,1.5609170497398754,1.3150663030722052
2022-08-24,1.6853333536823718,1.6853333536823718,1.248679900525644,0.9323570349983896,1.120045076061099,1.0124774734049615,1.582953508014426,1.3336319300674047
2022-08-25,1.6282862464328542,1.6282862464328542,1.2064131430025928,0.9007975386802389,1.0821324984462648,0.9782059680752575,1.529371871867849,1.2884896182632113
2022-08-26,1.6175198617700277,1.6175198617700277,1.2064131430025928,0.9003471399108989,1.0749773346905422,0.9717379764952493,1.5192595185263476,1.279970001460778
2022-08-29,1.599762692808096,1.599762692808096,1.2064131430025928,0.9003471399108989,1.063176209638848,0.9610702154104056,1.502581053794561,1.2659184623611148
2022-08-30,1.5875902876069705,1.5875902876069705,1.2064131430025928,0.9003471399108989,1.055086627551392,0.9537575457617756,1.4911480921956024,1.2562862384414553
2022-08-31,1.5925715657793589,1.5925715657793589,1.2064131430025928,0.9003471399108989,1.0583971038303333,0.9567500884105563,1.4958267700014793,1.2602280055753756
2022-09-01,1.575779120135904,1.575779120135904,1.1936924417400994,0.8904034963254877,1.0472371181711875,0.9466618925647748,1.4800544240253144,1.2469398678635686
2022-09-02,1.5698335066554896,1.5698335066554896,1.1936924417400994,0.889958294577325,1.0432857603651189,0.9430900177773096,1.4744699919035886,1.2422350063808272
2022-09-06,1.5980353996162113,1.5980353996162113,1.1936924417400994,0.889958294577325,1.0620282787382596,0.9600325302290569,1.5009586894050535,1.2645516269227417
2022-09-07,1.608480640962269,1.608480640962269,1.20149477556195,0.8953303512585408,1.0689700158802675,0.966307592396464,1.510769408094429,1.272817117750373
2022-09-08,1.633468902029411,1.633468902029411,1.2201603810768464,0.9092395945461691,1.085576806878873,0.9813194898200593,1.5342396939159173,1.2925907386564017
2022-09-09,1.6510249522408094,1.6510249522408094,1.2332743111244466,0.9190118381170213,1.0972442716871815,0.991866427209134,1.5507292573653615,1.3064831291894854
2022-09-12,1.579234223866942,1.579234223866942,1.179648434083498,0.8790508858896894,1.0495333237929263,0.9487375737279762,1.4832996387240265,1.2496739481256958
2022-09-13,1.5852601555107528,1.5852601555107528,1.179648434083498,0.8786113604467446,1.0535380597412087,0.9523577002936232,1.488959509878765,1.254442366688724
2022-09-14,1.5672622907322653,1.5672622907322653,1.1662555831189516,0.8681969548416331,1.0415769721731538,0.9415453392744859,1.4720549710077888,1.2402003610408905
2022-09-15,1.5553057486788193,1.5553057486788193,1.1662555831189516,0.8677628563642122,1.0336308492150938,0.9343623511359774,1.4608247594025472,1.2307389531711483
2022-09-16,1.567367312227721,1.567367312227721,1.1662555831189516,0.8677628563642122,1.0416467677471917,0.9416084317767138,1.4721536127063495,1.240283466273085
2022-09-19,1.5493759142900867,1.5493759142900867,1.1528684414265185,0.8573681528986247,1.0296899779361588,0.9307999557638714,1.4552551478315903,1.226046577942505
2022-09-20,1.5223490463123883,1.5223490463123883,1.1528684414265185,0.8569394688221754,1.0117283620139241,0.9145633489558946,1.4298700954427181,1.2046597739455267
2022-09-21,1.5095615152093087,1.5095615152093087,1.1528684414265185,0.8569394688221754,1.0032299772785314,0.9068811375085007,1.417859375323618,1.1945407908087275
2022-09-22,1.484268795274799,1.484268795274799,1.1528684414265185,0.8569394688221754,0.9864208478793283,0.891686333988545,1.3941031257602428,1.1745262466064108
2022-09-23,1.469585574444018,1.469585574444018,1.1528684414265185,0.8569394688221754,0.9766626186504932,0.8828652717958851,1.38031187439015,1.162907173089961
2022-09-26,1.4658344187387222,1.4658344187387222,1.1528684414265185,0.8569394688221754,0.9741696617122856,0.8806117350445071,1.376788592144633,1.1599388220439757
2022-09-27,1.4946763996070915,1.4946763996070915,1.1528684414265185,0.8569394688221754,0.9933375720754681,0.8979387854193164,1.4038784937916367,1.1827619546476278
2022-09-28,1.4634542332943004,1.4634542332943004,1.1287862720522985,0.8386104644820168,0.9933375720754681,0.8974898160266067,1.4038784937916367,1.182170573670304
2022-09-29,1.4408239117390451,1.4408239117390451,1.1287862720522985,0.8381911592497758,0.9779769628008057,0.8831626165231743,1.382169429704613,1.1632988345668493
2022-09-30,1.4788635510160766,1.4788635510160766,1.1287862720522985,0.8381911592497758,1.0037968361268166,0.9064792668659301,1.382169429704613,1.162717185149566
2022-10-03,1.5246886199962526,1.5246886199962526,1.1637636090386165,0.863744823405019,1.0037968361268166,0.9060260272324971,1.4249982690623664,1.1981645698290169
2022-10-04,1.5211387123783076,1.5211387123783076,1.161054037230293,0.861733780436407,1.0037968361268166,0.9060260272324971,1.4249982690623664,1.1975654875441024
2022-10-05,1.5054469230480643,1.5054469230480643,1.161054037230293,0.8613029135461888,0.993441851170685,0.8962266150829198,1.4102982469985488,1.1846128378013563
2022-10-06,1.4634542332943004,1.4634542332943004,1.161054037230293,0.8613029135461888,0.9657309469827439,0.8712274167584488,1.3709596188212227,1.1515694414420878
2022-10-07,1.4522803083209064,1.4522803083209064,1.161054037230293,0.8613029135461888,0.9583572929930466,0.8645753264038986,1.3604919187908793,1.1427768531618505
2022-10-10,1.4430831672595128,1.4430831672595128,1.161054037230293,0.8613029135461888,0.9522881153278456,0.8591000602382844,1.3518760641116454,1.1355397654866917
2022-10-11,1.4383229257074863,1.4383229257074863,1.161054037230293,0.8613029135461888,0.9491468400646236,0.8562661807385596,1.347416683835043,1.1317940052295659
2022-10-12,1.4762819881474871,1.4762819881474871,1.161054037230293,0.8613029135461888,0.9741959604831281,0.8788640694595006,1.3829766218157542,1.1616634028077177
2022-10-13,1.4426392833033501,1.4426392833033501,1.134595001222106,0.8412441964932279,0.9741959604831281,0.8784246374247708,1.351460234927858,1.1351904800851849
2022-10-14,1.4797108365046605,1.4797108365046605,1.134595001222106,0.8408235743949813,0.9992299088827974,0.9005583343956681,1.3861887568656934,1.1643615104065947
2022-10-17,1.4970969381384371,1.4970969381384371,1.1479261085694166,0.8502825550943849,0.9992299088827974,0.9001080552284704,1.3861887568656934,1.1637793296513914
2022-10-18,1.4864878270451598,1.4864878270451598,1.1397913810828788,0.8442570654564936,0.9992299088827974,0.9001080552284704,1.3763655916829989,1.1549503693515246
2022-10-19,1.474023120637471,1.474023120637471,1.1397913810828788,0.8438349369237654,0.9908510259741065,0.8921102887746326,1.3648242977027607,1.14526571737692
2022-10-20,1.5098438574809592,1.5098438574809592,1.1397913810828788,0.8438349369237654,1.0149300335253375,0.9137897641113182,1.3979913568357722,1.1730972088261762
2022-10-21,1.5283191044512288,1.5283191044512288,1.1537384704827218,0.8537386294742222,1.0149300335253375,0.9133328692292626,1.3979913568357722,1.1725106602217632
2022-10-24,1.552723927136597,1.552723927136597,1.1721618368565452,0.8673714760514093,1.0311368501738374,0.9274606744938761,1.420315052901526,1.1906475332462447
2022-10-25,1.5410258000436436,1.5410258000436436,1.1633308412742565,0.8608367524045835,1.0233683282152652,0.9204732425014077,1.420315052901526,1.1900522094796218
2022-10-26,1.532796615721154,1.532796615721154,1.1633308412742565,0.8604063340283812,1.0179034705844308,0.9155578517427007,1.4127304723150087,1.1831022222931684
2022-10-27,1.5692628726186069,1.5692628726186069,1.1633308412742565,0.8604063340283812,1.0421200751061446,0.9373395855250534,1.446340275339046,1.2112490156326043
2022-10-28,1.5579276646343347,1.5579276646343347,1.1549277895800825,0.8537611843935885,1.0421200751061446,0.9368709157322909,1.446340275339046,1.210643391124788
2022-10-31,1.5511104503437285,1.5511104503437285,1.1549277895800825,0.8533343038013917,1.0375599430603422,0.9323028998252371,1.4400113476115606,1.2047405093343924
2022-11-01,1.5121835605016407,1.5121835605016407,1.1549277895800825,0.8533343038013917,1.011521190243531,0.908905692828847,1.4038726167510924,1.1745061691010659
2022-11-02,1.4966127010953518,1.4966127010953518,1.1549277895800825,0.8533343038013917,1.0011056199046107,0.8995467478394445,1.3894170283485054,1.162412352643476
2022-11-03,1.51815361864048,1.51815361864048,1.1549277895800825,0.8533343038013917,1.0155146474349441,0.9124940269244182,1.4094150663322453,1.1791430864020533
2022-11-04,1.5326759444708342,1.5326759444708342,1.1659755764870705,0.8610704461635372,1.025228838683096,0.921222745424668,1.4228972229283718,1.1904225115478926
2022-11-07,1.540945352543431,1.540945352543431,1.172266487412786,0.8657162703015533,1.0307603638991403,0.9261931156031499,1.43057433029357,1.1968453235991339
2022-11-08,1.5091985961006296,1.5091985961006296,1.1481153008697167,0.8478806711763345,1.009524504905447,0.9071115646503404,1.4011014519970157,1.1721877606782343
2022-11-09,1.5921350540217716,1.5921350540217716,1.1481153008697167,0.8474567308407464,1.0650018866349154,0.9569609484927223,1.4780975424499472,1.2366041344678411
2022-11-10,1.607544630417182,1.607544630417182,1.1592274049558626,0.855235164222037,1.0650018866349154,0.956482468018476,1.4780975424499472,1.2359858324006072
2022-11-11,1.5938698487490461,1.5938698487490461,1.1493662904545643,0.8479599981555038,1.0559423134197656,0.9478677877257526,1.4780975424499472,1.2359858324006072
2022-11-14,1.6074640535801519,1.6074640535801519,1.1493662904545643,0.8475360181564261,1.0649485043014906,0.955952204950449,1.4780975424499472,1.2359858324006072
2022-11-15,1.5952011126070824,1.5952011126070824,1.140598062670628,0.840646609973277,1.0568242786813145,0.9486594848200833,1.4780975424499472,1.2359858324006072
2022-11-16,1.5903196824574677,1.5903196824574677,1.140598062670628,0.8402262866682904,1.053590320369708,0.9457565185581362,1.4780975424499472,1.2359858324006072
2022-11-17,1.5975408156277635,1.5975408156277635,1.140598062670628,0.8402262866682904,1.0583743371269978,0.9500508965014629,1.4848091107657115,1.240980055940517
2022-11-18,1.5917319111629857,1.5917319111629857,1.136450672435618,0.8367509813318645,1.0545259250224674,0.9465963651114245,1.479410116143167,1.2364676613167713
2022-11-21,1.6131517694473423,1.6131517694473423,1.136450672435618,0.8363326058411986,1.068716628691063,0.9593346659841886,1.4993184655391887,1.2531067460098992
2022-11-22,1.6233173845949087,1.6233173845949087,1.1436122553622705,0.8411847653485118,1.0754513712954739,0.9653801151457734,1.5087667361811585,1.2610034617188743
2022-11-23,1.6229539481389599,1.6229539481389599,1.1433562177019752,0.8409964366748849,1.0752105938365257,0.9651639809929443,1.5084289459001852,1.2607211419252127
2022-11-25,1.5970565785846778,1.5970565785846778,1.1433562177019752,0.8405759384565474,1.0580535290108763,0.9497629227405407,1.4843590442845858,1.2406038974681084
2022-11-28,1.5943134740315759,1.5943134740315759,1.1433562177019752,0.8405759384565474,1.0562362161543541,0.9481316098411282,1.4818095090286567,1.2384730360788667
2022-11-29,1.644535348107829,1.644535348107829,1.1433562177019752,0.8405759384565474,1.089508319229757,0.9779983500354179,1.5284874376666469,1.2774857132454878
2022-11-30,1.6433254021841992,1.6433254021841992,1.1425150079362763,0.8395372074532992,1.089508319229757,0.9775093508604003,1.5273628725141544,1.276545819412853
2022-12-01,1.6414293244460467,1.6414293244460467,1.1425150079362763,0.8391174388495726,1.088251238637637,0.9758927406083819,1.5256005929700023,1.2750729339412943
2022-12-02,1.6119014704367889,1.6119014704367889,1.1425150079362763,0.8391174388495726,1.0686745665133404,0.9583372979559218,1.4981563948466026,1.252135505637897
2022-12-05,1.588665852577676,1.588665852577676,1.1425150079362763,0.8391174388495726,1.0532695840757176,0.9445228312258899,1.476560416356423,1.234085927142913
2022-12-06,1.5859634891219487,1.5859634891219487,1.1425150079362763,0.8391174388495726,1.0514779441103863,0.9429161724196573,1.4740487472707806,1.2319867137020706
2022-12-07,1.598387842442714,1.598387842442714,1.1425150079362763,0.8391174388495726,1.0597151662004434,0.9503029273849254,1.4855963664774894,1.2416380318582012
2022-12-08,1.5864475968282181,1.5864475968282181,1.1339802146584703,0.8324295214419593,1.0517989026817578,0.943203993033792,1.4744986935418423,1.2323627717048022
2022-12-09,1.609319519557748,1.609319519557748,1.1339802146584703,0.8320133066812383,1.0669627588830202,0.9568022290486364,1.4957566413309198,1.2501298294667698
2022-12-12,1.6215021423674214,1.6215021423674214,1.1425644970591542,0.8378956790413529,1.0750397160599345,0.9640452659460932,1.507079587927259,1.2595933697957282
2022-12-13,1.611134891122053,1.611134891122053,1.1352593860170215,0.8325385014002876,1.068166332088409,0.9578815371277156,1.4974439097948844,1.2515400218595936
2022-12-14,1.571723893573696,1.571723893573696,1.1352593860170215,0.8321222321495875,1.042037234563958,0.9344501862710125,1.4608139798101716,1.2209253036227934
2022-12-15,1.553167940429579,1.553167940429579,1.1352593860170215,0.8321222321495875,1.0297348230665868,0.9234179598457144,1.4435674418702318,1.206510918997655
2022-12-16,1.5399975723479908,1.5399975723479908,1.1352593860170215,0.8321222321495875,1.0210030006453328,0.915587670468924,1.4313264510120447,1.1962800917419372
2022-12-19,1.5421049864452254,1.5421049864452254,1.1352593860170215,0.8321222321495875,1.022400195131554,0.9168406090440533,1.433285153801432,1.197917144666465
2022-12-20,1.565162895517693,1.565162895517693,1.1522340459309273,0.8441482543772106,1.0376873584195472,0.9305494210789689,1.4547159636631217,1.2158286778246197
2022-12-21,1.5428343167566474,1.5428343167566474,1.1357963008761436,0.8321056543144061,1.0228837338395327,0.9172742239099645,1.4339630183546024,1.1984836931776601
2022-12-22,1.5517090211331013,1.5517090211331013,1.1357963008761436,0.8316896014872489,1.0287675741525952,0.9225505763224875,1.4422114723437627,1.20537762103591
2022-12-23,1.5455895789705532,1.5455895789705532,1.1313170849426226,0.8279938399339576,1.0247104451528974,0.9189123330584841,1.4365238533565854,1.2006239987165832
2022-12-27,1.52638112158435,1.52638112158435,1.1313170849426226,0.8275798430139907,1.011975429863763,0.9074921678145085,1.4186708556417307,1.1857027445686605
2022-12-28,1.5538567883172596,1.5538567883172596,1.1313170849426226,0.8275798430139907,1.030191522332182,0.9238275063567699,1.4442076806732436,1.207046020499805
2022-12-29,1.5497636660676477,1.5497636660676477,1.1283370039167775,0.8249860674630234,1.0274778231849229,0.9213939880624826,1.440403392765073,1.2038664566172392
2022-12-30,1.5432393996676907,1.5432393996676907,1.1283370039167775,0.8245735744292919,1.023152299761396,0.9175150612499243,1.4343395162763135,1.1987983642074638
2023-01-03,1.5551536485819566,1.5551536485819566,1.1283370039167775,0.8245735744292919,1.0310513277276245,0.9245985395648724,1.4454130269890153,1.208053429955693
2023-01-04,1.537403851818597,1.537403851818597,1.1154586928133294,0.8147499903237045,1.0192833898544473,0.914045604052719,1.4289157583805012,1.1942652728301608
2023-01-05,1.5726600334556025,1.5726600334556025,1.1154586928133294,0.8143426153285427,1.0426578859504356,0.9350067573650832,1.4616840602563226,1.2216525031482466
2023-01-06,1.5717682561019488,1.5717682561019488,1.114826171619921,0.8134736707914352,1.0426578859504356,0.9345392539864007,1.4608552118622617,1.2209597647221622
2023-01-09,1.5827907276625612,1.5827907276625612,1.114826171619921,0.8130669339560395,1.0499698206779122,0.9406257064551113,1.4710998741809032,1.2295220920443073
2023-01-10,1.602809609544485,1.602809609544485,1.1289263132611946,0.8229439399541941,1.063249669651236,0.9525225887046266,1.4897061081593088,1.2450728891911922
2023-01-11,1.6086454160672126,1.6086454160672126,1.1330367175808198,0.8259402668941035,1.063249669651236,0.9520463274102743,1.4951301064752496,1.2496061815078499
2023-01-12,1.614886046827349,1.614886046827349,1.1374322566607655,0.8291444461272225,1.063249669651236,0.9520463274102743,1.5009303622927725,1.2544539439149562
2023-01-13,1.6119274671370187,1.6119274671370187,1.1353484043788697,0.8276253978182218,1.0613017248506968,0.9498260914372113,1.4981805570695474,1.2521557000430665
2023-01-17,1.5864785083274962,1.5864785083274962,1.1353484043788697,0.8272115851193127,1.0445459933237864,0.9348303266959305,1.4745274237472343,1.232386783957715
2023-01-18,1.5749293772478004,1.5749293772478004,1.1353484043788697,0.8272115851193127,1.0369419832269935,0.9280250167446044,1.4637932660463426,1.223415344108954
2023-01-19,1.6042685288409624,1.6042685288409624,1.1353484043788697,0.8272115851193127,1.0562590386319637,0.9453130723500544,1.491062077685778,1.2462061871529373
2023-01-20,1.6235174686509064,1.6235174686509064,1.148970969869819,0.8367233414003666,1.0562590386319637,0.9448404158138793,1.491062077685778,1.245583084059361
2023-01-23,1.6217751723882425,1.6217751723882425,1.147737938587207,0.8358254022166159,1.0551255022143096,0.9433540293524068,1.4894619274345395,1.2436235808440055
2023-01-24,1.6223831847652588,1.6223831847652588,1.147737938587207,0.8354074895155077,1.055521074532578,0.9437076979345381,1.4900203348527767,1.2440898221223133
2023-01-25,1.6402135583656492,1.6402135583656492,1.1603518490570157,0.8441711109881838,1.0671214999306782,0.95407926796913,1.5063960095343705,1.2577626625025553
2023-01-26,1.6439825625517,1.6439825625517,1.1630181914696132,0.8461109098849982,1.0671214999306782,0.9536022283351455,1.5063960095343705,1.2571337811713041
2023-01-27,1.6233555389559433,1.6233555389559433,1.1484258203434239,0.8354947694827934,1.0537323430989631,0.9411605949211118,1.4874952822754448,1.2407319763170537
2023-01-30,1.6472240018609483,1.6472240018609483,1.1484258203434239,0.8350770220980521,1.0692255426720139,0.9549986336060784,1.509366169529876,1.2589746621866098
2023-01-31,1.6647306454082285,1.6647306454082285,1.160631252910295,0.8435346552357154,1.0692255426720139,0.9545211342892754,1.5254076644828578,1.2723550042779455
2023-02-01,1.6889639674741699,1.6889639674741699,1.1775264491566975,0.8558139071558344,1.0692255426720139,0.9545211342892754,1.5476128754683287,1.290876552304905
2023-02-02,1.6710118879289229,1.6710118879289229,1.1650104636833623,0.8467174198221429,1.0692255426720139,0.9545211342892754,1.5311632235037549,1.277155763113216
2023-02-03,1.660799711527214,1.660799711527214,1.1650104636833623,0.8462940611122318,1.0626911069005767,0.9482104393384874,1.5218057144093045,1.2693505882729959
2023-02-06,1.6825206659216947,1.6825206659216947,1.1650104636833623,0.8462940611122318,1.076589631152596,0.9606117154022353,1.5417088202989053,1.2859519316180832
2023-02-07,1.6641227623680297,1.6641227623680297,1.1522713927263257,0.8366169198635108,1.076589631152596,0.9601314095445342,1.5248506557852732,1.2718903987693333
2023-02-08,1.6496960164454855,1.6496960164454855,1.1522713927263257,0.8361986114035791,1.0672563743624643,0.9513276959629415,1.5116312987292257,1.2608640249708896
2023-02-09,1.6535461148158352,1.6535461148158352,1.1522713927263257,0.8361986114035791,1.0697471617479681,0.9535479263419828,1.5151591784972493,1.2638066583284173
2023-02-10,1.6729571136575598,1.6729571136575598,1.1657979212392933,0.8455966582167984,1.0823049372654296,0.9647416375592927,1.5329456513360271,1.2786425007407767
2023-02-13,1.6721871715855807,1.6721871715855807,1.1652613881389164,0.8452074907732513,1.0818068299923211,0.9642976362341642,1.5322401464899162,1.278054033380613
2023-02-14,1.6776173778499965,1.6776173778499965,1.1652613881389164,0.8447848870278647,1.0853198543265181,0.967429065032338,1.5372158933341942,1.2822043445038256
2023-02-15,1.654518598343337,1.654518598343337,1.1492171361970702,0.832730819749757,1.0703763014399734,0.9541087269406127,1.5372158933341942,1.2815632423315737
2023-02-16,1.650385252343618,1.650385252343618,1.1492171361970702,0.8323144543398822,1.0677022694839826,0.951725156581388,1.5333755949115717,1.2777208380109821
2023-02-17,1.617276708553954,1.617276708553954,1.1492171361970702,0.8323144543398822,1.0462829873537434,0.9326325029251257,1.502614393575072,1.252088352349722
2023-02-21,1.6150478471854965,1.6150478471854965,1.1492171361970702,0.8323144543398822,1.0448410450326473,0.9313471888253536,1.500543554889389,1.250362777904924
2023-02-22,1.6236390452589473,1.6236390452589473,1.1492171361970702,0.8323144543398822,1.0503990453041498,0.9363014619685883,1.5085256508504221,1.2570140448053884
2023-02-23,1.6062947194170822,1.6062947194170822,1.1369407644681073,0.8230071995863758,1.0391782857646836,0.9262995359308908,1.492411009788074,1.2435861457630686
2023-02-24,1.611765537442056,1.611765537442056,1.1369407644681073,0.8225956959865827,1.0427175835213158,0.9294543842513376,1.4974939556225602,1.2478216284672123
2023-02-27,1.6058086716585571,1.6058086716585571,1.1327387863389102,0.8191441965452158,1.038863841428661,0.9260192475082746,1.491959422033139,1.2432098497749324
2023-02-28,1.5996488764090857,1.5996488764090857,1.1327387863389102,0.8187346244469432,1.0348788158971507,0.9224670877383132,1.486236346350186,1.2384409640029865
2023-03-01,1.6120895261688009,1.6120895261688009,1.1327387863389102,0.8187346244469432,1.042927185187558,0.9296412183382599,1.4977949740701688,1.248072459081976
2023-03-02,1.6379442145734517,1.6379442145734517,1.1509056485939215,0.8314561213066874,1.059653649173616,0.9445508022280438,1.521816606690454,1.2680890425360467
2023-03-03,1.639079015806368,1.639079015806368,1.1517030195528188,0.8320321711032431,1.059653649173616,0.9440785268269298,1.5228709523428756,1.2689676005456014
2023-03-06,1.6139537870499554,1.6139537870499554,1.1340487139661661,0.8192780583179122,1.0434103563968145,0.9291348307844354,1.4995270618561276,1.2495157614696806
2023-03-07,1.6165881193399072,1.6165881193399072,1.1340487139661661,0.8188684192887533,1.0451134346482374,0.9306513859089339,1.5019746242277396,1.2515552496778652
2023-03-08,1.5867624026409517,1.5867624026409517,1.1131257495691615,0.8033510319800843,1.0258313077742514,0.9134810601781324,1.4742635028262483,1.2284643139822444
2023-03-09,1.5638661645898135,1.5638661645898135,1.1131257495691615,0.8029493564640943,1.011029042618474,0.9002999564576044,1.4529905711922282,1.2107381494831035
2023-03-10,1.5616374325581734,1.5616374325581734,1.1131257495691615,0.8029493564640943,1.0095881822282289,0.8990169007866816,1.4529905711922282,1.2101327804083621
2023-03-13,1.5874512505286325,1.5874512505286325,1.1131257495691615,0.8029493564640943,1.0262766433382282,0.9138776220689945,1.4770084599387265,1.2295311710705255
2023-03-14,1.577522709766744,1.577522709766744,1.1061638259359006,0.7975259225838199,1.0198579079704715,0.9081618741245658,1.4677706715686758,1.2218412024205143
2023-03-15,1.605200788618358,1.605200788618358,1.1061638259359006,0.7971271596225281,1.0377516013033699,0.9240958291836128,1.4935231200958803,1.243278749363814
2023-03-16,1.586431429726086,1.586431429726086,1.0932296273048931,0.787407914263953,1.0377516013033699,0.9236337812690211,1.4760595905151892,1.2287412876235728
2023-03-17,1.60168580194102,1.60168580194102,1.0932296273048931,0.7870142103068211,1.0477301285162723,0.9320531887576826,1.4902526794714699,1.2405562810774682
2023-03-20,1.6227171324269178,1.6227171324269178,1.1075845485765687,0.7969547874109439,1.0614876073964337,0.9442917430480698,1.5098208098572652,1.2568457113153328
2023-03-21,1.5950552206774367,1.5950552206774367,1.0887039282727748,0.7833693678962579,1.0433927861042882,0.928194720135091,1.4840834036481256,1.235420686303659
2023-03-22,1.5993675688319717,1.5993675688319717,1.0887039282727748,0.7829776832123098,1.0462136746210513,0.9307041622763629,1.4880957313994996,1.2387607362577875
2023-03-23,1.6098627341894163,1.6098627341894163,1.0958480819840237,0.7877241504082286,1.0530790042227929,0.9368115101257918,1.4978607229330911,1.2468895735674184
2023-03-24,1.6128725312593037,1.6128725312593037,1.0978968779938638,0.7891968783554173,1.0550478392259,0.9385629715878979,1.500661121202608,1.2492207565343227
2023-03-27,1.609252264412876,1.609252264412876,1.0954325297015073,0.787425440601571,1.052679670235656,0.9364562654821951,1.4972927250029586,1.2464167454292296
2023-03-28,1.632642827778831,1.632642827778831,1.0954325297015073,0.7870317278812703,1.067980422687717,0.9500677048454316,1.5190559507793369,1.264533476105378
2023-03-29,1.642202111928003,1.642202111928003,1.101846394779339,0.7912463601028887,1.0742335529820595,0.9556304445929397,1.5279501726047842,1.271937443837057
2023-03-30,1.6653486167201592,1.6653486167201592,1.1173766956306987,0.8023988166323689,1.089374656443924,0.9690998613624332,1.5494863195476538,1.289865143433383
2023-03-31,1.6716942689757512,1.6716942689757512,1.1216343530831903,0.8054562808831127,1.089374656443924,0.9686153114317521,1.555390489557421,1.2947800516842198
2023-04-03,1.6624195258241194,1.6624195258241194,1.1154114026741617,0.8009875210962908,1.083330686370015,0.9627570197928454,1.555390489557421,1.2941326616583777
2023-04-04,1.658067083256295,1.658067083256295,1.1154114026741617,0.8005870273357427,1.080494377892436,0.9602363897290588,1.5513182637015661,1.2900973783356782
2023-04-05,1.664534700130378,1.664534700130378,1.1154114026741617,0.8005870273357427,1.0847090587949029,0.9639819806885774,1.557369485802716,1.2951296569796444
2023-04-06,1.6662433688206055,1.6662433688206055,1.1165563884412488,0.8010085478625414,1.085822528166628,0.9649715219869457,1.5589681478668342,1.296459126106658
2023-04-10,1.6666907448708288,1.6666907448708288,1.11685617693329,0.8012236137088897,1.086114064807064,0.9652306108788582,1.559386721182994,1.2968072173722958
2023-04-11,1.6598974578913794,1.6598974578913794,1.1123039679838929,0.7979578957228829,1.0816871580414527,0.9612964145912576,1.553030796101188,1.2915215435832368
2023-04-12,1.6819451170857629,1.6819451170857629,1.1123039679838929,0.7975589167750214,1.096054714122739,0.9740648754578792,1.5736589942757415,1.30867623389242
2023-04-13,1.6778368624285542,1.6778368624285542,1.1095870969574357,0.7952120504849325,1.096054714122739,0.9735778430201504,1.5698152351504182,1.3054797114981684
2023-04-14,1.6838572325892316,1.6838572325892316,1.1095870969574357,0.7948144444596901,1.0999875488596176,0.9765844205435349,1.5754480049453294,1.310163999509994
2023-04-17,1.6849555608397357,1.6849555608397357,1.110310846472179,0.7949354702384078,1.1007050368845719,0.9772214165057376,1.5764756211930389,1.3110185791653266
2023-04-18,1.6846707611685616,1.6846707611685616,1.110123176143462,0.7948011062434217,1.1005189901781482,0.9770562416224626,1.5762091573473658,1.3107969842052416
2023-04-19,1.675477629548497,1.675477629548497,1.110123176143462,0.7944037056903,1.0945135342990004,0.9717245134079773,1.5676078931845128,1.3036440558819509
2023-04-20,1.6767790166017913,1.6767790166017913,1.110123176143462,0.7944037056903,1.0953636714288981,0.9724792771116613,1.5688254950079294,1.3046566301273532
2023-04-21,1.678528297052577,1.678528297052577,1.111281299396893,0.7948352563794637,1.096506396998553,0.9734938049483067,1.5704621541871893,1.306017698172381
2023-04-24,1.651883619369301,1.651883619369301,1.0936410057599757,0.7822181743471127,1.0791006376932264,0.9580407269721651,1.5455329003964857,1.2852861914843128
2023-04-25,1.6448871442502446,1.6448871442502446,1.0936410057599757,0.7818270652599392,1.074530157863987,0.9539829906820851,1.5389868687290515,1.279842422471687
2023-04-26,1.6776331569416796,1.6776331569416796,1.0936410057599757,0.7818270652599392,1.0959216425684177,0.9729746517388854,1.5696246445251074,1.3053212137406147
2023-04-27,1.6919521652956098,1.6919521652956098,1.1029754986035873,0.7881092365030024,1.0959216425684177,0.972488164413016,1.5696246445251074,1.3046685531337445
2023-04-28,1.6902440139526507,1.6902440139526507,1.1018619629387882,0.7873135817094782,1.0948152282950543,0.9710201213189186,1.5680399918975203,1.3026990590775673
2023-05-01,1.6712466342518957,1.6712466342518957,1.1018619629387882,0.7869199249186235,1.0825101288996999,0.9601064083937471,1.5504161157789562,1.2880574638659743
2023-05-02,1.6597752345992551,1.6597752345992551,1.1018619629387882,0.7869199249186235,1.0750798034994047,0.9535162594031548,1.539774094112324,1.2792162661392323
2023-05-03,1.6480191646122577,1.6480191646122577,1.1018619629387882,0.7869199249186235,1.0674650896826885,0.9467625715268623,1.5288679836720627,1.2701556682704678
2023-05-04,1.6785282970525777,1.6785282970525777,1.1018619629387882,0.7869199249186235,1.0872266522275085,0.9642896156926665,1.5571713170308044,1.2936695620013117
2023-05-05,1.6789755437659835,1.6789755437659835,1.1021555559288,0.7867361411056526,1.0875163456141435,0.9645465522972785,1.5571713170308044,1.293022727220311
2023-05-08,1.6716129161178201,1.6716129161178201,1.0973223938265955,0.7832861532330948,1.0827473792383209,0.960316831894112,1.5503428241237653,1.2867060648431952
2023-05-09,1.6794234371634749,1.6794234371634749,1.0973223938265955,0.7828945101564783,1.087806457874964,0.964803860412308,1.5575867172159057,1.292718129419945
2023-05-10,1.6764940875938013,1.6764940875938013,1.0954083792838554,0.7811374920479289,1.0859090415898571,0.9631209925239738,1.5548698824505696,1.290463294092339
2023-05-11,1.6742976897664266,1.6742976897664266,1.0954083792838554,0.780746923301905,1.0844863773065028,0.9618591945426193,1.552832826157358,1.2887726404858482
2023-05-12,1.680074260026939,1.680074260026939,1.0954083792838554,0.780746923301905,1.088228012855169,0.9651777484962895,1.5581903249928126,1.2932190933198309
2023-05-15,1.6688467896112806,1.6688467896112806,1.088088068828485,0.7751390346434269,1.0809556867976133,0.9587277332351068,1.5477773711180587,1.2845768687130565
2023-05-16,1.689104815267955,1.689104815267955,1.088088068828485,0.7747514651261053,1.094077339530022,0.9703656685677842,1.5665657427589528,1.3001702660976189
2023-05-17,1.7053762922122777,1.7053762922122777,1.098569833941757,0.7818274217388353,1.104616800459002,0.9797133907819074,1.5816567768585887,1.3126950604841325
2023-05-18,1.7028948360400955,1.7028948360400955,1.0969713287277132,0.7806898015607465,1.103009496434716,0.9782878310086028,1.5793553422783542,1.3107849862823822
2023-05-19,1.7035865293377517,1.7035865293377517,1.0969713287277132,0.7802994566599661,1.1034575242634392,0.9786851985509585,1.5799968554720942,1.3113174097594469
2023-05-22,1.684467055681688,1.684467055681688,1.084659940923291,0.7711519502323845,1.0910733414218776,0.9677013444589985,1.5622644375792354,1.2966004005328127
2023-05-23,1.6722634803076506,1.6722634803076506,1.084659940923291,0.7707663742572683,1.083168766668852,0.960690571373927,1.5509461919929712,1.2872068296318335
2023-05-24,1.6867451943774467,1.6867451943774467,1.084659940923291,0.7707663742572683,1.0925489514022688,0.969010101357101,1.5643773047061122,1.298353973293661
2023-05-25,1.7085899241058577,1.7085899241058577,1.0987071742195142,0.7803630459682486,1.1066983538360193,0.9815595746496919,1.5846372701878446,1.315168719073255
2023-05-26,1.7092408763061389,1.7092408763061389,1.0991257684312863,0.7806603548980416,1.107119992591061,0.9819335370357569,1.5852409979186024,1.3156697825287649
2023-05-30,1.699762557004449,1.699762557004449,1.0930307439497626,0.7763313289471265,1.1009806374302247,0.9764883831513166,1.576450299921212,1.3083739481807457
2023-05-31,1.7159123280039146,1.7159123280039146,1.0930307439497626,0.775943163282653,1.1114412662375088,0.9857661871049018,1.5914284574473043,1.3208050607250905
2023-06-01,1.7407262430416548,1.7407262430416548,1.1088371296090802,0.7867761541089273,1.1114412662375088,0.9852733040113494,1.6144422034803996,1.3399053049644774
2023-06-02,1.737390517192767,1.737390517192767,1.1067122827583886,0.7852684675527899,1.1114412662375088,0.9852733040113494,1.6113484737160486,1.3373376658663145
2023-06-05,1.7411736190918778,1.7411736190918778,1.1067122827583886,0.7848758333190136,1.113861387403962,0.9869260625774383,1.614857123850098,1.3402496678678368
2023-06-06,1.7351531195943837,1.7351531195943837,1.10288557606518,0.7817695106361944,1.1100099610731167,0.9835135436886497,1.609273392052154,1.335615453127021
2023-06-07,1.7456485436254623,1.7456485436254623,1.10288557606518,0.7813786258808764,1.1167240804719318,0.989462523962929,1.6190074071317384,1.343694192902048
2023-06-08,1.7487808226611092,1.7487808226611092,1.1048645227330194,0.7823899919230568,1.11872785805857,0.9912379516294457,1.6219124494888808,1.3461052310036847
2023-06-09,1.7646450179684985,1.7646450179684985,1.1148873834310056,0.7894875009290893,1.1288764810341192,1.000230040436102,1.6366257489125466,1.3583165247302738
2023-06-12,1.7762795113474565,1.7762795113474565,1.122237955216681,0.7946926764792993,1.1363192844367962,1.0068246640937744,1.6474161975555695,1.367272050885725
2023-06-13,1.7783945563168975,1.7783945563168975,1.1235742222436516,0.7956389300035345,1.1376723183320099,1.0080235066336432,1.6493778028766668,1.3689000840047296
2023-06-14,1.8004426035217325,1.8004426035217325,1.1375039868182062,0.8055030429049217,1.1517768672292843,1.0205207051765077,1.6698263358117573,1.385871331225226
2023-06-15,1.7943100983406615,1.7943100983406615,1.1336295233507194,0.8027594111033188,1.1517768672292843,1.0200104448239196,1.6641387239790757,1.3811509013140406
2023-06-16,1.7850005635852393,1.7850005635852393,1.1336295233507194,0.8023580313977672,1.1458010290584584,1.014208253654517,1.6555045657568965,1.37398498705532
2023-06-20,1.7758548985770368,1.7758548985770368,1.1336295233507194,0.8023580313977672,1.1399303797199647,1.009011835722946,1.6470223890636009,1.3669452097721868
2023-06-21,1.782265219241161,1.782265219241161,1.1336295233507194,0.8023580313977672,1.1440451974759858,1.0126540755399849,1.6529676617676656,1.3718794851636895
2023-06-22,1.7687912976499245,1.7687912976499245,1.12505928635892,0.7958910272251619,1.1353962180080561,1.0049984126983562,1.6404712294594652,1.3615080789239429
2023-06-23,1.7615644736596776,1.7615644736596776,1.12505928635892,0.7954930817115494,1.1307572825736507,1.0008922489871834,1.6337686880956996,1.3559453088782312
2023-06-26,1.7808769178467998,1.7808769178467998,1.12505928635892,0.7954930817115494,1.143154039680995,1.0118652652945175,1.6516800771338573,1.3708108550958487
2023-06-27,1.7817752913781237,1.7817752913781237,1.125626828940839,0.795496626198613,1.1437307102645617,1.0123757065060897,1.6525132765810746,1.3715023684600394
2023-06-28,1.7887976338605927,1.7887976338605927,1.1300631555295664,0.7986318418343032,1.1482383879689613,1.016365687154277,1.6590261709068252,1.3769077410642325
2023-06-29,1.8099070837839972,1.8099070837839972,1.1433989354637404,0.8080564288045202,1.1617886522873735,1.0283597328589025,1.6786041987471194,1.3931565131214796
2023-06-30,1.8119892772019044,1.8119892772019044,1.1447143498067172,0.8089860509892329,1.1617886522873735,1.027845552992473,1.6805353357901298,1.3947592591119926
2023-07-03,1.809294673955201,1.809294673955201,1.1430120488922766,0.8077830105148988,1.1600609602343217,1.025803124501815,1.6780362172638807,1.3926851172419168
2023-07-05,1.79512634299315,1.79512634299315,1.1430120488922766,0.8073791190096413,1.15097668675618,1.017770205166417,1.664895752731075,1.381779196857002
2023-07-06,1.790594251586424,1.790594251586424,1.1430120488922766,0.8073791190096413,1.1480708569956448,1.0152006770555624,1.6606924498474092,1.3782906682369902
2023-07-07,1.7951263429931503,1.7951263429931503,1.1430120488922766,0.8073791190096413,1.15097668675618,1.0177702051664173,1.664895752731075,1.3817791968570021
2023-07-10,1.8065590709374886,1.8065590709374886,1.1502916177332627,0.8121174328815975,1.1583069804601978,1.0242521388258161,1.6754990733669481,1.3905794162390386
2023-07-11,1.8210942011127322,1.8210942011127322,1.1595465813113803,0.8186515301023394,1.167626433676386,1.032493019741146,1.6889797270204434,1.4017676763735714
2023-07-12,1.8355479784300426,1.8355479784300426,1.1687497450275037,0.82514905610036,1.1768937260832542,1.0406877765966107,1.7023849297018252,1.4128933160206183
2023-07-13,1.8344048996408344,1.8344048996408344,1.1680219116724877,0.8246351984431114,1.1761608211026997,1.0400396932244542,1.701324777569014,1.4120134434158507
2023-07-14,1.8407744792075833,1.8407744792075833,1.1680219116724877,0.8242228808438898,1.180244788570718,1.0436510091230693,1.7072322648100962,1.4169163587857982
2023-07-17,1.8544523649593292,1.8544523649593292,1.1767009054568156,0.8299351624377579,1.1890146045147727,1.0514058641738764,1.7199178643409083,1.4274447642445673
2023-07-18,1.8585761400345855,1.8585761400345855,1.1793175538844827,0.8317807023942478,1.1890146045147727,1.0508801612417895,1.7237424729177981,1.4306189957596627
2023-07-19,1.8462455559061917,1.8462455559061917,1.1714934599455635,0.8262623156538177,1.1811261762200969,1.0433827354792633,1.7123064326501107,1.4211276612359318
2023-07-20,1.8462455559061917,1.8462455559061917,1.1714934599455635,0.8258491844959909,1.1811261762200969,1.0433827354792633,1.7123064326501107,1.4211276612359318
2023-07-21,1.8544932353935213,1.8544932353935213,1.1714934599455635,0.8258491844959909,1.186402587098593,1.048043809060357,1.719955769757741,1.4274762238217462
2023-07-24,1.8595562544342938,1.8595562544342938,1.1746917966019852,0.8276909406251973,1.189641627702172,1.0509051113609342,1.7246514831986812,1.4313734282782111
2023-07-25,1.8598418301263704,1.8598418301263704,1.1748721963193862,0.8278180507422647,1.1898243232943833,1.0510665009149034,1.724916341301108,1.4315932470959671
2023-07-26,1.8475112459979763,1.8475112459979763,1.1670828992823135,0.8223296914891625,1.1819358949997072,1.04409802450786,1.7134803010334203,1.422101912572236
2023-07-27,1.8655989998643234,1.8655989998643234,1.1670828992823135,0.8219185266434179,1.1935074432654431,1.0543200938568538,1.7302558470589522,1.4360247665863526
2023-07-28,1.8691511062081583,1.8691511062081583,1.1693050287810016,0.8230725028312931,1.1957798851787083,1.0563275226205344,1.7335502596155854,1.4387589622434398
2023-07-31,1.8638022528016758,1.8638022528016758,1.1659588888324233,0.8207171586614563,1.1923579834977807,1.0533046845797982,1.7285894481645177,1.4346417398579716
2023-08-01,1.8378753944531032,1.8378753944531032,1.1659588888324233,0.8203068000821256,1.1757714081288184,1.0386524427371149,1.7045434992458328,1.4146848194742052
2023-08-02,1.8326085405886385,1.8326085405886385,1.1659588888324233,0.8203068000821256,1.172401965236596,1.0356759457186686,1.6996587385361317,1.4106307153543423
2023-08-03,1.8243198613302996,1.8243198613302996,1.1659588888324233,0.8203068000821256,1.167099324963747,1.0309917016264296,1.6919713760578177,1.4042505936357248
2023-08-04,1.840243422236721,1.840243422236721,1.1659588888324233,0.8203068000821256,1.1772863418234722,1.039990704215204,1.7067397342989716,1.4165075833937224
2023-08-07,1.832240836017727,1.832240836017727,1.1608885343222883,0.8163294143179523,1.1721667281131103,1.0354681420493146,1.6993177097384873,1.410347678715357
2023-08-08,1.8199917340840834,1.8199917340840834,1.1608885343222883,0.8159212496107933,1.1643304276368645,1.0285457142921812,1.6879572403967642,1.400919064234736
2023-08-09,1.8206451436838889,1.8206451436838889,1.1608885343222883,0.8159212496107933,1.1647484430951305,1.0289149806085998,1.6885632472506862,1.4014220192471014
2023-08-10,1.8195838057630644,1.8195838057630644,1.1602117989202245,0.8150376509048262,1.1640694575744392,1.0283151786702525,1.6875789059515403,1.400605065796691
2023-08-11,1.8296275856289568,1.8296275856289568,1.1602117989202245,0.8146301320793738,1.1704949145077532,1.0339912960629265,1.6968940421843517,1.4083361573327668
2023-08-14,1.8083146888923116,1.8083146888923116,1.1466967675240818,0.8047333842894616,1.156860097543023,1.0219465772946514,1.677127326936849,1.3919307842789939
2023-08-15,1.7950449901352186,1.7950449901352186,1.1466967675240818,0.804331017597317,1.1483708754553008,1.0144473719241254,1.6648203017589618,1.3817165763695172
2023-08-16,1.7813669750466559,1.7813669750466559,1.1466967675240818,0.804331017597317,1.1396204350774468,1.0067174116523854,1.652134582274299,1.3711880713551243
2023-08-17,1.7822243488069707,1.7822243488069707,1.1466967675240818,0.804331017597317,1.1401689355669253,1.0072019457797683,1.652929756350833,1.3718480255865122
2023-08-18,1.7938200411408092,1.7938200411408092,1.1541575245972961,0.8091620737201637,1.1475872205849056,1.0137551072204836,1.6636842188386343,1.380773685054768
2023-08-21,1.7889613742709973,1.7889613742709973,1.1510314211985746,0.806970410749673,1.1444789132402462,1.011009292010156,1.6591780324818584,1.3770337784841975
2023-08-22,1.808886228286916,1.808886228286916,1.1510314211985746,0.8065669255442982,1.1572257369551526,1.0222695756818752,1.6776574030032547,1.3923707205813778
2023-08-23,1.7838168730354749,1.7838168730354749,1.135079276087201,0.7949854306084464,1.1411877448182377,1.0081019410596694,1.6544067481149543,1.373073853984623
2023-08-24,1.7963921624217536,1.7963921624217536,1.135079276087201,0.7945879378931422,1.1492327220533414,1.015208709602632,1.666069741068236,1.3827535477489314
2023-08-25,1.807784149268717,1.807784149268717,1.1422774861740308,0.7992295967356081,1.156520687525247,1.0216467494185733,1.676635276241127,1.391522407109413
2023-08-28,1.8339151011146164,1.8339151011146164,1.1587887483166615,0.8107822094269872,1.173237830667991,1.0364143321653163,1.7008705123362746,1.4116364262678258
2023-08-29,1.8414686299047658,1.8414686299047658,1.1635615669530266,0.8141216588691809,1.173237830667991,1.0358961249992338,1.707876057127001,1.4174506738197201
2023-08-30,1.8387737679844285,1.8387737679844285,1.1618587751118687,0.8129302481541789,1.1715208782844306,1.0338622146361274,1.7053766986930508,1.4153763328383964
2023-08-31,1.8422033923625047,1.8422033923625047,1.1618587751118687,0.8125237830301019,1.1737059630586133,1.035790542697265,1.7085575149530368,1.4180162493195716
2023-09-01,1.8342414179040687,1.8342414179040687,1.1568372395256776,0.8086058059641504,1.168633224110064,1.031313872054145,1.7011731559016838,1.4118876051071372
2023-09-05,1.8219109631124917,1.8219109631124917,1.1568372395256776,0.8082015030611684,1.1607772357994905,1.024380995633864,1.6897372355878468,1.40239637013903
2023-09-06,1.8163172751113073,1.8163172751113073,1.1568372395256776,0.8082015030611684,1.1572133812383174,1.0212359090736902,1.684549351497334,1.3980906889573603
2023-09-07,1.8190527487922028,1.8190527487922028,1.1568372395256776,0.8082015030611684,1.1589562082162548,1.0227739465022476,1.6870863754404157,1.400196290404615
2023-09-08,1.8310160163601361,1.8310160163601361,1.164445349536882,0.8131126581956183,1.1665782539362672,1.0295003695769174,1.6981817467720108,1.4094048869562323
2023-09-11,1.8209717191469759,1.8209717191469759,1.1580576199513806,0.8086522137572704,1.1601788240021487,1.023852899756503,1.6888661307237967,1.4016733971976607
2023-09-12,1.8230950416727092,1.8230950416727092,1.1580576199513806,0.8082478876503918,1.1615316367915953,1.0250467513151142,1.6908354130913414,1.4033078018766005
2023-09-13,1.8388145090818044,1.8388145090818044,1.1680428640547147,0.8148128059330944,1.1715468352819747,1.0338851215765532,1.705414484156033,1.415407692859952
2023-09-14,1.8166600176765266,1.8166600176765266,1.1539699951139437,0.8049957399828321,1.1574317496303526,1.0214286182550463,1.6848672292017866,1.3983545113609175
2023-09-15,1.8177252357018627,1.8177252357018627,1.1539699951139437,0.8045932421128408,1.158110422112163,1.0220275438466113,1.6858551691164543,1.399174451480047
2023-09-18,1.8139558435053604,1.8139558435053604,1.1515770231679385,0.8025224713854613,1.155708864218782,1.0199081791743712,1.6823592340905829,1.3962730023746668
2023-09-19,1.797279154313178,1.797279154313178,1.1515770231679385,0.8021212101497686,1.1450837998908754,1.0105316048936062,1.6668923845765893,1.3834363002182126
2023-09-20,1.7675733328436403,1.7675733328436403,1.1515770231679385,0.8021212101497686,1.126157605345311,0.9938293183443769,1.6393416240470782,1.360570563612891
2023-09-21,1.7635986831184582,1.7635986831184582,1.1515770231679385,0.8021212101497686,1.1236252736262098,0.9915945463246608,1.6356553222600876,1.357511119732249
2023-09-22,1.7710149855457036,1.7710149855457036,1.1515770231679385,0.8021212101497686,1.128350353614007,0.9957644094069734,1.6425335960151828,1.3632197387670968
2023-09-25,1.7449964273938323,1.7449964273938323,1.1346588299351346,0.7899359255141442,1.111773390950902,0.9811353100469046,1.6425335960151828,1.3625381288977134
2023-09-26,1.7456930354905367,1.7456930354905367,1.1346588299351346,0.7895409575513871,1.1122172144073166,0.9815269823679545,1.6431893006253075,1.3624007893667343
2023-09-27,1.7558135120889478,1.7558135120889478,1.1412368983022987,0.79372346991784,1.1186651798066838,0.987217284530942,1.6527155223181524,1.370299168420855
2023-09-28,1.751552251977153,1.751552251977153,1.13846718088108,0.7917971479372486,1.1159502426699417,0.9848213640033451,1.6487044751978808,1.3669735298223284
2023-09-29,1.7508557732172654,1.7508557732172654,1.13846718088108,0.79140124936328,1.1155065016166938,0.9844297644027408,1.6480488923301642,1.366429973084141
2023-10-02,1.7274186485971674,1.7274186485971674,1.13846718088108,0.79140124936328,1.100574223759861,0.9712520924202881,1.625987950555057,1.3481388093836824
2023-10-03,1.7399976887511408,1.7399976887511408,1.13846718088108,0.79140124936328,1.1085885909570348,0.9783247375373866,1.6378283736838215,1.357955938676653
2023-10-04,1.7393423390990794,1.7393423390990794,1.1380383906156117,0.7907074767717424,1.108171054110831,0.977956263038545,1.6372115049018863,1.3574444805536454
2023-10-05,1.7599930313323588,1.7599930313323588,1.1380383906156117,0.7903121230333565,1.121328038142005,0.9895672457367973,1.656649628236494,1.3735610135451881
2023-10-06,1.7712609841717584,1.7712609841717584,1.1453244211206162,0.7949767595802254,1.121328038142005,0.989072462113929,1.6672559485741638,1.382354923775019
2023-10-09,1.780479983155236,1.780479983155236,1.1512855667498698,0.7991144276054066,1.127164288212522,0.9937258166252843,1.6759336256824242,1.38954975771026
2023-10-10,1.7877731569326363,1.7877731569326363,1.1560014443700382,0.8023877474088822,1.1317813606353444,0.9977963005039594,1.6827985583338039,1.3952416093183675
2023-10-11,1.7768742020323196,1.7768742020323196,1.148954013571543,0.7974960821337526,1.1248815848115772,0.9917133492991465,1.6725395690864957,1.3867356781737825
2023-10-12,1.7680239423142905,1.7680239423142905,1.148954013571543,0.7970973340926857,1.1192787716432482,0.9867738208299417,1.6642089795837804,1.3798286214457047
2023-10-13,1.7866260687020996,1.7866260687020996,1.148954013571543,0.7970973340926857,1.1310551761788368,0.9971560848321092,1.6817188249162036,1.3943463809597818
2023-10-16,1.7865439398232643,1.7865439398232643,1.1489011976484906,0.7966621438969398,1.1310031830420815,0.9971102468625945,1.6816415184870486,1.3942822846684635
2023-10-17,1.7627382052745348,1.7627382052745348,1.1489011976484906,0.7962638128249914,1.115932542489053,0.9838237324234494,1.6592336108488042,1.375703444699883
2023-10-18,1.7472499920943496,1.7472499920943496,1.1489011976484906,0.7962638128249914,1.1061274556865661,0.9751794132307836,1.644654835734236,1.3636158935476639
2023-10-19,1.725779821788155,1.725779821788155,1.1489011976484906,0.7962638128249914,1.0925353853123196,0.9631964295845435,1.6244453525017912,1.3468598107895184
2023-10-20,1.7227885198831079,1.7227885198831079,1.1489011976484906,0.7962638128249914,1.090641688829051,0.9615269168933095,1.6216296940868327,1.3445252926389517
2023-10-23,1.735777299073539,1.735777299073539,1.1489011976484906,0.7962638128249914,1.098864464816112,0.9687762459113776,1.6338557971645158,1.354662196815224
2023-10-24,1.7108650880548302,1.7108650880548302,1.1324119457780215,0.7844375488982757,1.0830933497986093,0.9548721821349138,1.6104063832248199,1.3352198233470718
2023-10-25,1.6903782655687702,1.6903782655687702,1.1324119457780215,0.7840453301238266,1.0701238051231818,0.9434380269646098,1.5911225075212978,1.3192311801210412
2023-10-26,1.6827160938522876,1.6827160938522876,1.1324119457780215,0.7840453301238266,1.0652731320402604,0.9391615970591234,1.5839102437795567,1.3132513494276878
2023-10-27,1.7028344357465333,1.7028344357465333,1.1324119457780215,0.7840453301238266,1.078009403571411,0.9503900949457311,1.60284727536235,1.328952417324638
2023-10-30,1.7135286504654386,1.7135286504654386,1.1395237684215977,0.7885773029651295,1.08477956500859,0.9563587760627621,1.6129135463776072,1.337298561966614
2023-10-31,1.7318029080219912,1.7318029080219912,1.151676439945528,0.7969872380623466,1.0963484063919353,0.9665580491157649,1.6301147747054505,1.351560441010625
2023-11-01,1.7649918993118692,1.7649918993118692,1.1737476462918475,0.8122610330072961,1.1173592832889911,0.9850815696183978,1.6613549723102656,1.3774623074970829
2023-11-02,1.7810947210467407,1.7810947210467407,1.1844562785055883,0.8196716588701108,1.1173592832889911,0.9845890288335887,1.6613549723102656,1.3767735763433344
2023-11-03,1.7851918527376822,1.7851918527376822,1.1871809361545358,0.8215571861753345,1.1173592832889911,0.9845890288335887,1.6613549723102656,1.3767735763433344
2023-11-06,1.7902725909223924,1.7902725909223924,1.1905597077443961,0.823895375743208,1.1205393392409275,0.986898920015555,1.6660832650331068,1.3800035505258899
2023-11-07,1.7915838075737835,1.7915838075737835,1.1914316876435385,0.8244988063834113,1.1213600354006081,0.9876217363641523,1.6673035239650664,1.3810142813182862
2023-11-08,1.7776116805632185,1.7776116805632185,1.1821400012631447,0.8180687404305107,1.1126148208184297,0.9799195142964267,1.6543006287036104,1.3702440863319214
2023-11-09,1.8053509357293036,1.8053509357293036,1.1821400012631447,0.8176597060602955,1.1299769403148947,0.9952109515357918,1.6801156409263502,1.391626456152161
2023-11-10,1.8036301093782723,1.8036301093782723,1.18101320778243,0.8164714984472307,1.1299769403148947,0.9947133460600239,1.6801156409263502,1.3909306429240849
2023-11-13,1.8386219265612,1.8386219265612,1.18101320778243,0.8160632626980071,1.1518993657117809,1.0135141965824532,1.7127111820230434,1.4172203063816657
2023-11-14,1.8425143180707295,1.8425143180707295,1.183513431301037,0.8173828498169172,1.1518993657117809,1.0130074394841622,1.7127111820230434,1.416511696228475
2023-11-15,1.8447682707816973,1.8447682707816973,1.184961226458331,0.818382756451115,1.1533084872977812,1.013740150484253,1.7148063462092669,1.417536262940554
2023-11-16,1.847062576579589,1.847062576579589,1.1864349418594464,0.8194005646673332,1.1547428367448496,1.0150009212496922,1.7169390206511914,1.419299227817117
2023-11-17,1.8612805728793926,1.8612805728793926,1.195567673921266,0.8257080034862557,1.1636316148448673,1.0228140183941048,1.7301553745268745,1.430224461983675
2023-11-20,1.8572239236121921,1.8572239236121921,1.1929619417178732,0.8239083781014153,1.1610954870807715,1.0205848016931633,1.7263845118023151,1.4271072967909697
2023-11-21,1.8643944860870163,1.8643944860870163,1.1929619417178732,0.8234964239123646,1.1655783647906148,1.0245251811963325,1.7263845118023151,1.4263937431425744
2023-11-22,1.8655415743175534,1.8655415743175534,1.1936959240445937,0.823591340498448,1.1662954990848844,1.02515553104236,1.7263845118023151,1.4263937431425744
2023-11-24,1.8621820504943263,1.8621820504943263,1.1915462802362085,0.82210819224429,1.1641951987924444,1.0233093998832032,1.7232755862359834,1.4231118531754645
2023-11-27,1.8640257468215684,1.8640257468215684,1.1915462802362085,0.8216971381481679,1.1653478371242534,1.024322550977478,1.724981755011655,1.4245208379179917
2023-11-28,1.8627144008333603,1.8627144008333603,1.1907080249508315,0.8207082239340939,1.1645280124980724,1.0236019379332935,1.7237682267607584,1.42351868454693
2023-11-29,1.8700485743817699,1.8700485743817699,1.1907080249508315,0.8202978698221269,1.1691131762471818,1.0276322252676977,1.7305553194716117,1.42912358730454
2023-11-30,1.8811117870397576,1.8811117870397576,1.1977522569959582,0.8247406054063984,1.1760296531062677,1.03371170042042,1.7407932896388068,1.43757828649123
2023-12-01,1.8712370503937676,1.8712370503937676,1.1914647581952689,0.8204111996072573,1.169856185270752,1.0282853185967253,1.7316551430338456,1.43003184130658
2023-12-04,1.8708685698019536,1.8708685698019536,1.1914647581952689,0.8200009940074537,1.1696258193214486,1.0280828305246394,1.7313141486570036,1.429750242040957
2023-12-05,1.863329268061681,1.863329268061681,1.1914647581952689,0.8200009940074537,1.1649124139452434,1.0239398208026154,1.7243372289606564,1.4239885767578015
2023-12-06,1.8775470056878505,1.8775470056878505,1.1914647581952689,0.8200009940074537,1.173801030328203,1.0317527758002591,1.7374944173978355,1.4348540186923155
2023-12-07,1.8856190457776079,1.8856190457776079,1.1965871605982712,0.8231163810918085,1.178847491985623,1.0361885367925263,1.7449643366863952,1.4410228118712596
2023-12-08,1.8929532193260177,1.8929532193260177,1.2012413233366452,0.8263179176922074,1.1834326557347328,1.0402188241269306,1.7517514293972487,1.4466277146288697
2023-12-11,1.9015988681994525,1.9015988681994525,1.2067277297558838,0.8300919436434341,1.1888377249685524,1.0449697955789037,1.7597521700481447,1.4532348695989823
2023-12-12,1.9278222958695523,1.9278222958695523,1.2233687458334335,0.8415390771097457,1.2052320343118883,1.059380137481215,1.7597521700481447,1.4525082521641828
2023-12-13,1.9340091225137908,1.9340091225137908,1.2272948184640213,0.8442397702159441,1.2052320343118883,1.0588504474124745,1.7653996208719247,1.4564434322246018
2023-12-14,1.9308249794145018,1.9308249794145018,1.2252742063161708,0.8428498180139689,1.2052320343118883,1.0588504474124745,1.7653996208719247,1.4557152105084896
2023-12-15,1.941686038627419,1.941686038627419,1.2252742063161708,0.8424283931049619,1.2052320343118883,1.0588504474124745,1.7653996208719247,1.4557152105084896
2023-12-18,1.9534929379835226,1.9534929379835226,1.2327247873832474,0.8471297718787668,1.2125607440243666,1.064759622671574,1.7761345673216982,1.4638391871543444
2023-12-19,1.9264231301825585,1.9264231301825585,1.2156427583586662,0.8353909835466709,1.1957581307926977,1.0500051089594853,1.751522437719798,1.4435545755863644
2023-12-20,1.944689110182819,1.944689110182819,1.2156427583586662,0.8349732880548976,1.20709608337435,1.0599610589374155,1.7681300424127324,1.4572420872206575
2023-12-21,1.9485972807840304,1.9485972807840304,1.2180857911626841,0.836233816698808,1.2095219402381434,1.0620912239222848,1.7716833887109624,1.460170653362311
2023-12-22,1.9568253010751668,1.9568253010751668,1.2232292010939547,0.8397648432889528,1.2146291890088334,1.0665759413277993,1.779164383894286,1.4663362751061497
2023-12-26,1.9603635683795766,1.9603635683795766,1.22544100400025,0.8412832785252355,1.2168254416554496,1.0685044889497033,1.7823814105574454,1.4689876562471373
2023-12-27,1.9611038923204482,1.9611038923204482,1.2259037871941536,0.84160098599654,1.2172849712145835,1.0689080056579598,1.7830545202046988,1.469542413919799
2023-12-28,1.9554266527354407,1.9554266527354407,1.2223548933617956,0.8391646181675886,1.2137610281680795,1.0658136021099294,1.7778927193720284,1.465288205666568
2023-12-29,1.9444832059700539,1.9444832059700539,1.2223548933617956,0.8387450358585048,1.206968275712201,1.059848829971737,1.7679428323221618,1.4570877940314757
2024-01-02,1.928603490244617,1.928603490244617,1.2223548933617956,0.8387450358585048,1.197111511174927,1.051193523471678,1.7535048420582686,1.4451884164049764
2024-01-03,1.9223913135842348,1.9223913135842348,1.2223548933617956,0.8387450358585048,1.1932555251066594,1.047807550198744,1.7478566712918038,1.4405333559969362
2024-01-04,1.9250242231691985,1.9250242231691985,1.2223548933617956,0.8387450358585048,1.1948898093895541,1.0492426287504526,1.7502505380089846,1.442506312311118
2024-01-05,1.952505710058876,1.952505710058876,1.2398051309079767,0.8502995182299338,1.2119479576643264,1.0642215298983173,1.7502505380089846,1.4417850591549624
2024-01-08,1.9495433796008512,1.9495433796008512,1.237924105678507,0.8490094486806773,1.2101091971782318,1.0626068991006392,1.7475950679372674,1.4388766986079258
2024-01-09,1.9605692139187076,1.9605692139187076,1.237924105678507,0.848584943956337,1.216953088755209,1.0686165769242195,1.7574787637172118,1.447014407288162
2024-01-10,1.9597052439807228,1.9597052439807228,1.237378585935965,0.8477867030023568,1.2164168103738295,1.0681456664400906,1.756704290259341,1.4463767470929225
2024-01-11,1.9610627632126227,1.9610627632126227,1.237378585935965,0.8473628096508556,1.2172594417946316,1.0688855880630574,1.7579211874769778,1.4473786754475986
2024-01-12,1.9538632292907765,1.9538632292907765,1.232835871000611,0.8438282551997244,1.2127905890851287,1.0649614515212846,1.7579211874769778,1.4466549861098748
2024-01-16,1.9430024287514938,1.9430024287514938,1.232835871000611,0.8434063410721245,1.2060491363127388,1.059041726059643,1.7481495560266551,1.4378902404572684
2024-01-17,1.9602811808271077,1.9602811808271077,1.232835871000611,0.8434063410721245,1.2167743025343511,1.0684595832643162,1.76369551846227,1.4506771256454514
2024-01-18,1.9847183377167419,1.9847183377167419,1.2482045864142333,0.8534986668480867,1.2319427920455146,1.0817791594158592,1.7856820092329573,1.4687614825542108
2024-01-19,1.9889145414095541,1.9889145414095541,1.2508436111037124,0.8553031819722622,1.234547435130166,1.084066318060632,1.7894573990698606,1.471866821100155
2024-01-22,1.9947152976548574,1.9947152976548574,1.2544917512012077,0.857797711109214,1.2381480467177202,1.0872280448889533,1.7946764298362614,1.4761595850560667
2024-01-23,1.996895787053733,1.996895787053733,1.2558630777096507,0.8587353982155657,1.2395015073811444,1.0884165298967274,1.7966382501192213,1.4777732240200068
2024-01-24,2.0077567169298334,2.0077567169298334,1.2626935998177236,0.8634059799267452,1.2462430404347296,1.0943363258539507,1.8064099979358939,1.485810694709722
2024-01-25,2.005206194897339,2.005206194897339,1.2610895569476543,0.8623091657777889,1.2446598952729333,1.0929461529876299,1.804115253527568,1.4839232185623292
2024-01-26,2.02108616929641,2.02108616929641,1.2610895569476543,0.8618780111949,1.254516820372597,1.1016016004788518,1.8184027138954322,1.4956749589972642
2024-01-29,2.019523004525379,2.019523004525379,1.2601141948881425,0.8607804715443161,1.2535465418520353,1.1007495908813691,1.8169963101977125,1.4945181620034815
2024-01-30,1.9865696649161915,1.9865696649161915,1.2601141948881425,0.8603500813085441,1.2330919370681293,1.082788233168827,1.7873476771569325,1.4701315298956812
2024-01-31,2.0125701159136735,2.0125701159136735,1.2601141948881425,0.8603500813085441,1.2492307853810491,1.096959889413434,1.8107406879916887,1.4893727795120237
2024-02-01,2.033757297264133,2.033757297264133,1.2733799528154197,0.8689771773927227,1.2623819690288443,1.1085080525941393,1.8298031251369995,1.5050520400398653
2024-02-02,2.0263518591295213,2.0263518591295213,1.2687432459305252,0.8658130059666495,1.2577853086571922,1.104471687086688,1.8231403370747516,1.4995717549601857
2024-02-05,2.032235261600928,2.032235261600928,1.2687432459305252,0.8653800994636661,1.2614372199282347,1.10767846059156,1.8284337259383594,1.5039256800346665
2024-02-06,2.0491845928034813,2.0491845928034813,1.2793248699642201,0.8721648877241736,1.2719579099466474,1.1169167655502636,1.8436833032822906,1.5164687821727783
2024-02-07,2.0500898211861096,2.0500898211861096,1.2798900124052481,0.8725501670267178,1.2725197980291736,1.1174101641248775,1.8444977513610876,1.517138683063022
2024-02-08,2.061937978986857,2.061937978986857,1.2872869267637634,0.8775929275736775,1.2798741174427988,1.1238680528553577,1.8551577235220174,1.5259067371925472
2024-02-09,2.0610330092778626,2.0610330092778626,1.2867219458150747,0.8772077583666619,1.2793123899226624,1.1233747952719069,1.854343508175919,1.5252370277299048
2024-02-12,2.032646552679191,2.032646552679191,1.2867219458150747,0.8767691544874786,1.261692514127754,1.1079026365405915,1.828803770929155,1.5042300499205044
2024-02-13,2.051118436892217,2.051118436892217,1.2867219458150747,0.8767691544874786,1.2731582743715555,1.1179708154842003,1.845423212937123,1.517899894919017
2024-02-14,2.065270600752135,2.065270600752135,1.2955999801069016,0.8823802405397463,1.2819427229896552,1.1256845125027455,1.8581561352446003,1.5283729946920337
2024-02-15,2.054985478385602,2.054985478385602,1.2891478452977272,0.8779859549945702,1.2755586018153968,1.1200785628741663,1.848902450415041,1.5207616418424907
2024-02-16,2.0436722576602304,2.0436722576602304,1.2891478452977272,0.8775469620170729,1.268536325423536,1.11391224386859,1.8387237694748437,1.5123894599921555
2024-02-20,2.0455233261860446,2.0455233261860446,1.2891478452977272,0.8775469620170729,1.2696853098837606,1.1149211766303946,1.8403892046661197,1.5137593159060239
2024-02-21,2.0878561717686863,2.0878561717686863,1.3158272265443531,0.8952693405302834,1.2959619069158148,1.137994873910158,1.8784767253586143,1.545087112831722
2024-02-22,2.0892963372266897,2.0892963372266897,1.3167348603871403,0.8958868811431259,1.2959619069158148,1.137425876473203,1.879772464658143,1.546152886001155
2024-02-23,2.0816441244451207,2.0816441244451207,1.3119122150069418,0.8926056247121577,1.2912153441176952,1.1326912514644993,1.8728876496014182,1.540489978989973
2024-02-26,2.0855111659385055,2.0855111659385055,1.3119122150069418,0.8921593218998016,1.293614017000328,1.1347954363331665,1.876366887079336,1.5433517259134468
2024-02-27,2.0827549983668803,2.0827549983668803,1.31017841949298,0.8905341832954597,1.2919044039989267,1.1332957146183502,1.8738871201756127,1.5413120648231355
2024-02-28,2.09024243604351,2.09024243604351,1.31017841949298,0.890088916203812,1.2965487590559017,1.1373698765044338,1.8806236845033206,1.5468530324523813
2024-02-29,2.1098660646124876,2.1098660646124876,1.3224786456389412,0.8980002106965204,1.308721027128997,1.1480477402857823,1.8982793688518642,1.5613752088450388
2024-03-01,2.107603575671594,2.107603575671594,1.3210605019185835,0.8970372512083814,1.3073176362217462,1.1468166454027564,1.8962437723034442,1.5597008873315326
2024-03-04,2.0865399109814304,2.0865399109814304,1.3210605019185835,0.8965887325827773,1.2942521334627002,1.1353552104542202,1.8772924650217209,1.5441130334832425
2024-03-05,2.0971128077659302,2.0971128077659302,1.3210605019185835,0.8965887325827773,1.300810356551653,1.1411082724448869,1.8868050649784875,1.5519373495390711
2024-03-06,2.117929697809137,2.117929697809137,1.3341739458434998,0.9050403834130616,1.3137227883765519,1.1524354291657428,1.905534345265734,1.567342581455859
2024-03-07,2.1052175700704048,2.1052175700704048,1.3261660362123187,0.899608196983758,1.3058376296215652,1.1455183410294607,1.8940970458914363,1.5579351591384747
2024-03-08,2.1034072426419654,2.1034072426419654,1.3261660362123187,0.8991583928852662,1.3047147083085375,1.1445332821443228,1.892468266100192,1.556595453071788
2024-03-11,2.1260343307767946,2.1260343307767946,1.3261660362123187,0.8991583928852662,1.3187499812206076,1.1568454273738868,1.9128262098123334,1.573340295341462
2024-03-12,2.1227015796746995,2.1227015796746995,1.3240871510058259,0.8972993015838372,1.3166827213510575,1.155031967535905,1.9098276817234012,1.570873942128175
2024-03-13,2.118505763992339,2.118505763992339,1.3240871510058259,0.8968506519330454,1.3140801143412748,1.15274888578319,1.9060526409855463,1.5677688907236327
2024-03-14,2.1039586054931085,2.1039586054931085,1.3240871510058259,0.8968506519330454,1.3050567111346747,1.144833296863716,1.9060526409855463,1.5669850062782709
2024-03-15,2.1164630183036364,2.1164630183036364,1.3240871510058259,0.8968506519330454,1.3128130271641685,1.1516373604540575,1.917380843450772,1.5755145427174564
2024-03-18,2.1282245204369508,2.1282245204369508,1.331445301711304,0.9013861600681177,1.3201085258740917,1.1580371818327657,1.9280360161070358,1.5842699131137186
2024-03-19,2.147908937309948,2.147908937309948,1.3437601322711445,0.9097232789989194,1.3323185000997286,1.1687481225360272,1.9458688454550466,1.5989231741346352
2024-03-20,2.1550072005040337,2.1550072005040337,1.3482008992528798,0.9127296705437157,1.336721455554582,1.172610521745439,1.9522994203114976,1.6042071865617846
2024-03-21,2.150921579789811,2.150921579789811,1.3456448811014636,0.9109992506882336,1.3341872009745128,1.1703874007107447,1.9485981078749899,1.601165812913572
2024-03-22,2.1449791997298235,2.1449791997298235,1.3456448811014636,0.9105437510628895,1.3305012239989429,1.1671539556526853,1.9432146895997882,1.5967422505258064
2024-03-25,2.1410170956758967,2.1410170956758967,1.3456448811014636,0.9105437510628895,1.3280435851118038,1.1649980441082608,1.939625275399276,1.5937928238158965
2024-03-26,2.1590099163185186,2.1590099163185186,1.3456448811014636,0.9105437510628895,1.3392042853606534,1.174788531488759,1.9559256261833216,1.6071868450398907
2024-03-27,2.158597461208903,2.158597461208903,1.3453878104401649,0.9099145298137049,1.3389484451043667,1.1745641010547585,1.955551968094746,1.6068798096616215
2024-03-28,2.154841649378193,2.154841649378193,1.3453878104401649,0.9094595725487981,1.3366187664582994,1.172520439915549,1.952149441523986,1.6040839487806047
2024-04-01,2.141141259020278,2.141141259020278,1.3453878104401649,0.9094595725487981,1.3281206019340164,1.165065605480679,1.939737759489911,1.5938852521517821
2024-04-02,2.1434933783753967,2.1434933783753967,1.3453878104401649,0.9094595725487981,1.329579589359802,1.166345471229419,1.9418686299818646,1.5956361914397112
2024-04-03,2.1173297043147805,2.1173297043147805,1.3289658851323471,0.8979038969571725,1.3133506206283831,1.1521089529088209,1.9181660058375867,1.5761597117578412
2024-04-04,2.1394488867690007,2.1394488867690007,1.3289658851323471,0.897454945008694,1.3270708466020906,1.1641447298993381,1.9382045779003796,1.5926254346777609
2024-04-05,2.1406458990109245,2.1406458990109245,1.3297094356997108,0.8975083396305263,1.327813336903732,1.1647960637553039,1.9392889948366512,1.5935165016034063
2024-04-08,2.1431219230367904,2.1431219230367904,1.331247472659366,0.8985464619156586,1.3293491807000168,1.1661433501236027,1.9415321150773839,1.595359676668188
2024-04-09,2.121662746360046,2.121662746360046,1.317917631548046,0.8895492755814396,1.316038347271882,1.154466704053344,1.922091466258869,1.5793852681212093
2024-04-10,2.137674644312522,2.137674644312522,1.317917631548046,0.8891045009436489,1.3259703083030188,1.1631793060380595,1.9365972271135865,1.5913046722697652
2024-04-11,2.1081682602148963,2.1081682602148963,1.2997263768830989,0.876387613902862,1.307667902311101,1.1471239088944,1.9098663203417625,1.56933984848273
2024-04-12,2.081756776812786,2.081756776812786,1.2997263768830989,0.8759494200959106,1.2912852208386831,1.1327525493346844,1.8859391966999266,1.549678897247155
2024-04-15,2.0779600945478833,2.0779600945478833,1.2997263768830989,0.8759494200959106,1.2889301908219706,1.1306866492437206,1.8824996441159991,1.5468526120389088
2024-04-16,2.0656622326342062,2.0656622326342062,1.2997263768830989,0.8759494200959106,1.2813019954852614,1.1239949768114534,1.8713585636223808,1.537697970487525
2024-04-17,2.0614117074782277,2.0614117074782277,1.2997263768830989,0.8759494200959106,1.2786654529381913,1.1216821258290166,1.8675078582529994,1.5345338404557145
2024-04-18,2.043418757498788,2.043418757498788,1.2997263768830989,0.8759494200959106,1.2675046724634849,1.1118915680720887,1.8512073902980257,1.5211397229522035
2024-04-19,2.0622371350447275,2.0622371350447275,1.2997263768830989,0.8759494200959106,1.2791774543541905,1.1221312682027358,1.868255643113862,1.5351482963303194
2024-04-22,2.0867089542013346,2.0867089542013346,1.3151497577870925,0.8859060190431046,1.2943569886571096,1.1354471924477116,1.8904255543523198,1.5533653436562345
2024-04-23,2.0857186221930784,2.0857186221930784,1.3145256003557628,0.8854855765634772,1.2937426992741095,1.1349083201262498,1.8895283765585833,1.5526281313980317
2024-04-24,2.0777948020956756,2.0777948020956756,1.3145256003557628,0.8850428337751954,1.2888276621774002,1.1305967081666892,1.882349899670342,1.546729566816761
2024-04-25,2.0974799949895755,2.0974799949895755,1.3145256003557628,0.8850428337751954,1.301038117758176,1.1413080711285284,1.9001834320439193,1.5613834055147773
2024-04-26,2.1049080670671736,2.1049080670671736,1.3191808966783096,0.8877346268579683,1.3056456491470312,1.145349930233425,1.9069127927661176,1.566912930709122
2024-04-29,2.0715638715968194,2.0715638715968194,1.29828353476127,0.8736718763811754,1.2849627013160432,1.1272062532941882,1.8767050730553434,1.5420912048275788
2024-04-30,2.064836805067707,2.064836805067707,1.29828353476127,0.8732350404429848,1.2807899940692624,1.1235458344377343,1.8706107787615183,1.5370835146129207
2024-05-01,2.0841502839493664,2.0841502839493664,1.29828353476127,0.8732350404429848,1.2927698805385401,1.1340549355408978,1.8881075618887593,1.55146064598038
2024-05-02,2.1099840197896533,2.1099840197896533,1.3143761909104517,0.8836224616377345,1.308794193110101,1.1481119235895816,1.9115112829963623,1.570691516615538
2024-05-03,2.131773264023544,2.131773264023544,1.3279494045321423,0.8927473959721166,1.3223097629239504,1.1599681703081843,1.93125095202248,1.5869116304887454
2024-05-06,2.134125383378663,2.134125383378663,1.329414614528783,0.893732420254359,1.323768750349736,1.1612480360569246,1.9333818225144341,1.5886625697766747
2024-05-07,2.1343320636123306,2.1343320636123306,1.329543362223418,0.8938189741311335,1.323896951268377,1.1613604975914285,1.9335690616569692,1.5888164244441174
2024-05-08,2.1466296668523737,2.1466296668523737,1.3372039306222192,0.8989689839631011,1.3315249861533733,1.1680520292708365,1.9447099078087322,1.5979708734364682
2024-05-09,2.149395017338011,2.149395017338011,1.3389265554401109,0.9001270618350149,1.3332402951905846,1.169556747712155,1.9472151394148287,1.6000294257797663
2024-05-10,2.149683438440063,2.149683438440063,1.3391062221228618,0.9002478472825789,1.3334191988505153,1.169713687150167,1.947476430583698,1.6002441291016667
2024-05-13,2.159546793446151,2.159546793446151,1.3452504198328485,0.9043784387698811,1.3395373028908668,1.1750806640480376,1.9564120027043894,1.6075865013130803
2024-05-14,2.1862883444054075,2.1862883444054075,1.3619085829085904,0.9155773079864284,1.3561247207489993,1.1896316242560971,1.980638146553828,1.627493157874884
2024-05-15,2.181790009907935,2.181790009907935,1.359106427201829,0.9136934883154515,1.3533344654609303,1.187183932034543,1.9765629416868888,1.6241445562893686
2024-05-16,2.1849264277217277,2.1849264277217277,1.359106427201829,0.9132366415712938,1.3552799424803574,1.1888905604523892,1.979404336684683,1.6264793345656408
2024-05-17,2.187443839529054,2.187443839529054,1.3606723520420618,0.9138322292539713,1.3568414585507131,1.1902603672781604,1.9816849516222936,1.6283533190757173
2024-05-20,2.192808472027219,2.192808472027219,1.3640093552543093,0.9160733720830287,1.3601690666254265,1.1931794408251883,1.986544967363263,1.6323468008630666
2024-05-21,2.1864945072918074,2.1864945072918074,1.3600818316799932,0.9134356337487571,1.3562526007642148,1.189743804284883,1.986544967363263,1.631530627462635
2024-05-22,2.170523997120792,2.170523997120792,1.3600818316799932,0.9129789159318829,1.3463463120071488,1.18105372275764,1.9720349210308115,1.6187978980800168
2024-05-23,2.1848850399402675,2.1848850399402675,1.3600818316799932,0.9129789159318829,1.3552542702062869,1.1888680399949167,1.985082681838797,1.629508503427501
2024-05-24,2.1864117317288865,2.1864117317288865,1.3610321909557985,0.9131603718983468,1.356201256216073,1.1896987633699376,1.9864697614217923,1.630647125005383
2024-05-28,2.1711013566721635,2.1711013566721635,1.3515015462901987,0.9067659551570658,1.346704440230436,1.1813678831393828,1.9725594824725674,1.6192284984463048
2024-05-29,2.1566991847448613,2.1566991847448613,1.3515015462901987,0.9063125721794874,1.3377709702089402,1.1735311861974926,1.9594743537124137,1.608487218610362
2024-05-30,2.1763426018468492,2.1763426018468492,1.3515015462901987,0.9063125721794874,1.3499555128380758,1.1842198175725702,1.9773214286790484,1.6231374700510226
2024-05-31,2.178117102976962,2.178117102976962,1.3526035056137011,0.9065983862568885,1.3510562115888607,1.1851853821867082,1.9773214286790484,1.6223259013159972
2024-06-03,2.1805522565686357,2.1805522565686357,1.3541157279273242,0.9076119710239708,1.3525667040145006,1.1865104296032527,1.9795320909856617,1.623328512629384
2024-06-04,2.2064682506245754,2.2064682506245754,1.3702094743855,0.9183989936120793,1.3686420402307773,1.2006121770611635,2.0030589483443824,1.64262186914373
2024-06-05,2.2064271215167492,2.2064271215167492,1.3701839333457861,0.9183818744302261,1.3686165284084193,1.20058979735655,2.0030216108356984,1.6425912502703541
2024-06-06,2.2037441585835817,2.2037441585835817,1.3701839333457861,0.9179226834930111,1.3669523232417804,1.1991299087008882,2.0005859841685862,1.6405938983542885
2024-06-07,2.210553483328347,2.210553483328347,1.3701839333457861,0.9179226834930111,1.371176054133277,1.202835086966569,2.0067675727132315,1.645663151327535
2024-06-10,2.215876986718686,2.215876986718686,1.3734836403510975,0.9196742836936553,1.3744781503856323,1.2057317808089834,2.011600314403279,1.6496262734286375
2024-06-11,2.234076228921342,2.234076228921342,1.3847642130462225,0.9272276700670026,1.38576689110141,1.2156345889711262,2.0281218097553184,1.663174836040161
2024-06-12,2.2385745634188146,2.2385745634188146,1.387552449432149,0.929094652115904,1.388557146389479,1.2180822811926804,2.0322054530006985,1.6665236549584395
2024-06-13,2.239936480102495,2.239936480102495,1.3883966164575603,0.9296598999875239,1.389401924658121,1.2188233449963886,2.0334418176750475,1.6675375440673952
2024-06-14,2.25776400829291,2.25776400829291,1.399446786870536,0.9370590107309533,1.4004600962624005,1.2285238912998555,2.0496258664863385,1.6808093813893519
2024-06-17,2.2635006134769498,2.2635006134769498,1.4030025498567744,0.9394399228010216,1.404018433900325,1.2316453674584182,2.0548336270529166,1.6850800402249275
2024-06-18,2.257351165172843,2.257351165172843,1.3991908912252262,0.9368876649373912,1.4002040153285444,1.2282992497365663,2.049251082436906,1.6805020372264092
2024-06-20,2.2543252010008223,2.2543252010008223,1.3991908912252262,0.9364192211049225,1.398327051190544,1.2266527227896002,2.046504075036995,1.6782493354606807
2024-06-21,2.246996976945998,2.246996976945998,1.3991908912252262,0.9364192211049225,1.393781454162885,1.2226651942883566,2.0398514233324745,1.6727937839969187
2024-06-24,2.2556501273548224,2.2556501273548224,1.3991908912252262,0.9364192211049225,1.3991488848642353,1.2273736589344422,2.0477068594362384,1.6792356868407512
2024-06-25,2.258465013841395,2.258465013841395,1.4009369791863338,0.9371195942365642,1.4008949204044747,1.2289053315482978,2.050262247923658,1.6813312502374564
2024-06-26,2.2620256564151564,2.2620256564151564,1.403145663323868,0.9385970348448954,1.4031035382331274,1.2308427946552383,2.053494642936462,1.6839819973570713
2024-06-27,2.2531241793175703,2.2531241793175703,1.3976240332082974,0.934903486990635,1.3975820738873523,1.225999207264317,2.045413772818002,1.6773552258437996
2024-06-28,2.257761680230203,2.257761680230203,1.3976240332082974,0.9344360352471397,1.4004586521969842,1.2285226245241228,2.0496237530424515,1.680807648245576
2024-07-01,2.2729553934779343,2.2729553934779343,1.407029409769804,0.9402571484082278,1.409883104460084,1.2367900252151764,2.063416792335372,1.6921187222422935
2024-07-02,2.2830987626929655,2.2830987626929655,1.413308467792964,0.9444531724220487,1.4161748974796955,1.242309367083135,2.0726250673544113,1.699670029674292
2024-07-03,2.296264215975506,2.296264215975506,1.421458288952956,0.9498993468592872,1.4243412478616138,1.249473124605172,2.0845768273668823,1.7094711502990592
2024-07-05,2.298914068683505,2.298914068683505,1.4230986294112031,0.9509955157317933,1.425984915208996,1.2509149968948559,2.0869823961653684,1.7114438530591998
2024-07-08,2.301149784903267,2.301149784903267,1.4244826066252438,0.9519203680907421,1.4273716993639576,1.2521315238569544,2.0890120067789293,1.7131082487987446
2024-07-09,2.3239203075682195,2.3239203075682195,1.4385782616290115,0.9613398871759595,1.4414959427508542,1.264521716546947,2.109683366618166,1.7300599355001944
2024-07-10,2.303881637153285,2.303881637153285,1.4261737073260978,0.9530504578469445,1.4290662299043426,1.2536180148030058,2.091492015767685,1.7151419967341062
2024-07-11,2.318413921918553,2.318413921918553,1.4261737073260978,0.9525739326180211,1.4380804071374487,1.2615255104330756,2.104684602169379,1.7259606653269113
2024-07-12,2.324789192305253,2.324789192305253,1.430095458708216,0.9547170728067803,1.4420349000546278,1.2649945054010125,2.1104721508425035,1.7307067832717007
2024-07-15,2.338576497004235,2.338576497004235,1.4385767274198484,0.9603790808837598,1.4505869763544594,1.2724966327965752,2.122988435200109,1.740970845856188
2024-07-16,2.305786251121364,2.305786251121364,1.4184057881010363,0.9469131685036069,1.4302476358667375,1.2546543781053234,2.093221047694984,1.7165599009143984
2024-07-17,2.28806658983638,2.28806658983638,1.4184057881010363,0.946439711919355,1.4192563726267549,1.2450125257441444,2.0771349217838266,1.703368365920729
2024-07-18,2.2728726179150143,2.2728726179150143,1.4184057881010363,0.946439711919355,1.4098317599119423,1.2367449843002316,2.0633416476638073,1.6920570993524808
2024-07-19,2.2963056037569665,2.2963056037569665,1.4184057881010363,0.946439711919355,1.4243669201356846,1.249495645062645,2.0846143997026654,1.7095019617439657
2024-07-22,2.292703573401745,2.292703573401745,1.4161808487478411,0.9444818880254384,1.4221326300329613,1.2475356614982323,2.0813444323540793,1.7068204031794445
2024-07-23,2.240745093882778,2.240745093882778,1.4161808487478411,0.9440096470814258,1.3899034967127792,1.2192633384342602,2.0341758871854028,1.668139522672257
2024-07-24,2.229070118080079,2.229070118080079,1.4161808487478411,0.9440096470814258,1.3826616691008353,1.2129105988869557,2.0235772009153057,1.6594479992071864
2024-07-25,2.2540349691833326,2.2540349691833326,1.4161808487478411,0.9440096470814258,1.3981470243686225,1.226494798081574,2.0462405990323203,1.678033270203274
2024-07-26,2.2553601542109663,2.2553601542109663,1.4170134452615777,0.9440926413893791,1.3989690184940267,1.227215874979275,2.047443618258662,1.6790198141548751
2024-07-29,2.2439332464233956,2.2439332464233956,1.4098340677495116,0.9393093434598053,1.3918810640747945,1.2209981174239468,2.0370701311761623,1.670512966787713
2024-07-30,2.2804077808771406,2.2804077808771406,1.4098340677495116,0.9388396887880754,1.4145057183099554,1.2408451150888384,2.0701821610472417,1.697666708040776
2024-07-31,2.2481149643926965,2.2481149643926965,1.3898694310713116,0.9250753757966828,1.394474926466222,1.2232735281458356,2.040866346052805,1.6736260781524563
2024-08-01,2.206258724980934,2.206258724980934,1.3898694310713116,0.9246128381087845,1.3685120743432935,1.2004981672452089,2.0028687383944836,1.6424658862038912
2024-08-02,2.1420040649269114,2.1420040649269114,1.3898694310713116,0.9246128381087845,1.3286557886225363,1.1655350866425545,1.944537569678322,1.5946310217007393
2024-08-05,2.1617527621979895,2.1617527621979895,1.3898694310713116,0.9246128381087845,1.3409056350988395,1.176281004431328,1.944537569678322,1.593833706189889
2024-08-06,2.1473035116692767,2.1473035116692767,1.380579482672527,0.9179703788186337,1.3319429628655883,1.168418690469063,1.9315401950487605,1.5823835347534951
2024-08-07,2.196943370068745,2.196943370068745,1.380579482672527,0.9175113936292245,1.362733887256811,1.195429375279562,1.9761921882365168,1.6189639688523294
2024-08-08,2.2066309563404443,2.2066309563404443,1.386667251262989,0.9210984731151219,1.3687429643582183,1.2007007106096037,1.9761921882365168,1.6181544868679034
2024-08-09,2.207790331568603,2.207790331568603,1.3873958133527182,0.9215824229796681,1.3694621089356265,1.2013315649245553,1.9772304897533781,1.618195596295701
2024-08-12,2.2440990562228724,2.2440990562228724,1.4102125509084624,0.9367385190834179,1.3919839136227914,1.2210883400066972,2.00974748939957,1.644808004866631
2024-08-13,2.2511786949153008,2.2511786949153008,1.414661461179279,0.9396937229751539,1.3919839136227914,1.220477795836694,2.00974748939957,1.6439856008641978
2024-08-14,2.2897642648971583,2.2897642648971583,1.4389089893449734,0.955800226644217,1.4158427449248232,1.2407867454105426,2.0441948891431996,1.6713417893847726
2024-08-15,2.2948981605136813,2.2948981605136813,1.4421351767155348,0.9579432326597559,1.4158427449248232,1.2401663520378374,2.0441948891431996,1.6705061184900802
2024-08-16,2.3168406688757925,2.3168406688757925,1.4559240514110865,0.967102539924336,1.4293802263714916,1.251404032756626,2.0637403156987593,1.685643292924403
2024-08-19,2.3130733460683635,2.3130733460683635,1.453556631001712,0.9655299728053605,1.4270559678242216,1.249369174245531,2.0603845493465935,1.682902335158971
2024-08-20,2.3210218694978253,2.3210218694978253,1.453556631001712,0.9650472078189578,1.431959827796792,1.2536624406784427,2.0674647463027425,1.6886853721142165
2024-08-21,2.3028055548353175,2.3028055548353175,1.44214853299192,0.9569906049558949,1.4207212301988896,1.2438231928022876,2.0512384500893246,1.675431889021848
2024-08-22,2.327273752561047,2.327273752561047,1.44214853299192,0.956512109653417,1.4358169415587374,1.257039294245777,2.073033650241599,1.6932339994303887
2024-08-23,2.3217259791299205,2.3217259791299205,1.4387107280038876,0.953753712526812,1.4323942298680412,1.2540427541134336,2.068091936361147,1.6891976549374457
2024-08-26,2.3249136143232705,2.3249136143232705,1.4387107280038876,0.9532768356705486,1.4343608487967703,1.2557645037311365,2.0709313423456117,1.6915168545078536
2024-08-27,2.311417317462682,2.311417317462682,1.430358904967527,0.9472663541519334,1.4260342771335037,1.2484746971658813,2.058909431509011,1.6816974730596652
2024-08-28,2.3116234803490814,2.3116234803490814,1.430358904967527,0.9467927209748574,1.4261614698046226,1.2485860527160972,2.0590930723894476,1.6818474691691854
2024-08-29,2.333690669402842,2.333690669402842,1.4440133779554383,0.9553575845845107,1.4397758732932975,1.260505288140637,2.078749559050867,1.6979026989145332
2024-08-30,2.2856658398380474,2.2856658398380474,1.4142971446624721,0.935697358927935,1.4101468432624635,1.2345654528307728,2.035971141760946,1.662961698034652
2024-09-03,2.2809874684912224,2.2809874684912224,1.4142971446624721,0.9352295102484711,1.4072605112049295,1.2320385061793266,2.031803853224468,1.6595578967338005
2024-09-04,2.275439177712827,2.275439177712827,1.4142971446624721,0.9352295102484711,1.4038374803356355,1.2290416866102196,2.0268616785137015,1.655521175839077
2024-09-05,2.23714383954846,2.23714383954846,1.4142971446624721,0.9352295102484711,1.3802110825993956,1.2083570787912792,1.9927498665385301,1.627658975043733
2024-09-06,2.2621909488673664,2.2621909488673664,1.4142971446624721,0.9352295102484711,1.3956639548098881,1.2218858699730157,2.0150607358130337,1.645882279044627
2024-09-09,2.272044344938541,2.272044344938541,1.4204573805769813,0.9388354626635023,1.4017430303785925,1.2272080225687743,2.023837709988171,1.653051227355588
2024-09-10,2.2953536847833806,2.2953536847833806,1.4350301259957663,0.9484671562113687,1.4161237816799557,1.2397981856622429,2.044600650235357,1.6700101977758608
2024-09-11,2.314687469545319,2.314687469545319,1.4471173976728182,0.9564561036112935,1.4161237816799557,1.2391782865694119,2.061822339928682,1.6840767087140596
2024-09-12,2.3267768405098894,2.3267768405098894,1.4546755407396172,0.961451573971772,1.4235200483266328,1.2450307962276645,2.0725910227242617,1.6928724655202416
2024-09-13,2.3302130610656357,2.3302130610656357,1.456823828408638,0.9628714607457493,1.4256223250754871,1.2468694772477134,2.075651857674974,1.6953725261461685
2024-09-16,2.3311654973864924,2.3311654973864924,1.4574192812238544,0.9632650186426014,1.426205024788622,1.2473791146698618,2.076500246284468,1.6960654818240264
2024-09-17,2.32425166849354,2.32425166849354,1.4530968306955807,0.9604081431762614,1.421975150282195,1.2436796065169062,2.0703417099578623,1.6910352484297346
2024-09-18,2.363913579467001,2.363913579467001,1.4530968306955807,0.9599279391046733,1.4462402729371444,1.2649022264688816,2.1056708052095026,1.7198917145282084
2024-09-19,2.3598273120686932,2.3598273120686932,1.4505850035892807,0.9577886411068557,1.4462402729371444,1.2642697753556473,2.1056708052095026,1.7190317686709444
2024-09-20,2.365724036232258,2.365724036232258,1.4505850035892807,0.9573097467863023,1.4498541305783939,1.2667967911801752,2.1109324444210205,1.722467760392787
2024-09-23,2.3724932665637333,2.3724932665637333,1.4547356753727565,0.9595703168078313,1.454002711058033,1.2704215754455157,2.1169726197380148,1.727396391471503
2024-09-24,2.3672605576189736,2.3672605576189736,1.4515271485086068,0.9574539136758812,1.4507958008007584,1.2676195669276673,2.1123034804324443,1.723586491280768
2024-09-25,2.3766460130860123,2.3766460130860123,1.4515271485086068,0.9569751867190432,1.4565477571438648,1.2726452861947144,2.120678109995153,1.730419978285585
2024-09-26,2.373198928237633,2.373198928237633,1.4494218550769868,0.9551087033331883,1.4544351818268229,1.2707994428258456,2.1176022807210395,1.7279101789904279
2024-09-27,2.3827090643963205,2.3827090643963205,1.4494218550769868,0.9546311489815218,1.4602635497940335,1.275891926050854,2.126088162700836,1.7348344451683098
2024-09-30,2.3613638334554095,2.3613638334554095,1.4364373725441768,0.9456018777180721,1.447181943159509,1.2644619918536215,2.1070418412209264,1.7192931260749746
2024-10-01,2.3623599856204334,2.3623599856204334,1.4364373725441768,0.9451290767792132,1.4477924435006413,1.2649954109451353,2.1079307064869184,1.7200184177668287
2024-10-02,2.3580411706250453,2.3580411706250453,1.4338113090728002,0.9429286478788222,1.445145620936231,1.2626827739282787,2.1040770335497583,1.716873917614349
2024-10-03,2.3794696944761453,2.3794696944761453,1.4338113090728002,0.9424571835548828,1.4582782743403853,1.274157309773776,2.1231976771838226,1.7324758817154164
2024-10-04,2.3579581363884903,2.3579581363884903,1.4208489606413583,0.9334656857215037,1.4450947326969414,1.2626383107944494,2.104002942209747,1.71681346094515
2024-10-07,2.380258390386599,2.380258390386599,1.4208489606413583,0.932998952878643,1.458761633348464,1.2745796402879348,2.123901429506858,1.7330501259035398
2024-10-08,2.396745730478601,2.396745730478601,1.430690757703423,0.9389950589343256,1.4688660401890483,1.2834082733845102,2.138613061374893,1.7450544473409353
2024-10-09,2.392551337501228,2.392551337501228,1.4281869963779754,0.9373517831245901,1.4662954707184017,1.2811622618111793,2.134870410040678,1.7420005380229875
2024-10-10,2.4068782354009994,2.4068782354009994,1.4281869963779754,0.9368831072330278,1.475075832155419,1.288834022341584,2.14765428218356,1.7524318560300098
2024-10-11,2.4265625229371794,2.4265625229371794,1.4398672064852616,0.944076821661927,1.487139515473815,1.2993745553477984,2.1652185460491005,1.766763853400832
2024-10-14,2.407709095113816,2.407709095113816,1.4286800097012946,0.9367417194139251,1.475585031608994,1.2892789307087464,2.1483956572119594,1.7530367993990663
2024-10-15,2.4181739956560677,2.4181739956560677,1.4286800097012946,0.9362733485542183,1.4819985350628626,1.2948826707155723,2.1577334741948144,1.76065622310347
2024-10-16,2.4183814519106375,2.4183814519106375,1.4288025768136379,0.935885535199311,1.4821256763959156,1.2949937592929273,2.157918587137771,1.7608072706072004
2024-10-17,2.427683873141121,2.427683873141121,1.4342985350357043,0.9394854641786962,1.4878267444997326,1.2999750154261454,2.166219125360468,1.7675803009428184
2024-10-18,2.4236971950919526,2.4236971950919526,1.4319431680339112,0.9379426660743004,1.48538347489248,1.297840230944605,2.1626618177833534,1.7646776274671347
2024-10-21,2.4224097764149017,2.4224097764149017,1.4319431680339112,0.9374736947412633,1.4845944693879838,1.2971508445986004,2.1615130557919637,1.763740266586751
2024-10-22,2.400275073542634,2.400275073542634,1.4319431680339112,0.9374736947412633,1.4710290281543588,1.285298164343902,2.1417622895465884,1.7476241382896922
2024-10-23,2.4054666533795674,2.4054666533795674,1.4319431680339112,0.9374736947412633,1.4742107320874993,1.2880781490664892,2.1463947294033683,1.7514040926536276
2024-10-24,2.404635793666751,2.404635793666751,1.4314485679995725,0.9366811499858962,1.4737015326339244,1.287633240699327,2.1456533543749687,1.7507991492845714
2024-10-25,2.4120695565642993,2.4120695565642993,1.4314485679995725,0.9362128094109033,1.4782573775582193,1.291613868549736,2.1522864912261968,1.7562116220554123
2024-10-28,2.4159734590505475,2.4159734590505475,1.4337653484623671,0.9372599509825136,1.4806499174565233,1.293704328411883,2.1557699382774436,1.7590540272004305
2024-10-29,2.40866385949738,2.40866385949738,1.4294274487593688,0.9344242431260225,1.4761701670956517,1.289790187490564,2.1492475922150174,1.7537319569255878
2024-10-30,2.361446609018331,2.361446609018331,1.4294274487593688,0.9339570310044595,1.447232672868458,1.2645063164730155,2.1071157017467947,1.71935339440564
2024-10-31,2.3714133041412535,2.3714133041412535,1.4294274487593688,0.9339570310044595,1.45334084688659,1.2698432776768664,2.116008970689582,1.72661007809485
2024-11-01,2.366305275888143,2.366305275888143,1.4263484596260603,0.9314783074703935,1.4502103482534199,1.2671080331169797,2.1114510838011,1.7228909570771802
2024-11-04,2.394918201253493,2.394918201253493,1.4263484596260603,0.9310125683166584,1.4677460233336606,1.2824296688969634,2.1369823594522153,1.7437238356029585
2024-11-05,2.4544692692813634,2.4544692692813634,1.4618154639296652,0.9536972442648655,1.5042424027245853,1.3143180467185818,2.190119699088905,1.7870825677306197
2024-11-06,2.4734478951436447,2.4734478951436447,1.4731186198162904,0.961071491484547,1.5042424027245853,1.3136608876952225,2.190119699088905,1.7861890264467544
2024-11-07,2.4841621570691945,2.4841621570691945,1.4794997442261093,0.9652345756187072,1.5107583463731067,1.318694456818615,2.199606665097131,1.7930331869270433
2024-11-08,2.4865290208214588,2.4865290208214588,1.4809093842152414,0.9661542332678518,1.5121977689801558,1.3199508845044141,2.2017024096402324,1.7947415557807704
2024-11-11,2.478804767432785,2.478804767432785,1.4763090279621847,0.9631529330425944,1.5075002172348997,1.3158505361846717,2.2017024096402324,1.7938441850028801
2024-11-12,2.4800091518732814,2.4800091518732814,1.4763090279621847,0.9626713565760732,1.5082326709680602,1.3164898725021668,2.2027721575121153,1.7938188434614075
2024-11-13,2.4640619223293374,2.4640619223293374,1.4668159021287874,0.9559997449114637,1.4985342661894183,1.3080244335044067,2.188607647997172,1.782284030843751
2024-11-14,2.4325008935558388,2.4325008935558388,1.4668159021287874,0.955521745039008,1.47934023430869,1.2912705539009077,2.1605747855409234,1.7594555795494624
2024-11-15,2.442467847352395,2.442467847352395,1.4668159021287874,0.955521745039008,1.4854016979668547,1.2965614189458823,2.1605747855409234,1.7585758517596877
2024-11-18,2.451396485181565,2.451396485181565,1.4721779657344034,0.958536970822832,1.4908317034452714,1.3013011035831197,2.1684729405908834,1.76412517942132
2024-11-19,2.4522270862207476,2.4522270862207476,1.4726767804123195,0.9588617497024922,1.4913368385262804,1.3017420204464092,2.1692076792954467,1.7647229139029237
2024-11-20,2.4653912461351166,2.4653912461351166,1.4805824726495762,0.9640091561069736,1.4993427025585573,1.3087300927259713,2.180852521218195,1.774196381826717
2024-11-21,2.473032206613601,2.473032206613601,1.4851712259261147,0.9669968992792825,1.5039895992131607,1.3127862257763334,2.1876116138977664,1.7796951295227914
2024-11-22,2.4814209925683475,2.4814209925683475,1.4902090832929231,0.9702770547035684,1.5090912904860134,1.3172393350496079,2.1950322231126522,1.78573204301965
2024-11-25,2.4943776962281468,2.4943776962281468,1.4979901883698907,0.9753433422474185,1.5169709887334977,1.3241172810992237,2.206493551973719,1.7950562169371382
2024-11-26,2.486819769986217,2.486819769986217,1.493451301026585,0.9723880668485043,1.5123745898556005,1.3201052260037403,2.199807910282676,1.7896172240740111
2024-11-27,2.502267759416296,2.502267759416296,1.493451301026585,0.9719018728150801,1.5217693787182203,1.3283056480142226,2.2134729976188763,1.8007342291320558
2024-11-29,2.506752642884794,2.506752642884794,1.4961280549534084,0.9731578883912442,1.5244968879161456,1.3306864068356852,2.217440266276529,1.803961734719738
2024-12-02,2.50791563954383,2.50791563954383,1.4968221768622214,0.9736093806340572,1.5252041714179263,1.3313037728329915,2.2184690377544856,1.80479867468526
2024-12-03,2.523488568339192,2.523488568339192,1.5061167100642372,0.9796550184218852,1.5346749429165247,1.3395705177475439,2.2322446448023965,1.8160055912209174
2024-12-04,2.5193355631432794,2.5193355631432794,1.5036380340753603,0.9780427613137083,1.5321492675114787,1.3373659334310957,2.2285709512795786,1.8130169188128984
2024-12-05,2.5241117131238044,2.5241117131238044,1.5036380340753603,0.9775537399330515,1.5350539122127413,1.339901308380887,2.2327958704452784,1.8164540316962159
2024-12-06,2.511113363008911,2.511113363008911,1.4958947897841663,0.9720308808940165,1.527148886419931,1.3330012546965815,2.221297701680308,1.8070998872861903
2024-12-09,2.503306334057317,2.503306334057317,1.4958947897841663,0.9715448654535696,1.522400994211915,1.3288569657364617,2.21439170702368,1.8014816299242207
2024-12-10,2.522658225973644,2.522658225973644,1.4958947897841663,0.9715448654535696,1.534169965149462,1.3391297381987557,2.2315101349171127,1.8154080428914416
2024-12-11,2.5096603932060186,2.5096603932060186,1.4881872889759376,0.966053271163014,1.5262652539845438,1.3322299591434525,2.2200124237907,1.806054270785671
2024-12-12,2.5091619291130556,2.5091619291130556,1.4881872889759376,0.9655702445274326,1.5259621100103598,1.3319653540996783,2.2195714890402503,1.8056955556358576
2024-12-13,2.5198759323649718,2.5198759323649718,1.4881872889759376,0.9655702445274326,1.5324778963449353,1.3376527834240615,2.2290489547532117,1.8134057906073773
2024-12-16,2.509493548712007,2.509493548712007,1.4820556651197136,0.9611091203949771,1.526163786489293,1.3321413912901914,2.2198648353558066,1.8059342026633933
2024-12-17,2.4347024648558966,2.4347024648558966,1.4820556651197136,0.9606285658347796,1.4806791333041658,1.2924392376204532,2.1537056307882,1.7521114795648067
2024-12-18,2.433954380706001,2.433954380706001,1.4820556651197136,0.9606285658347796,1.4802241813719708,1.2920421240830402,2.1537056307882,1.7512354238250245
2024-12-19,2.4631886401405247,2.4631886401405247,1.4820556651197136,0.9606285658347796,1.4980031743072992,1.307560859748423,2.1795738186454408,1.7713939187969243
2024-12-20,2.477938986779362,2.477938986779362,1.4909306795795567,0.9659007968934255,1.5069736874572182,1.3153909445492222,2.1795738186454408,1.7705082218375259
2024-12-23,2.5054815206466943,2.5054815206466943,1.5075025197076852,0.9766368785939266,1.5237238471848855,1.3300116433768865,2.203799994526557,1.7893023395442842
2024-12-24,2.5056481064670724,2.5056481064670724,1.507602751356531,0.9767018137588006,1.5238251573661905,1.3301000739156466,2.2039465219812646,1.7894213076530812
2024-12-26,2.4792721906896547,2.4792721906896547,1.4917328440487367,0.9664204798744203,1.5077844835355498,1.3160986634883052,2.1807464933373084,1.7705848135822828
2024-12-27,2.4509797619569884,2.4509797619569884,1.4917328440487367,0.9659372696344831,1.4905782706780648,1.3010798899217197,2.155860716382905,1.7503796320610545
2024-12-30,2.4420630231149887,2.4420630231149887,1.4917328440487367,0.9659372696344831,1.4851555016411702,1.2963465217515369,2.1480176295952917,1.7440116977779163
2024-12-31,2.436063088171408,2.436063088171408,1.4917328440487367,0.9659372696344831,1.4815066046607874,1.293161511896662,2.1427401384276816,1.7397268137972546
2025-01-02,2.46652190858989,2.46652190858989,1.4917328440487367,0.9659372696344831,1.5000303218170745,1.309330294410632,2.169531454874594,1.7614791349321086
2025-01-03,2.4807305926388654,2.4807305926388654,1.5003261432173969,0.9710186940940747,1.5086714195638067,1.31687284264596,2.1820292911473116,1.7716263387335218
2025-01-06,2.452688559984034,2.452688559984034,1.483366544772551,0.960042355910059,1.4916174866061709,1.3019869895165168,2.157363760429176,1.751599978841665
2025-01-07,2.4562717071639644,2.4562717071639644,1.483366544772551,0.9595623347321041,1.4937965993879023,1.303889069986865,2.1605154658680092,1.7541589015793293
2025-01-08,2.418770238382734,2.418770238382734,1.460719040423719,0.9444323026032314,1.4709898527344003,1.2839817628637626,2.127529496498943,1.727377037385303
2025-01-10,2.422521006077579,2.422521006077579,1.460719040423719,0.9439600864519299,1.4732709049532213,1.2859728231308758,2.130828639500898,1.7300556671641174
2025-01-13,2.4258542745269422,2.4258542745269422,1.4627289171920168,0.9447869485511393,1.4752980524629955,1.287742257793084,2.13376055375767,1.7324361377385864
2025-01-14,2.4699806337518053,2.4699806337518053,1.4893359983866183,0.9619726503966715,1.5021337665907197,1.3111663266059126,2.1725737197766035,1.7639492010543516
2025-01-15,2.465230609808327,2.465230609808327,1.4864718538036403,0.9601226791621137,1.4992450105980157,1.3086448204207404,2.168395639573507,1.7605569473558436
2025-01-16,2.4899812791425235,2.4899812791425235,1.4864718538036403,0.9596426178225327,1.5142972809051496,1.3217834838371667,2.1901661154256504,1.7782327634335187
2025-01-17,2.512773013045474,2.512773013045474,1.5000780890110734,0.9679467658432519,1.5281582126982745,1.333882264536155,2.2102135285223588,1.7945095958342998
2025-01-21,2.5268986628578944,2.5268986628578944,1.5085108354894246,0.9733881156907636,1.5367488126683,1.3413807348166038,2.2226383285948255,1.8045975003144026
2025-01-22,2.5406906236822904,2.5406906236822904,1.5167443759364785,0.9787009250075235,1.5451364776478236,1.3487020693905303,2.23476961870367,1.814447099110735
2025-01-23,2.5332736745709603,2.5332736745709603,1.51231659722688,0.9758438376910552,1.540625814870565,1.3447648506981902,2.2282457340626314,1.809150247272946
2025-01-24,2.4974396160353143,2.4974396160353143,1.51231659722688,0.9753559157722097,1.5188331139137883,1.3257426728496955,2.196726404403262,1.7835591725654187
2025-01-27,2.5188984047016074,2.5188984047016074,1.51231659722688,0.9753559157722097,1.531883406942528,1.3371338719241022,2.2156013703352064,1.7988840753627358
2025-01-28,2.5076062658774174,2.5076062658774174,1.5055369315880684,0.9704957492759462,1.525016023938362,1.3311395446895813,2.2056689021553892,1.7908197371307113
2025-01-29,2.5210647963874235,2.5210647963874235,1.5055369315880684,0.9700105014013083,1.5332009112413298,1.3382838808714865,2.217506909827715,1.8004312149763615
2025-01-30,2.507647912332512,2.507647912332512,1.4975245970854214,0.9643631859838888,1.5250413514836885,1.3311616523242715,2.2057055340190663,1.7908494791579106
2025-01-31,2.490772303115685,2.490772303115685,1.4975245970854214,0.963881004390897,1.5147783469524019,1.3222033915817757,2.190861893308407,1.7787976772172165
2025-02-03,2.5074815851857686,2.5074815851857686,1.4975245970854214,0.963881004390897,1.52494019861633,1.3310733591000128,2.2055592340914623,1.790730695782202
2025-02-04,2.5176482350278713,2.5176482350278713,1.5035963498346547,0.9673071446973471,1.5311231086409036,1.3364702309398986,2.2145017318435896,1.7979912603474943
2025-02-05,2.5263983880494933,2.5263983880494933,1.5088221387120513,0.9706690462597855,1.5364445674964937,1.3411151685713216,2.222198291176496,1.8042402265218358
2025-02-06,2.5032729651585184,2.5032729651585184,1.4950111142156652,0.9617840136029734,1.522380700712867,1.3288392521658106,2.201857368116165,1.7877250884372842
2025-02-07,2.5202732550669946,2.5202732550669946,1.4950111142156652,0.9613031215961719,1.532719530566186,1.3378636984978751,2.216810676890751,1.7998659317264878
2025-02-10,2.5221902853695117,2.5221902853695117,1.4961482851961487,0.9615536793240091,1.5338853842209228,1.3388813362661216,2.2184968802554055,1.801234988643094
2025-02-11,2.514064829174307,2.514064829174307,1.491328312879464,0.9584559502010296,1.528943838545226,1.3345680131550488,2.2113497988776527,1.7954321528767414
2025-02-12,2.5406073307721027,2.5406073307721027,1.491328312879464,0.9579767222259291,1.5450858225571718,1.3486578541211502,2.2346963549763164,1.814387615056337
2025-02-13,2.5404821327331852,2.5404821327331852,1.4912548220342268,0.9574505259372083,1.545009682607247,1.348591393902579,2.234586231858182,1.8142982042416511
2025-02-14,2.54794072829961,2.54794072829961,1.4912548220342268,0.9569718006742397,1.5495456729298318,1.3525507202296092,2.2411467483628975,1.8196247981066394
2025-02-18,2.5539406632431914,2.5539406632431914,1.4947664547096375,0.9587468085397168,1.5531945699102145,1.3557357300844841,2.2464242395305076,1.823909682087301
2025-02-19,2.543315902395049,2.543315902395049,1.4885480110575646,0.9547582837860843,1.5467330568870523,1.3500956742630081,2.2370787912779346,1.816321955222817
2025-02-20,2.4998147573438714,2.4998147573438714,1.4885480110575646,0.9542809046441914,1.5202775705671134,1.327003494599532,2.1988155582683615,1.7852553917812168
2025-02-21,2.4884393256094923,2.4884393256094923,1.4885480110575646,0.9542809046441914,1.513359532472295,1.320964952095631,2.1888098263611906,1.7771315694947936
2025-02-24,2.476063861605577,2.476063861605577,1.4885480110575646,0.9542809046441914,1.505833318661755,1.3143955517301673,2.177924474671567,1.768293569089412
2025-02-25,2.4773140312793136,2.4773140312793136,1.4885480110575646,0.9542809046441914,1.5065936169633798,1.315059192714371,2.179024113163184,1.7691863841046538
2025-02-26,2.4377713688511853,2.4377713688511853,1.4647879423839478,0.9385716187321079,1.4825455059610009,1.294068336862456,2.1442427274197433,1.740946791111688
2025-02-27,2.4758139828750103,2.4758139828750103,1.4647879423839478,0.9381023329227419,1.505681353389798,1.3142629059220274,2.1777046834895057,1.7681151169262166
2025-02-28,2.43243803586275,2.43243803586275,1.439125043388902,0.9211978478479211,1.4793020070197838,1.2912371864771224,2.139551573598067,1.7371379642993023
2025-03-03,2.4036453323216813,2.4036453323216813,1.439125043388902,0.9207372489239972,1.4617915489904916,1.2759528466652543,2.1142257592253335,1.7165755089855064
2025-03-04,2.4294793268356023,2.4294793268356023,1.439125043388902,0.9207372489239972,1.4775026501039992,1.289666583212623,2.136949118587283,1.7350249872365382
2025-03-05,2.3863535172275436,2.3863535172275436,1.413579062430004,0.9039328271283303,1.4512754263198888,1.2667736468903597,2.0990160274050096,1.704226471505908
2025-03-06,2.3997284961537266,2.3997284961537266,1.413579062430004,0.9034808607147662,1.4594095012182582,1.2738736304883838,2.1107805438228784,1.7137782805640718
2025-03-07,2.3358102411608863,2.3358102411608863,1.3759275084688958,0.8789643479033344,1.4205372251306274,1.2399432172467535,2.0545585965274897,1.668130734471312
2025-03-10,2.3163931634887596,2.3163931634887596,1.3759275084688958,0.8785248657293828,1.408728611078657,1.2296358415301623,2.037479502024127,1.654263929939111
2025-03-11,2.3286850759088518,2.3286850759088518,1.3759275084688958,0.8785248657293828,1.4162040124845985,1.2361608893117448,2.0482913624592936,1.6630422615570062
2025-03-12,2.297642687771779,2.297642687771779,1.3575857944225267,0.8663744835095724,1.3973253950658524,1.2196823252831126,2.0209867448666983,1.6408731825751866
2025-03-13,2.3451017980987374,2.3451017980987374,1.3575857944225267,0.8659412962678176,1.4261879420754586,1.2448755541291472,2.062731370088197,1.6747663469992444
2025-03-14,2.3631859305342067,2.3631859305342067,1.3680547477612486,0.8721859875854647,1.437185917363044,1.2544753482211568,2.078638017426796,1.6876812219279813
2025-03-17,2.337643719879581,2.337643719879581,1.353268292703741,0.8627590703306364,1.421652266380766,1.2409165024311193,2.0561713086376887,1.6694401226004325
2025-03-18,2.363102637624018,2.363102637624018,1.353268292703741,0.8623276907954711,1.4371352622723919,1.254431132951777,2.078564753699443,1.6876217378735832
2025-03-19,2.3562692562312786,2.3562692562312786,1.3493550482159586,0.8594029348805177,1.4329794997575924,1.2508036957740993,2.0725541702040875,1.6827416438827598
2025-03-20,2.3570465705018306,2.3570465705018306,1.3493550482159586,0.8589732334130774,1.4334522281656996,1.2512163258501459,2.0732378891503545,1.683296766812783
2025-03-21,2.3992577101396155,2.3992577101396155,1.373519956569495,0.873926658425902,1.4591231898363102,1.2736237180962362,2.1103664444943586,1.713442066343559
2025-03-24,2.4050253561597503,2.4050253561597503,1.3768218015016191,0.8760275163671136,1.4626308188930721,1.2766854195290513,2.115439616322951,1.7175610600110225
2025-03-25,2.3763133587925296,2.3763133587925296,1.360384842182833,0.8655692067783498,1.4451694428149713,1.2614439218415514,2.090184790406536,1.6970562414207433
2025-03-26,2.3700024981407273,2.3700024981407273,1.360384842182833,0.8651364221749607,1.4413314544713456,1.2580938599562579,2.0846338116604186,1.692549308268072
2025-03-27,2.322274367234277,2.322274367234277,1.360384842182833,0.8651364221749607,1.4123053009577688,1.232757824028996,2.042652558251194,1.6584640214322925
2025-03-28,2.3378633337949553,2.3378633337949553,1.360384842182833,0.8651364221749607,1.421785825921027,1.2410330824426217,2.056364479148631,1.6695969609923096
2025-03-31,2.3444667543269553,2.3444667543269553,1.3642273222236616,0.8671474782470334,1.4258017363377207,1.2445384470287502,2.0621727910489005,1.6743128272677283
2025-04-01,2.3593032392859574,2.3593032392859574,1.3728605596579206,0.8726350461532553,1.4348246350316995,1.2524142575584425,2.075222835602014,1.6849083782741887
2025-04-02,2.2430353902393487,2.2430353902393487,1.3052051851157918,0.8296310786557861,1.3641156344690122,1.1906945475114645,1.9729546356647842,1.6018751039919736
2025-04-03,2.1117211425796443,2.1117211425796443,1.3052051851157918,0.8292162631164582,1.284256074945065,1.1209875962170865,1.8574517529298835,1.5080963678022288
2025-04-04,2.1079597692658005,2.1079597692658005,1.3052051851157918,0.8292162631164582,1.2819685728544532,1.1189909060554253,1.8541432813166816,1.5054101639667987
2025-04-07,2.0749433132898853,2.0749433132898853,1.3052051851157918,0.8292162631164582,1.2618894140558496,1.101464426411036,1.8251022906330914,1.4818312944224257
2025-04-08,2.2928528280886464,2.2928528280886464,1.3052051851157918,0.8292162631164582,1.3944124127254458,1.2171396726647594,1.8251022906330914,1.4810903787752145
2025-04-09,2.192381919204554,2.192381919204554,1.2480121766407866,0.7924660862139069,1.3944124127254458,1.2165311028284271,1.8251022906330914,1.4810903787752145
2025-04-10,2.2315000981990796,2.2315000981990796,1.2480121766407866,0.7920698531708,1.4192926007416713,1.2376291289664265,1.8576671815687948,1.5067765971147928
2025-04-11,2.2531490119864563,2.2531490119864563,1.2601197754885292,0.799358089456532,1.4192926007416713,1.2370103144019433,1.8576671815687948,1.5060232088162355
2025-04-14,2.246838151334654,2.246838151334654,1.2565902972936196,0.7971191618549334,1.4192926007416713,1.2370103144019433,1.8576671815687948,1.5060232088162355
2025-04-15,2.1968955154464402,2.1968955154464402,1.2565902972936196,0.796720602274006,1.4192926007416713,1.2370103144019433,1.8163750236999852,1.4717943686513988
2025-04-16,2.20002986387116,2.20002986387116,1.2565902972936196,0.796720602274006,1.421317529781798,1.2381566730277702,1.8189664770277405,1.4738942028622017
2025-04-17,2.1476630680207225,2.1476630680207225,1.2266799725991047,0.7773580879792013,1.3874862413329379,1.208685119576576,1.7756700437721964,1.4388114441715458
2025-04-21,2.2035405824335346,2.2035405824335346,1.2266799725991047,0.7769694089352117,1.423585610736869,1.24013247330508,1.8218691100692765,1.476246183542982
2025-04-22,2.237685243464696,2.237685243464696,1.245687823959779,0.7886203471990182,1.4456445864212504,1.2593487760463593,1.8218691100692765,1.4755080604512107
2025-04-23,2.2847866081556565,2.2847866081556565,1.271908489559992,0.8052201324836634,1.4760741712242995,1.2858569930294734,1.8218691100692765,1.4755080604512107
2025-04-24,2.3012946421383886,2.3012946421383886,1.2810982793170018,0.8110380067933132,1.4760741712242995,1.2852140645329588,1.8218691100692765,1.4755080604512107
2025-04-25,2.302172063105348,2.302172063105348,1.2815867271977843,0.8113472334951579,1.4760741712242995,1.2852140645329588,1.822563739138914,1.4753328774561978
2025-04-28,2.316674600402692,2.316674600402692,1.2896600852272864,0.8164583169382384,1.4760741712242995,1.2852140645329588,1.822563739138914,1.4745952110174698
2025-04-29,2.317593667824746,2.317593667824746,1.2901717171024103,0.816782220968797,1.4760741712242995,1.2852140645329588,1.8232867836946616,1.4744429124527965
2025-04-30,2.3340184088972893,2.3340184088972893,1.2993151388707374,0.8225707406210192,1.4760741712242995,1.2852140645329588,1.836208381530784,1.4848922605846515
2025-05-01,2.3686648967786574,2.3686648967786574,1.3186023501632274,0.8347810929849316,1.4979852177226365,1.3036493505207576,1.8634653094092704,1.5069342040052218
2025-05-02,2.3550824615979047,2.3550824615979047,1.311041200008709,0.8299942782265394,1.4893954475322166,1.29617394408992,1.8527797975789333,1.4982931183981374
2025-05-05,2.335397398040822,2.335397398040822,1.311041200008709,0.8295792810874262,1.476946268140677,1.2853398153974018,1.837293253618229,1.48576956742116
2025-05-06,2.3452192359286332,2.3452192359286332,1.311041200008709,0.8295792810874262,1.4831577706570602,1.2907454903836688,1.8450202453946802,1.492018177547255
2025-05-07,2.3615604254173532,2.3615604254173532,1.3201763684179761,0.834944894413259,1.4934922254494614,1.299739240868458,1.8578761119075524,1.5024143705284454
2025-05-08,2.358551016357917,2.358551016357917,1.3184940270811167,0.8338808984628132,1.4915890223871595,1.298082943191602,1.8555085632552681,1.5004997977023462
2025-05-09,2.436495073140405,2.436495073140405,1.3184940270811167,0.8334639580135819,1.540882210726418,1.3409812523359783,1.9168283582530006,1.5500874642921603
2025-05-12,2.45258586655129,2.45258586655129,1.3272014590136192,0.8385514835689559,1.540882210726418,1.3403107617098104,1.9168283582530006,1.5493124205600142
2025-05-13,2.4557199563023753,2.4557199563023753,1.3288974520253416,0.8396230446695288,1.5428512602957438,1.3413533513458917,1.9168283582530006,1.5493124205600142
2025-05-14,2.4677146527168556,2.4677146527168556,1.335388306759047,0.8437240918991065,1.5503871490816177,1.3479050455619397,1.9168283582530006,1.5493124205600142
2025-05-15,2.4833452657326283,2.4833452657326283,1.3438467149569957,0.8490682773615705,1.5602073693916285,1.35644273533332,1.9168283582530006,1.5493124205600142
2025-05-16,2.4860615975645985,2.4860615975645985,1.3453166408909754,0.8499970049215834,1.5619139548593977,1.3579264390418107,1.9168283582530006,1.5493124205600142
2025-05-19,2.4777030764250454,2.4777030764250454,1.340793479601128,0.847139184366713,1.5566625601141328,1.3533608816727543,1.9168283582530006,1.5493124205600142
2025-05-20,2.435951599835105,2.435951599835105,1.340793479601128,0.8467156147745297,1.5304314265067849,1.3305555602012125,1.9168283582530006,1.5493124205600142
2025-05-21,2.43691334840679,2.43691334840679,1.340793479601128,0.8467156147745297,1.531035662748016,1.3310808825884297,1.9175851495356517,1.5491494550777718
2025-05-22,2.420279340364238,2.420279340364238,1.331641422742944,0.8405127021236672,1.5205850410448543,1.3219951224727742,1.9044959985321874,1.538575191322466
2025-05-23,2.4705986050637416,2.4705986050637416,1.331641422742944,0.8400924457726054,1.5521990452229533,1.3494803062652982,1.9440917743879051,1.5705632230430495
2025-05-27,2.456305076062773,2.456305076062773,1.3239372755553531,0.8348120852467263,1.5432188725543954,1.3416729530779756,1.9440917743879051,1.569777941431528
2025-05-28,2.4660011985643986,2.4660011985643986,1.3239372755553531,0.834394679204103,1.5493106399740566,1.3469691296144073,1.9517659644478316,1.575189660271788
2025-05-29,2.4632429616037,2.4632429616037,1.3224564438634587,0.8330442064689615,1.547577726837896,1.3454625366571997,1.9495829026452227,1.5734278012979963
2025-05-30,2.477118215338285,2.477118215338285,1.3224564438634587,0.8326276843657271,1.556295110371954,1.3530414212323303,1.9605647496950158,1.5822907962669728
2025-06-02,2.4912441238243392,2.4912441238243392,1.3299978274708846,0.8369594775777324,1.5651699723669459,1.3607572174247855,1.9717449824605295,1.5913139001495387
2025-06-03,2.4905754524801207,2.4905754524801207,1.3296408446177799,0.8367348304572128,1.5647498672879836,1.3603919784869274,1.9717449824605295,1.590518243199464
2025-06-04,2.478538850936912,2.478538850936912,1.3296408446177799,0.8363164630419841,1.5571876508337184,1.3538173950221628,1.9717449824605295,1.590518243199464
2025-06-05,2.5039910431668617,2.5039910431668617,1.3296408446177799,0.8363164630419841,1.5731784590520934,1.3677197877844667,1.9919928927577815,1.6060560651816171
2025-06-06,2.506247711950988,2.506247711950988,1.33083915520932,0.8366520172731925,1.5745962527499147,1.3689524162153661,1.9937881340752595,1.6075034891241837
2025-06-09,2.5204574306944996,2.5204574306944996,1.3383846384423623,0.8413955986019467,1.5835237700816895,1.3767139909052553,2.0050923513257186,1.6166175812192092
2025-06-10,2.5132691490757377,2.5132691490757377,1.3345675988930386,0.8389959593769863,1.5790075998537267,1.3727876370003653,2.0050923513257186,1.6158092724285997
2025-06-11,2.523257572783927,2.523257572783927,1.3345675988930386,0.8385764613972979,1.585283010886242,1.37824347311118,2.0130611404967693,1.6214230388062412
2025-06-12,2.4950474022669127,2.4950474022669127,1.3196470533501128,0.8287818381937722,1.567559452048178,1.3628346286833273,1.9905549965948872,1.6032954322953952
2025-06-13,2.5187858816707696,2.5187858816707696,1.3196470533501128,0.8283674472746754,1.5824735886425199,1.3758009642064393,2.0094936142524036,1.61854956957682
2025-06-16,2.497262683269579,2.497262683269579,1.3083705786185802,0.8208748068046653,1.5689512431105508,1.3640446504488273,1.99232235326503,1.6047189523093226
2025-06-17,2.4968857957846557,2.4968857957846557,1.3083705786185802,0.820464369401263,1.5687144566114994,1.3638387885020347,1.9920216714961843,1.6044767677389944
2025-06-18,2.4910221818462595,2.4910221818462595,1.3083705786185802,0.820464369401263,1.565030533234355,1.3606359891815825,1.9920216714961843,1.603674529355125
2025-06-20,2.5156272179244423,2.5156272179244423,1.3083705786185802,0.820464369401263,1.5804891000083965,1.3740756517614932,2.0116978371493373,1.6187129643850922
2025-06-23,2.543417819806902,2.543417819806902,1.3228243918091975,0.829117959744125,1.597949057129603,1.3892553211188596,2.0116978371493373,1.6179036079028997
2025-06-24,2.5448428528573093,2.5448428528573093,1.3235655474555614,0.829582500208582,1.5988443603713838,1.390033696866891,2.012824956682371,1.6180011395306828
2025-06-25,2.564753479823351,2.564753479823351,1.3339210080494852,0.8360730808276029,1.6113535782196968,1.400909198423881,2.0285731223561156,1.6306602383365894
2025-06-26,2.5774957430404584,2.5774957430404584,1.340548222995916,0.8402268770300266,1.6193591396083562,1.4078692255337044,2.038651522827568,1.6387617194879034
2025-06-27,2.5898194723175485,2.5898194723175485,1.3469577596276228,0.8442442371330693,1.6271017493460445,1.4146006427396771,2.0483988869213756,1.646597098395961
2025-06-30,2.5889816284166103,2.5889816284166103,1.3465219993919042,0.8439711119625526,1.626575358494687,1.4141429990569991,2.047736200377993,1.6460644005183906
2025-07-01,2.6007179098705975,2.6007179098705975,1.3465219993919042,0.8435491264065713,1.6339488933254802,1.4205535429059597,2.0570189268861188,1.6535262823965124
2025-07-02,2.62121520863884,2.62121520863884,1.3571344782058485,0.8497757001336697,1.6468266985312736,1.4317494939449855,2.073231116357453,1.6665583848412981
2025-07-03,2.6016819865049894,2.6016819865049894,1.3470211501811467,0.8434431954770686,1.6345545922149551,1.4210801369181056,2.0577814562924748,1.654139238552642
2025-07-07,2.6002566947809482,2.6002566947809482,1.3470211501811467,0.8430214738793301,1.6336591264567026,1.4203016198784155,2.0566541321634104,1.6532330436451361
2025-07-08,2.6158498001197725,2.6158498001197725,1.3470211501811467,0.8430214738793301,1.6434557818783386,1.4288188223592777,2.0689873854890224,1.663147079075148
2025-07-09,2.6232274308387153,2.6232274308387153,1.3508202309296617,0.8449775847941138,1.6480909141634779,1.4328486017583697,2.0748226688801368,1.6678377478513686
2025-07-10,2.6140054571084455,2.6140054571084455,1.3460714132947502,0.842007060394273,1.642297039436172,1.4278114128324195,2.0675286157902515,1.6619744529970144
2025-07-11,2.6189934607953207,2.6189934607953207,1.3460714132947502,0.8415860568640758,1.6454308445571122,1.4305359398880169,2.0714738410499147,1.665145806245914
2025-07-14,2.607801946014806,2.607801946014806,1.3403193645237153,0.83756898803906,1.638399569415408,1.4244229562723754,2.062621993782408,1.6580302848896085
2025-07-15,2.6165202821794304,2.6165202821794304,1.3403193645237153,0.8371502035450405,1.6438770245726022,1.4291850503387475,2.0695176984005537,1.6635733689481529
2025-07-16,2.6325324388055407,2.6325324388055407,1.348521633674821,0.8418546845380511,1.6539369566781525,1.437931145306778,2.0821823972958726,1.6737538355487924
2025-07-17,2.6306048028840245,2.6306048028840245,1.347534197127527,0.8412382479438838,1.652725883932146,1.4368782398658035,2.0806577476752217,1.6725282521639042
2025-07-18,2.635592547897266,2.635592547897266,1.347534197127527,0.840817628819912,1.6558595265366147,1.4396026256297423,2.0846027683388546,1.6756994409491182
2025-07-21,2.6359696940558233,2.6359696940558233,1.3477270256231064,0.840517538731934,1.6560964755521377,1.4398086288681937,2.0849010693515906,1.675939229002683
2025-07-22,2.658394887419216,2.658394887419216,1.3591926502920175,0.8476681400358455,1.6701855160204093,1.4520576266398528,2.1026381130396063,1.6901970792960426
2025-07-23,2.659275412469785,2.659275412469785,1.3596428479593377,0.8479489083428428,1.6707387220895729,1.4525385834462239,2.103334557928052,1.6907569136817322
2025-07-24,2.6705090910526628,2.6705090910526628,1.365386439115734,0.8515309312677186,1.6777964874161402,1.4586745976022413,2.1122197543485606,1.697899242618786
2025-07-25,2.669838350319371,2.669838350319371,1.3650435006458865,0.8513170557624178,1.6773750822054054,1.458308228331113,2.111689236840999,1.697472788282096
2025-07-28,2.6627964779775253,2.6627964779775253,1.3650435006458865,0.8508913972345367,1.6729508963003412,1.4544618455050735,2.1061195190977116,1.692995593369749
2025-07-29,2.6594430329847,2.6594430329847,1.3650435006458865,0.8508913972345367,1.670844032763139,1.4526301404410915,2.103467136155935,1.6908634861499836
2025-07-30,2.649467284284583,2.649467284284583,1.3650435006458865,0.8508913972345367,1.6645765850377299,1.4471812276215554,2.0955768902326386,1.68452094411587
2025-07-31,2.6060411545873023,2.6060411545873023,1.3650435006458865,0.8508913972345367,1.637293319793553,1.4234611839512923,2.0955768902326386,1.683678683643812
2025-08-01,2.6456523655284747,2.6456523655284747,1.3650435006458865,0.8508913972345367,1.6621797921152788,1.4450974582383709,2.0955768902326386,1.683678683643812
2025-08-04,2.632238844230807,2.632238844230807,1.35812269717725,0.8461519116312368,1.6537525004829416,1.4377707792741021,2.0849522648607333,1.6743005527711208
2025-08-05,2.652401419316489,2.652401419316489,1.35812269717725,0.8457288356754212,1.6664200093745465,1.4487838989067108,2.1009227026051853,1.6871254568200964
2025-08-06,2.6501796714729697,2.6501796714729697,1.3569850842383815,0.844597558042608,1.6650241554003848,1.4475703448497421,2.099162893381016,1.6857122592105123
2025-08-07,2.6708443320824924,2.6708443320824924,1.3569850842383815,0.8441752592635868,1.6780071087632724,1.4588577115919765,2.115531024652551,1.6988565271621776
2025-08-08,2.6655627338208827,2.6655627338208827,1.3543016444078184,0.842083813922514,1.6746888474471204,1.4559728185037026,2.1113475592038276,1.6954970360930788
2025-08-11,2.6939402661791774,2.6939402661791774,1.3543016444078184,0.8416627720155527,1.6925175544422788,1.4714730786347638,2.133824926898352,1.71354726668591
2025-08-12,2.7031624985830818,2.7031624985830818,1.3589378587539638,0.8441232256330357,1.6983115916860565,1.4765104088523728,2.141129702595183,1.719413295464219
2025-08-13,2.7034136706818193,2.7034136706818193,1.3590641283638063,0.844201659764275,1.6984693951799334,1.476647603053015,2.141328651804249,1.7195730596834418
2025-08-14,2.6970841855283596,2.6970841855283596,1.3558821602039322,0.8422251358123722,1.6944927796375235,1.4731903374551611,2.136315172713994,1.7155470342661736
2025-08-15,2.6964975137261593,2.6964975137261593,1.3558821602039322,0.8418040232444661,1.6941241922800432,1.4728698879731255,2.1358504798137243,1.7151738671712224
2025-08-18,2.681868485021728,2.681868485021728,1.3558821602039322,0.8418040232444661,1.6849332357478823,1.4648792795044094,2.1242630714002106,1.7058687120178375
2025-08-19,2.6747425437487906,2.6747425437487906,1.3558821602039322,0.8418040232444661,1.6804562319895633,1.4609869768892771,2.11861873276854,1.7013360810073792
2025-08-20,2.6640119853842905,2.6640119853842905,1.3558821602039322,0.8418040232444661,1.673714561200165,1.4551257750095206,2.110119237362065,1.6945106442349516
2025-08-21,2.704922772663318,2.704922772663318,1.3558821602039322,0.8418040232444661,1.6994175162749687,1.4774718985901385,2.142523986187041,1.7205329612848292
2025-08-22,2.693018353347149,2.693018353347149,1.3499148956514997,0.83767832486083,1.6919383457376669,1.4709695151629931,2.133094695197928,1.7129608612509868
2025-08-25,2.704293937058755,2.704293937058755,1.3499148956514997,0.8372594856983997,1.6990224387326254,1.4771284185677271,2.142025896045703,1.7201329748616252
2025-08-26,2.7104555430236656,2.7104555430236656,1.3529906129613622,0.838748512135436,1.7028935810849979,1.4804939858790547,2.146906400844831,1.724052216573151
2025-08-27,2.7200544042388595,2.7200544042388595,1.357782120851135,0.8417188728126884,1.7089242423113555,1.485737036751798,2.1545094979097366,1.7301578094124166
2025-08-28,2.7038329806427406,2.7038329806427406,1.3496847979081674,0.8366991649849831,1.6987328343803196,1.4768766368318422,2.141660780195491,1.7198397721441638
