Date,Adj Close,Close,High,Low,Open,Volume
2015-01-02,169.68785095214844,205.42999267578125,206.8800048828125,204.17999267578125,206.3800048828125,121465900
2015-01-05,166.62332153320312,201.72000122070312,204.3699951171875,201.35000610351562,204.1699981689453,169632600
2015-01-06,165.05392456054688,199.82000732421875,202.72000122070312,198.86000061035156,202.08999633789062,209151400
2015-01-07,167.11070251464844,202.30999755859375,202.72000122070312,200.8800048828125,201.4199981689453,125346700
2015-01-08,170.0760498046875,205.89999389648438,206.16000366210938,203.99000549316406,204.00999450683594,147217800
2015-01-09,168.71315002441406,204.25,206.4199981689453,203.50999450683594,206.39999389648438,158567300
2015-01-12,167.3914794921875,202.64999389648438,204.60000610351562,201.9199981689453,204.41000366210938,144396100
2015-01-13,166.9207305908203,202.0800018310547,205.47999572753906,200.50999450683594,204.1199951171875,214553300
2015-01-14,165.91293334960938,200.86000061035156,201.10000610351562,198.57000732421875,199.64999389648438,192991100
2015-01-15,164.39309692382812,199.02000427246094,202.00999450683594,198.8800048828125,201.6300048828125,176613900
2015-01-16,166.54901123046875,201.6300048828125,201.82000732421875,198.5500030517578,198.77000427246094,211879600
2015-01-20,166.90423583984375,202.05999755859375,202.72000122070312,200.1699981689453,202.39999389648438,130991100
2015-01-21,167.74673461914062,203.0800018310547,203.66000366210938,200.94000244140625,201.5,122942700
2015-01-22,170.24130249023438,206.10000610351562,206.25999450683594,202.3300018310547,203.99000549316406,174356000
2015-01-23,169.3079071044922,204.97000122070312,206.10000610351562,204.80999755859375,205.7899932861328,117516800
2015-01-26,169.7043914794922,205.4499969482422,205.55999755859375,203.85000610351562,204.7100067138672,92009700
2015-01-27,167.4658203125,202.74000549316406,204.1199951171875,201.74000549316406,202.97000122070312,134044600
2015-01-28,165.31822204589844,200.13999938964844,204.2899932861328,199.91000366210938,204.1699981689453,168514300
2015-01-29,166.84637451171875,201.99000549316406,202.3000030517578,198.67999267578125,200.3800048828125,173585400
2015-01-30,164.74830627441406,199.4499969482422,202.1699981689453,199.1300048828125,200.57000732421875,197729700
2015-02-02,166.7885284423828,201.9199981689453,202.02999877929688,197.86000061035156,200.0500030517578,163107000
2015-02-03,169.20050048828125,204.83999633789062,204.85000610351562,202.5500030517578,203.0,124212900
2015-02-04,168.55618286132812,204.05999755859375,205.3800048828125,203.50999450683594,203.9199981689453,134306700
2015-02-05,170.25778198242188,206.1199951171875,206.3000030517578,204.77000427246094,204.86000061035156,97953200
2015-02-06,169.78697204589844,205.5500030517578,207.24000549316406,204.9199981689453,206.55999755859375,125672000
2015-02-09,169.02703857421875,204.6300048828125,205.63999938964844,204.13999938964844,204.77000427246094,87219000
2015-02-10,170.82774353027344,206.80999755859375,207.1199951171875,204.67999267578125,205.8800048828125,96164200
2015-02-11,170.92691040039062,206.92999267578125,207.4499969482422,205.8300018310547,206.61000061035156,91087800
2015-02-12,172.5706329345703,208.9199981689453,208.99000549316406,206.97000122070312,207.88999938964844,97545900
2015-02-13,173.28103637695312,209.77999877929688,209.83999633789062,208.75999450683594,209.07000732421875,93670400
2015-02-17,173.55357360839844,210.11000061035156,210.32000732421875,209.10000610351562,209.39999389648438,76968200
2015-02-18,173.5701141357422,210.1300048828125,210.22000122070312,209.33999633789062,209.66000366210938,80652900
2015-02-19,173.44619750976562,209.97999572753906,210.4199981689453,209.24000549316406,209.41000366210938,91462500
2015-02-20,174.4870147705078,211.24000549316406,211.3300018310547,208.72999572753906,209.47999572753906,140896400
2015-02-23,174.4622039794922,211.2100067138672,211.2100067138672,210.47999572753906,210.94000244140625,74411100
2015-02-24,174.95779418945312,211.80999755859375,212.0500030517578,210.75999450683594,211.1199951171875,72472300
2015-02-25,174.80909729003906,211.6300048828125,212.24000549316406,211.22000122070312,211.66000366210938,73061700
2015-02-26,174.6026153564453,211.3800048828125,211.7100067138672,210.64999389648438,211.52000427246094,72697900
2015-02-27,174.00791931152344,210.66000366210938,211.5800018310547,210.60000610351562,211.25999450683594,108076000
2015-03-02,175.10655212402344,211.99000549316406,212.05999755859375,210.72000122070312,210.77999877929688,87491400
2015-03-03,174.3878936767578,211.1199951171875,212.0500030517578,210.0800018310547,211.47000122070312,110325800
2015-03-04,173.65267944335938,210.22999572753906,210.49000549316406,209.05999755859375,210.39999389648438,114497200
2015-03-05,173.8426971435547,210.4600067138672,210.8000030517578,209.85000610351562,210.6199951171875,76873000
2015-03-06,171.39767456054688,207.5,209.94000244140625,207.10000610351562,209.4199981689453,188128000
2015-03-09,172.1079864501953,208.36000061035156,208.7899932861328,207.5500030517578,207.74000549316406,89818900
2015-03-10,169.31617736816406,204.97999572753906,206.80999755859375,204.92999267578125,206.7100067138672,157121300
2015-03-11,168.919677734375,204.5,205.5,204.39999389648438,205.2899932861328,110145700
2015-03-12,171.0672607421875,207.10000610351562,207.17999267578125,205.1999969482422,205.25999450683594,93993500
2015-03-13,170.0182647705078,205.8300018310547,207.92999267578125,204.5800018310547,206.77000427246094,162410900
2015-03-16,172.28985595703125,208.5800018310547,208.69000244140625,205.86000061035156,206.7100067138672,136099200
2015-03-17,171.7776641845703,207.9600067138672,208.4199981689453,206.97999572753906,207.69000244140625,94510400
2015-03-18,173.8426971435547,210.4600067138672,211.27000427246094,206.6199951171875,207.38999938964844,228808500
2015-03-19,173.04969787597656,209.5,210.47000122070312,209.02999877929688,209.9600067138672,117917300
2015-03-20,174.5772247314453,210.41000366210938,211.02000427246094,209.49000549316406,209.7100067138672,177715100
2015-03-23,174.2369842529297,210.0,211.11000061035156,210.0,210.4199981689453,71784500
2015-03-24,173.25799560546875,208.82000732421875,210.39999389648438,208.74000549316406,209.85000610351562,77805300
2015-03-25,170.7190399169922,205.75999450683594,209.35000610351562,205.7100067138672,209.07000732421875,159521700
2015-03-26,170.31251525878906,205.27000427246094,206.3699951171875,204.1199951171875,204.9600067138672,153067200
2015-03-27,170.70249938964844,205.74000549316406,205.9499969482422,204.89999389648438,205.1300048828125,118939000
2015-03-30,172.7850341796875,208.25,208.61000061035156,206.9600067138672,206.97999572753906,96180400
2015-03-31,171.2750244140625,206.42999267578125,208.10000610351562,206.36000061035156,207.25999450683594,126768700
2015-04-01,170.6693572998047,205.6999969482422,206.4199981689453,204.50999450683594,206.38999938964844,137303600
2015-04-02,171.2833251953125,206.44000244140625,206.97999572753906,205.39999389648438,205.6199951171875,86900900
2015-04-06,172.43658447265625,207.8300018310547,208.4499969482422,205.2100067138672,205.3699951171875,114368200
2015-04-07,171.980224609375,207.27999877929688,208.75999450683594,207.24000549316406,207.86000061035156,81236300
2015-04-08,172.56101989746094,207.97999572753906,208.50999450683594,207.0800018310547,207.5500030517578,89351900
2015-04-09,173.32432556152344,208.89999389648438,209.17999267578125,207.19000244140625,207.77999877929688,85548900
2015-04-10,174.27024841308594,210.0399932861328,210.08999633789062,208.9600067138672,209.1999969482422,72722900
2015-04-13,173.48202514648438,209.08999633789062,210.6300048828125,209.02999877929688,209.8699951171875,74436600
2015-04-14,173.81382751464844,209.49000549316406,209.7100067138672,208.10000610351562,208.85000610351562,75099900
2015-04-15,174.5937957763672,210.42999267578125,211.0399932861328,209.9499969482422,210.0500030517578,99529300
2015-04-16,174.54405212402344,210.3699951171875,210.97999572753906,209.7899932861328,210.02999877929688,68934900
2015-04-17,172.53611755371094,207.9499969482422,209.22999572753906,207.00999450683594,208.94000244140625,191113200
2015-04-20,174.11257934570312,209.85000610351562,210.25,208.9600067138672,209.05999755859375,92189500
2015-04-21,173.9051513671875,209.60000610351562,210.86000061035156,209.24000549316406,210.6699981689453,72559800
2015-04-22,174.7597198486328,210.6300048828125,210.85000610351562,208.89999389648438,210.00999450683594,78264600
2015-04-23,175.19944763183594,211.16000366210938,211.94000244140625,210.00999450683594,210.14999389648438,102585900
2015-04-24,175.6060028076172,211.64999389648438,211.97000122070312,211.11000061035156,211.66000366210938,61327400
2015-04-27,174.87591552734375,210.77000427246094,212.47999572753906,210.5399932861328,212.3300018310547,79358100
2015-04-28,175.43179321289062,211.44000244140625,211.5,209.3300018310547,210.74000549316406,86863500
2015-04-29,174.70997619628906,210.57000732421875,211.2899932861328,209.60000610351562,210.3699951171875,125684900
2015-04-30,172.9592742919922,208.4600067138672,210.35000610351562,207.6199951171875,209.8800048828125,161304900
2015-05-01,174.8343963623047,210.72000122070312,210.77000427246094,209.27999877929688,209.39999389648438,103399700
2015-05-04,175.33226013183594,211.32000732421875,212.02000427246094,211.10000610351562,211.22999572753906,70927200
2015-05-05,173.32432556152344,208.89999389648438,211.4600067138672,208.72999572753906,211.02999877929688,113326200
2015-05-06,172.61080932617188,208.0399932861328,209.92999267578125,206.75999450683594,209.55999755859375,135060200
2015-05-07,173.29946899414062,208.8699951171875,209.3800048828125,207.52000427246094,207.9199981689453,88244900
2015-05-08,175.5811309814453,211.6199951171875,211.86000061035156,210.77999877929688,210.8800048828125,155877300
2015-05-11,174.7431640625,210.61000061035156,211.88999938964844,210.52000427246094,211.57000732421875,75708100
2015-05-12,174.22042846679688,209.97999572753906,210.6300048828125,208.6199951171875,209.61000061035156,119727600
2015-05-13,174.25364685058594,210.02000427246094,211.22000122070312,209.74000549316406,210.47000122070312,94667900
2015-05-14,176.07064819335938,212.2100067138672,212.32000732421875,210.91000366210938,211.24000549316406,95934000
2015-05-15,176.26150512695312,212.44000244140625,212.61000061035156,211.86000061035156,212.44000244140625,76510100
2015-05-18,176.80909729003906,213.10000610351562,213.39999389648438,212.16000366210938,212.24000549316406,74549700
2015-05-19,176.75100708007812,213.02999877929688,213.57000732421875,212.69000244140625,213.24000549316406,72114600
2015-05-20,176.62660217285156,212.8800048828125,213.77999877929688,212.5,213.14999389648438,76857500
2015-05-21,177.14096069335938,213.5,213.75,212.50999450683594,212.7100067138672,64764600
2015-05-22,176.7178192138672,212.99000549316406,213.5399932861328,212.91000366210938,213.0399932861328,57433500
2015-05-26,174.81776428222656,210.6999969482422,212.91000366210938,210.1999969482422,212.39999389648438,124308600
2015-05-27,176.47720336914062,212.6999969482422,212.97999572753906,210.75999450683594,211.25,93214000
2015-05-28,176.278076171875,212.4600067138672,212.58999633789062,211.6300048828125,212.3300018310547,74974600
2015-05-29,175.18292236328125,211.13999938964844,212.42999267578125,210.82000732421875,212.3800048828125,124919600
2015-06-01,175.53973388671875,211.57000732421875,212.33999633789062,210.6199951171875,211.94000244140625,93338800
2015-06-02,175.36546325683594,211.36000061035156,212.19000244140625,210.27000427246094,211.02000427246094,91531000
2015-06-03,175.8300323486328,211.9199981689453,212.6699981689453,211.3300018310547,212.0,87820900
2015-06-04,174.34490966796875,210.1300048828125,211.86000061035156,209.75,211.07000732421875,151882800
2015-06-05,174.04620361328125,209.77000427246094,210.5800018310547,208.97999572753906,209.9499969482422,121704700
2015-06-08,172.97579956054688,208.47999572753906,209.82000732421875,208.38999938964844,209.63999938964844,89063300
2015-06-09,172.95095825195312,208.4499969482422,209.10000610351562,207.69000244140625,208.4499969482422,105034700
2015-06-10,175.0252685546875,210.9499969482422,211.41000366210938,209.3000030517578,209.3699951171875,134551300
2015-06-11,175.58946228027344,211.6300048828125,212.08999633789062,211.1999969482422,211.47999572753906,73876400
2015-06-12,174.24525451660156,210.00999450683594,211.47999572753906,209.67999267578125,210.63999938964844,135382400
2015-06-15,173.4986114501953,209.11000061035156,209.4499969482422,207.7899932861328,208.63999938964844,124384200
2015-06-16,174.4444580078125,210.25,210.35000610351562,208.72000122070312,208.92999267578125,85308200
2015-06-17,174.72654724121094,210.58999633789062,211.32000732421875,209.36000061035156,210.58999633789062,126708600
2015-06-18,176.54359436035156,212.77999877929688,213.33999633789062,210.6300048828125,211.30999755859375,165867900
2015-06-19,175.75991821289062,210.80999755859375,211.5500030517578,210.36000061035156,211.4600067138672,130478700
2015-06-22,176.66029357910156,211.88999938964844,212.58999633789062,211.63999938964844,211.91000366210938,70696000
2015-06-23,176.78536987304688,212.0399932861328,212.44000244140625,211.57000732421875,212.13999938964844,68476800
2015-06-24,175.50143432617188,210.5,212.1699981689453,210.47000122070312,211.72000122070312,92307300
2015-06-25,174.9678192138672,209.86000061035156,211.25,209.77000427246094,211.10000610351562,97107400
2015-06-26,174.93450927734375,209.82000732421875,210.5800018310547,209.16000366210938,210.2899932861328,104174800
2015-06-29,171.26605224609375,205.4199981689453,209.8300018310547,205.3300018310547,208.0500030517578,202621300
2015-06-30,171.62452697753906,205.85000610351562,207.32000732421875,205.27999877929688,207.25999450683594,182925100
2015-07-01,173.00018310546875,207.5,208.02999877929688,206.55999755859375,207.72999572753906,135979900
2015-07-02,172.8417510986328,207.30999755859375,208.27000427246094,206.80999755859375,208.07000732421875,104373700
2015-07-06,172.34996032714844,206.72000122070312,207.64999389648438,205.52999877929688,205.77000427246094,117975400
2015-07-07,173.43380737304688,208.02000427246094,208.1699981689453,204.11000061035156,206.9600067138672,173820200
2015-07-08,170.52403259277344,204.52999877929688,206.75999450683594,204.25,206.4199981689453,164020100
2015-07-09,170.8324737548828,204.89999389648438,207.35000610351562,204.77000427246094,207.0399932861328,144113100
2015-07-10,172.98353576660156,207.47999572753906,207.97999572753906,204.9499969482422,207.2899932861328,129456900
2015-07-13,174.892822265625,209.77000427246094,209.89999389648438,208.94000244140625,208.99000549316406,106069400
2015-07-14,175.65145874023438,210.67999267578125,211.0500030517578,209.64999389648438,209.72000122070312,81709600
2015-07-15,175.59315490722656,210.61000061035156,211.27999877929688,210.0399932861328,210.72999572753906,97914100
2015-07-16,177.0021514892578,212.3000030517578,212.3000030517578,211.5800018310547,211.8699951171875,106683300
2015-07-17,177.15219116210938,212.47999572753906,212.5500030517578,211.8000030517578,212.2899932861328,89030000
2015-07-20,177.2439422607422,212.58999633789062,213.17999267578125,212.2100067138672,212.75,70446800
2015-07-21,176.5436248779297,211.75,212.74000549316406,211.38999938964844,212.42999267578125,77965000
2015-07-22,176.22679138183594,211.3699951171875,211.77000427246094,210.88999938964844,210.92999267578125,88667900
2015-07-23,175.23463439941406,210.17999267578125,211.64999389648438,209.75,211.52999877929688,90509100
2015-07-24,173.4171142578125,208.0,210.3699951171875,207.60000610351562,210.3000030517578,117755000
2015-07-27,172.40826416015625,206.7899932861328,207.5500030517578,206.25999450683594,206.94000244140625,132361100
2015-07-28,174.52597045898438,209.3300018310547,209.5,206.8000030517578,207.7899932861328,123544800
2015-07-29,175.72653198242188,210.77000427246094,211.0399932861328,209.30999755859375,209.47999572753906,105791300
2015-07-30,175.76820373535156,210.82000732421875,211.02000427246094,209.4199981689453,210.16000366210938,91304400
2015-07-31,175.50143432617188,210.5,211.4499969482422,210.16000366210938,211.4199981689453,103266900
2015-08-03,174.9094696044922,209.7899932861328,210.52999877929688,208.64999389648438,210.4600067138672,113965700
2015-08-04,174.56768798828125,209.3800048828125,210.25,208.8000030517578,209.6999969482422,81820800
2015-08-05,175.14288330078125,210.07000732421875,211.30999755859375,209.72999572753906,210.4499969482422,85786800
2015-08-06,173.70889282226562,208.35000610351562,210.4199981689453,207.64999389648438,210.2899932861328,116030800
2015-08-07,173.3753662109375,207.9499969482422,208.33999633789062,206.8699951171875,208.16000366210938,117858000
2015-08-10,175.55982971191406,210.57000732421875,210.6699981689453,209.27999877929688,209.27999877929688,80270700
2015-08-11,173.9756622314453,208.6699981689453,209.47000122070312,207.75999450683594,208.97000122070312,126081400
2015-08-12,174.18411254882812,208.9199981689453,209.13999938964844,205.36000061035156,207.11000061035156,172123700
2015-08-13,173.96734619140625,208.66000366210938,209.5500030517578,208.00999450683594,208.72999572753906,89383300
2015-08-14,174.60096740722656,209.4199981689453,209.50999450683594,208.25999450683594,208.42999267578125,72786500
2015-08-17,175.57643127441406,210.58999633789062,210.58999633789062,208.16000366210938,208.7100067138672,79072600
2015-08-18,175.06785583496094,209.97999572753906,210.67999267578125,209.6999969482422,210.25999450683594,71692700
2015-08-19,173.68394470214844,208.32000732421875,210.00999450683594,207.35000610351562,209.08999633789062,172946000
2015-08-20,170.05709838867188,203.97000122070312,208.2899932861328,203.89999389648438,206.50999450683594,194327900
2015-08-21,164.9379425048828,197.8300018310547,203.94000244140625,197.52000427246094,201.72999572753906,346588500
2015-08-24,157.9929656982422,189.5,197.47999572753906,182.39999389648438,187.49000549316406,507244300
2015-08-25,156.1337432861328,187.27000427246094,195.4499969482422,186.9199981689453,195.42999267578125,369833100
2015-08-26,162.12828063964844,194.4600067138672,194.7899932861328,188.3699951171875,192.0800018310547,339257000
2015-08-27,166.1385955810547,199.27000427246094,199.4199981689453,195.2100067138672,197.02000427246094,274143900
2015-08-28,166.1469268798828,199.27999877929688,199.83999633789062,197.9199981689453,198.5,160414400
2015-08-31,164.80459594726562,197.6699981689453,199.1300048828125,197.00999450683594,198.11000061035156,163298800
2015-09-01,159.8855438232422,191.77000427246094,194.77000427246094,190.72999572753906,193.1199951171875,256000400
2015-09-02,162.9203643798828,195.41000366210938,195.4600067138672,192.4199981689453,194.6199951171875,160269300
2015-09-03,163.03707885742188,195.5500030517578,198.0500030517578,194.9600067138672,196.25999450683594,152087800
2015-09-04,160.56924438476562,192.58999633789062,193.86000061035156,191.61000061035156,192.85000610351562,207081000
2015-09-08,164.60446166992188,197.42999267578125,197.61000061035156,195.1699981689453,195.94000244140625,116025700
2015-09-09,162.40341186523438,194.7899932861328,199.47000122070312,194.35000610351562,199.32000732421875,149347700
2015-09-10,163.2871856689453,195.85000610351562,197.22000122070312,194.25,194.55999755859375,158611100
2015-09-11,164.02923583984375,196.74000549316406,196.82000732421875,194.52999877929688,195.3800048828125,119691200
2015-09-14,163.42059326171875,196.00999450683594,197.00999450683594,195.42999267578125,196.9499969482422,79452000
2015-09-15,165.4632110595703,198.4600067138672,198.99000549316406,195.9600067138672,196.61000061035156,113806200
2015-09-16,166.8972625732422,200.17999267578125,200.41000366210938,198.41000366210938,198.82000732421875,99581600
2015-09-17,166.52207946777344,199.72999572753906,202.88999938964844,199.27999877929688,200.02000427246094,276046600
2015-09-18,163.80087280273438,195.4499969482422,198.67999267578125,194.9600067138672,195.7100067138672,223657500
2015-09-21,164.64732360839844,196.4600067138672,197.67999267578125,195.2100067138672,196.44000244140625,105726200
2015-09-22,162.5101776123047,193.91000366210938,194.4600067138672,192.55999755859375,193.8800048828125,153890900
2015-09-23,162.25045776367188,193.60000610351562,194.6699981689453,192.91000366210938,194.11000061035156,92790600
2015-09-24,161.6637725830078,192.89999389648438,193.4499969482422,190.55999755859375,192.14999389648438,159378800
2015-09-25,161.6219024658203,192.85000610351562,195.0,191.80999755859375,194.63999938964844,155054800
2015-09-28,157.56561279296875,188.00999450683594,191.91000366210938,187.63999938964844,191.77999877929688,178515900
2015-09-29,157.65782165527344,188.1199951171875,189.74000549316406,186.92999267578125,188.27000427246094,159045600
2015-09-30,160.5994415283203,191.6300048828125,191.8300018310547,189.44000244140625,190.3699951171875,163452000
2015-10-01,161.0184783935547,192.1300048828125,192.49000549316406,189.82000732421875,192.0800018310547,131079000
2015-10-02,163.42373657226562,195.0,195.02999877929688,189.1199951171875,189.77000427246094,211003300
2015-10-05,166.3318328857422,198.47000122070312,198.74000549316406,196.3300018310547,196.4600067138672,126320800
2015-10-06,165.761962890625,197.7899932861328,198.97999572753906,197.0,198.30999755859375,110274500
2015-10-07,167.11961364746094,199.41000366210938,199.8300018310547,197.47999572753906,198.89999389648438,124307300
2015-10-08,168.6281280517578,201.2100067138672,201.5500030517578,198.58999633789062,198.9499969482422,153055200
2015-10-09,168.72869873046875,201.3300018310547,201.89999389648438,200.5800018310547,201.3800048828125,107069200
2015-10-12,168.88800048828125,201.52000427246094,201.75999450683594,200.91000366210938,201.4199981689453,56395600
2015-10-13,167.82362365722656,200.25,202.16000366210938,200.0500030517578,200.64999389648438,88038700
2015-10-14,167.01907348632812,199.2899932861328,200.8699951171875,198.94000244140625,200.17999267578125,99106200
2015-10-15,169.58352661132812,202.35000610351562,202.36000061035156,199.63999938964844,200.0800018310547,134142200
2015-10-16,170.35458374023438,203.27000427246094,203.2899932861328,201.9199981689453,202.8300018310547,114580100
2015-10-19,170.43833923339844,203.3699951171875,203.3699951171875,202.1300048828125,202.5,76523900
2015-10-20,170.22048950195312,203.11000061035156,203.83999633789062,202.5500030517578,202.85000610351562,78448500
2015-10-21,169.16455078125,201.85000610351562,203.7899932861328,201.64999389648438,203.61000061035156,102038000
2015-10-22,172.02235412597656,205.25999450683594,205.50999450683594,201.85000610351562,202.97999572753906,174911700
2015-10-23,173.9080047607422,207.50999450683594,207.9499969482422,206.3000030517578,207.25,144442300
2015-10-26,173.48060607910156,207.0,207.3699951171875,206.55999755859375,207.3000030517578,69033000
2015-10-27,173.14537048339844,206.60000610351562,207.0,205.7899932861328,206.1999969482422,77905800
2015-10-28,175.11480712890625,208.9499969482422,208.97999572753906,206.2100067138672,207.0,135906700
2015-10-29,175.01422119140625,208.8300018310547,209.27000427246094,208.2100067138672,208.35000610351562,90525500
2015-10-30,174.25997924804688,207.92999267578125,209.44000244140625,207.74000549316406,209.05999755859375,131076900
2015-11-02,176.32164001464844,210.38999938964844,210.6199951171875,208.1699981689453,208.32000732421875,86270800
2015-11-03,176.8328094482422,211.0,211.66000366210938,209.6999969482422,209.97000122070312,95246100
2015-11-04,176.2965087890625,210.36000061035156,211.5,209.72000122070312,211.35000610351562,96224500
2015-11-05,176.12051391601562,210.14999389648438,210.97999572753906,209.08999633789062,210.42999267578125,78408700
2015-11-06,176.0283203125,210.0399932861328,210.32000732421875,208.4600067138672,209.74000549316406,110471500
2015-11-09,174.3856964111328,208.0800018310547,209.49000549316406,206.9499969482422,209.30999755859375,131008700
2015-11-10,174.78797912597656,208.55999755859375,208.60000610351562,207.19000244140625,207.50999450683594,75874600
2015-11-11,174.1007843017578,207.74000549316406,208.94000244140625,207.66000366210938,208.8800048828125,67846000
2015-11-12,171.67031860351562,204.83999633789062,207.05999755859375,204.82000732421875,206.5,121315200
2015-11-13,169.74278259277344,202.5399932861328,204.6699981689453,202.44000244140625,204.35000610351562,153577100
2015-11-16,172.3240203857422,205.6199951171875,205.69000244140625,202.17999267578125,202.32000732421875,117645200
2015-11-17,172.19830322265625,205.47000122070312,207.0399932861328,204.8800048828125,205.99000549316406,121123700
2015-11-18,174.9304656982422,208.72999572753906,208.89999389648438,205.99000549316406,206.0399932861328,121342500
2015-11-19,174.77960205078125,208.5500030517578,209.0500030517578,208.1999969482422,208.58999633789062,88220500
2015-11-20,175.41651916503906,209.30999755859375,210.1199951171875,208.86000061035156,209.4499969482422,94011500
2015-11-23,175.21536254882812,209.07000732421875,209.97999572753906,208.52000427246094,209.3800048828125,64931200
2015-11-24,175.45004272460938,209.35000610351562,209.8300018310547,207.41000366210938,207.8699951171875,98874400
2015-11-25,175.4248809814453,209.32000732421875,209.74000549316406,209.00999450683594,209.5,51980100
2015-11-27,175.62603759765625,209.55999755859375,209.8000030517578,208.86000061035156,209.42999267578125,37317800
2015-11-30,174.89695739746094,208.69000244140625,209.88999938964844,208.55999755859375,209.75,112822700
2015-12-01,176.5646514892578,210.67999267578125,210.82000732421875,209.11000061035156,209.44000244140625,97858400
2015-12-02,174.7628173828125,208.52999877929688,211.0,208.22999572753906,210.6199951171875,108441300
2015-12-03,172.3156280517578,205.61000061035156,209.14999389648438,204.75,208.8300018310547,166224200
2015-12-04,175.67636108398438,209.6199951171875,209.97000122070312,205.61000061035156,205.61000061035156,192913900
2015-12-07,174.6119384765625,208.35000610351562,209.72999572753906,207.1999969482422,209.22999572753906,102027100
2015-12-08,173.43869018554688,206.9499969482422,208.2899932861328,205.77999877929688,206.49000549316406,103372400
2015-12-09,172.08935546875,205.33999633789062,208.67999267578125,204.17999267578125,206.19000244140625,162401500
2015-12-10,172.5335235595703,205.8699951171875,207.42999267578125,205.13999938964844,205.4199981689453,116128900
2015-12-11,169.18966674804688,201.8800048828125,204.13999938964844,201.50999450683594,203.35000610351562,211173300
2015-12-14,170.0444793701172,202.89999389648438,203.0500030517578,199.9499969482422,202.07000732421875,182385200
2015-12-15,171.82955932617188,205.02999877929688,206.11000061035156,202.8699951171875,204.6999969482422,154069600
2015-12-16,174.34384155273438,208.02999877929688,208.38999938964844,204.8000030517578,206.3699951171875,197017000
2015-12-17,171.6871337890625,204.86000061035156,208.47999572753906,204.83999633789062,208.39999389648438,173092500
2015-12-18,168.62850952148438,200.02000427246094,202.92999267578125,199.8300018310547,202.77000427246094,251393500
2015-12-21,170.01951599121094,201.6699981689453,201.8800048828125,200.08999633789062,201.41000366210938,99094300
2015-12-22,171.56231689453125,203.5,203.85000610351562,201.5500030517578,202.72000122070312,111026200
2015-12-23,173.68682861328125,206.02000427246094,206.07000732421875,204.5800018310547,204.69000244140625,110987200
2015-12-24,173.40020751953125,205.67999267578125,206.3300018310547,205.4199981689453,205.72000122070312,48539600
2015-12-28,173.00399780273438,205.2100067138672,205.25999450683594,203.94000244140625,204.86000061035156,65899900
2015-12-29,174.85028076171875,207.39999389648438,207.7899932861328,206.47000122070312,206.50999450683594,92640700
2015-12-30,173.61094665527344,205.92999267578125,207.2100067138672,205.75999450683594,207.11000061035156,63317700
2015-12-31,171.87423706054688,203.8699951171875,205.88999938964844,203.8699951171875,205.1300048828125,114877900
2016-01-04,169.4716033935547,201.02000427246094,201.02999877929688,198.58999633789062,200.49000549316406,222353500
2016-01-05,169.7581787109375,201.36000061035156,201.89999389648438,200.0500030517578,201.39999389648438,110845800
2016-01-06,167.61685180664062,198.82000732421875,200.05999755859375,197.60000610351562,198.33999633789062,152112600
2016-01-07,163.5954132080078,194.0500030517578,197.44000244140625,193.58999633789062,195.3300018310547,213436100
2016-01-08,161.79974365234375,191.9199981689453,195.85000610351562,191.5800018310547,195.19000244140625,209817200
2016-01-11,161.95989990234375,192.11000061035156,193.41000366210938,189.82000732421875,193.00999450683594,187941300
2016-01-12,163.26666259765625,193.66000366210938,194.5500030517578,191.13999938964844,193.82000732421875,172330500
2016-01-13,159.19468688964844,188.8300018310547,194.86000061035156,188.3800048828125,194.4499969482422,221168900
2016-01-14,161.8081512451172,191.92999267578125,193.25999450683594,187.66000366210938,189.5500030517578,240795600
2016-01-15,158.33474731445312,187.80999755859375,188.75999450683594,185.52000427246094,186.77000427246094,324846400
2016-01-19,158.5455322265625,188.05999755859375,190.11000061035156,186.1999969482422,189.9600067138672,195244400
2016-01-20,156.51376342773438,185.64999389648438,187.5,181.02000427246094,185.02999877929688,286547800
2016-01-21,157.39056396484375,186.69000244140625,188.8699951171875,184.63999938964844,186.2100067138672,195772900
2016-01-22,160.61947631835938,190.52000427246094,190.75999450683594,188.8800048828125,189.77999877929688,168319600
2016-01-25,158.19146728515625,187.63999938964844,190.14999389648438,187.41000366210938,189.9199981689453,130371700
2016-01-26,160.34963989257812,190.1999969482422,190.52999877929688,188.02000427246094,188.4199981689453,141036800
2016-01-27,158.6044921875,188.1300048828125,191.55999755859375,187.05999755859375,189.5800018310547,185681700
2016-01-28,159.43069458007812,189.11000061035156,190.1999969482422,187.16000366210938,189.9600067138672,143798800
2016-01-29,163.31716918945312,193.72000122070312,193.8800048828125,189.8800048828125,190.02000427246094,210529300
2016-02-01,163.25820922851562,193.64999389648438,194.5800018310547,191.83999633789062,192.52999877929688,136061600
2016-02-02,160.31594848632812,190.16000366210938,191.97000122070312,189.5399932861328,191.9600067138672,182564900
2016-02-03,161.27703857421875,191.3000030517578,191.77999877929688,187.10000610351562,191.41000366210938,205054900
2016-02-04,161.52989196777344,191.60000610351562,192.75,189.9600067138672,190.7100067138672,139531800
2016-02-05,158.4528045654297,187.9499969482422,191.6699981689453,187.1999969482422,190.99000549316406,180788300
2016-02-08,156.31985473632812,185.4199981689453,186.1199951171875,182.8000030517578,185.77000427246094,191526700
2016-02-09,156.32827758789062,185.42999267578125,186.94000244140625,183.1999969482422,183.36000061035156,184513100
2016-02-10,156.19346618652344,185.27000427246094,188.33999633789062,185.1199951171875,186.41000366210938,148214100
2016-02-11,154.16165161132812,182.86000061035156,184.10000610351562,181.08999633789062,182.33999633789062,219058900
2016-02-12,157.3399658203125,186.6300048828125,186.64999389648438,183.9600067138672,184.9600067138672,127632400
2016-02-16,159.99557495117188,189.77999877929688,189.80999755859375,187.6300048828125,188.77000427246094,120250700
2016-02-17,162.60906982421875,192.8800048828125,193.32000732421875,191.00999450683594,191.16000366210938,136009500
2016-02-18,161.94297790527344,192.08999633789062,193.27000427246094,191.72000122070312,193.1999969482422,102343000
2016-02-19,161.86717224121094,192.0,192.17999267578125,190.4499969482422,191.1699981689453,114793000
2016-02-22,164.21087646484375,194.77999877929688,194.9499969482422,193.7899932861328,193.8699951171875,103640300
2016-02-23,162.13694763183594,192.32000732421875,194.32000732421875,192.17999267578125,194.0,111455300
2016-02-24,162.87887573242188,193.1999969482422,193.52999877929688,189.32000732421875,190.6300048828125,150812200
2016-02-25,164.85159301757812,195.5399932861328,195.5500030517578,192.8300018310547,193.72999572753906,110728300
2016-02-26,164.4722137451172,195.08999633789062,196.67999267578125,194.89999389648438,196.57000732421875,129833700
2016-02-29,163.18235778808594,193.55999755859375,196.22999572753906,193.3300018310547,195.11000061035156,125918100
2016-03-01,167.0182342529297,198.11000061035156,198.2100067138672,194.4499969482422,195.00999450683594,141799700
2016-03-02,167.76852416992188,199.0,199.05999755859375,197.25,197.74000549316406,102415000
2016-03-03,168.4261474609375,199.77999877929688,199.8000030517578,198.11000061035156,198.7899932861328,95172200
2016-03-04,168.97421264648438,200.42999267578125,201.35000610351562,199.02999877929688,200.00999450683594,129293600
2016-03-07,169.10906982421875,200.58999633789062,201.07000732421875,199.25,199.33999633789062,100219000
2016-03-08,167.26272583007812,198.39999389648438,199.9199981689453,198.2100067138672,199.32000732421875,123974900
2016-03-09,168.0889434814453,199.3800048828125,199.7899932861328,198.42999267578125,199.36000061035156,94801200
2016-03-10,168.2238311767578,199.5399932861328,201.07000732421875,197.3800048828125,199.9600067138672,156838700
2016-03-11,170.93844604492188,202.75999450683594,202.80999755859375,199.52000427246094,201.25999450683594,137964500
2016-03-14,170.7193145751953,202.5,203.0399932861328,201.77000427246094,202.16000366210938,73612000
2016-03-15,170.4410400390625,202.1699981689453,202.52999877929688,201.0500030517578,201.36000061035156,93169100
2016-03-16,171.42745971679688,203.33999633789062,203.82000732421875,201.5500030517578,201.60000610351562,129303200
2016-03-17,172.51498413085938,204.6300048828125,205.22999572753906,202.77000427246094,203.24000549316406,134278500
2016-03-18,173.19290161132812,204.3800048828125,204.77999877929688,203.8000030517578,204.1699981689453,138372400
2016-03-21,173.43865966796875,204.6699981689453,204.94000244140625,203.8000030517578,204.07000732421875,72926700
2016-03-22,173.34542846679688,204.55999755859375,205.22999572753906,203.57000732421875,203.75999450683594,97471900
2016-03-23,172.2014923095703,203.2100067138672,204.3300018310547,203.00999450683594,204.11000061035156,81052500
2016-03-24,172.1251678466797,203.1199951171875,203.16000366210938,201.74000549316406,202.0,84360900
2016-03-28,172.22689819335938,203.24000549316406,203.86000061035156,202.7100067138672,203.61000061035156,62408200
2016-03-29,173.81996154785156,205.1199951171875,205.25,202.39999389648438,202.75999450683594,92922900
2016-03-30,174.58265686035156,206.02000427246094,206.8699951171875,205.58999633789062,206.3000030517578,86365300
2016-03-31,174.15890502929688,205.52000427246094,206.41000366210938,205.3300018310547,205.91000366210938,94584100
2016-04-01,175.34532165527344,206.9199981689453,207.13999938964844,203.97999572753906,204.35000610351562,114423500
2016-04-04,174.77755737304688,206.25,207.07000732421875,205.88999938964844,206.8300018310547,63497000
2016-04-05,173.031982421875,204.19000244140625,206.25999450683594,203.88999938964844,204.6699981689453,99662200
2016-04-06,174.92166137695312,206.4199981689453,206.49000549316406,203.97999572753906,204.19000244140625,91839800
2016-04-07,172.82847595214844,203.9499969482422,205.55999755859375,203.08999633789062,205.13999938964844,113859000
2016-04-08,173.2946014404297,204.5,205.85000610351562,203.8699951171875,205.33999633789062,95040600
2016-04-11,172.88790893554688,204.02000427246094,206.07000732421875,203.91000366210938,205.25,83757500
2016-04-12,174.49795532226562,205.9199981689453,206.25,203.6999969482422,204.22000122070312,115350600
2016-04-13,176.260498046875,208.0,208.10000610351562,206.83999633789062,207.0,96336400
2016-04-14,176.2689971923828,208.00999450683594,208.60000610351562,207.60000610351562,208.07000732421875,65212900
2016-04-15,176.0740966796875,207.77999877929688,208.1699981689453,207.39999389648438,208.00999450683594,75761600
2016-04-18,177.3113250732422,209.24000549316406,209.27999877929688,207.0,207.77999877929688,82531000
2016-04-19,177.8706512451172,209.89999389648438,210.1999969482422,208.94000244140625,209.74000549316406,88316100
2016-04-20,178.04005432128906,210.10000610351562,210.9199981689453,209.38999938964844,209.9499969482422,81100300
2016-04-21,177.08251953125,208.97000122070312,210.25,208.64999389648438,210.1199951171875,85695000
2016-04-22,177.08251953125,208.97000122070312,209.2899932861328,207.91000366210938,208.5500030517578,99251700
2016-04-25,176.7774200439453,208.61000061035156,208.66000366210938,207.5399932861328,208.25999450683594,66166500
2016-04-26,177.04014587402344,208.9199981689453,209.52000427246094,208.36000061035156,209.0399932861328,75864200
2016-04-27,177.4044952392578,209.35000610351562,209.80999755859375,208.0500030517578,208.47000122070312,77329400
2016-04-28,175.79444885253906,207.4499969482422,209.75999450683594,206.9600067138672,208.4600067138672,97216200
2016-04-29,174.84536743164062,206.3300018310547,207.1300048828125,205.02999877929688,206.72000122070312,142424100
2016-05-02,176.23509216308594,207.97000122070312,208.17999267578125,206.41000366210938,206.9199981689453,62188000
2016-05-03,174.70127868652344,206.16000366210938,206.8000030517578,205.27999877929688,206.52000427246094,106422100
2016-05-04,173.726806640625,205.00999450683594,205.85000610351562,204.4199981689453,204.99000549316406,92243800
2016-05-05,173.69288635253906,204.97000122070312,205.97999572753906,204.47000122070312,205.55999755859375,67619200
2016-05-06,174.32847595214844,205.72000122070312,205.77000427246094,203.8800048828125,204.05999755859375,89315000
2016-05-09,174.4724578857422,205.88999938964844,206.39999389648438,205.36000061035156,205.57000732421875,74374900
2016-05-10,176.64183044433594,208.4499969482422,208.47000122070312,206.63999938964844,206.72000122070312,77472200
2016-05-11,174.98939514160156,206.5,208.5399932861328,206.5,207.91000366210938,81727000
2016-05-12,175.04026794433594,206.55999755859375,207.49000549316406,205.3699951171875,207.2899932861328,89586300
2016-05-13,173.5149688720703,204.75999450683594,206.86000061035156,204.3800048828125,206.2100067138672,96474600
2016-05-16,175.2266845703125,206.77999877929688,207.33999633789062,204.88999938964844,204.9600067138672,77486800
2016-05-17,173.59124755859375,204.85000610351562,206.8000030517578,204.22999572753906,206.4600067138672,114924900
2016-05-18,173.64202880859375,204.91000366210938,206.3000030517578,203.6300048828125,204.44000244140625,120062100
2016-05-19,173.04039001464844,204.1999969482422,204.5399932861328,202.77999877929688,204.05999755859375,115430500
2016-05-20,174.13351440429688,205.49000549316406,206.10000610351562,204.86000061035156,204.9199981689453,104990400
2016-05-23,173.89630126953125,205.2100067138672,205.83999633789062,204.99000549316406,205.50999450683594,58682600
2016-05-24,176.15037536621094,207.8699951171875,208.24000549316406,206.13999938964844,206.1699981689453,93537800
2016-05-25,177.34518432617188,209.27999877929688,209.77000427246094,207.8699951171875,208.6699981689453,76621400
2016-05-26,177.39602661132812,209.33999633789062,209.7100067138672,208.97000122070312,209.44000244140625,55280700
2016-05-27,178.1587371826172,210.24000549316406,210.25,209.47000122070312,209.52999877929688,64211200
2016-05-31,177.8197479248047,209.83999633789062,210.69000244140625,209.17999267578125,210.55999755859375,109879400
2016-06-01,178.1841583251953,210.27000427246094,210.47999572753906,208.88999938964844,209.1199951171875,69936200
2016-06-02,178.72647094726562,210.91000366210938,210.92999267578125,209.24000549316406,209.8000030517578,63044700
2016-06-03,178.19261169433594,210.27999877929688,210.69000244140625,208.86000061035156,210.25,101757100
2016-06-06,179.099365234375,211.35000610351562,211.77000427246094,210.50999450683594,210.6999969482422,64887000
2016-06-07,179.37901306152344,211.67999267578125,212.33999633789062,211.5,211.52999877929688,60974800
2016-06-08,179.9636688232422,212.3699951171875,212.52000427246094,211.69000244140625,211.83999633789062,66170900
2016-06-09,179.71795654296875,212.0800018310547,212.22000122070312,211.19000244140625,211.50999450683594,73786900
2016-06-10,178.01466369628906,210.07000732421875,210.86000061035156,209.42999267578125,210.4600067138672,113829200
2016-06-13,176.64183044433594,208.4499969482422,210.3699951171875,208.35000610351562,209.36000061035156,117751200
2016-06-14,176.29441833496094,208.0399932861328,208.74000549316406,206.9199981689453,208.0,125059300
2016-06-15,176.04867553710938,207.75,209.36000061035156,207.52999877929688,208.0399932861328,109124500
2016-06-16,176.57408142089844,208.3699951171875,208.57000732421875,205.58999633789062,207.75,149533100
2016-06-17,175.91647338867188,206.52000427246094,207.1999969482422,205.75,207.1699981689453,117055700
2016-06-20,177.0493927001953,207.85000610351562,209.61000061035156,207.75,208.82000732421875,82789600
2016-06-21,177.55198669433594,208.44000244140625,208.9199981689453,207.77999877929688,208.3000030517578,72461700
2016-06-22,177.2623291015625,208.10000610351562,209.5,207.92999267578125,208.64999389648438,95560500
2016-06-23,179.5707550048828,210.80999755859375,210.8699951171875,209.27000427246094,209.80999755859375,102731400
2016-06-24,173.12252807617188,203.24000549316406,210.85000610351562,202.72000122070312,203.6300048828125,333444400
2016-06-27,170.02191162109375,199.60000610351562,201.60000610351562,198.64999389648438,201.58999633789062,230775800
2016-06-28,173.08840942382812,203.1999969482422,203.22999572753906,201.1199951171875,201.47999572753906,159382400
2016-06-29,176.03570556640625,206.66000366210938,206.92999267578125,204.72000122070312,204.83999633789062,137328600
2016-06-30,178.4378662109375,209.47999572753906,209.5399932861328,206.55999755859375,207.2100067138672,165021900
2016-07-01,178.81265258789062,209.9199981689453,210.49000549316406,209.2899932861328,209.47999572753906,106055300
2016-07-05,177.5264129638672,208.41000366210938,209.0800018310547,207.7100067138672,208.9499969482422,109803700
2016-07-06,178.59117126464844,209.66000366210938,209.8000030517578,207.05999755859375,207.8300018310547,96021500
2016-07-07,178.48037719726562,209.52999877929688,210.64999389648438,208.6300048828125,209.8699951171875,85593800
2016-07-08,181.1380615234375,212.64999389648438,212.94000244140625,210.77999877929688,211.0500030517578,133971000
2016-07-11,181.77691650390625,213.39999389648438,214.07000732421875,212.9499969482422,213.19000244140625,73633900
2016-07-12,183.09719848632812,214.9499969482422,215.3000030517578,213.42999267578125,214.52999877929688,101275600
2016-07-13,183.07168579101562,214.9199981689453,215.4499969482422,214.35000610351562,215.44000244140625,87324100
2016-07-14,184.0938720703125,216.1199951171875,216.6699981689453,215.66000366210938,216.39999389648438,91230900
2016-07-15,183.84686279296875,215.8300018310547,217.00999450683594,215.30999755859375,216.77999877929688,107155400
2016-07-18,184.3408966064453,216.41000366210938,216.60000610351562,215.6699981689453,215.97000122070312,58725900
2016-07-19,184.15350341796875,216.19000244140625,216.22999572753906,215.6300048828125,215.9199981689453,54345700
2016-07-20,184.92010498046875,217.08999633789062,217.3699951171875,216.19000244140625,216.19000244140625,58159500
2016-07-21,184.2216796875,216.27000427246094,217.22000122070312,215.75,216.9600067138672,67777300
2016-07-22,185.0478973388672,217.24000549316406,217.3000030517578,216.10000610351562,216.41000366210938,62787500
2016-07-25,184.54531860351562,216.64999389648438,217.05999755859375,215.97000122070312,217.0,55873100
2016-07-26,184.63047790527344,216.75,217.1699981689453,215.75999450683594,216.52999877929688,70080500
2016-07-27,184.43460083007812,216.52000427246094,217.27000427246094,215.6199951171875,217.19000244140625,84083900
2016-07-28,184.64759826660156,216.77000427246094,217.11000061035156,215.75,216.2899932861328,65035700
2016-07-29,184.94570922851562,217.1199951171875,217.5399932861328,216.1300048828125,216.4600067138672,79519400
2016-08-01,184.79237365722656,216.94000244140625,217.64999389648438,216.41000366210938,217.19000244140625,73311400
2016-08-02,183.60838317871094,215.5500030517578,216.8300018310547,214.57000732421875,216.64999389648438,92295500
2016-08-03,184.1449737548828,216.17999267578125,216.25,215.1300048828125,215.47999572753906,53993600
2016-08-04,184.3408966064453,216.41000366210938,216.77999877929688,214.25,216.30999755859375,46585500
2016-08-05,185.8485870361328,218.17999267578125,218.22999572753906,216.41000366210938,216.41000366210938,71892200
2016-08-08,185.7379150390625,218.0500030517578,218.52000427246094,217.74000549316406,218.39999389648438,39906500
2016-08-09,185.8485870361328,218.17999267578125,218.75999450683594,217.8000030517578,218.1300048828125,51251700
2016-08-10,185.38865661621094,217.63999938964844,218.39999389648438,217.22999572753906,218.30999755859375,57941100
2016-08-11,186.24893188476562,218.64999389648438,218.94000244140625,217.9499969482422,218.25999450683594,72504300
2016-08-12,186.08714294433594,218.4600067138672,218.7100067138672,217.99000549316406,218.2899932861328,61313500
2016-08-15,186.62376403808594,219.08999633789062,219.5,218.8800048828125,218.88999938964844,49813500
2016-08-16,185.6612091064453,217.9600067138672,218.67999267578125,217.9600067138672,218.60000610351562,53213600
2016-08-17,186.01043701171875,218.3699951171875,218.52999877929688,217.02000427246094,218.0,75134300
2016-08-18,186.4278564453125,218.86000061035156,218.89999389648438,218.2100067138672,218.33999633789062,52989300
2016-08-19,186.15528869628906,218.5399932861328,218.75,217.74000549316406,218.30999755859375,75443000
2016-08-22,186.14674377441406,218.52999877929688,218.8000030517578,217.8300018310547,218.25999450683594,61368800
2016-08-23,186.5215606689453,218.97000122070312,219.60000610351562,218.89999389648438,219.25,53399200
2016-08-24,185.56748962402344,217.85000610351562,218.91000366210938,217.36000061035156,218.8000030517578,71728900
2016-08-25,185.43975830078125,217.6999969482422,218.19000244140625,217.22000122070312,217.39999389648438,69224800
2016-08-26,185.09048461914062,217.2899932861328,219.1199951171875,216.25,217.9199981689453,122506300
2016-08-29,186.00192260742188,218.36000061035156,218.6699981689453,217.39999389648438,217.44000244140625,70502200
2016-08-30,185.6952667236328,218.0,218.58999633789062,217.35000610351562,218.25999450683594,58114500
2016-08-31,185.16714477539062,217.3800048828125,217.75,216.47000122070312,217.61000061035156,85269500
2016-09-01,185.17568969726562,217.38999938964844,217.72999572753906,216.02999877929688,217.3699951171875,97844200
2016-09-02,186.01043701171875,218.3699951171875,218.8699951171875,217.6999969482422,218.38999938964844,79293900
2016-09-06,186.57261657714844,219.02999877929688,219.1199951171875,217.86000061035156,218.6999969482422,56702100
2016-09-07,186.5555877685547,219.00999450683594,219.22000122070312,218.3000030517578,218.83999633789062,76554900
2016-09-08,186.1296844482422,218.50999450683594,218.94000244140625,218.14999389648438,218.6199951171875,74102900
2016-09-09,181.6746826171875,213.27999877929688,217.02999877929688,213.25,216.97000122070312,221589100
2016-09-12,184.2812957763672,216.33999633789062,216.80999755859375,212.30999755859375,212.38999938964844,168110900
2016-09-13,181.63211059570312,213.22999572753906,215.14999389648438,212.5,214.83999633789062,182828800
2016-09-14,181.5640106201172,213.14999389648438,214.6999969482422,212.5,213.2899932861328,134185500
2016-09-15,183.3783416748047,215.27999877929688,215.72999572753906,212.75,212.9600067138672,134427900
2016-09-16,182.66944885253906,213.3699951171875,213.69000244140625,212.57000732421875,213.47999572753906,155236400
2016-09-19,182.70370483398438,213.41000366210938,214.8800048828125,213.02999877929688,214.1300048828125,80250500
2016-09-20,182.71226501464844,213.4199981689453,214.58999633789062,213.3800048828125,214.41000366210938,69665300
2016-09-21,184.76699829101562,215.82000732421875,216.02999877929688,213.44000244140625,214.24000549316406,110284400
2016-09-22,185.93128967285156,217.17999267578125,217.52999877929688,216.7100067138672,217.0,76678700
2016-09-23,184.91246032714844,215.99000549316406,216.8800048828125,215.8800048828125,216.72000122070312,73630900
2016-09-26,183.41433715820312,214.24000549316406,215.22999572753906,214.00999450683594,215.02000427246094,89827300
2016-09-27,184.55294799804688,215.57000732421875,215.67999267578125,213.6199951171875,214.0500030517578,78494800
2016-09-28,185.46900939941406,216.63999938964844,216.82000732421875,214.7100067138672,215.8300018310547,87411000
2016-09-29,183.79104614257812,214.67999267578125,216.8699951171875,214.0399932861328,216.39999389648438,128070600
2016-09-30,185.1779022216797,216.3000030517578,217.1199951171875,215.36000061035156,215.64999389648438,117202900
2016-10-03,184.7327117919922,215.77999877929688,216.0399932861328,215.0399932861328,215.82000732421875,83512100
2016-10-04,183.79104614257812,214.67999267578125,216.1699981689453,213.99000549316406,215.91000366210938,119948100
2016-10-05,184.60433959960938,215.6300048828125,216.1300048828125,215.3300018310547,215.41000366210938,72816000
2016-10-06,184.7327117919922,215.77999877929688,216.0399932861328,214.74000549316406,215.3699951171875,62927400
2016-10-07,184.09915161132812,215.0399932861328,216.3000030517578,214.19000244140625,216.10000610351562,89788300
2016-10-10,185.0579833984375,216.16000366210938,216.6999969482422,215.99000549316406,216.16000366210938,51855000
2016-10-11,182.72085571289062,213.42999267578125,215.74000549316406,212.5800018310547,215.66000366210938,130367400
2016-10-12,182.96054077148438,213.7100067138672,214.32000732421875,213.00999450683594,213.58999633789062,73866100
2016-10-13,182.36131286621094,213.00999450683594,213.58999633789062,211.2100067138672,212.16000366210938,101357000
2016-10-14,182.45545959472656,213.1199951171875,214.69000244140625,213.02999877929688,214.14999389648438,93346200
2016-10-17,181.82192993164062,212.3800048828125,213.38999938964844,212.1699981689453,213.08999633789062,58275700
2016-10-18,182.96054077148438,213.7100067138672,214.30999755859375,213.27000427246094,214.24000549316406,76869700
2016-10-19,183.4485321044922,214.27999877929688,214.63999938964844,213.60000610351562,214.02000427246094,66519200
2016-10-20,183.1060791015625,213.8800048828125,214.52999877929688,213.11000061035156,213.8699951171875,73639800
2016-10-21,183.19168090820312,213.97999572753906,214.0800018310547,212.75999450683594,213.8800048828125,89089100
2016-10-24,183.97079467773438,214.88999938964844,215.32000732421875,214.47999572753906,215.0,60146600
2016-10-25,183.3543701171875,214.1699981689453,214.97999572753906,213.97999572753906,214.67999267578125,66542300
2016-10-26,182.98623657226562,213.74000549316406,214.4199981689453,212.92999267578125,213.2100067138672,75705500
2016-10-27,182.49830627441406,213.1699981689453,214.6199951171875,213.0800018310547,214.5800018310547,77220200
2016-10-28,181.95887756347656,212.5399932861328,213.92999267578125,211.7100067138672,213.13999938964844,140623200
2016-10-31,181.9674835205078,212.5500030517578,213.19000244140625,212.36000061035156,212.92999267578125,61272500
2016-11-01,180.64906311035156,211.00999450683594,212.99000549316406,209.60000610351562,212.92999267578125,122781800
2016-11-02,179.56179809570312,209.74000549316406,211.10000610351562,209.22999572753906,210.64999389648438,103330800
2016-11-03,178.73988342285156,208.77999877929688,210.24000549316406,208.4600067138672,209.99000549316406,88939300
2016-11-04,178.54296875,208.5500030517578,209.88999938964844,208.3800048828125,208.91000366210938,109122100
2016-11-07,182.4811553955078,213.14999389648438,213.19000244140625,208.5500030517578,208.5500030517578,109794900
2016-11-08,183.3030548095703,214.11000061035156,214.77000427246094,212.3800048828125,212.69000244140625,106772100
2016-11-09,185.24639892578125,216.3800048828125,217.10000610351562,212.33999633789062,212.3699951171875,258429000
2016-11-10,185.70867919921875,216.9199981689453,218.30999755859375,215.22000122070312,217.3000030517578,172113300
2016-11-11,185.2806396484375,216.4199981689453,216.6999969482422,215.32000732421875,216.0800018310547,100552700
2016-11-14,185.4261474609375,216.58999633789062,217.27000427246094,215.72000122070312,217.02999877929688,94580000
2016-11-15,186.8729705810547,218.27999877929688,218.27999877929688,216.8000030517578,217.0399932861328,91652600
2016-11-16,186.5220489501953,217.8699951171875,218.13999938964844,217.4199981689453,217.55999755859375,65617700
2016-11-17,187.48089599609375,218.99000549316406,219.05999755859375,217.9199981689453,218.0500030517578,69797200
2016-11-18,187.0613250732422,218.5,219.27000427246094,218.2899932861328,219.07000732421875,86265800
2016-11-21,188.4739532470703,220.14999389648438,220.17999267578125,219.0,219.1699981689453,72402600
2016-11-22,188.84210205078125,220.5800018310547,220.7899932861328,219.72999572753906,220.50999450683594,67429000
2016-11-23,188.94483947753906,220.6999969482422,220.75999450683594,219.75,219.97999572753906,56620200
2016-11-25,189.64683532714844,221.52000427246094,221.55999755859375,221.00999450683594,221.10000610351562,37872300
2016-11-28,188.7564697265625,220.47999572753906,221.47999572753906,220.36000061035156,221.16000366210938,76572500
2016-11-29,189.12457275390625,220.91000366210938,221.44000244140625,220.1699981689453,220.52000427246094,69886700
2016-11-30,188.67086791992188,220.3800048828125,221.82000732421875,220.30999755859375,221.6300048828125,113291800
2016-12-01,187.9774627685547,219.57000732421875,220.72999572753906,219.14999389648438,220.72999572753906,79040500
2016-12-02,188.07156372070312,219.67999267578125,220.25,219.25999450683594,219.6699981689453,74840300
2016-12-05,189.20166015625,221.0,221.39999389648438,220.4199981689453,220.64999389648438,67837800
2016-12-06,189.8009490966797,221.6999969482422,221.74000549316406,220.66000366210938,221.22000122070312,59877400
2016-12-07,192.28366088867188,224.60000610351562,224.6699981689453,221.3800048828125,221.52000427246094,110738100
2016-12-08,192.75450134277344,225.14999389648438,225.6999969482422,224.25999450683594,224.57000732421875,99714400
2016-12-09,193.91885375976562,226.50999450683594,226.52999877929688,225.3699951171875,225.41000366210938,88005800
2016-12-12,193.69625854492188,226.25,226.9600067138672,225.75999450683594,226.39999389648438,102016100
2016-12-13,194.989013671875,227.75999450683594,228.33999633789062,227.0,227.02000427246094,110477500
2016-12-14,193.3795166015625,225.8800048828125,228.22999572753906,225.3699951171875,227.41000366210938,142501800
2016-12-15,194.17568969726562,226.80999755859375,227.80999755859375,225.88999938964844,226.16000366210938,124972600
2016-12-16,193.7958526611328,225.0399932861328,226.0800018310547,224.6699981689453,226.00999450683594,156420200
2016-12-19,194.21788024902344,225.52999877929688,226.02000427246094,225.0800018310547,225.25,90341100
2016-12-20,194.96710205078125,226.39999389648438,226.57000732421875,225.8800048828125,226.14999389648438,89838800
2016-12-21,194.424560546875,225.77000427246094,226.4499969482422,225.77000427246094,226.25,67909000
2016-12-22,194.08871459960938,225.3800048828125,225.74000549316406,224.9199981689453,225.60000610351562,56219100
2016-12-23,194.3729248046875,225.7100067138672,225.72000122070312,225.2100067138672,225.42999267578125,36697800
2016-12-27,194.85516357421875,226.27000427246094,226.72999572753906,226.0,226.02000427246094,42672500
2016-12-28,193.2447509765625,224.39999389648438,226.58999633789062,224.27000427246094,226.57000732421875,64095000
2016-12-29,193.20169067382812,224.35000610351562,224.88999938964844,223.83999633789062,224.47999572753906,48696100
2016-12-30,192.4955596923828,223.52999877929688,224.8300018310547,222.72999572753906,224.72999572753906,108998300
2017-01-03,193.9681396484375,225.24000549316406,225.8300018310547,223.8800048828125,225.0399932861328,91366500
2017-01-04,195.1220703125,226.5800018310547,226.75,225.61000061035156,225.6199951171875,78744400
2017-01-05,194.96710205078125,226.39999389648438,226.5800018310547,225.47999572753906,226.27000427246094,78379000
2017-01-06,195.6646270751953,227.2100067138672,227.75,225.89999389648438,226.52999877929688,71559900
2017-01-09,195.01876831054688,226.4600067138672,227.07000732421875,226.4199981689453,226.91000366210938,46939700
2017-01-10,195.01876831054688,226.4600067138672,227.4499969482422,226.00999450683594,226.47999572753906,63771900
2017-01-11,195.56993103027344,227.10000610351562,227.10000610351562,225.58999633789062,226.36000061035156,74650000
2017-01-12,195.07904052734375,226.52999877929688,226.75,224.9600067138672,226.5,72113200
2017-01-13,195.52684020996094,227.0500030517578,227.39999389648438,226.69000244140625,226.72999572753906,62717900
2017-01-17,194.83790588378906,226.25,226.77999877929688,225.8000030517578,226.30999755859375,61240800
2017-01-18,195.26852416992188,226.75,226.8000030517578,225.89999389648438,226.5399932861328,54793300
2017-01-19,194.5450897216797,225.91000366210938,227.0,225.41000366210938,226.83999633789062,66608800
2017-01-20,195.25991821289062,226.74000549316406,227.30999755859375,225.97000122070312,226.6999969482422,129168600
2017-01-23,194.75180053710938,226.14999389648438,226.80999755859375,225.27000427246094,226.74000549316406,75061600
2017-01-24,196.00047302246094,227.60000610351562,228.0800018310547,226.27000427246094,226.39999389648438,95555300
2017-01-25,197.6969757080078,229.57000732421875,229.57000732421875,228.50999450683594,228.6999969482422,84437700
2017-01-26,197.49032592773438,229.3300018310547,229.7100067138672,229.00999450683594,229.39999389648438,59970700
2017-01-27,197.18023681640625,228.97000122070312,229.58999633789062,228.75999450683594,229.4199981689453,59711100
2017-01-30,195.95742797851562,227.5500030517578,228.1999969482422,226.41000366210938,228.1699981689453,79737300
2017-01-31,195.94017028808594,227.52999877929688,227.60000610351562,226.32000732421875,226.97999572753906,75880800
2017-02-01,196.01771545410156,227.6199951171875,228.58999633789062,226.94000244140625,227.52999877929688,79117700
2017-02-02,196.14691162109375,227.77000427246094,228.10000610351562,226.82000732421875,227.6199951171875,69657600
2017-02-03,197.49891662597656,229.33999633789062,229.5500030517578,228.4600067138672,228.82000732421875,80563200
2017-02-06,197.1458282470703,228.92999267578125,229.3300018310547,228.5399932861328,228.8699951171875,57790100
2017-02-07,197.15444946289062,228.94000244140625,229.66000366210938,228.72000122070312,229.3800048828125,57931200
2017-02-08,197.4127960205078,229.24000549316406,229.38999938964844,228.30999755859375,228.94000244140625,51566200
2017-02-09,198.58401489257812,230.60000610351562,230.9499969482422,229.24000549316406,229.24000549316406,65955200
2017-02-10,199.3676300048828,231.50999450683594,231.77000427246094,230.6199951171875,231.0,66015900
2017-02-13,200.4527130126953,232.77000427246094,233.07000732421875,232.0500030517578,232.0800018310547,55182100
2017-02-14,201.25363159179688,233.6999969482422,233.7100067138672,232.16000366210938,232.55999755859375,71109000
2017-02-15,202.30421447753906,234.9199981689453,235.13999938964844,233.38999938964844,233.4499969482422,86785800
2017-02-16,202.13198852539062,234.72000122070312,235.16000366210938,233.85000610351562,234.9499969482422,84722400
2017-02-17,202.45054626464844,235.08999633789062,235.08999633789062,233.92999267578125,233.9499969482422,77204100
2017-02-21,203.65621948242188,236.49000549316406,236.69000244140625,235.50999450683594,235.52000427246094,88946100
2017-02-22,203.47537231445312,236.27999877929688,236.5399932861328,235.8300018310547,236.02000427246094,62115200
2017-02-23,203.6131591796875,236.44000244140625,236.89999389648438,235.55999755859375,236.8800048828125,74615900
2017-02-24,203.8714599609375,236.74000549316406,236.7899932861328,235.41000366210938,235.4600067138672,82381600
2017-02-27,204.1901092529297,237.11000061035156,237.30999755859375,236.35000610351562,236.63999938964844,56515400
2017-02-28,203.63902282714844,236.47000122070312,236.9499969482422,236.02000427246094,236.6699981689453,96961900
2017-03-01,206.48941040039062,239.77999877929688,240.32000732421875,238.3699951171875,238.38999938964844,149158200
2017-03-02,205.1890869140625,238.27000427246094,239.57000732421875,238.2100067138672,239.55999755859375,70246000
2017-03-03,205.31826782226562,238.4199981689453,238.61000061035156,237.72999572753906,238.1699981689453,81974300
2017-03-06,204.7068328857422,237.7100067138672,238.1199951171875,237.00999450683594,237.5,55391500
2017-03-07,204.09536743164062,237.0,237.77000427246094,236.75999450683594,237.36000061035156,65103700
2017-03-08,203.71646118164062,236.55999755859375,237.63999938964844,236.39999389648438,237.33999633789062,78168800
2017-03-09,203.97483825683594,236.86000061035156,237.24000549316406,235.74000549316406,236.6999969482422,90683900
2017-03-10,204.6896209716797,237.69000244140625,238.02000427246094,236.58999633789062,237.97000122070312,81991700
2017-03-13,204.79295349121094,237.80999755859375,237.86000061035156,237.24000549316406,237.6199951171875,57256800
2017-03-14,204.00926208496094,236.89999389648438,237.24000549316406,236.19000244140625,237.17999267578125,59880800
2017-03-15,205.77459716796875,238.9499969482422,239.44000244140625,237.2899932861328,237.55999755859375,96081800
2017-03-16,205.36997985839844,238.47999572753906,239.1999969482422,238.10000610351562,239.11000061035156,78344000
2017-03-17,205.00924682617188,237.02999877929688,237.97000122070312,237.02999877929688,237.75,89002100
2017-03-20,204.78443908691406,236.77000427246094,237.36000061035156,236.32000732421875,237.02999877929688,52537000
2017-03-21,202.15504455566406,233.72999572753906,237.61000061035156,233.5800018310547,237.47000122070312,131809300
2017-03-22,202.63079833984375,234.27999877929688,234.61000061035156,233.0500030517578,233.77000427246094,97569200
2017-03-23,202.41448974609375,234.02999877929688,235.33999633789062,233.60000610351562,234.27999877929688,100410300
2017-03-24,202.2675323486328,233.86000061035156,235.0399932861328,232.9600067138672,234.3800048828125,112504900
2017-03-27,202.0599365234375,233.6199951171875,233.9199981689453,231.61000061035156,231.92999267578125,87454500
2017-03-28,203.53024291992188,235.32000732421875,235.80999755859375,233.13999938964844,233.27000427246094,93483900
2017-03-29,203.72056579589844,235.5399932861328,235.80999755859375,234.72999572753906,234.99000549316406,61950400
2017-03-30,204.36929321289062,236.2899932861328,236.52000427246094,235.27000427246094,235.47000122070312,56737900
2017-03-31,203.89353942871094,235.74000549316406,236.50999450683594,235.67999267578125,235.89999389648438,73733100
2017-04-03,203.5389404296875,235.3300018310547,236.02999877929688,233.91000366210938,235.8000030517578,85546500
2017-04-04,203.66864013671875,235.47999572753906,235.5800018310547,234.55999755859375,235.0,56466200
2017-04-05,203.0631866455078,234.77999877929688,237.38999938964844,234.5399932861328,236.25999450683594,108800600
2017-04-06,203.6340789794922,235.44000244140625,236.0399932861328,234.42999267578125,234.94000244140625,69135800
2017-04-07,203.42649841308594,235.1999969482422,236.0,234.63999938964844,235.14999389648438,74412300
2017-04-10,203.5475311279297,235.33999633789062,236.25999450683594,234.72999572753906,235.36000061035156,67615300
2017-04-11,203.30535888671875,235.05999755859375,235.17999267578125,233.33999633789062,234.89999389648438,88045300
2017-04-12,202.41448974609375,234.02999877929688,234.9600067138672,233.77000427246094,234.74000549316406,81864400
2017-04-13,201.09988403320312,232.50999450683594,234.49000549316406,232.50999450683594,233.63999938964844,92880400
2017-04-17,202.88153076171875,234.57000732421875,234.57000732421875,232.8800048828125,233.11000061035156,68405400
2017-04-18,202.276123046875,233.8699951171875,234.49000549316406,233.0800018310547,233.72000122070312,83225800
2017-04-19,201.90423583984375,233.44000244140625,234.9499969482422,233.17999267578125,234.52000427246094,68699900
2017-04-20,203.5475311279297,235.33999633789062,235.85000610351562,233.77999877929688,234.14999389648438,92572200
2017-04-21,202.89886474609375,234.58999633789062,235.30999755859375,234.1300048828125,235.25,110389800
2017-04-24,205.13035583496094,237.1699981689453,237.41000366210938,234.55999755859375,237.17999267578125,119209900
2017-04-25,206.32394409179688,238.5500030517578,238.9499969482422,237.80999755859375,237.91000366210938,76698300
2017-04-26,206.1941375732422,238.39999389648438,239.52999877929688,238.35000610351562,238.50999450683594,84702500
2017-04-27,206.36717224121094,238.60000610351562,238.9499969482422,237.97999572753906,238.77000427246094,57410300
2017-04-28,205.91741943359375,238.0800018310547,238.92999267578125,237.92999267578125,238.89999389648438,63532800
2017-05-01,206.4363250732422,238.67999267578125,239.1699981689453,238.1999969482422,238.67999267578125,66882500
2017-05-02,206.51426696777344,238.77000427246094,238.97999572753906,238.3000030517578,238.83999633789062,57375700
2017-05-03,206.263427734375,238.47999572753906,238.8800048828125,237.6999969482422,238.77000427246094,73137700
2017-05-04,206.5055694580078,238.75999450683594,238.9199981689453,237.77999877929688,238.8300018310547,61462700
2017-05-05,207.318603515625,239.6999969482422,239.72000122070312,238.67999267578125,239.19000244140625,62001300
2017-05-08,207.2840118408203,239.66000366210938,239.9199981689453,239.1699981689453,239.75,48385700
2017-05-09,207.09373474121094,239.44000244140625,240.19000244140625,239.0399932861328,239.9600067138672,51363200
2017-05-10,207.46560668945312,239.8699951171875,239.8699951171875,239.14999389648438,239.38999938964844,54293800
2017-05-11,207.0418243408203,239.3800048828125,239.57000732421875,238.1300048828125,239.35000610351562,62358300
2017-05-12,206.69578552246094,238.97999572753906,239.42999267578125,238.6699981689453,239.08999633789062,53912700
2017-05-15,207.83749389648438,240.3000030517578,240.44000244140625,239.4499969482422,239.47000122070312,61918900
2017-05-16,207.64723205566406,240.0800018310547,240.6699981689453,239.6300048828125,240.63999938964844,51241800
2017-05-17,203.96270751953125,235.82000732421875,240.0800018310547,235.75,240.0800018310547,172174100
2017-05-18,204.78443908691406,236.77000427246094,237.75,235.42999267578125,235.72999572753906,107047700
2017-05-19,206.11630249023438,238.30999755859375,239.0800018310547,237.27000427246094,237.3300018310547,115011400
2017-05-22,207.16290283203125,239.52000427246094,239.7100067138672,238.82000732421875,238.89999389648438,61010600
2017-05-23,207.62130737304688,240.0500030517578,240.24000549316406,239.50999450683594,239.9499969482422,48341700
2017-05-24,208.10562133789062,240.61000061035156,240.72999572753906,239.92999267578125,240.32000732421875,46927700
2017-05-25,209.10025024414062,241.75999450683594,242.0800018310547,240.9600067138672,241.1999969482422,64071700
2017-05-26,209.0570831298828,241.7100067138672,241.89999389648438,241.4499969482422,241.5399932861328,46629900
2017-05-30,208.8754119873047,241.5,241.7899932861328,241.16000366210938,241.33999633789062,35201900
2017-05-31,208.82351684570312,241.44000244140625,241.8800048828125,240.63999938964844,241.83999633789062,91796000
2017-06-01,210.48414611816406,243.36000061035156,243.3800048828125,241.63999938964844,241.97000122070312,68962000
2017-06-02,211.18472290039062,244.1699981689453,244.35000610351562,243.0800018310547,243.4199981689453,88666100
2017-06-05,211.02903747558594,243.99000549316406,244.3000030517578,243.75999450683594,243.97000122070312,44698800
2017-06-06,210.3543701171875,243.2100067138672,243.97999572753906,243.1199951171875,243.33999633789062,50375400
2017-06-07,210.74363708496094,243.66000366210938,243.9199981689453,242.8300018310547,243.60000610351562,54144300
2017-06-08,210.84735107421875,243.77999877929688,244.3300018310547,243.1699981689453,243.77000427246094,65950700
2017-06-09,210.52734375,243.41000366210938,245.00999450683594,241.9499969482422,244.08999633789062,132256400
2017-06-12,210.48414611816406,243.36000061035156,243.4199981689453,242.3800048828125,243.1300048828125,86108100
2017-06-13,211.51336669921875,244.5500030517578,244.61000061035156,243.5800018310547,243.97999572753906,60067000
2017-06-14,211.2452850341797,244.24000549316406,244.8699951171875,243.2899932861328,244.86000061035156,78602300
2017-06-15,210.8387451171875,243.77000427246094,243.91000366210938,242.36000061035156,242.67999267578125,66464900
2017-06-16,210.88479614257812,242.63999938964844,242.8300018310547,241.6300048828125,242.77000427246094,84553100
2017-06-19,212.6404266357422,244.66000366210938,244.72999572753906,243.47999572753906,243.58999633789062,65123800
2017-06-20,211.2064208984375,243.00999450683594,244.25999450683594,242.99000549316406,244.25,56906400
2017-06-21,211.1542205810547,242.9499969482422,243.58999633789062,242.41000366210938,243.4600067138672,55977600
2017-06-22,211.0586395263672,242.83999633789062,243.52999877929688,242.63999938964844,242.9600067138672,44148100
2017-06-23,211.31068420410156,243.1300048828125,243.50999450683594,242.47000122070312,242.91000366210938,66986800
2017-06-26,211.44973754882812,243.2899932861328,244.3800048828125,243.0500030517578,243.89999389648438,56700500
2017-06-27,209.7462158203125,241.3300018310547,243.3800048828125,241.30999755859375,243.0399932861328,82247700
2017-06-28,211.62355041503906,243.49000549316406,243.72000122070312,242.22999572753906,242.5,70042600
2017-06-29,209.7636260986328,241.35000610351562,243.72000122070312,239.9600067138672,243.66000366210938,106949700
2017-06-30,210.15476989746094,241.8000030517578,242.7100067138672,241.5800018310547,242.27999877929688,86820700
2017-07-03,210.51112365722656,242.2100067138672,243.3800048828125,242.2100067138672,242.8800048828125,39153800
2017-07-05,210.99778747558594,242.77000427246094,243.00999450683594,241.6999969482422,242.6300048828125,54427600
2017-07-06,209.06832885742188,240.5500030517578,242.02999877929688,240.33999633789062,241.88999938964844,65400800
2017-07-07,210.4241943359375,242.11000061035156,242.27999877929688,240.55999755859375,241.2100067138672,57972300
2017-07-10,210.650146484375,242.3699951171875,242.8000030517578,241.75999450683594,242.11000061035156,36663300
2017-07-11,210.49371337890625,242.19000244140625,242.5500030517578,240.85000610351562,242.3699951171875,50354600
2017-07-12,212.0754852294922,244.00999450683594,244.1999969482422,243.3000030517578,243.3000030517578,59610400
2017-07-13,212.431884765625,244.4199981689453,244.5500030517578,243.75999450683594,244.02000427246094,39471600
2017-07-14,213.42262268066406,245.55999755859375,245.97000122070312,244.30999755859375,244.4199981689453,60262700
2017-07-17,213.3966064453125,245.52999877929688,245.91000366210938,245.3300018310547,245.47000122070312,33531900
2017-07-18,213.5095977783203,245.66000366210938,245.72000122070312,244.6699981689453,245.05999755859375,42742500
2017-07-19,214.66552734375,246.99000549316406,247.0,246.00999450683594,246.02000427246094,51034300
2017-07-20,214.76113891601562,247.10000610351562,247.4199981689453,246.47000122070312,247.27999877929688,47135200
2017-07-21,214.5699005126953,246.8800048828125,246.91000366210938,246.17999267578125,246.44000244140625,82340800
2017-07-24,214.51776123046875,246.82000732421875,246.97999572753906,246.27999877929688,246.7899932861328,46622300
2017-07-25,215.0392608642578,247.4199981689453,247.8000030517578,247.16000366210938,247.67999267578125,54915600
2017-07-26,215.04794311523438,247.42999267578125,247.7899932861328,247.1300048828125,247.75,47575400
2017-07-27,214.84803771972656,247.1999969482422,248.0,245.67999267578125,247.9600067138672,70766600
2017-07-28,214.59597778320312,246.91000366210938,247.05999755859375,246.1300048828125,246.64999389648438,50088400
2017-07-31,214.47425842285156,246.77000427246094,247.47999572753906,246.52999877929688,247.3699951171875,65838700
2017-08-01,214.9523468017578,247.32000732421875,247.5,246.72000122070312,247.4600067138672,55050400
2017-08-02,215.05661010742188,247.44000244140625,247.60000610351562,246.3699951171875,247.47000122070312,47211200
2017-08-03,214.63941955566406,246.9600067138672,247.33999633789062,246.63999938964844,247.30999755859375,40856000
2017-08-04,215.03053283691406,247.41000366210938,247.7899932861328,246.97000122070312,247.52000427246094,60191800
2017-08-07,215.43035888671875,247.8699951171875,247.8699951171875,247.3699951171875,247.49000549316406,31995000
2017-08-08,214.9001922607422,247.25999450683594,248.91000366210938,246.8300018310547,247.50999450683594,61719400
2017-08-09,214.89149475097656,247.25,247.30999755859375,246.05999755859375,246.47000122070312,62632600
2017-08-10,211.8582305908203,243.75999450683594,246.44000244140625,243.6999969482422,246.2899932861328,120479500
2017-08-11,212.17108154296875,244.1199951171875,244.8000030517578,243.75,244.02000427246094,74869900
2017-08-14,214.27442932128906,246.5399932861328,246.7899932861328,245.5500030517578,245.58999633789062,73291900
2017-08-15,214.24839782714844,246.50999450683594,247.0,246.16000366210938,246.97999572753906,55242700
2017-08-16,214.6220703125,246.94000244140625,247.57000732421875,246.4499969482422,247.11000061035156,56715500
2017-08-17,211.2759552001953,243.08999633789062,246.60000610351562,243.08999633789062,246.24000549316406,128490400
2017-08-18,210.9456787109375,242.7100067138672,244.19000244140625,242.1999969482422,242.89999389648438,136748000
2017-08-21,211.1107635498047,242.89999389648438,243.1999969482422,241.8300018310547,242.63999938964844,65469700
2017-08-22,213.31837463378906,245.44000244140625,245.6199951171875,243.5500030517578,243.57000732421875,63140100
2017-08-23,212.55349731445312,244.55999755859375,245.0500030517578,244.16000366210938,244.3300018310547,50203800
2017-08-24,212.05813598632812,243.99000549316406,245.17999267578125,243.75,245.0,50741700
2017-08-25,212.55349731445312,244.55999755859375,245.61000061035156,244.38999938964844,244.89999389648438,64445900
2017-08-28,212.56227111816406,244.57000732421875,245.1999969482422,244.08999633789062,245.1699981689453,40565600
2017-08-29,212.80557250976562,244.85000610351562,245.14999389648438,242.92999267578125,243.05999755859375,51135700
2017-08-30,213.81378173828125,246.00999450683594,246.32000732421875,244.6199951171875,244.8300018310547,62030800
2017-08-31,215.10008239746094,247.49000549316406,247.77000427246094,246.0500030517578,246.72000122070312,103803900
2017-09-01,215.4042510986328,247.83999633789062,248.3300018310547,247.6699981689453,247.9199981689453,62007000
2017-09-05,213.8572235107422,246.05999755859375,247.52000427246094,244.9499969482422,247.25999450683594,91398800
2017-09-06,214.5872802734375,246.89999389648438,247.27999877929688,246.22999572753906,246.83999633789062,57916900
2017-09-07,214.56118774414062,246.8699951171875,247.27000427246094,246.39999389648438,247.25,58034700
2017-09-08,214.30917358398438,246.5800018310547,247.11000061035156,246.3000030517578,246.5399932861328,63832800
2017-09-11,216.5950164794922,249.2100067138672,249.3000030517578,248.02000427246094,248.0399932861328,71364800
2017-09-12,217.3250274658203,250.0500030517578,250.08999633789062,249.4199981689453,249.6300048828125,56896000
2017-09-13,217.42935180664062,250.1699981689453,250.2100067138672,249.58999633789062,249.72000122070312,59228000
2017-09-14,217.35983276367188,250.08999633789062,250.32000732421875,249.60000610351562,249.8000030517578,95446300
2017-09-15,217.65237426757812,249.19000244140625,249.2899932861328,248.57000732421875,248.69000244140625,95432400
2017-09-18,218.11532592773438,249.72000122070312,250.1199951171875,249.27999877929688,249.61000061035156,46235200
2017-09-19,218.33370971679688,249.97000122070312,250.07000732421875,249.60000610351562,250.0,47108100
2017-09-20,218.4122772216797,250.05999755859375,250.19000244140625,248.9199981689453,250.07000732421875,59574100
2017-09-21,217.8270721435547,249.38999938964844,249.97999572753906,249.19000244140625,249.8800048828125,48211400
2017-09-22,217.87081909179688,249.44000244140625,249.6300048828125,249.02000427246094,249.0500030517578,51214000
2017-09-25,217.42532348632812,248.92999267578125,249.5500030517578,248.0800018310547,249.14999389648438,57064400
2017-09-26,217.55633544921875,249.0800018310547,249.6999969482422,248.80999755859375,249.4199981689453,54082000
2017-09-27,218.40354919433594,250.0500030517578,250.49000549316406,248.8699951171875,249.8800048828125,81001400
2017-09-28,218.6655731201172,250.35000610351562,250.44000244140625,249.6300048828125,249.72999572753906,44778800
2017-09-29,219.4342041015625,251.22999572753906,251.32000732421875,250.1300048828125,250.33999633789062,85578000
2017-10-02,220.38629150390625,252.32000732421875,252.32000732421875,251.2899932861328,251.49000549316406,59023000
2017-10-03,220.85791015625,252.86000061035156,252.88999938964844,252.22999572753906,252.32000732421875,66810200
2017-10-04,221.1199188232422,253.16000366210938,253.44000244140625,252.55999755859375,252.69000244140625,55953600
2017-10-05,222.43011474609375,254.66000366210938,254.67999267578125,253.1999969482422,253.5399932861328,63522800
2017-10-06,222.17686462402344,254.3699951171875,254.6999969482422,253.85000610351562,254.14999389648438,80646000
2017-10-09,221.8099822998047,253.9499969482422,254.6999969482422,253.64999389648438,254.6300048828125,35803100
2017-10-10,222.3951873779297,254.6199951171875,255.0500030517578,253.97999572753906,254.60000610351562,43057400
2017-10-11,222.7445831298828,255.02000427246094,255.02000427246094,254.32000732421875,254.50999450683594,47674300
2017-10-12,222.41270446777344,254.63999938964844,255.05999755859375,254.3699951171875,254.66000366210938,47065100
2017-10-13,222.6834259033203,254.9499969482422,255.27000427246094,254.63999938964844,255.13999938964844,54800400
2017-10-16,222.98037719726562,255.2899932861328,255.50999450683594,254.82000732421875,255.2100067138672,38221700
2017-10-17,223.1376190185547,255.47000122070312,255.52000427246094,254.97999572753906,255.22999572753906,31561000
2017-10-18,223.35606384277344,255.72000122070312,255.9499969482422,255.5,255.89999389648438,40888300
2017-10-19,223.4170684814453,255.7899932861328,255.8300018310547,254.35000610351562,254.8300018310547,61903800
2017-10-20,224.5700225830078,257.1099853515625,257.1400146484375,255.77000427246094,256.70001220703125,89176400
2017-10-23,223.6966094970703,256.1099853515625,257.510009765625,256.0199890136719,257.4800109863281,63915300
2017-10-24,224.0896453857422,256.55999755859375,256.8299865722656,256.1499938964844,256.6000061035156,66935900
2017-10-25,222.98037719726562,255.2899932861328,256.30999755859375,254.0,256.17999267578125,103715300
2017-10-26,223.26864624023438,255.6199951171875,256.29998779296875,255.47999572753906,255.99000549316406,69798000
2017-10-27,225.0941162109375,257.7099914550781,257.8900146484375,255.6300048828125,256.4700012207031,85562500
2017-10-30,224.25564575195312,256.75,257.6000061035156,256.4100036621094,256.4700012207031,54285700
2017-10-31,224.60496520996094,257.1499938964844,257.44000244140625,256.80999755859375,257.17999267578125,60304800
2017-11-01,224.9019317626953,257.489990234375,258.42999267578125,257.07000732421875,258.0400085449219,54202700
2017-11-02,224.98928833007812,257.5899963378906,257.75,256.19000244140625,257.4100036621094,56449500
2017-11-03,225.740478515625,258.45001220703125,258.5,257.29998779296875,257.7699890136719,59589700
2017-11-06,226.08981323242188,258.8500061035156,259.0,258.2200012207031,258.29998779296875,49652600
2017-11-07,225.93263244628906,258.6700134277344,259.3500061035156,258.0899963378906,258.9700012207031,57502200
2017-11-08,226.31690979003906,259.1099853515625,259.2200012207031,258.1499938964844,258.4700012207031,50469600
2017-11-09,225.49591064453125,258.1700134277344,258.3900146484375,256.3599853515625,257.7300109863281,95085500
2017-11-10,225.42601013183594,258.0899963378906,258.2900085449219,257.3699951171875,257.7300109863281,59984700
2017-11-13,225.6356201171875,258.3299865722656,258.5899963378906,257.2699890136719,257.30999755859375,50228600
2017-11-14,225.111572265625,257.7300109863281,257.8500061035156,256.5199890136719,257.4100036621094,61315200
2017-11-15,223.98486328125,256.44000244140625,257.2200012207031,255.6300048828125,256.6199951171875,80811500
2017-11-16,225.88894653320312,258.6199951171875,259.0400085449219,257.4700012207031,257.5199890136719,67777000
2017-11-17,225.22508239746094,257.8599853515625,258.5899963378906,257.7699890136719,258.2200012207031,75756800
2017-11-20,225.6094512939453,258.29998779296875,258.5199890136719,257.8599853515625,258.1400146484375,48075500
2017-11-21,227.08558654785156,259.989990234375,260.20001220703125,258.260009765625,259.17999267578125,69176800
2017-11-22,226.8846893310547,259.760009765625,260.1499938964844,259.57000732421875,260.0,45033400
2017-11-24,227.40872192382812,260.3599853515625,260.4800109863281,260.1600036621094,260.32000732421875,27856500
2017-11-27,227.29518127441406,260.2300109863281,260.75,260.0,260.4100036621094,52274900
2017-11-28,229.60108947753906,262.8699951171875,262.8999938964844,260.6499938964844,260.760009765625,98971700
2017-11-29,229.46131896972656,262.7099914550781,263.6300048828125,262.20001220703125,263.0199890136719,77512100
2017-11-30,231.47030639648438,265.010009765625,266.04998779296875,263.6700134277344,263.760009765625,127894400
2017-12-01,230.98980712890625,264.4599914550781,265.30999755859375,260.760009765625,264.760009765625,164390900
2017-12-04,230.71038818359375,264.1400146484375,266.79998779296875,264.0799865722656,266.30999755859375,94040600
2017-12-05,229.88052368164062,263.19000244140625,265.1499938964844,263.0400085449219,263.19000244140625,77994500
2017-12-06,229.92422485351562,263.239990234375,263.7300109863281,262.7099914550781,263.29998779296875,75898600
2017-12-07,230.64920043945312,264.07000732421875,264.42999267578125,262.94000244140625,264.07000732421875,77218600
2017-12-08,231.9069061279297,265.510009765625,265.5199890136719,264.0299987792969,265.1600036621094,76563900
2017-12-11,232.60577392578125,266.30999755859375,266.3800048828125,265.4800109863281,266.30999755859375,83077500
2017-12-12,233.01617431640625,266.7799987792969,267.32000732421875,266.3500061035156,267.2099914550781,85195800
2017-12-13,232.98995971679688,266.75,267.55999755859375,266.6499938964844,267.05999755859375,102905400
2017-12-14,232.03797912597656,265.6600036621094,267.2200012207031,265.6000061035156,267.0899963378906,100666700
2017-12-15,233.9702606201172,266.510009765625,267.0400085449219,265.3900146484375,265.45001220703125,144610300
2017-12-18,235.4539031982422,268.20001220703125,268.6000061035156,267.9800109863281,268.1000061035156,83653600
2017-12-19,234.54965209960938,267.1700134277344,268.5299987792969,267.0899963378906,268.4800109863281,82382900
2017-12-20,234.4267120361328,267.0299987792969,268.3299865722656,266.69000244140625,268.2699890136719,76751500
2017-12-21,234.90960693359375,267.5799865722656,268.3900146484375,267.29998779296875,267.739990234375,67032300
2017-12-22,234.84812927246094,267.510009765625,267.6400146484375,266.8999938964844,267.6000061035156,78720900
2017-12-26,234.56723022460938,267.19000244140625,267.44000244140625,266.8900146484375,267.04998779296875,45244400
2017-12-27,234.68136596679688,267.32000732421875,267.7300109863281,267.010009765625,267.3800048828125,57751000
2017-12-28,235.1641387939453,267.8699951171875,267.9200134277344,267.45001220703125,267.8900146484375,45116100
2017-12-29,234.2775115966797,266.8599853515625,268.54998779296875,266.6400146484375,268.5299987792969,96007400
2018-01-02,235.9542999267578,268.7699890136719,268.80999755859375,267.3999938964844,267.8399963378906,86655700
2018-01-03,237.44677734375,270.4700012207031,270.6400146484375,268.9599914550781,268.9599914550781,90070400
2018-01-04,238.44757080078125,271.6099853515625,272.1600036621094,270.5400085449219,271.20001220703125,80636400
2018-01-05,240.0365753173828,273.4200134277344,273.55999755859375,271.95001220703125,272.510009765625,83524000
2018-01-08,240.47544860839844,273.9200134277344,274.1000061035156,272.9800109863281,273.30999755859375,57319200
2018-01-09,241.0198211669922,274.5400085449219,275.25,274.0799865722656,274.3999938964844,57254000
2018-01-10,240.65109252929688,274.1199951171875,274.4200134277344,272.9200134277344,273.67999267578125,69574300
2018-01-11,242.40692138671875,276.1199951171875,276.1199951171875,274.55999755859375,274.75,62361500
2018-01-12,243.98709106445312,277.9200134277344,278.1099853515625,276.0799865722656,276.4200134277344,90816100
2018-01-16,243.1531219482422,276.9700012207031,280.0899963378906,276.17999267578125,279.3500061035156,106555100
2018-01-17,245.47079467773438,279.6099853515625,280.04998779296875,276.9700012207031,278.0299987792969,113258800
2018-01-18,245.05813598632812,279.1400146484375,279.9599914550781,278.5799865722656,279.4800109863281,100728000
2018-01-19,246.17312622070312,280.4100036621094,280.4100036621094,279.1400146484375,279.79998779296875,140920100
2018-01-22,248.1747283935547,282.69000244140625,282.69000244140625,280.1099853515625,280.1700134277344,91322400
2018-01-23,248.70147705078125,283.2900085449219,283.6199951171875,282.3699951171875,282.739990234375,97084700
2018-01-24,248.60487365722656,283.17999267578125,284.70001220703125,281.8399963378906,284.0199890136719,134816100
2018-01-25,248.71031188964844,283.29998779296875,284.2699890136719,282.3999938964844,284.1600036621094,84587300
2018-01-26,251.58982849121094,286.5799865722656,286.6300048828125,283.9599914550781,284.25,107743100
2018-01-29,249.92178344726562,284.67999267578125,286.42999267578125,284.5,285.92999267578125,90118300
2018-01-30,247.35829162597656,281.760009765625,284.739990234375,281.2200012207031,282.6000061035156,131796400
2018-01-31,247.481201171875,281.8999938964844,283.29998779296875,280.67999267578125,282.7300109863281,108364800
2018-02-01,247.20028686523438,281.5799865722656,283.05999755859375,280.67999267578125,281.07000732421875,90102500
2018-02-02,241.81871032714844,275.45001220703125,280.2300109863281,275.4100036621094,280.0799865722656,173174800
2018-02-05,231.7052764892578,263.92999267578125,275.8500061035156,263.30999755859375,273.45001220703125,294681800
2018-02-06,236.27040100097656,269.1300048828125,269.70001220703125,258.70001220703125,259.94000244140625,355026800
2018-02-07,234.9886016845703,267.6700134277344,272.3599853515625,267.5799865722656,268.5,167376100
2018-02-08,226.17442321777344,257.6300048828125,268.1700134277344,257.5899963378906,268.010009765625,246449500
2018-02-09,229.5719451904297,261.5,263.6099853515625,252.9199981689453,260.79998779296875,283565300
2018-02-12,232.9430389404297,265.3399963378906,267.010009765625,261.6600036621094,263.8299865722656,143736000
2018-02-13,233.52252197265625,266.0,266.6199951171875,263.30999755859375,263.9700012207031,81223600
2018-02-14,236.67420959472656,269.5899963378906,270.0,264.29998779296875,264.30999755859375,120735700
2018-02-15,239.69410705566406,273.0299987792969,273.0400085449219,268.7699890136719,271.57000732421875,111200300
2018-02-16,239.7643280029297,273.1099853515625,275.32000732421875,272.2699890136719,272.32000732421875,160420100
2018-02-20,238.26319885253906,271.3999938964844,273.6700134277344,270.5,272.0299987792969,86369700
2018-02-21,237.0779571533203,270.04998779296875,274.7200012207031,269.94000244140625,271.8999938964844,98883700
2018-02-22,237.38523864746094,270.3999938964844,273.04998779296875,269.6400146484375,271.1000061035156,110511300
2018-02-23,241.16912841796875,274.7099914550781,274.7099914550781,271.25,271.7900085449219,92766400
2018-02-26,243.9695281982422,277.8999938964844,278.010009765625,275.260009765625,275.92999267578125,86491400
2018-02-27,240.92318725585938,274.42999267578125,278.9200134277344,274.3599853515625,278.1099853515625,99099200
2018-02-28,238.482666015625,271.6499938964844,276.19000244140625,271.2900085449219,275.67999267578125,121907800
2018-03-01,235.01492309570312,267.70001220703125,273.1700134277344,266.0,271.4100036621094,176855100
2018-03-02,236.2264404296875,269.0799865722656,269.7200012207031,264.82000732421875,265.79998779296875,139083200
2018-03-05,238.95668029785156,272.19000244140625,272.8900146484375,267.6099853515625,267.7300109863281,97307400
2018-03-06,239.5625,272.8800048828125,273.3900146484375,271.17999267578125,273.29998779296875,79213200
2018-03-07,239.47471618652344,272.7799987792969,273.17999267578125,270.20001220703125,270.4200134277344,87063500
2018-03-08,240.63352966308594,274.1000061035156,274.239990234375,272.4200134277344,273.54998779296875,66901200
2018-03-09,244.82113647460938,278.8699951171875,278.8699951171875,275.3399963378906,275.70001220703125,113625300
2018-03-12,244.5138702392578,278.5199890136719,279.9100036621094,278.0799865722656,279.20001220703125,71924800
2018-03-13,242.93353271484375,276.7200012207031,280.4100036621094,276.0299987792969,279.8399963378906,91968900
2018-03-14,241.68702697753906,275.29998779296875,278.0199890136719,274.6700134277344,277.80999755859375,105895100
2018-03-15,241.42369079589844,275.0,276.6099853515625,274.42999267578125,275.8800048828125,83433000
2018-03-16,241.68545532226562,274.20001220703125,275.3900146484375,274.1400146484375,274.5,100343700
2018-03-19,238.41537475585938,270.489990234375,274.3999938964844,268.6199951171875,273.3500061035156,109208400
2018-03-20,238.8208465576172,270.95001220703125,271.6700134277344,270.17999267578125,270.94000244140625,59757300
2018-03-21,238.3624725341797,270.42999267578125,273.2699890136719,270.19000244140625,270.8999938964844,78709600
2018-03-22,232.40408325195312,263.6700134277344,268.8699951171875,263.3599853515625,267.9100036621094,148785900
2018-03-23,227.45046997070312,258.04998779296875,264.5400085449219,257.8299865722656,264.1700134277344,183534800
2018-03-26,233.67337036132812,265.1099853515625,265.42999267578125,259.4100036621094,262.1300048828125,141956100
2018-03-27,229.69813537597656,260.6000061035156,266.7699890136719,258.8399963378906,266.1700134277344,129941400
2018-03-28,229.01939392089844,259.8299865722656,262.6400146484375,258.5799865722656,260.75,146452300
2018-03-29,231.9457244873047,263.1499938964844,265.260009765625,259.8399963378906,261.1199951171875,111601600
2018-04-02,226.9392852783203,257.4700012207031,263.1300048828125,254.6699981689453,262.54998779296875,186286300
2018-04-03,229.84791564941406,260.7699890136719,261.30999755859375,256.8399963378906,258.8699951171875,119956900
2018-04-04,232.3070831298828,263.55999755859375,264.3599853515625,256.6000061035156,256.75,123715300
2018-04-05,234.14047241210938,265.6400146484375,266.6400146484375,264.32000732421875,265.54998779296875,82652600
2018-04-06,228.92245483398438,259.7200012207031,265.1099853515625,258.0,263.4200134277344,179521200
2018-04-09,230.05064392089844,261.0,264.8399963378906,259.94000244140625,261.3699951171875,105442900
2018-04-10,233.70860290527344,265.1499938964844,266.0400085449219,262.9800109863281,264.2699890136719,103529000
2018-04-11,232.48338317871094,263.760009765625,265.6400146484375,263.3900146484375,263.4700012207031,91140200
2018-04-12,234.39608764648438,265.92999267578125,267.0,265.05999755859375,265.260009765625,68890500
2018-04-13,233.70860290527344,265.1499938964844,267.5400085449219,264.010009765625,267.4100036621094,85079200
2018-04-16,235.63006591796875,267.3299865722656,268.20001220703125,266.07000732421875,267.0,63405300
2018-04-17,238.1509246826172,270.19000244140625,270.8699951171875,268.75,269.3299865722656,64682000
2018-04-18,238.3272247314453,270.3900146484375,271.29998779296875,269.8699951171875,270.69000244140625,57303900
2018-04-19,237.0050811767578,268.8900146484375,269.8800048828125,267.7200012207031,269.6499938964844,77655900
2018-04-20,234.9954376220703,266.6099853515625,269.05999755859375,265.6099853515625,268.80999755859375,99953100
2018-04-23,234.96018981933594,266.57000732421875,267.8900146484375,265.3500061035156,267.260009765625,65558000
2018-04-24,231.7959442138672,262.9800109863281,267.9800109863281,261.2799987792969,267.7300109863281,112885500
2018-04-25,232.36888122558594,263.6300048828125,264.1300048828125,260.8500061035156,262.9100036621094,103840900
2018-04-26,234.73109436035156,266.30999755859375,267.25,264.2900085449219,264.7900085449219,67731900
2018-04-27,234.95138549804688,266.55999755859375,267.3399963378906,265.5,267.0,57053600
2018-04-30,233.14443969726562,264.510009765625,267.8900146484375,264.42999267578125,267.260009765625,82182300
2018-05-01,233.5587615966797,264.9800109863281,265.1000061035156,262.1099853515625,263.8699951171875,74203400
2018-05-02,231.98983764648438,263.20001220703125,265.67999267578125,262.760009765625,264.760009765625,86368900
2018-05-03,231.47857666015625,262.6199951171875,263.3599853515625,259.04998779296875,262.260009765625,136311500
2018-05-04,234.47540283203125,266.0199890136719,266.7900085449219,261.1499938964844,261.5199890136719,91222100
2018-05-07,235.26870727539062,266.9200134277344,268.0199890136719,266.1099853515625,266.8900146484375,55304900
2018-05-08,235.26870727539062,266.9200134277344,267.3299865722656,265.1499938964844,266.5,67499200
2018-05-09,237.54278564453125,269.5,269.8699951171875,267.0899963378906,267.67999267578125,59666100
2018-05-10,239.76393127441406,272.0199890136719,272.3900146484375,270.2200012207031,270.3399963378906,72063900
2018-05-11,240.49545288085938,272.8500061035156,273.1499938964844,271.5799865722656,272.1600036621094,59871500
2018-05-14,240.61016845703125,272.9800109863281,274.0799865722656,272.3599853515625,273.3399963378906,54790600
2018-05-15,238.9529571533203,271.1000061035156,271.6099853515625,270.0299987792969,271.5899963378906,87036100
2018-05-16,239.95779418945312,272.239990234375,272.760009765625,271.1099853515625,271.1400146484375,53942600
2018-05-17,239.75518798828125,272.010009765625,273.2300109863281,271.1300048828125,271.94000244140625,56536400
2018-05-18,239.1557159423828,271.3299865722656,272.0299987792969,270.92999267578125,271.6199951171875,64368000
2018-05-21,240.95384216308594,273.3699951171875,273.9800109863281,272.57000732421875,273.010009765625,58025900
2018-05-22,240.28396606445312,272.6099853515625,274.25,272.239990234375,273.9599914550781,52966400
2018-05-23,240.94497680664062,273.3599853515625,273.3900146484375,270.989990234375,271.1700134277344,64694200
2018-05-24,240.4514617919922,272.79998779296875,273.2200012207031,270.7799987792969,272.9100036621094,76043800
2018-05-25,239.87850952148438,272.1499938964844,272.8599853515625,271.5799865722656,272.1499938964844,56374800
2018-05-29,237.11964416503906,269.0199890136719,271.1700134277344,267.760009765625,270.30999755859375,115908600
2018-05-30,240.28396606445312,272.6099853515625,273.1099853515625,270.4200134277344,270.5,69678400
2018-05-31,238.8119659423828,270.94000244140625,272.489990234375,270.260009765625,272.1499938964844,93519900
2018-06-01,241.15660095214844,273.6000061035156,273.94000244140625,272.3299865722656,272.4100036621094,71258400
2018-06-04,242.30239868164062,274.8999938964844,275.19000244140625,274.260009765625,274.5299987792969,45385200
2018-06-05,242.47872924804688,275.1000061035156,275.5299987792969,274.17999267578125,275.04998779296875,51135000
2018-06-06,244.50596618652344,277.3999938964844,277.5199890136719,275.0899963378906,275.7900085449219,62732200
2018-06-07,244.4795684814453,277.3699951171875,278.2799987792969,276.3399963378906,277.95001220703125,72969400
2018-06-08,245.2022705078125,278.19000244140625,278.25,276.6600036621094,276.8500061035156,72139700
2018-06-11,245.5284423828125,278.55999755859375,279.3699951171875,278.30999755859375,278.44000244140625,58892500
2018-06-12,245.84571838378906,278.9200134277344,279.3299865722656,278.19000244140625,279.0299987792969,72329000
2018-06-13,245.06130981445312,278.0299987792969,279.4800109863281,277.79998779296875,279.19000244140625,79070600
2018-06-14,245.67823791503906,278.7300109863281,279.3299865722656,278.05999755859375,279.010009765625,77097600
2018-06-15,245.36480712890625,277.1300048828125,277.510009765625,275.3500061035156,276.6000061035156,120041600
2018-06-18,244.86019897460938,276.55999755859375,276.70001220703125,274.95001220703125,275.489990234375,52917600
2018-06-19,243.92169189453125,275.5,275.75,273.5299987792969,274.0,97531500
2018-06-20,244.33779907226562,275.9700012207031,276.7200012207031,275.5899963378906,276.2699890136719,53785500
2018-06-21,242.8061065673828,274.239990234375,275.9800109863281,273.67999267578125,275.9599914550781,71061400
2018-06-22,243.24884033203125,274.739990234375,275.7900085449219,274.489990234375,275.6600036621094,54898500
2018-06-25,239.9373779296875,271.0,273.6199951171875,269.1000061035156,273.44000244140625,137854200
2018-06-26,240.46868896484375,271.6000061035156,272.55999755859375,270.7900085449219,271.6400146484375,68547400
2018-06-27,238.4766082763672,269.3500061035156,273.8699951171875,269.17999267578125,272.260009765625,105110700
2018-06-28,239.84005737304688,270.8900146484375,271.75,268.489990234375,269.2900085449219,76650500
2018-06-29,240.18540954589844,271.2799987792969,273.6600036621094,271.1499938964844,272.1199951171875,97592500
2018-07-02,240.69886779785156,271.8599853515625,272.0400085449219,269.239990234375,269.510009765625,63554800
2018-07-03,239.84890747070312,270.8999938964844,272.9800109863281,270.4200134277344,272.8699951171875,42187100
2018-07-05,241.8055877685547,273.1099853515625,273.17999267578125,270.9599914550781,272.1700134277344,56925900
2018-07-06,243.850830078125,275.4200134277344,275.8399963378906,272.7099914550781,273.1400146484375,66493700
2018-07-09,246.04647827148438,277.8999938964844,277.9599914550781,276.5,276.54998779296875,50550400
2018-07-10,246.93199157714844,278.8999938964844,279.010009765625,278.0799865722656,278.4100036621094,51966800
2018-07-11,245.1258544921875,276.8599853515625,278.0400085449219,276.5199890136719,277.1499938964844,77054700
2018-07-12,247.34808349609375,279.3699951171875,279.42999267578125,277.6000061035156,278.2799987792969,60124700
2018-07-13,247.54290771484375,279.5899963378906,279.92999267578125,278.6600036621094,279.1700134277344,48216000
2018-07-16,247.3214874267578,279.3399963378906,279.79998779296875,278.8399963378906,279.6400146484375,48201000
2018-07-17,248.3219451904297,280.4700012207031,280.9100036621094,278.4100036621094,278.4700012207031,52315500
2018-07-18,248.8443145751953,281.05999755859375,281.17999267578125,280.05999755859375,280.55999755859375,44593500
2018-07-19,247.90585327148438,280.0,280.739990234375,279.4599914550781,280.30999755859375,61412100
2018-07-20,247.62252807617188,279.67999267578125,280.4800109863281,279.5,279.7699890136719,82337700
2018-07-23,248.08294677734375,280.20001220703125,280.42999267578125,279.05999755859375,279.45001220703125,47047600
2018-07-24,249.33135986328125,281.6099853515625,282.55999755859375,280.6300048828125,281.7900085449219,68026900
2018-07-25,251.45628356933594,284.010009765625,284.3699951171875,281.2799987792969,281.3299865722656,78882900
2018-07-26,250.8629608154297,283.3399963378906,284.1099853515625,283.0899963378906,283.20001220703125,57919500
2018-07-27,249.1630859375,281.4200134277344,283.82000732421875,280.3800048828125,283.7099914550781,76768700
2018-07-30,247.86151123046875,279.95001220703125,281.69000244140625,279.3599853515625,281.510009765625,63742500
2018-07-31,249.08343505859375,281.3299865722656,282.0199890136719,280.3800048828125,280.80999755859375,68570500
2018-08-01,248.66726684570312,280.8599853515625,282.1300048828125,280.1300048828125,281.55999755859375,53853300
2018-08-02,250.02200317382812,282.3900146484375,282.5799865722656,279.1600036621094,279.3900146484375,63426400
2018-08-03,251.09327697753906,283.6000061035156,283.6600036621094,282.3299865722656,282.5299987792969,53935400
2018-08-06,252.01400756835938,284.6400146484375,284.989990234375,283.20001220703125,283.6400146484375,39400900
2018-08-07,252.8462677001953,285.5799865722656,286.010009765625,285.239990234375,285.3900146484375,43196600
2018-08-08,252.73995971679688,285.4599914550781,285.9100036621094,284.94000244140625,285.3900146484375,42114600
2018-08-09,252.39476013183594,285.07000732421875,285.9700012207031,284.9200134277344,285.5299987792969,35717000
2018-08-10,250.7036590576172,283.1600036621094,284.05999755859375,282.3599853515625,283.45001220703125,77076000
2018-08-13,249.76515197753906,282.1000061035156,284.1600036621094,281.7699890136719,283.4700012207031,65732900
2018-08-14,251.3588409423828,283.8999938964844,284.1700134277344,282.4800109863281,282.9200134277344,43842000
2018-08-15,249.48187255859375,281.7799987792969,282.5400085449219,280.1600036621094,282.3800048828125,102925400
2018-08-16,251.50047302246094,284.05999755859375,285.0400085449219,283.3599853515625,283.3999938964844,69967900
2018-08-17,252.38592529296875,285.05999755859375,285.55999755859375,283.3699951171875,283.8299865722656,65618500
2018-08-20,252.92596435546875,285.6700134277344,285.9700012207031,285.05999755859375,285.57000732421875,39807500
2018-08-21,253.5192413330078,286.3399963378906,287.30999755859375,285.7099914550781,286.25,67272000
2018-08-22,253.36868286132812,286.1700134277344,286.760009765625,285.5799865722656,285.8800048828125,44993300
2018-08-23,253.03216552734375,285.7900085449219,286.94000244140625,285.42999267578125,285.9700012207031,49204900
2018-08-24,254.55508422851562,287.510009765625,287.6700134277344,286.3800048828125,286.44000244140625,57487400
2018-08-27,256.5647888183594,289.7799987792969,289.8999938964844,288.67999267578125,288.8599853515625,57072400
2018-08-28,256.6888732910156,289.9200134277344,290.4200134277344,289.3999938964844,290.29998779296875,46943500
2018-08-29,258.070068359375,291.4800109863281,291.739990234375,289.8900146484375,290.1600036621094,61485500
2018-08-30,257.0252685546875,290.29998779296875,291.3599853515625,289.6300048828125,290.94000244140625,61229500
2018-08-31,257.0340881347656,290.30999755859375,290.80999755859375,289.2900085449219,289.8399963378906,66140800
2018-09-04,256.59149169921875,289.80999755859375,290.2099914550781,288.67999267578125,289.8399963378906,57594400
2018-09-05,255.90089416503906,289.0299987792969,289.6400146484375,287.8900146484375,289.4100036621094,72452400
2018-09-06,255.13052368164062,288.1600036621094,289.489990234375,287.0,289.1499938964844,65909900
2018-09-07,254.63473510742188,287.6000061035156,288.70001220703125,286.7099914550781,286.9800109863281,73524800
2018-09-10,255.07745361328125,288.1000061035156,289.0400085449219,287.8800048828125,288.739990234375,50210900
2018-09-11,255.91851806640625,289.04998779296875,289.54998779296875,286.9800109863281,287.3699951171875,50530500
2018-09-12,255.98048400878906,289.1199951171875,289.79998779296875,288.2300109863281,289.05999755859375,59810800
2018-09-13,257.4944763183594,290.8299865722656,291.0400085449219,290.0,290.32000732421875,51034200
2018-09-14,257.5387878417969,290.8800048828125,291.2699890136719,290.0,291.05999755859375,55079900
2018-09-17,256.17535400390625,289.3399963378906,290.8599853515625,289.0299987792969,290.82000732421875,68244000
2018-09-18,257.5653076171875,290.9100036621094,291.5799865722656,289.54998779296875,289.5799865722656,61930400
2018-09-19,257.83978271484375,291.2200012207031,291.69000244140625,290.8299865722656,290.9700012207031,49080600
2018-09-20,259.92926025390625,293.5799865722656,293.94000244140625,291.239990234375,292.6400146484375,100360600
2018-09-21,259.6917419433594,291.989990234375,293.2200012207031,291.80999755859375,293.0899963378906,105479700
2018-09-24,258.8291015625,291.0199890136719,291.5,290.3699951171875,291.3399963378906,53409600
2018-09-25,258.58905029296875,290.75,291.6499938964844,290.4800109863281,291.5299987792969,44370000
2018-09-26,257.8152160644531,289.8800048828125,292.239990234375,289.4100036621094,290.9100036621094,79739700
2018-09-27,258.5356140136719,290.69000244140625,291.9100036621094,290.1000061035156,290.4100036621094,59249500
2018-09-28,258.5623474121094,290.7200012207031,291.2799987792969,289.95001220703125,289.989990234375,70091400
2018-10-01,259.4606018066406,291.7300109863281,292.92999267578125,290.9800109863281,292.1099853515625,62078900
2018-10-02,259.30938720703125,291.55999755859375,292.3599853515625,291.1400146484375,291.55999755859375,47258200
2018-10-03,259.4516906738281,291.7200012207031,293.2099914550781,291.32000732421875,292.739990234375,64694600
2018-10-04,257.42388916015625,289.44000244140625,291.239990234375,287.6600036621094,291.17999267578125,111545900
2018-10-05,255.98306274414062,287.82000732421875,290.2699890136719,286.2200012207031,289.69000244140625,105951700
2018-10-08,255.98306274414062,287.82000732421875,288.2200012207031,285.5,287.04998779296875,87742200
2018-10-09,255.60960388183594,287.3999938964844,288.8599853515625,286.7699890136719,287.3900146484375,74339000
2018-10-10,247.51614379882812,278.29998779296875,286.9100036621094,277.8800048828125,286.8299865722656,214731000
2018-10-11,242.06422424316406,272.1700134277344,278.8999938964844,270.3599853515625,277.0799865722656,274840500
2018-10-12,245.42604064941406,275.95001220703125,277.0899963378906,272.3699951171875,276.7699890136719,183186500
2018-10-15,244.04757690429688,274.3999938964844,277.0400085449219,274.29998779296875,275.54998779296875,102263700
2018-10-16,249.38388061523438,280.3999938964844,280.82000732421875,276.07000732421875,276.6000061035156,118255800
2018-10-17,249.42835998535156,280.45001220703125,281.1499938964844,277.55999755859375,280.44000244140625,110626000
2018-10-18,245.82627868652344,276.3999938964844,280.07000732421875,274.9700012207031,279.3999938964844,134557500
2018-10-19,245.69288635253906,276.25,279.29998779296875,275.4700012207031,277.1300048828125,139901600
2018-10-22,244.59011840820312,275.010009765625,277.3599853515625,274.4100036621094,277.0,82415800
2018-10-23,243.344970703125,273.6099853515625,274.8699951171875,268.6099853515625,270.95001220703125,146352700
2018-10-24,235.97183227539062,265.32000732421875,273.760009765625,264.70001220703125,273.3299865722656,177806700
2018-10-25,240.20538330078125,270.0799865722656,271.80999755859375,266.2300109863281,267.3800048828125,138061500
2018-10-26,235.9807586669922,265.3299865722656,271.0,262.2900085449219,265.9200134277344,201574600
2018-10-29,234.67340087890625,263.8599853515625,270.25,259.8500061035156,268.79998779296875,160749100
2018-10-30,238.15084838867188,267.7699890136719,268.1199951171875,263.1199951171875,263.6700134277344,157116000
2018-10-31,240.69459533691406,270.6300048828125,273.2300109863281,270.1199951171875,270.6499938964844,128296300
2018-11-01,243.25596618652344,273.510009765625,273.7300109863281,270.3800048828125,271.6000061035156,99495000
2018-11-02,241.81520080566406,271.8900146484375,275.2300109863281,269.5899963378906,274.75,122634100
2018-11-05,243.14930725097656,273.3900146484375,274.010009765625,271.3500061035156,272.44000244140625,65622500
2018-11-06,244.68785095214844,275.1199951171875,275.29998779296875,273.25,273.32000732421875,60085900
2018-11-07,249.92637634277344,281.010009765625,281.1000061035156,277.0799865722656,277.55999755859375,102752100
2018-11-08,249.47276306152344,280.5,281.2200012207031,279.2200012207031,280.1099853515625,65584900
2018-11-09,247.0358428955078,277.760009765625,279.239990234375,276.17999267578125,279.0299987792969,98812600
2018-11-12,242.4199981689453,272.57000732421875,277.4599914550781,271.989990234375,277.19000244140625,99673600
2018-11-13,241.96633911132812,272.05999755859375,275.3299865722656,271.25,273.0899963378906,98176600
2018-11-14,240.31211853027344,270.20001220703125,274.6099853515625,268.45001220703125,274.1600036621094,125335900
2018-11-15,242.82012939453125,273.0199890136719,273.5400085449219,267.010009765625,268.7799987792969,135101400
2018-11-16,243.45162963867188,273.7300109863281,274.75,271.2099914550781,271.7900085449219,126668000
2018-11-19,239.33384704589844,269.1000061035156,273.3800048828125,268.07000732421875,273.04998779296875,103061700
2018-11-20,234.9046630859375,264.1199951171875,267.0,263.1499938964844,265.3599853515625,136021300
2018-11-21,235.70506286621094,265.0199890136719,267.1499938964844,265.010009765625,265.8599853515625,75563700
2018-11-23,234.13087463378906,263.25,264.82000732421875,263.07000732421875,263.17999267578125,42807900
2018-11-26,237.91078186035156,267.5,267.75,265.3399963378906,265.7799987792969,79981400
2018-11-27,238.71124267578125,268.3999938964844,268.3999938964844,265.6600036621094,266.3399963378906,75502400
2018-11-28,244.20758056640625,274.5799865722656,274.5799865722656,268.3299865722656,269.6000061035156,127629600
2018-11-29,243.67398071289062,273.9800109863281,275.54998779296875,272.42999267578125,273.7099914550781,82346400
2018-11-30,245.15924072265625,275.6499938964844,276.2799987792969,273.45001220703125,273.80999755859375,98204200
2018-12-03,248.40550231933594,279.29998779296875,280.3999938964844,277.510009765625,280.2799987792969,103176300
2018-12-04,240.3566436767578,270.25,278.8500061035156,269.8999938964844,278.3699951171875,177986000
2018-12-06,239.9918975830078,269.8399963378906,269.9700012207031,262.44000244140625,265.9200134277344,204185400
2018-12-07,234.4154815673828,263.57000732421875,271.2200012207031,262.6300048828125,269.4599914550781,161018900
2018-12-10,234.86019897460938,264.07000732421875,265.1600036621094,258.6199951171875,263.3699951171875,151445900
2018-12-11,234.9135284423828,264.1300048828125,267.8699951171875,262.4800109863281,267.6600036621094,121504400
2018-12-12,236.09642028808594,265.4599914550781,269.0,265.3699951171875,267.4700012207031,97976700
2018-12-13,236.016357421875,265.3699951171875,267.489990234375,264.1199951171875,266.5199890136719,96662700
2018-12-14,231.6584014892578,260.4700012207031,264.0299987792969,259.8500061035156,262.9599914550781,116961100
2018-12-17,227.1136016845703,255.36000061035156,260.6499938964844,253.52999877929688,259.3999938964844,165492300
2018-12-18,226.86459350585938,255.0800018310547,257.95001220703125,253.27999877929688,257.20001220703125,134515100
2018-12-19,223.46710205078125,251.25999450683594,259.3999938964844,249.35000610351562,255.1699981689453,214992800
2018-12-20,219.82955932617188,247.1699981689453,251.6199951171875,244.64999389648438,249.86000061035156,252053400
2018-12-21,215.32534790039062,240.6999969482422,249.7100067138672,239.97999572753906,246.74000549316406,255345600
2018-12-24,209.6358184814453,234.33999633789062,240.83999633789062,234.27000427246094,239.0399932861328,147311600
2018-12-26,220.2276153564453,246.17999267578125,246.17999267578125,233.75999450683594,235.97000122070312,218485400
2018-12-27,221.91842651367188,248.07000732421875,248.2899932861328,238.9600067138672,242.57000732421875,186267300
2018-12-28,221.6321258544922,247.75,251.39999389648438,246.4499969482422,249.5800018310547,153100200
2018-12-31,223.57334899902344,249.9199981689453,250.19000244140625,247.47000122070312,249.55999755859375,144299400
2019-01-02,223.80596923828125,250.17999267578125,251.2100067138672,245.9499969482422,245.97999572753906,126925200
2019-01-03,218.46534729003906,244.2100067138672,248.57000732421875,243.6699981689453,248.22999572753906,144140700
2019-01-04,225.7830047607422,252.38999938964844,253.11000061035156,247.1699981689453,247.58999633789062,142628800
2019-01-07,227.5631866455078,254.3800048828125,255.9499969482422,251.69000244140625,252.69000244140625,103139100
2019-01-08,229.7012176513672,256.7699890136719,257.30999755859375,254.0,256.82000732421875,102512600
2019-01-09,230.77476501464844,257.9700012207031,258.9100036621094,256.19000244140625,257.55999755859375,95006600
2019-01-10,231.58877563476562,258.8800048828125,259.1600036621094,255.5,256.260009765625,96823900
2019-01-11,231.67831420898438,258.9800109863281,259.010009765625,257.0299987792969,257.67999267578125,73858100
2019-01-14,230.2648162841797,257.3999938964844,258.29998779296875,256.4100036621094,256.8599853515625,70908200
2019-01-15,232.90379333496094,260.3500061035156,260.70001220703125,257.80999755859375,257.82000732421875,85208300
2019-01-16,233.46739196777344,260.9800109863281,261.9700012207031,260.6000061035156,260.8299865722656,77636700
2019-01-17,235.23867797851562,262.9599914550781,263.9200134277344,259.9599914550781,260.010009765625,96118400
2019-01-18,238.36968994140625,266.4599914550781,266.9800109863281,263.0,264.9800109863281,127900300
2019-01-22,235.1492156982422,262.8599853515625,265.05999755859375,261.05999755859375,264.82000732421875,115531200
2019-01-23,235.64126586914062,263.4100036621094,264.7900085449219,260.6600036621094,264.010009765625,86030300
2019-01-24,235.76644897460938,263.54998779296875,264.20001220703125,262.0799865722656,263.2099914550781,59204100
2019-01-25,237.7613983154297,265.7799987792969,266.70001220703125,263.6600036621094,265.6099853515625,96883400
2019-01-28,235.95436096191406,263.760009765625,263.8299865722656,261.7900085449219,263.3900146484375,85613700
2019-01-29,235.64126586914062,263.4100036621094,264.54998779296875,262.4800109863281,263.9200134277344,66136300
2019-01-30,239.37167358398438,267.5799865722656,268.5199890136719,264.25,265.1000061035156,92473700
2019-01-31,241.47389221191406,269.92999267578125,270.4700012207031,267.2699890136719,267.510009765625,104012100
2019-02-01,241.59017944335938,270.05999755859375,271.20001220703125,269.17999267578125,270.1499938964844,85782500
2019-02-04,243.2898712158203,271.9599914550781,272.0299987792969,269.3599853515625,270.1099853515625,60744800
2019-02-05,244.3096923828125,273.1000061035156,273.44000244140625,271.8800048828125,272.44000244140625,79552800
2019-02-06,243.98768615722656,272.739990234375,273.3399963378906,271.9200134277344,272.7900085449219,58347800
2019-02-07,241.66175842285156,270.1400146484375,271.54998779296875,268.2900085449219,270.94000244140625,95482000
2019-02-08,241.95700073242188,270.4700012207031,270.5799865722656,267.8299865722656,268.75,75788900
2019-02-11,242.0911407470703,270.6199951171875,271.489990234375,270.0299987792969,271.20001220703125,68021400
2019-02-12,245.2042999267578,274.1000061035156,274.5199890136719,272.3399963378906,272.4200134277344,72270200
2019-02-13,246.0005340576172,274.989990234375,275.92999267578125,274.55999755859375,275.0299987792969,65277200
2019-02-14,245.454833984375,274.3800048828125,275.6400146484375,272.8699951171875,273.7799987792969,83234400
2019-02-15,248.12957763671875,277.3699951171875,277.4100036621094,276.1300048828125,276.3599853515625,97088700
2019-02-19,248.55897521972656,277.8500061035156,278.5799865722656,276.4700012207031,276.4800109863281,59120800
2019-02-20,249.05990600585938,278.4100036621094,278.9200134277344,277.25,277.80999755859375,76610800
2019-02-21,248.17431640625,277.4200134277344,278.1000061035156,276.3500061035156,277.70001220703125,64214700
2019-02-22,249.71298217773438,279.1400146484375,279.3599853515625,277.3999938964844,278.1099853515625,78114600
2019-02-25,250.05288696289062,279.5199890136719,281.30999755859375,279.42999267578125,280.7300109863281,69030700
2019-02-26,249.87403869628906,279.32000732421875,280.29998779296875,278.8999938964844,279.1300048828125,56844100
2019-02-27,249.76670837402344,279.20001220703125,279.5899963378906,277.4800109863281,278.5199890136719,56921600
2019-02-28,249.30142211914062,278.67999267578125,279.45001220703125,278.32000732421875,278.9599914550781,69268300
2019-03-01,250.85812377929688,280.4200134277344,280.8800048828125,278.82000732421875,280.44000244140625,78880500
2019-03-04,249.94554138183594,279.3999938964844,281.8699951171875,276.8399963378906,281.6000061035156,106494600
2019-03-05,249.6055908203125,279.0199890136719,279.760009765625,278.4100036621094,279.5400085449219,59114600
2019-03-06,248.09375,277.3299865722656,279.1600036621094,276.9700012207031,279.1499938964844,75039800
2019-03-07,246.0184326171875,275.010009765625,276.989990234375,274.07000732421875,276.8299865722656,94885100
2019-03-08,245.52638244628906,274.4599914550781,274.6499938964844,272.4200134277344,272.94000244140625,85795800
2019-03-11,249.0867919921875,278.44000244140625,278.6199951171875,275.2300109863281,275.260009765625,65098900
2019-03-12,250.02606201171875,279.489990234375,280.07000732421875,278.8500061035156,279.05999755859375,79667500
2019-03-13,251.68113708496094,281.3399963378906,282.3800048828125,280.29998779296875,280.4800109863281,80639200
2019-03-14,251.52005004882812,281.1600036621094,281.8399963378906,280.6700134277344,281.3699951171875,67518400
2019-03-15,252.7626953125,281.30999755859375,282.2099914550781,280.3299865722656,280.5400085449219,81309000
2019-03-18,253.67916870117188,282.3299865722656,282.6600036621094,281.29998779296875,281.54998779296875,62199800
2019-03-19,253.74205017089844,282.3999938964844,284.3599853515625,281.4100036621094,283.510009765625,90268100
2019-03-20,252.97828674316406,281.54998779296875,283.5,280.32000732421875,282.1600036621094,84609200
2019-03-21,255.83563232421875,284.7300109863281,285.17999267578125,280.5899963378906,280.6400146484375,79550400
2019-03-22,250.91177368164062,279.25,283.79998779296875,279.17999267578125,283.2200012207031,122659300
2019-03-25,250.72305297851562,279.0400085449219,280.19000244140625,277.6400146484375,278.8699951171875,85575200
2019-03-26,252.5920867919922,281.1199951171875,282.17999267578125,279.55999755859375,280.989990234375,68125900
2019-03-27,251.27114868164062,279.6499938964844,281.760009765625,277.92999267578125,281.1099853515625,72224700
2019-03-28,252.22357177734375,280.7099914550781,281.2099914550781,279.07000732421875,280.3500061035156,56238500
2019-03-29,253.81390380859375,282.4800109863281,282.8399963378906,281.1400146484375,282.3900146484375,82186800
2019-04-01,256.823974609375,285.8299865722656,286.1600036621094,284.3999938964844,284.70001220703125,77617900
2019-04-02,256.9497985839844,285.9700012207031,286.2300109863281,285.0899963378906,286.0400085449219,40070400
2019-04-03,257.3541564941406,286.4200134277344,287.760009765625,285.75,287.32000732421875,68243200
2019-04-04,258.0370178222656,287.17999267578125,287.4599914550781,286.010009765625,286.7799987792969,48997500
2019-04-05,259.2860412597656,288.57000732421875,288.6300048828125,287.6000061035156,287.9200134277344,58621700
2019-04-08,259.48358154296875,288.7900085449219,288.9100036621094,287.3699951171875,288.1000061035156,53566300
2019-04-09,258.15380859375,287.30999755859375,288.0799865722656,286.70001220703125,287.7200012207031,66142300
2019-04-10,259.0343933105469,288.2900085449219,288.3900146484375,287.30999755859375,287.7699890136719,52601500
2019-04-11,258.9624938964844,288.2099914550781,288.8399963378906,287.5799865722656,288.8299865722656,55093100
2019-04-12,260.7145690917969,290.1600036621094,290.4700012207031,288.260009765625,290.0,69727800
2019-04-15,260.5438232421875,289.9700012207031,290.3500061035156,289.0799865722656,290.239990234375,49596700
2019-04-16,260.7145690917969,290.1600036621094,291.010009765625,289.5,290.95001220703125,52153200
2019-04-17,260.07659912109375,289.45001220703125,291.42999267578125,288.989990234375,291.3999938964844,58268300
2019-04-18,260.5888366699219,290.0199890136719,290.32000732421875,288.6600036621094,290.1000061035156,68708500
2019-04-22,260.8134460449219,290.2699890136719,290.44000244140625,289.07000732421875,289.1700134277344,40160100
2019-04-23,263.1585998535156,292.8800048828125,293.1400146484375,290.4200134277344,290.67999267578125,52246600
2019-04-24,262.5745544433594,292.2300109863281,293.1600036621094,292.07000732421875,292.7900085449219,50392900
2019-04-25,262.4128723144531,292.04998779296875,292.7799987792969,290.7300109863281,292.1199951171875,57770900
2019-04-26,263.6347351074219,293.4100036621094,293.489990234375,291.239990234375,292.1000061035156,50916400
2019-04-29,264.0480651855469,293.8699951171875,294.45001220703125,293.4100036621094,293.510009765625,57197700
2019-04-30,264.1829528808594,294.0199890136719,294.3399963378906,291.9200134277344,293.489990234375,81111700
2019-05-01,262.1971130371094,291.80999755859375,294.95001220703125,291.79998779296875,294.7200012207031,71671900
2019-05-02,261.63104248046875,291.17999267578125,292.70001220703125,289.5199890136719,291.67999267578125,65030200
2019-05-03,264.1919250488281,294.0299987792969,294.3399963378906,291.29998779296875,292.82000732421875,56543700
2019-05-06,263.10467529296875,292.82000732421875,293.30999755859375,288.8999938964844,289.25,107198100
2019-05-07,258.7109069824219,287.92999267578125,290.80999755859375,285.80999755859375,290.1499938964844,144729900
2019-05-08,258.3515625,287.5299987792969,289.42999267578125,286.8699951171875,287.5299987792969,91568300
2019-05-09,257.5697021484375,286.6600036621094,287.3299865722656,283.29998779296875,285.2300109863281,103471100
2019-05-10,258.8636474609375,288.1000061035156,288.94000244140625,282.29998779296875,285.6199951171875,112429300
2019-05-13,252.35842895507812,280.8599853515625,283.489990234375,279.92999267578125,282.4200134277344,127290500
2019-05-14,254.6405792236328,283.3999938964844,285.1000061035156,281.8500061035156,281.989990234375,77003200
2019-05-15,256.1321716308594,285.05999755859375,285.7699890136719,281.3599853515625,281.5899963378906,73956400
2019-05-16,258.50421142578125,287.70001220703125,289.2099914550781,285.760009765625,285.8399963378906,76749600
2019-05-17,256.83294677734375,285.8399963378906,288.6000061035156,285.1199951171875,285.1400146484375,100353000
2019-05-20,255.13479614257812,283.95001220703125,285.9599914550781,283.1199951171875,284.05999755859375,62877600
2019-05-21,257.4350280761719,286.510009765625,286.92999267578125,285.54998779296875,285.8299865722656,46847100
2019-05-22,256.6443176269531,285.6300048828125,286.69000244140625,285.1000061035156,285.45001220703125,49482500
2019-05-23,253.5084686279297,282.1400146484375,283.2099914550781,280.57000732421875,283.1600036621094,98733800
2019-05-24,254.0835418701172,282.7799987792969,284.20001220703125,282.0899963378906,283.739990234375,55268100
2019-05-28,251.72036743164062,280.1499938964844,284.1499938964844,280.1300048828125,283.0899963378906,70029400
2019-05-29,250.03118896484375,278.2699890136719,279.3599853515625,276.7099914550781,278.9100036621094,104972900
2019-05-30,250.714111328125,279.0299987792969,280.0400085449219,277.80999755859375,279.1099853515625,62523800
2019-05-31,247.33560180664062,275.2699890136719,277.1199951171875,275.239990234375,276.20001220703125,86862800
2019-06-03,246.70664978027344,274.57000732421875,276.54998779296875,273.0899963378906,275.30999755859375,96428000
2019-06-04,252.06187438964844,280.5299987792969,280.67999267578125,276.6199951171875,277.1199951171875,77231900
2019-06-05,254.24525451660156,282.9599914550781,282.989990234375,280.32000732421875,282.3299865722656,71169700
2019-06-06,255.89854431152344,284.79998779296875,285.54998779296875,282.57000732421875,283.2900085449219,69430400
2019-06-07,258.45928955078125,287.6499938964844,288.8500061035156,285.739990234375,285.92999267578125,74272200
2019-06-10,259.6453552246094,288.9700012207031,290.82000732421875,288.8699951171875,289.3699951171875,60799100
2019-06-11,259.5824890136719,288.8999938964844,291.3999938964844,288.17999267578125,290.989990234375,58641300
2019-06-12,259.1241760253906,288.3900146484375,289.260009765625,287.82000732421875,288.6400146484375,47096300
2019-06-13,260.1934509277344,289.5799865722656,289.9800109863281,288.6199951171875,289.3999938964844,48945200
2019-06-14,259.9059143066406,289.260009765625,289.92999267578125,288.4100036621094,289.260009765625,52324700
2019-06-17,260.0047912597656,289.3699951171875,290.2200012207031,289.17999267578125,289.5199890136719,39205700
2019-06-18,262.7272644042969,292.3999938964844,293.57000732421875,290.989990234375,291.3900146484375,85434800
2019-06-19,263.3202819824219,293.05999755859375,293.6499938964844,291.4700012207031,292.54998779296875,78674400
2019-06-20,265.8361511230469,295.8599853515625,296.30999755859375,293.1300048828125,296.0400085449219,116570000
2019-06-21,265.44970703125,294.0,295.5199890136719,293.760009765625,294.1300048828125,83309500
2019-06-24,265.12469482421875,293.6400146484375,294.5799865722656,293.4700012207031,294.2300109863281,47582700
2019-06-25,262.52435302734375,290.760009765625,293.7300109863281,290.6400146484375,293.70001220703125,82028700
2019-06-26,262.2625732421875,290.4700012207031,292.30999755859375,290.3500061035156,291.75,51584900
2019-06-27,263.1924743652344,291.5,292.05999755859375,290.8900146484375,291.30999755859375,40355200
2019-06-28,264.5468444824219,293.0,293.54998779296875,292.010009765625,292.5799865722656,59350900
2019-07-01,266.94854736328125,295.6600036621094,296.9200134277344,294.3299865722656,296.67999267578125,78705600
2019-07-02,267.64373779296875,296.42999267578125,296.489990234375,294.67999267578125,295.6099853515625,61504500
2019-07-03,269.78369140625,298.79998779296875,298.82000732421875,297.0199890136719,297.17999267578125,40898900
2019-07-05,269.47662353515625,298.4599914550781,298.6400146484375,296.010009765625,297.44000244140625,51677300
2019-07-08,267.99591064453125,296.82000732421875,298.260009765625,296.2200012207031,297.010009765625,45841800
2019-07-09,268.3299255371094,297.19000244140625,297.5199890136719,295.4800109863281,295.5400085449219,41101300
2019-07-10,269.61199951171875,298.6099853515625,299.6600036621094,297.7799987792969,298.3699951171875,58448500
2019-07-11,270.244140625,299.30999755859375,299.5799865722656,298.20001220703125,299.32000732421875,50826100
2019-07-12,271.45391845703125,300.6499938964844,300.7300109863281,299.510009765625,299.8500061035156,40326000
2019-07-15,271.5442199707031,300.75,301.1300048828125,300.19000244140625,301.1300048828125,33900000
2019-07-16,270.6684265136719,299.7799987792969,300.8800048828125,299.44000244140625,300.6499938964844,36650100
2019-07-17,268.8265686035156,297.739990234375,299.92999267578125,297.739990234375,299.75,36036300
2019-07-18,269.8106384277344,298.8299865722656,299.25,296.70001220703125,297.19000244140625,51392600
2019-07-19,268.3119812011719,297.1700134277344,300.07000732421875,296.9800109863281,300.0400085449219,58678600
2019-07-22,268.9710693359375,297.8999938964844,298.5,297.0400085449219,297.6099853515625,43638100
2019-07-23,270.8941345214844,300.0299987792969,300.0299987792969,298.2200012207031,299.1400146484375,44564500
2019-07-24,272.167236328125,301.44000244140625,301.44000244140625,299.0899963378906,299.19000244140625,47213200
2019-07-25,270.8670959472656,300.0,301.0,299.1099853515625,300.94000244140625,55394100
2019-07-26,272.68194580078125,302.010009765625,302.2300109863281,300.6199951171875,300.760009765625,45084100
2019-07-29,272.1852722167969,301.4599914550781,302.010009765625,300.8500061035156,301.8800048828125,38126500
2019-07-30,271.5171813964844,300.7200012207031,301.1700134277344,299.489990234375,299.9100036621094,45849000
2019-07-31,268.5466003417969,297.42999267578125,301.20001220703125,295.20001220703125,300.989990234375,104245200
2019-08-01,266.2081298828125,294.8399963378906,300.8699951171875,293.9599914550781,297.6000061035156,142646600
2019-08-02,264.2037658691406,292.6199951171875,294.1199951171875,290.8999938964844,293.8500061035156,116749700
2019-08-05,256.25830078125,283.82000732421875,288.2099914550781,281.7200012207031,288.0899963378906,178745400
2019-08-06,259.851806640625,287.79998779296875,288.0400085449219,284.2799987792969,285.9100036621094,120711700
2019-08-07,260.0053405761719,287.9700012207031,288.82000732421875,282.0400085449219,284.3999938964844,140572300
2019-08-08,265.10662841796875,293.6199951171875,293.6199951171875,289.010009765625,289.6199951171875,87713900
2019-08-09,263.3008117675781,291.6199951171875,293.239990234375,289.6499938964844,292.5799865722656,93730000
2019-08-12,260.0955810546875,288.07000732421875,291.6099853515625,287.0199890136719,289.9599914550781,65527600
2019-08-13,264.14056396484375,292.54998779296875,294.1499938964844,287.3599853515625,287.739990234375,94299800
2019-08-14,256.33050537109375,283.8999938964844,288.739990234375,283.760009765625,288.07000732421875,135622100
2019-08-15,257.00762939453125,284.6499938964844,285.6400146484375,282.3900146484375,284.8800048828125,99556600
2019-08-16,260.79986572265625,288.8500061035156,289.3299865722656,284.7099914550781,286.4800109863281,83018300
2019-08-19,263.94189453125,292.3299865722656,293.0799865722656,291.44000244140625,292.19000244140625,53571800
2019-08-20,261.91943359375,290.0899963378906,292.3599853515625,289.95001220703125,291.7699890136719,51596400
2019-08-21,264.0502624511719,292.45001220703125,292.8599853515625,291.7200012207031,292.4800109863281,49524700
2019-08-22,263.9689636230469,292.3599853515625,293.92999267578125,290.3999938964844,293.2300109863281,51666400
2019-08-23,257.1883850097656,284.8500061035156,292.760009765625,283.4700012207031,290.9200134277344,149161500
2019-08-26,260.0323181152344,288.0,288.0,285.5799865722656,287.2699890136719,72423800
2019-08-27,259.01214599609375,286.8699951171875,289.95001220703125,286.0299987792969,289.5400085449219,66668900
2019-08-28,260.83599853515625,288.8900146484375,289.07000732421875,285.25,286.1400146484375,59696700
2019-08-29,264.1676025390625,292.5799865722656,293.1600036621094,290.6099853515625,291.7200012207031,57899400
2019-08-30,264.0502624511719,292.45001220703125,294.239990234375,291.4200134277344,294.2200012207031,62901200
2019-09-03,262.50628662109375,290.739990234375,291.5799865722656,289.2699890136719,290.57000732421875,69101400
2019-09-04,265.4858703613281,294.0400085449219,294.05999755859375,292.30999755859375,293.1400146484375,46887300
2019-09-05,268.8988037109375,297.82000732421875,298.8299865722656,294.0,296.7900085449219,83258100
2019-09-06,269.1064758300781,298.04998779296875,298.760009765625,297.4200134277344,298.1700134277344,49584300
2019-09-09,269.2419128417969,298.20001220703125,299.239990234375,297.1600036621094,299.1400146484375,51260300
2019-09-10,269.1787414550781,298.1300048828125,298.20001220703125,295.9700012207031,297.3599853515625,57947100
2019-09-11,271.0927734375,300.25,300.3399963378906,297.75,298.4700012207031,68821100
2019-09-12,272.03179931640625,301.2900085449219,302.4599914550781,300.4100036621094,301.25,72908700
2019-09-13,271.8511962890625,301.0899963378906,302.1700134277344,300.67999267578125,301.7799987792969,62104800
2019-09-16,271.0115661621094,300.1600036621094,301.1400146484375,299.45001220703125,299.8399963378906,58191200
2019-09-17,271.6977844238281,300.9200134277344,301.0199890136719,299.75,299.94000244140625,41475500
2019-09-18,271.8601989746094,301.1000061035156,301.2200012207031,298.239990234375,300.489990234375,73375800
2019-09-19,271.8421630859375,301.0799865722656,302.6300048828125,300.7099914550781,301.5299987792969,76560500
2019-09-20,270.5577087402344,298.2799987792969,300.6700134277344,297.4100036621094,300.3599853515625,89565000
2019-09-23,270.4943542480469,298.2099914550781,299.0,297.2699890136719,297.54998779296875,43476800
2019-09-24,268.3716735839844,295.8699951171875,299.8399963378906,294.80999755859375,299.4100036621094,94869400
2019-09-25,269.9591979980469,297.6199951171875,298.1099853515625,294.3299865722656,295.9599914550781,71854000
2019-09-26,269.3966979980469,297.0,297.8599853515625,295.45001220703125,297.6300048828125,56179700
2019-09-27,267.9454650878906,295.3999938964844,297.95001220703125,293.69000244140625,297.8299865722656,84746600
2019-09-30,269.1881408691406,296.7699890136719,297.54998779296875,295.9200134277344,295.9700012207031,51662400
2019-10-01,265.9862060546875,293.239990234375,298.4599914550781,293.0,297.739990234375,88242400
2019-10-02,261.2876281738281,288.05999755859375,291.510009765625,286.6400146484375,291.5,122539500
2019-10-03,263.4283447265625,290.4200134277344,290.45001220703125,284.82000732421875,287.80999755859375,85278800
2019-10-04,266.9930725097656,294.3500061035156,294.6300048828125,291.0799865722656,291.1400146484375,65091200
2019-10-07,265.841064453125,293.0799865722656,295.260009765625,292.7699890136719,293.4700012207031,59610500
2019-10-08,261.7139892578125,288.5299987792969,291.8500061035156,288.489990234375,291.0400085449219,95708100
2019-10-09,264.1993408203125,291.2699890136719,292.29998779296875,290.05999755859375,290.75,62359400
2019-10-10,265.9862060546875,293.239990234375,294.2099914550781,291.0,291.17999267578125,55296300
2019-10-11,268.7436828613281,296.2799987792969,298.739990234375,296.1400146484375,296.2699890136719,98720400
2019-10-14,268.44439697265625,295.95001220703125,296.6700134277344,295.57000732421875,295.92999267578125,40394800
2019-10-15,271.10198974609375,298.8800048828125,299.70001220703125,296.9700012207031,297.1000061035156,46754500
2019-10-16,270.6666564941406,298.3999938964844,299.1600036621094,297.9200134277344,298.3699951171875,48928200
2019-10-17,271.4648132324219,299.2799987792969,300.239990234375,298.5199890136719,299.67999267578125,45736600
2019-10-18,270.276611328125,297.9700012207031,299.3999938964844,297.0299987792969,298.69000244140625,64304000
2019-10-21,272.10888671875,299.989990234375,300.2099914550781,298.94000244140625,299.4200134277344,39048600
2019-10-22,271.2199401855469,299.010009765625,300.8999938964844,298.9100036621094,300.5799865722656,48594700
2019-10-23,272.0091552734375,299.8800048828125,299.94000244140625,298.5,298.7300109863281,34352200
2019-10-24,272.45355224609375,300.3699951171875,301.07000732421875,299.4599914550781,300.9100036621094,35453100
2019-10-25,273.5692443847656,301.6000061035156,302.20001220703125,299.67999267578125,299.739990234375,45205400
2019-10-28,275.1112060546875,303.29998779296875,303.8500061035156,302.9100036621094,302.94000244140625,42147000
2019-10-29,275.0295104980469,303.2099914550781,304.2300109863281,302.8599853515625,303.0,44284900
2019-10-30,275.8732604980469,304.1400146484375,304.54998779296875,301.989990234375,303.42999267578125,49643900
2019-10-31,275.1383972167969,303.3299865722656,304.1300048828125,301.7300109863281,304.1300048828125,69053800
2019-11-01,277.68731689453125,306.1400146484375,306.19000244140625,304.739990234375,304.9200134277344,71141500
2019-11-04,278.8029479980469,307.3699951171875,308.0,306.9599914550781,307.8500061035156,60606900
2019-11-05,278.4945983886719,307.0299987792969,307.9200134277344,306.7099914550781,307.5899963378906,42933200
2019-11-06,278.5580139160156,307.1000061035156,307.3999938964844,306.05999755859375,307.0299987792969,46487100
2019-11-07,279.5377502441406,308.17999267578125,309.6499938964844,307.6600036621094,308.57000732421875,54272300
2019-11-08,280.22698974609375,308.94000244140625,309.0,307.0299987792969,307.79998779296875,49032100
2019-11-11,279.69189453125,308.3500061035156,308.5400085449219,307.2699890136719,307.4200134277344,35797300
2019-11-12,280.28143310546875,309.0,309.989990234375,308.1499938964844,308.75,46484600
2019-11-13,280.3721923828125,309.1000061035156,309.5400085449219,307.6600036621094,307.9100036621094,53917700
2019-11-14,280.7803649902344,309.54998779296875,309.6400146484375,308.0899963378906,308.7900085449219,51219900
2019-11-15,282.8120422363281,311.7900085449219,311.8399963378906,310.260009765625,311.0199890136719,62023600
2019-11-18,283.020751953125,312.0199890136719,312.2799987792969,311.0299987792969,311.5299987792969,49228000
2019-11-19,282.93914794921875,311.92999267578125,312.69000244140625,311.2200012207031,312.67999267578125,67804700
2019-11-20,281.886962890625,310.7699890136719,311.8500061035156,309.05999755859375,311.2799987792969,79406200
2019-11-21,281.4334411621094,310.2699890136719,311.010009765625,309.3900146484375,310.8900146484375,54664700
2019-11-22,282.05926513671875,310.9599914550781,311.239990234375,309.8500061035156,311.0899963378906,44850200
2019-11-25,284.245361328125,313.3699951171875,313.3699951171875,311.9800109863281,311.9800109863281,48647200
2019-11-26,284.8893737792969,314.0799865722656,314.2799987792969,313.05999755859375,313.4100036621094,37569000
2019-11-27,286.1590881347656,315.4800109863281,315.4800109863281,314.3699951171875,314.6099853515625,44444600
2019-11-29,285.0980224609375,314.30999755859375,315.1300048828125,314.05999755859375,314.8599853515625,36592700
2019-12-02,282.6761169433594,311.6400146484375,314.6600036621094,311.1700134277344,314.5899963378906,75767800
2019-12-03,280.7803649902344,309.54998779296875,309.6400146484375,307.1300048828125,308.6499938964844,73941700
2019-12-04,282.51275634765625,311.4599914550781,312.1199951171875,310.32000732421875,310.70001220703125,49080000
2019-12-05,283.020751953125,312.0199890136719,312.25,310.5799865722656,312.2300109863281,40709000
2019-12-06,285.6059265136719,314.8699951171875,315.30999755859375,314.1099853515625,314.1199951171875,48927000
2019-12-09,284.7078857421875,313.8800048828125,315.17999267578125,313.79998779296875,314.44000244140625,34838500
2019-12-10,284.3904724121094,313.5299987792969,314.54998779296875,312.80999755859375,313.82000732421875,52649800
2019-12-11,285.1977844238281,314.4200134277344,314.70001220703125,313.44000244140625,314.0299987792969,53429100
2019-12-12,287.6559143066406,317.1300048828125,317.989990234375,314.1700134277344,314.42999267578125,96389600
2019-12-13,287.8282470703125,317.32000732421875,318.6700134277344,316.0199890136719,316.8699951171875,81503900
2019-12-16,289.8056335449219,319.5,320.1499938964844,317.25,319.2200012207031,82749700
2019-12-17,289.86907958984375,319.57000732421875,320.25,319.4800109863281,319.9200134277344,61097700
2019-12-18,289.8871765136719,319.5899963378906,320.25,319.5299987792969,320.0,48133000
2019-12-19,291.0755310058594,320.8999938964844,320.9800109863281,319.5199890136719,319.79998779296875,85310500
2019-12-20,292.35162353515625,320.7300109863281,321.9700012207031,319.3900146484375,320.4599914550781,147142100
2019-12-23,292.79815673828125,321.2200012207031,321.6499938964844,321.05999755859375,321.5899963378906,52990000
2019-12-24,292.8073425292969,321.2300109863281,321.5199890136719,320.8999938964844,321.4700012207031,20270000
2019-12-26,294.3660888671875,322.94000244140625,322.95001220703125,321.6400146484375,321.6499938964844,30911200
2019-12-27,294.2931213378906,322.8599853515625,323.79998779296875,322.2799987792969,323.739990234375,42528800
2019-12-30,292.670654296875,321.0799865722656,323.1000061035156,320.54998779296875,322.95001220703125,49729100
2019-12-31,293.3816223144531,321.8599853515625,322.1300048828125,320.1499938964844,320.5299987792969,57077300
2020-01-02,296.1252136230469,324.8699951171875,324.8900146484375,322.5299987792969,323.5400085449219,59151200
2020-01-03,293.8829040527344,322.4100036621094,323.6400146484375,321.1000061035156,321.1600036621094,77709700
2020-01-06,295.00408935546875,323.6400146484375,323.7300109863281,320.3599853515625,320.489990234375,55653900
2020-01-07,294.1746826171875,322.7300109863281,323.5400085449219,322.239990234375,323.0199890136719,40496400
2020-01-08,295.7424621582031,324.45001220703125,325.7799987792969,322.6700134277344,322.94000244140625,68296000
2020-01-09,297.7477722167969,326.6499938964844,326.7300109863281,325.5199890136719,326.1600036621094,48473300
2020-01-10,296.8909912109375,325.7099914550781,327.4599914550781,325.20001220703125,327.2900085449219,53029300
2020-01-13,298.9327392578125,327.95001220703125,327.9599914550781,325.9200134277344,326.3900146484375,47086800
2020-01-14,298.4770202636719,327.45001220703125,328.6199951171875,326.8399963378906,327.4700012207031,62832800
2020-01-15,299.15155029296875,328.19000244140625,329.0199890136719,327.260009765625,327.3500061035156,72056600
2020-01-16,301.6400451660156,330.9200134277344,330.9200134277344,329.45001220703125,329.70001220703125,54050300
2020-01-17,302.5788269042969,331.95001220703125,332.17999267578125,330.8500061035156,331.70001220703125,95846000
2020-01-21,301.98638916015625,331.29998779296875,332.17999267578125,330.82000732421875,330.8999938964844,77742400
2020-01-22,302.0228271484375,331.3399963378906,332.95001220703125,331.1700134277344,332.239990234375,48914900
2020-01-23,302.3691101074219,331.7200012207031,332.1700134277344,329.4100036621094,330.6300048828125,51963000
2020-01-24,299.6802062988281,328.7699890136719,332.5299987792969,327.3599853515625,332.44000244140625,87578400
2020-01-27,294.87646484375,323.5,325.1199951171875,322.6600036621094,323.0299987792969,84062500
2020-01-28,297.9665222167969,326.8900146484375,327.8500061035156,323.6000061035156,325.05999755859375,63834000
2020-01-29,297.720458984375,326.6199951171875,328.6300048828125,326.3999938964844,328.3800048828125,53888900
2020-01-30,298.6867370605469,327.67999267578125,327.9100036621094,323.5400085449219,324.3599853515625,75491800
2020-01-31,293.2631530761719,321.7300109863281,327.1700134277344,320.7300109863281,327.0,113845600
2020-02-03,295.4416198730469,324.1199951171875,326.1600036621094,323.2200012207031,323.3500061035156,69083000
2020-02-04,299.9445495605469,329.05999755859375,330.010009765625,327.7200012207031,328.07000732421875,62573200
2020-02-05,303.4083251953125,332.8599853515625,333.0899963378906,330.6700134277344,332.2699890136719,65951100
2020-02-06,304.42926025390625,333.9800109863281,334.19000244140625,332.79998779296875,333.9100036621094,50359700
2020-02-07,302.80682373046875,332.20001220703125,333.989990234375,331.6000061035156,332.82000732421875,64139400
2020-02-10,305.0672302246094,334.67999267578125,334.75,331.19000244140625,331.2300109863281,42070000
2020-02-11,305.59600830078125,335.260009765625,337.0199890136719,334.67999267578125,336.1600036621094,54864500
2020-02-12,307.5648498535156,337.4200134277344,337.6499938964844,336.42999267578125,336.8299865722656,43992700
2020-02-13,307.2366638183594,337.05999755859375,338.1199951171875,335.55999755859375,335.8599853515625,54501900
2020-02-14,307.7289733886719,337.6000061035156,337.7300109863281,336.20001220703125,337.510009765625,64582200
2020-02-18,306.9358825683594,336.7300109863281,337.6700134277344,335.2099914550781,336.510009765625,57226200
2020-02-19,308.4034118652344,338.3399963378906,339.0799865722656,337.4800109863281,337.7900085449219,48814700
2020-02-20,307.136474609375,336.95001220703125,338.6400146484375,333.67999267578125,337.739990234375,74163400
2020-02-21,303.9735107421875,333.4800109863281,335.80999755859375,332.5799865722656,335.4700012207031,113788200
2020-02-24,293.8920593261719,322.4200134277344,333.55999755859375,321.239990234375,323.1400146484375,161088400
2020-02-25,284.9865417480469,312.6499938964844,324.6099853515625,311.69000244140625,323.94000244140625,218913200
2020-02-26,283.9382629394531,311.5,318.1099853515625,310.70001220703125,314.17999267578125,194773800
2020-02-27,271.18609619140625,297.510009765625,311.55999755859375,297.510009765625,305.4599914550781,284353500
2020-02-28,270.0467834472656,296.260009765625,297.8900146484375,285.5400085449219,288.70001220703125,384975800
2020-03-02,281.74151611328125,309.0899963378906,309.1600036621094,294.4599914550781,298.2099914550781,238703600
2020-03-03,273.6745300292969,300.239990234375,313.8399963378906,297.57000732421875,309.5,300139100
2020-03-04,285.17791748046875,312.8599853515625,313.1000061035156,303.3299865722656,306.1199951171875,176613400
2020-03-05,275.6980895996094,302.4599914550781,308.4700012207031,300.010009765625,304.9800109863281,186366800
2020-03-06,271.140625,297.4599914550781,298.7799987792969,290.2300109863281,293.1499938964844,228667200
2020-03-09,249.96600341796875,274.2300109863281,284.19000244140625,273.45001220703125,275.29998779296875,309417300
2020-03-10,262.900390625,288.4200134277344,288.5199890136719,273.5,284.6400146484375,276444100
2020-03-11,250.08448791503906,274.3599853515625,281.94000244140625,270.8800048828125,280.70001220703125,255316300
2020-03-12,226.15704345703125,248.11000061035156,266.6600036621094,247.67999267578125,256.0,392220700
2020-03-13,245.4904327392578,269.32000732421875,271.4800109863281,248.52000427246094,263.0899963378906,329566100
2020-03-16,218.6279296875,239.85000610351562,256.8999938964844,237.36000061035156,241.17999267578125,297240000
2020-03-17,230.4320831298828,252.8000030517578,256.1700134277344,237.07000732421875,245.0399932861328,262070500
2020-03-18,218.76463317871094,240.0,248.3699951171875,228.02000427246094,236.25,327597100
2020-03-19,219.22950744628906,240.50999450683594,247.3800048828125,232.22000122070312,239.25,289322000
2020-03-20,209.7820281982422,228.8000030517578,244.47000122070312,228.5,242.52999877929688,347158800
2020-03-23,204.41822814941406,222.9499969482422,229.67999267578125,218.25999450683594,228.19000244140625,326025200
2020-03-24,222.93922424316406,243.14999389648438,244.10000610351562,233.8000030517578,234.4199981689453,235494500
2020-03-25,226.27659606933594,246.7899932861328,256.3500061035156,239.75,244.8699951171875,299430300
2020-03-26,239.48887634277344,261.20001220703125,262.79998779296875,249.0500030517578,249.52000427246094,257632800
2020-03-27,232.3555450439453,253.4199981689453,260.80999755859375,251.0500030517578,253.27000427246094,224341200
2020-03-30,239.90147399902344,261.6499938964844,262.42999267578125,253.52999877929688,255.6999969482422,171369500
2020-03-31,236.3256072998047,257.75,263.3299865722656,256.2200012207031,260.55999755859375,194881100
2020-04-01,225.6898193359375,246.14999389648438,257.6600036621094,243.89999389648438,247.97999572753906,189554600
2020-04-02,230.89772033691406,251.8300018310547,252.67999267578125,244.58999633789062,245.19000244140625,177660400
2020-04-03,227.560302734375,248.19000244140625,253.32000732421875,245.22000122070312,250.75999450683594,135561200
2020-04-06,242.8446502685547,264.8599853515625,267.0,248.1699981689453,257.8399963378906,188061200
2020-04-07,243.09225463867188,265.1300048828125,275.0299987792969,264.8900146484375,274.2099914550781,201427200
2020-04-08,251.2524871826172,274.0299987792969,276.0,265.25,267.9599914550781,153774500
2020-04-09,255.07574462890625,278.20001220703125,281.20001220703125,275.4700012207031,277.5799865722656,189999200
2020-04-13,252.7469940185547,275.6600036621094,277.510009765625,271.4100036621094,277.1400146484375,114839100
2020-04-14,260.2012634277344,283.7900085449219,284.8999938964844,275.510009765625,280.9800109863281,134143400
2020-04-15,254.67242431640625,277.760009765625,283.94000244140625,275.4599914550781,277.57000732421875,121775000
2020-04-16,255.90101623535156,279.1000061035156,280.0299987792969,275.760009765625,279.1499938964844,131798300
2020-04-17,262.81427001953125,286.6400146484375,287.29998779296875,282.3999938964844,285.3800048828125,146684800
2020-04-20,258.1840515136719,281.5899963378906,286.7900085449219,281.3500061035156,282.6099853515625,100109300
2020-04-21,250.3447723388672,273.0400085449219,278.0400085449219,272.0199890136719,276.7300109863281,126385700
2020-04-22,255.90101623535156,279.1000061035156,281.0,276.9100036621094,278.3500061035156,92951600
2020-04-23,255.88270568847656,279.0799865722656,283.94000244140625,278.75,280.489990234375,104709700
2020-04-24,259.44940185546875,282.9700012207031,283.70001220703125,278.5,280.7300109863281,85063200
2020-04-27,263.1901550292969,287.04998779296875,288.2699890136719,284.6199951171875,285.1199951171875,77896600
2020-04-28,261.9799499511719,285.7300109863281,291.3999938964844,285.3999938964844,291.0199890136719,105270000
2020-04-29,268.83819580078125,293.2099914550781,294.8800048828125,290.4100036621094,291.5299987792969,118745600
2020-04-30,266.33514404296875,290.4800109863281,293.32000732421875,288.5899963378906,291.7099914550781,122901700
2020-05-01,259.28436279296875,282.7900085449219,290.6600036621094,281.5199890136719,285.30999755859375,125180000
2020-05-04,259.9994812011719,283.57000732421875,283.8999938964844,279.1300048828125,280.739990234375,80873200
2020-05-05,262.40167236328125,286.19000244140625,289.25,283.7099914550781,286.6400146484375,79569900
2020-05-06,260.6228942871094,284.25,288.4599914550781,283.7799987792969,288.0400085449219,73632600
2020-05-07,263.767822265625,287.67999267578125,289.7799987792969,287.1300048828125,287.75,75250400
2020-05-08,268.1322021484375,292.44000244140625,292.95001220703125,289.8599853515625,291.0899963378906,76452400
2020-05-11,268.187255859375,292.5,294.0,289.8800048828125,290.3399963378906,79514200
2020-05-12,262.841796875,286.6700134277344,294.239990234375,286.5199890136719,293.7900085449219,95870800
2020-05-13,258.1932373046875,281.6000061035156,287.19000244140625,278.9599914550781,286.05999755859375,144721100
2020-05-14,261.28314208984375,284.9700012207031,285.1099853515625,272.989990234375,278.95001220703125,121977900
2020-05-15,262.4842224121094,286.2799987792969,286.3299865722656,281.3399963378906,282.3699951171875,111146300
2020-05-18,270.4794006347656,295.0,296.75,292.70001220703125,293.04998779296875,119703800
2020-05-19,267.7012634277344,291.9700012207031,296.2099914550781,291.95001220703125,294.3500061035156,95189300
2020-05-20,272.24896240234375,296.92999267578125,297.8699951171875,295.57000732421875,295.82000732421875,85861700
2020-05-21,270.369384765625,294.8800048828125,297.6700134277344,293.69000244140625,296.7900085449219,78293900
2020-05-22,270.88287353515625,295.44000244140625,295.6300048828125,293.2200012207031,294.57000732421875,63958200
2020-05-26,274.22021484375,299.0799865722656,302.19000244140625,295.4599914550781,301.92999267578125,88951400
2020-05-27,278.3003234863281,303.5299987792969,303.57000732421875,296.8699951171875,302.1199951171875,104817400
2020-05-28,277.78692626953125,302.9700012207031,306.8399963378906,302.239990234375,304.6499938964844,90405200
2020-05-29,279.024658203125,304.32000732421875,304.9599914550781,299.4700012207031,302.4599914550781,119090800
2020-06-01,280.1523742675781,305.54998779296875,306.2099914550781,303.05999755859375,303.6199951171875,55758300
2020-06-02,282.47216796875,308.0799865722656,308.1300048828125,305.1000061035156,306.54998779296875,74267200
2020-06-03,286.23138427734375,312.17999267578125,313.2200012207031,309.94000244140625,310.239990234375,92567600
2020-06-04,285.47955322265625,311.3599853515625,313.0,309.0799865722656,311.1099853515625,75794400
2020-06-05,292.796142578125,319.3399963378906,321.2699890136719,317.1600036621094,317.2300109863281,150524700
2020-06-08,296.3353576660156,323.20001220703125,323.4100036621094,319.6300048828125,320.2200012207031,73641200
2020-06-09,294.125732421875,320.7900085449219,323.2799987792969,319.3599853515625,320.29998779296875,77479200
2020-06-10,292.48455810546875,319.0,322.3900146484375,318.2200012207031,321.4200134277344,95000800
2020-06-11,275.6230163574219,300.6099853515625,312.1499938964844,300.010009765625,311.4599914550781,209243600
2020-06-12,278.92388916015625,304.2099914550781,309.0799865722656,298.6000061035156,308.239990234375,194678900
2020-06-15,281.52777099609375,307.04998779296875,308.2799987792969,296.739990234375,298.0199890136719,135782700
2020-06-16,286.94659423828125,312.9599914550781,315.6400146484375,307.6700134277344,315.4800109863281,137627500
2020-06-17,285.75457763671875,311.6600036621094,314.3900146484375,310.8599853515625,314.07000732421875,83398900
2020-06-18,285.86456298828125,311.7799987792969,312.29998779296875,309.510009765625,310.010009765625,80828700
2020-06-19,284.2309265136719,308.6400146484375,314.3800048828125,306.5299987792969,314.1700134277344,135549600
2020-06-22,286.0544128417969,310.6199951171875,311.04998779296875,306.75,307.989990234375,74649400
2020-06-23,287.3712158203125,312.04998779296875,314.5,311.6099853515625,313.489990234375,68471200
2020-06-24,280.0407409667969,304.0899963378906,310.510009765625,302.1000061035156,309.8399963378906,132813500
2020-06-25,283.0429382324219,307.3500061035156,307.6400146484375,301.2799987792969,303.4700012207031,89468000
2020-06-26,276.32025146484375,300.04998779296875,306.3900146484375,299.4200134277344,306.1600036621094,127961000
2020-06-29,280.381591796875,304.4599914550781,304.6099853515625,298.92999267578125,301.4100036621094,79773300
2020-06-30,283.97308349609375,308.3599853515625,310.20001220703125,303.82000732421875,303.989990234375,113394800
2020-07-01,285.9622802734375,310.5199890136719,311.8900146484375,309.07000732421875,309.57000732421875,72396500
2020-07-02,287.537109375,312.2300109863281,315.70001220703125,311.510009765625,314.239990234375,69344200
2020-07-06,291.97589111328125,317.04998779296875,317.67999267578125,315.55999755859375,316.3699951171875,61713800
2020-07-07,288.9644470214844,313.7799987792969,317.5199890136719,313.3699951171875,315.3800048828125,82910000
2020-07-08,291.1745910644531,316.17999267578125,316.29998779296875,312.70001220703125,314.6099853515625,54638600
2020-07-09,289.51702880859375,314.3800048828125,317.1000061035156,310.67999267578125,316.8399963378906,83354200
2020-07-10,292.4731140136719,317.5899963378906,317.8800048828125,312.760009765625,314.30999755859375,57550400
2020-07-13,289.9405822753906,314.8399963378906,322.7099914550781,314.1300048828125,320.1300048828125,102997500
2020-07-14,293.69793701171875,318.9200134277344,319.760009765625,312.0,313.29998779296875,93657000
2020-07-15,296.396240234375,321.8500061035156,323.0400085449219,319.2699890136719,322.4100036621094,87196500
2020-07-16,295.4200134277344,320.7900085449219,321.2799987792969,319.0899963378906,319.7900085449219,54622500
2020-07-17,296.27642822265625,321.7200012207031,322.57000732421875,319.739990234375,321.8800048828125,62774900
2020-07-20,298.67083740234375,324.32000732421875,325.1300048828125,320.6199951171875,321.42999267578125,56308800
2020-07-21,299.3062744140625,325.010009765625,326.92999267578125,323.94000244140625,326.45001220703125,57292200
2020-07-22,301.00994873046875,326.8599853515625,327.20001220703125,324.5,324.6199951171875,57792900
2020-07-23,297.41845703125,322.9599914550781,327.2300109863281,321.4800109863281,326.4700012207031,75738000
2020-07-24,295.5029296875,320.8800048828125,321.989990234375,319.25,320.95001220703125,73766600
2020-07-27,297.65789794921875,323.2200012207031,323.4100036621094,320.7699890136719,321.6300048828125,48293000
2020-07-28,295.77008056640625,321.1700134277344,323.6400146484375,320.8500061035156,322.42999267578125,57495000
2020-07-29,299.4075622558594,325.1199951171875,325.7300109863281,322.0799865722656,322.1199951171875,48454200
2020-07-30,298.3393249511719,323.9599914550781,324.4100036621094,319.6400146484375,321.8999938964844,61861700
2020-07-31,300.6968994140625,326.5199890136719,326.6300048828125,321.3299865722656,325.8999938964844,84986800
2020-08-03,302.787353515625,328.7900085449219,329.6199951171875,327.7300109863281,328.32000732421875,53077900
2020-08-04,303.9568786621094,330.05999755859375,330.05999755859375,327.8599853515625,327.8599853515625,41917900
2020-08-05,305.8447265625,332.1099853515625,332.3900146484375,331.17999267578125,331.4700012207031,42697700
2020-08-06,307.88922119140625,334.3299865722656,334.4599914550781,331.1300048828125,331.4800109863281,43679400
2020-08-07,308.1102294921875,334.57000732421875,334.8800048828125,332.29998779296875,333.2799987792969,57308300
2020-08-10,309.0311279296875,335.57000732421875,335.7699890136719,332.9599914550781,335.05999755859375,44282100
2020-08-11,306.480224609375,332.79998779296875,337.5400085449219,332.010009765625,336.8500061035156,69601100
2020-08-12,310.75323486328125,337.44000244140625,338.2799987792969,335.4100036621094,335.44000244140625,53774400
2020-08-13,310.1914978027344,336.8299865722656,338.25,335.8299865722656,336.6099853515625,41816100
2020-08-14,310.2006530761719,336.8399963378906,337.4200134277344,335.6199951171875,336.4100036621094,47260400
2020-08-17,311.1860656738281,337.9100036621094,338.3399963378906,336.8500061035156,337.94000244140625,35481000
2020-08-18,311.85833740234375,338.6400146484375,339.1000061035156,336.6099853515625,338.3399963378906,38733900
2020-08-19,310.5599060058594,337.2300109863281,339.6099853515625,336.6199951171875,339.04998779296875,68054200
2020-08-20,311.52685546875,338.2799987792969,338.79998779296875,335.2200012207031,335.3599853515625,42207800
2020-08-21,312.6319580078125,339.4800109863281,339.7200012207031,337.54998779296875,337.9200134277344,55106600
2020-08-24,315.79986572265625,342.9200134277344,343.0,339.45001220703125,342.1199951171875,48588700
2020-08-25,316.9049987792969,344.1199951171875,344.2099914550781,342.2699890136719,343.5299987792969,38463400
2020-08-26,320.08209228515625,347.57000732421875,347.8599853515625,344.1700134277344,344.760009765625,50790200
2020-08-27,320.78204345703125,348.3299865722656,349.8999938964844,346.5299987792969,348.510009765625,58034100
2020-08-28,322.85400390625,350.5799865722656,350.7200012207031,348.1499938964844,349.44000244140625,48588900
2020-08-31,321.6844787597656,349.30999755859375,351.29998779296875,349.05999755859375,350.3500061035156,66099200
2020-09-01,324.71435546875,352.6000061035156,352.7099914550781,349.239990234375,350.2099914550781,54908700
2020-09-02,329.4110107421875,357.70001220703125,358.75,353.42999267578125,354.6700134277344,69540000
2020-09-03,318.0745544433594,345.3900146484375,356.3800048828125,342.5899963378906,355.8699951171875,148011100
2020-09-04,315.4775390625,342.57000732421875,347.8299865722656,334.8699951171875,346.1300048828125,139156300
2020-09-08,306.8578796386719,333.2099914550781,342.6400146484375,332.8800048828125,336.7099914550781,114465300
2020-09-09,312.91748046875,339.7900085449219,342.4599914550781,336.6099853515625,337.54998779296875,91462300
2020-09-10,307.4840393066406,333.8900146484375,342.5299987792969,332.8500061035156,341.82000732421875,90569500
2020-09-11,307.6405944824219,334.05999755859375,336.9700012207031,331.0,335.82000732421875,84680200
2020-09-14,311.6925964355469,338.4599914550781,340.3800048828125,334.2200012207031,337.489990234375,65605700
2020-09-15,313.2673645019531,340.1700134277344,342.0199890136719,338.4700012207031,341.1199951171875,52920900
2020-09-16,312.0242004394531,338.82000732421875,343.05999755859375,338.5199890136719,341.510009765625,82096000
2020-09-17,309.2798156738281,335.8399963378906,337.70001220703125,332.989990234375,333.55999755859375,91523300
2020-09-18,305.71917724609375,330.6499938964844,335.489990234375,327.9700012207031,335.3699951171875,105877900
2020-09-21,302.3166809082031,326.9700012207031,327.1300048828125,321.7300109863281,325.70001220703125,99450800
2020-09-22,305.3955383300781,330.29998779296875,330.8999938964844,325.8599853515625,328.57000732421875,63612100
2020-09-23,298.3131408691406,322.6400146484375,331.20001220703125,322.1000061035156,330.8999938964844,93112200
2020-09-24,299.1082763671875,323.5,326.79998779296875,319.79998779296875,321.2200012207031,76681300
2020-09-25,303.9439697265625,328.7300109863281,329.5799865722656,321.6400146484375,322.5799865722656,71069400
2020-09-28,308.99224853515625,334.19000244140625,334.9599914550781,332.1499938964844,333.2200012207031,64584600
2020-09-29,307.30950927734375,332.3699951171875,334.7699890136719,331.6199951171875,333.9700012207031,51304000
2020-09-30,309.6394958496094,334.8900146484375,338.2900085449219,332.8800048828125,333.0899963378906,104081100
2020-10-01,311.6274108886719,337.0400085449219,338.739990234375,335.010009765625,337.69000244140625,88698700
2020-10-02,308.6686706542969,333.8399963378906,337.010009765625,331.19000244140625,331.70001220703125,89431100
2020-10-05,314.142333984375,339.760009765625,339.9599914550781,336.010009765625,336.05999755859375,45713100
2020-10-06,309.67645263671875,334.92999267578125,342.1700134277344,334.3800048828125,339.9100036621094,90128900
2020-10-07,315.06689453125,340.760009765625,341.6300048828125,338.0899963378906,338.1199951171875,56999600
2020-10-08,317.859130859375,343.7799987792969,343.8500061035156,341.8599853515625,342.8500061035156,45242500
2020-10-09,320.6977233886719,346.8500061035156,347.3500061035156,344.8900146484375,345.55999755859375,59528600
2020-10-12,325.85693359375,352.42999267578125,354.0199890136719,349.05999755859375,349.5899963378906,80388500
2020-10-13,323.73028564453125,350.1300048828125,352.4700012207031,349.0899963378906,352.2799987792969,73255500
2020-10-14,321.6962585449219,347.92999267578125,351.92999267578125,347.1400146484375,350.75,57727900
2020-10-15,321.2987365722656,347.5,348.0199890136719,343.1300048828125,343.7099914550781,60357700
2020-10-16,321.10455322265625,347.2900085449219,350.75,347.1000061035156,348.9599914550781,89501900
2020-10-19,316.2225341796875,342.010009765625,349.3299865722656,341.0400085449219,348.6499938964844,68425600
2020-10-20,317.48931884765625,343.3800048828125,346.8800048828125,342.6400146484375,343.4599914550781,60051900
2020-10-21,316.88836669921875,342.7300109863281,345.6700134277344,342.3999938964844,343.3299865722656,63575000
2020-10-22,318.6265563964844,344.6099853515625,345.239990234375,340.6499938964844,342.9599914550781,55399300
2020-10-23,319.7083740234375,345.7799987792969,345.989990234375,343.1300048828125,345.92999267578125,49143900
2020-10-26,313.80010986328125,339.3900146484375,342.9800109863281,335.6199951171875,342.1300048828125,91473000
2020-10-27,312.7184143066406,338.2200012207031,340.1199951171875,337.989990234375,339.760009765625,65994100
2020-10-28,302.0299987792969,326.6600036621094,338.25,326.1300048828125,332.1000061035156,127094300
2020-10-29,305.0996398925781,329.9800109863281,333.3999938964844,325.0899963378906,326.9100036621094,90597700
2020-10-30,301.9190368652344,326.5400085449219,329.69000244140625,322.6000061035156,328.2799987792969,120287300
2020-11-02,305.3031921386719,330.20001220703125,332.3599853515625,327.239990234375,330.20001220703125,86068300
2020-11-03,310.6935119628906,336.0299987792969,338.25,330.2900085449219,333.69000244140625,93294200
2020-11-04,317.6372985839844,343.5400085449219,347.94000244140625,339.5899963378906,340.8599853515625,126959700
2020-11-05,323.83203125,350.239990234375,352.19000244140625,348.8599853515625,349.239990234375,82039700
2020-11-06,323.758056640625,350.1600036621094,351.510009765625,347.6499938964844,349.92999267578125,74973000
2020-11-09,327.826416015625,354.55999755859375,364.3800048828125,354.05999755859375,363.9700012207031,172304200
2020-11-10,327.3455810546875,354.0400085449219,355.17999267578125,350.510009765625,353.489990234375,85552000
2020-11-11,329.7773132324219,356.6700134277344,357.55999755859375,355.05999755859375,356.3999938964844,58649000
2020-11-12,326.5782165527344,353.2099914550781,356.7200012207031,351.260009765625,355.5799865722656,67546200
2020-11-13,331.09954833984375,358.1000061035156,358.8999938964844,354.7099914550781,355.2699890136719,62892200
2020-11-16,335.23248291015625,362.57000732421875,362.7799987792969,359.5899963378906,360.9800109863281,74541100
2020-11-17,333.429443359375,360.6199951171875,361.9200134277344,358.3399963378906,359.9700012207031,66111000
2020-11-18,329.41668701171875,356.2799987792969,361.5,356.239990234375,360.9100036621094,70591300
2020-11-19,330.8035583496094,357.7799987792969,358.17999267578125,354.1499938964844,355.6000061035156,59940900
2020-11-20,328.5382995605469,355.3299865722656,357.7200012207031,355.25,357.5,70417300
2020-11-23,330.5076599121094,357.4599914550781,358.82000732421875,354.8699951171875,357.2799987792969,63230600
2020-11-24,335.83343505859375,363.2200012207031,363.80999755859375,359.2900085449219,360.2099914550781,62415900
2020-11-25,335.3156433105469,362.6600036621094,363.1600036621094,361.4800109863281,363.1300048828125,45330900
2020-11-27,336.2496032714844,363.6700134277344,364.17999267578125,362.5799865722656,363.8399963378906,28514100
2020-11-30,334.7608642578125,362.05999755859375,363.1199951171875,359.1700134277344,362.8299865722656,83872700
2020-12-01,338.4223327636719,366.0199890136719,367.67999267578125,364.92999267578125,365.57000732421875,74231400
2020-12-02,339.13421630859375,366.7900085449219,366.9599914550781,364.20001220703125,364.82000732421875,45927000
2020-12-03,339.04180908203125,366.69000244140625,368.19000244140625,365.5,366.67999267578125,62882000
2020-12-04,341.96356201171875,369.8500061035156,369.8500061035156,367.2200012207031,367.32000732421875,50749900
2020-12-07,341.2607727050781,369.0899963378906,369.6199951171875,367.7200012207031,369.0199890136719,48944300
2020-12-08,342.2593688964844,370.1700134277344,370.7799987792969,367.6700134277344,367.7200012207031,42458900
2020-12-09,339.189697265625,366.8500061035156,371.04998779296875,365.95001220703125,370.8800048828125,74098300
2020-12-10,339.0787658691406,366.7300109863281,367.8599853515625,364.42999267578125,365.3699951171875,57735400
2020-12-11,338.68115234375,366.29998779296875,366.739990234375,363.260009765625,364.8999938964844,57698600
2020-12-14,337.1649169921875,364.6600036621094,369.79998779296875,364.4700012207031,368.6400146484375,69216200
2020-12-15,341.72308349609375,369.5899963378906,369.5899963378906,365.9200134277344,367.3999938964844,63865300
2020-12-16,342.2593688964844,370.1700134277344,371.1600036621094,368.8699951171875,369.82000732421875,58420500
2020-12-17,344.1733093261719,372.239990234375,372.4599914550781,371.04998779296875,371.94000244140625,64119500
2020-12-18,342.79901123046875,369.17999267578125,371.1499938964844,367.0199890136719,370.9700012207031,136542300
2020-12-21,341.5733337402344,367.8599853515625,378.4599914550781,362.0299987792969,364.9700012207031,96386700
2020-12-22,340.9976806640625,367.239990234375,368.3299865722656,366.0299987792969,368.2099914550781,47949000
2020-12-23,341.3041076660156,367.57000732421875,369.6199951171875,367.2200012207031,368.2799987792969,46201400
2020-12-24,342.63189697265625,369.0,369.0299987792969,367.45001220703125,368.0799865722656,26457900
2020-12-28,345.5754089355469,372.1700134277344,372.5899963378906,371.07000732421875,371.739990234375,39000400
2020-12-29,344.91607666015625,371.4599914550781,374.0,370.8299865722656,373.80999755859375,53680500
2020-12-30,345.4081726074219,371.989990234375,373.1000061035156,371.57000732421875,372.3399963378906,49455300
2020-12-31,347.1632385253906,373.8800048828125,374.6600036621094,371.2300109863281,371.7799987792969,78520700
2021-01-04,342.4369812011719,368.7900085449219,375.45001220703125,364.82000732421875,375.30999755859375,110210800
2021-01-05,344.7954406738281,371.3299865722656,372.5,368.04998779296875,368.1000061035156,66426200
2021-01-06,346.8567810058594,373.54998779296875,376.9800109863281,369.1199951171875,369.7099914550781,107997700
2021-01-07,352.01025390625,379.1000061035156,379.8999938964844,375.9100036621094,376.1000061035156,68766800
2021-01-08,354.0158386230469,381.260009765625,381.489990234375,377.1000061035156,380.5899963378906,71677200
2021-01-11,351.6295166015625,378.69000244140625,380.5799865722656,377.7200012207031,377.8500061035156,51034700
2021-01-12,351.7037353515625,378.7699890136719,379.8599853515625,376.3599853515625,378.8900146484375,52547700
2021-01-13,352.65087890625,379.7900085449219,380.8599853515625,377.8500061035156,378.69000244140625,45303600
2021-01-14,351.4158935546875,378.4599914550781,381.1300048828125,378.1000061035156,380.5899963378906,49989100
2021-01-15,348.8531188964844,375.70001220703125,377.5799865722656,373.70001220703125,376.7200012207031,107160000
2021-01-19,351.5924072265625,378.6499938964844,379.2300109863281,376.75,378.3399963378906,51233300
2021-01-20,356.45794677734375,383.8900146484375,384.7900085449219,380.69000244140625,381.1099853515625,61836100
2021-01-21,356.7828674316406,384.239990234375,384.95001220703125,383.25,384.489990234375,47840100
2021-01-22,355.5199890136719,382.8800048828125,384.1300048828125,381.8399963378906,382.25,52860500
2021-01-25,356.922119140625,384.3900146484375,384.7699890136719,378.4599914550781,383.6700134277344,70402000
2021-01-26,356.36505126953125,383.7900085449219,385.8500061035156,383.5400085449219,385.4100036621094,42665300
2021-01-27,347.65533447265625,374.4100036621094,380.32000732421875,372.010009765625,380.2200012207031,123351100
2021-01-28,350.6452941894531,377.6300048828125,381.92999267578125,375.8900146484375,376.3599853515625,94198100
2021-01-29,343.6254577636719,370.07000732421875,376.6700134277344,368.2699890136719,375.6300048828125,126765100
2021-02-01,349.3452453613281,376.2300109863281,377.3399963378906,370.3800048828125,373.7200012207031,75817600
2021-02-02,354.2851867675781,381.54998779296875,383.2200012207031,376.32000732421875,379.6499938964844,64450700
2021-02-03,354.5636901855469,381.8500061035156,383.70001220703125,380.4800109863281,382.44000244140625,52427100
2021-02-04,358.59356689453125,386.19000244140625,386.239990234375,381.9700012207031,382.9599914550781,47142600
2021-02-05,360.0049743652344,387.7099914550781,388.4700012207031,386.1400146484375,388.20001220703125,48669800
2021-02-08,362.6048889160156,390.510009765625,390.55999755859375,388.3500061035156,389.2699890136719,38365200
2021-02-09,362.3633728027344,390.25,390.8900146484375,389.1700134277344,389.6099853515625,35551100
2021-02-10,362.2055969238281,390.0799865722656,392.2799987792969,387.5,392.1199951171875,59154400
2021-02-11,362.79058837890625,390.7099914550781,391.69000244140625,388.1000061035156,391.239990234375,42913300
2021-02-12,364.5826416015625,392.6400146484375,392.8999938964844,389.7699890136719,389.8500061035156,50593300
2021-02-16,364.26690673828125,392.29998779296875,394.1700134277344,391.5299987792969,393.9599914550781,50972400
2021-02-17,364.3504943847656,392.3900146484375,392.6600036621094,389.3299865722656,390.4200134277344,52290600
2021-02-18,362.7998962402344,390.7200012207031,391.5199890136719,387.739990234375,389.5899963378906,59712800
2021-02-19,362.1591491699219,390.0299987792969,392.3800048828125,389.54998779296875,392.07000732421875,83241000
2021-02-22,359.37353515625,387.0299987792969,389.6199951171875,386.739990234375,387.05999755859375,67414200
2021-02-23,359.80999755859375,387.5,388.95001220703125,380.20001220703125,384.6600036621094,107284100
2021-02-24,363.77490234375,391.7699890136719,392.2300109863281,385.2699890136719,386.3299865722656,72433900
2021-02-25,355.00933837890625,382.3299865722656,391.8800048828125,380.7799987792969,390.4100036621094,146670500
2021-02-26,353.1800537109375,380.3599853515625,385.5799865722656,378.2300109863281,384.3500061035156,152701600
2021-03-01,361.74127197265625,389.5799865722656,390.9200134277344,380.57000732421875,385.5899963378906,105348800
2021-03-02,358.9185485839844,386.5400085449219,390.07000732421875,386.0,389.82000732421875,79595300
2021-03-03,354.16436767578125,381.4200134277344,386.8299865722656,381.30999755859375,385.7900085449219,119940200
2021-03-04,349.7817687988281,376.70001220703125,384.0,371.8800048828125,381.2200012207031,183433000
2021-03-05,356.216552734375,383.6300048828125,384.760009765625,372.6400146484375,380.4599914550781,152039600
2021-03-08,354.4429931640625,381.7200012207031,387.67999267578125,381.4200134277344,384.6600036621094,123149200
2021-03-09,359.50360107421875,387.1700134277344,389.9100036621094,385.30999755859375,385.8500061035156,113633600
2021-03-10,361.74127197265625,389.5799865722656,391.3999938964844,388.1700134277344,389.69000244140625,109899400
2021-03-11,365.4090881347656,393.5299987792969,395.6499938964844,391.739990234375,392.2300109863281,86245000
2021-03-12,365.901123046875,394.05999755859375,394.2099914550781,391.20001220703125,392.07000732421875,64653600
2021-03-15,368.0832824707031,396.4100036621094,396.69000244140625,392.0299987792969,394.3299865722656,73427200
2021-03-16,367.61895751953125,395.9100036621094,397.8299865722656,395.0799865722656,397.07000732421875,73722500
2021-03-17,368.87255859375,397.260009765625,398.1199951171875,393.29998779296875,394.5299987792969,97959300
2021-03-18,363.5055847167969,391.4800109863281,396.7200012207031,390.75,394.4800109863281,115349100
2021-03-19,362.8330078125,389.4800109863281,391.57000732421875,387.1499938964844,389.8800048828125,113624500
2021-03-22,365.7301330566406,392.5899963378906,394.07000732421875,389.9700012207031,390.0299987792969,73778600
2021-03-23,362.85162353515625,389.5,393.4599914550781,388.6600036621094,391.9100036621094,90686600
2021-03-24,361.0069580078125,387.5199890136719,392.75,387.4700012207031,391.0,97588600
2021-03-25,363.0379638671875,389.70001220703125,390.54998779296875,383.8999938964844,385.9800109863281,116128600
2021-03-26,368.8882141113281,395.9800109863281,396.4100036621094,390.2900085449219,390.92999267578125,114409100
2021-03-29,368.701904296875,395.7799987792969,396.75,392.80999755859375,394.3999938964844,108107600
2021-03-30,367.7237243652344,394.7300109863281,395.45001220703125,393.0199890136719,394.4200134277344,76262200
2021-03-31,369.2142639160156,396.3299865722656,398.0,395.30999755859375,395.3399963378906,112734200
2021-04-01,373.2015075683594,400.6099853515625,400.6700134277344,398.17999267578125,398.3999938964844,99682900
2021-04-05,378.55804443359375,406.3599853515625,406.94000244140625,403.3800048828125,403.4599914550781,91684800
2021-04-06,378.3344421386719,406.1199951171875,407.239990234375,405.3999938964844,405.760009765625,62021000
2021-04-07,378.77227783203125,406.5899963378906,406.9599914550781,405.45001220703125,405.94000244140625,55836300
2021-04-08,380.5702209472656,408.5199890136719,408.5799865722656,406.92999267578125,407.92999267578125,57863100
2021-04-09,383.33709716796875,411.489990234375,411.6700134277344,408.260009765625,408.3900146484375,61104600
2021-04-12,383.476806640625,411.6400146484375,411.92999267578125,410.20001220703125,410.8500061035156,56704900
2021-04-13,384.61334228515625,412.8599853515625,413.5299987792969,411.1199951171875,411.5299987792969,56551000
2021-04-14,383.29998779296875,411.45001220703125,413.9599914550781,410.8699951171875,412.8299865722656,61659900
2021-04-15,387.41748046875,415.8699951171875,416.1600036621094,413.69000244140625,413.739990234375,60229800
2021-04-16,388.71234130859375,417.260009765625,417.9100036621094,415.7300109863281,417.25,82037300
2021-04-19,386.80255126953125,415.2099914550781,416.739990234375,413.7900085449219,416.260009765625,78498500
2021-04-20,383.9705810546875,412.1700134277344,415.0899963378906,410.5899963378906,413.9100036621094,81851800
2021-04-21,387.6037292480469,416.07000732421875,416.2900085449219,411.3599853515625,411.510009765625,66793000
2021-04-22,384.063720703125,412.2699890136719,416.7799987792969,411.1300048828125,415.8900146484375,97582800
2021-04-23,388.2278747558594,416.739990234375,418.25,412.7900085449219,412.8699951171875,73209200
2021-04-26,389.0383605957031,417.6099853515625,418.2200012207031,416.80999755859375,417.44000244140625,52182400
2021-04-27,388.9544982910156,417.5199890136719,418.1400146484375,416.29998779296875,417.92999267578125,51303100
2021-04-28,388.8427734375,417.3999938964844,419.010009765625,416.8999938964844,417.80999755859375,51238900
2021-04-29,391.3207702636719,420.05999755859375,420.7200012207031,416.44000244140625,420.32000732421875,78544300
2021-04-30,388.7496032714844,417.29998779296875,418.5400085449219,416.3399963378906,417.6300048828125,85527000
2021-05-03,389.5880126953125,418.20001220703125,419.8399963378906,417.6700134277344,419.42999267578125,68128300
2021-05-04,387.18450927734375,415.6199951171875,416.6000061035156,411.6700134277344,416.07000732421875,101591200
2021-05-05,387.30560302734375,415.75,417.6300048828125,415.1499938964844,417.3800048828125,60162200
2021-05-06,390.3984680175781,419.07000732421875,419.2099914550781,413.67999267578125,415.8299865722656,74321400
2021-05-07,393.23980712890625,422.1199951171875,422.82000732421875,419.1600036621094,419.8900146484375,67733800
2021-05-10,389.3458557128906,417.94000244140625,422.739990234375,417.80999755859375,422.5,81852400
2021-05-11,385.87103271484375,414.2099914550781,415.2699890136719,410.05999755859375,413.1000061035156,116888000
2021-05-12,377.67303466796875,405.4100036621094,412.5899963378906,404.0,411.2300109863281,134811000
2021-05-13,382.20989990234375,410.2799987792969,412.3500061035156,407.0199890136719,407.07000732421875,106394000
2021-05-14,388.0788879394531,416.5799865722656,417.489990234375,413.17999267578125,413.2099914550781,82201600
2021-05-17,387.0913391113281,415.5199890136719,416.3900146484375,413.3599853515625,415.3900146484375,65129200
2021-05-18,383.7563171386719,411.94000244140625,416.05999755859375,411.7699890136719,415.79998779296875,59810200
2021-05-19,382.75018310546875,410.8599853515625,411.04998779296875,405.3299865722656,406.9200134277344,106467100
2021-05-20,386.8677978515625,415.2799987792969,416.6300048828125,411.6700134277344,411.79998779296875,78022200
2021-05-21,386.551025390625,414.94000244140625,418.20001220703125,414.45001220703125,416.8699951171875,76578700
2021-05-24,390.4916687011719,419.1700134277344,420.32000732421875,417.0799865722656,417.3399963378906,51376700
2021-05-25,389.625244140625,418.239990234375,420.7099914550781,417.6199951171875,420.3299865722656,57451400
2021-05-26,390.3984680175781,419.07000732421875,419.6099853515625,417.760009765625,418.8699951171875,43088600
2021-05-27,390.60333251953125,419.2900085449219,420.7200012207031,418.989990234375,420.1700134277344,56707700
2021-05-28,391.3021240234375,420.0400085449219,421.25,419.7900085449219,420.9700012207031,58520200
2021-06-01,390.9573974609375,419.6700134277344,422.7200012207031,419.20001220703125,422.57000732421875,54216600
2021-06-02,391.57232666015625,420.3299865722656,421.2300109863281,419.2900085449219,420.3699951171875,49097100
2021-06-03,390.1189880371094,418.7699890136719,419.989990234375,416.2799987792969,417.8500061035156,58138800
2021-06-04,393.6869812011719,422.6000061035156,422.9200134277344,418.8399963378906,420.75,55938800
2021-06-07,393.3050842285156,422.19000244140625,422.7799987792969,421.19000244140625,422.5899963378906,51555000
2021-06-08,393.3889465332031,422.2799987792969,423.2099914550781,420.32000732421875,423.1099853515625,47134300
2021-06-09,392.8019104003906,421.6499938964844,423.260009765625,421.4100036621094,423.17999267578125,48436300
2021-06-10,394.6278381347656,423.6099853515625,424.6300048828125,421.54998779296875,422.9599914550781,51020100
2021-06-11,395.2799072265625,424.30999755859375,424.42999267578125,422.82000732421875,424.20001220703125,45570800
2021-06-14,396.1650085449219,425.260009765625,425.3699951171875,423.1000061035156,424.42999267578125,42358500
2021-06-15,395.4383544921875,424.4800109863281,425.4599914550781,423.5400085449219,425.4200134277344,51508500
2021-06-16,393.2304382324219,422.1099853515625,424.8699951171875,419.9200134277344,424.6300048828125,80386100
2021-06-17,393.10009765625,421.9700012207031,423.0199890136719,419.32000732421875,421.6700134277344,90949700
2021-06-18,387.7969970703125,414.9200134277344,417.8299865722656,414.70001220703125,417.0899963378906,118676300
2021-06-21,393.3487243652344,420.8599853515625,421.05999755859375,415.92999267578125,416.79998779296875,72822000
2021-06-22,395.4515686035156,423.1099853515625,424.0,420.0799865722656,420.8500061035156,57700300
2021-06-23,394.9749450683594,422.6000061035156,424.04998779296875,422.510009765625,423.19000244140625,49445400
2021-06-24,397.3114318847656,425.1000061035156,425.54998779296875,424.6199951171875,424.8900146484375,45110300
2021-06-25,398.7228088378906,426.6099853515625,427.0899963378906,425.54998779296875,425.8999938964844,58129500
2021-06-28,399.52655029296875,427.4700012207031,427.6499938964844,425.8900146484375,427.1700134277344,53159600
2021-06-29,399.7415466308594,427.70001220703125,428.55999755859375,427.1300048828125,427.8800048828125,35970500
2021-06-30,400.0780334472656,428.05999755859375,428.7799987792969,427.17999267578125,427.2099914550781,64827900
2021-07-01,402.2931213378906,430.42999267578125,430.6000061035156,428.79998779296875,428.8699951171875,53441000
2021-07-02,405.36798095703125,433.7200012207031,434.1000061035156,430.5199890136719,431.6700134277344,57697700
2021-07-06,404.6297302246094,432.92999267578125,434.010009765625,430.010009765625,433.7799987792969,68710400
2021-07-07,406.0596618652344,434.4599914550781,434.760009765625,431.510009765625,433.6600036621094,63549500
2021-07-08,402.7510986328125,430.9200134277344,431.7300109863281,427.5199890136719,428.7799987792969,97595200
2021-07-09,407.0504150390625,435.5199890136719,435.8399963378906,430.7099914550781,432.5299987792969,76238600
2021-07-12,408.5084228515625,437.0799865722656,437.3500061035156,434.9700012207031,435.42999267578125,52889600
2021-07-13,407.1158447265625,435.5899963378906,437.8399963378906,435.30999755859375,436.239990234375,52911300
2021-07-14,407.7233581542969,436.239990234375,437.9200134277344,434.9100036621094,437.3999938964844,64130400
2021-07-15,406.3306884765625,434.75,435.5299987792969,432.7200012207031,434.80999755859375,55126400
2021-07-16,403.1435852050781,431.3399963378906,436.05999755859375,430.9200134277344,436.010009765625,75874700
2021-07-19,397.1900329589844,424.9700012207031,431.4100036621094,421.9700012207031,426.19000244140625,147987000
2021-07-20,402.88189697265625,431.05999755859375,432.4200134277344,424.8299865722656,425.67999267578125,99608200
2021-07-21,406.1438293457031,434.54998779296875,434.70001220703125,431.010009765625,432.3399963378906,64724400
2021-07-22,406.9942626953125,435.4599914550781,435.7200012207031,433.69000244140625,434.739990234375,47878500
2021-07-23,411.18145751953125,439.94000244140625,440.29998779296875,436.7900085449219,437.5199890136719,63766600
2021-07-26,412.19085693359375,441.0199890136719,441.0299987792969,439.260009765625,439.30999755859375,43719200
2021-07-27,410.3122253417969,439.010009765625,439.94000244140625,435.989990234375,439.9100036621094,67397100
2021-07-28,410.14410400390625,438.8299865722656,440.29998779296875,437.30999755859375,439.67999267578125,52472400
2021-07-29,411.8450012207031,440.6499938964844,441.79998779296875,439.80999755859375,439.82000732421875,47435300
2021-07-30,409.8448791503906,438.510009765625,440.05999755859375,437.7699890136719,437.9100036621094,68951200
2021-08-02,408.985107421875,437.5899963378906,440.92999267578125,437.2099914550781,440.3399963378906,58783300
2021-08-03,412.3123779296875,441.1499938964844,441.2799987792969,436.1000061035156,438.44000244140625,58053900
2021-08-04,410.2842712402344,438.9800109863281,441.1199951171875,438.7300109863281,439.7799987792969,46732200
2021-08-05,412.88250732421875,441.760009765625,441.8500061035156,439.8800048828125,440.2200012207031,38969700
2021-08-06,413.5647277832031,442.489990234375,442.94000244140625,441.79998779296875,442.1000061035156,46930000
2021-08-09,413.228271484375,442.1300048828125,442.79998779296875,441.30999755859375,442.4599914550781,41222600
2021-08-10,413.74237060546875,442.67999267578125,443.44000244140625,441.8800048828125,442.6099853515625,43339300
2021-08-11,414.7704162597656,443.7799987792969,443.8800048828125,442.6199951171875,443.82000732421875,44034300
2021-08-12,416.0134582519531,445.1099853515625,445.260009765625,442.6600036621094,443.6199951171875,38909400
2021-08-13,416.7705993652344,445.9200134277344,445.94000244140625,445.07000732421875,445.5899963378906,39470300
2021-08-16,417.7519226074219,446.9700012207031,447.1099853515625,442.8699951171875,444.5299987792969,73740000
2021-08-17,415.01348876953125,444.0400085449219,444.9599914550781,440.8500061035156,444.239990234375,92673900
2021-08-18,410.47113037109375,439.17999267578125,444.6300048828125,438.9200134277344,442.9599914550781,89351900
2021-08-19,411.10662841796875,439.8599853515625,441.1400146484375,436.1199951171875,436.2699890136719,92812200
2021-08-20,414.3777770996094,443.3599853515625,443.7099914550781,439.7099914550781,440.2300109863281,72008700
2021-08-23,418.02294921875,447.260009765625,448.2300109863281,443.44000244140625,445.1600036621094,54973000
2021-08-24,418.68658447265625,447.9700012207031,448.5400085449219,447.4200134277344,447.9700012207031,38744700
2021-08-25,419.5650329589844,448.9100036621094,449.4599914550781,447.7699890136719,448.1700134277344,40529700
2021-08-26,417.0883483886719,446.260009765625,448.8599853515625,446.1600036621094,448.6099853515625,57829600
2021-08-27,420.8174743652344,450.25,450.6499938964844,447.05999755859375,447.1199951171875,77235100
2021-08-30,422.6680603027344,452.2300109863281,453.07000732421875,450.7099914550781,450.9700012207031,48357400
2021-08-31,422.0418395996094,451.55999755859375,452.489990234375,450.9200134277344,452.1300048828125,59300200
2021-09-01,422.26611328125,451.79998779296875,453.1099853515625,451.54998779296875,452.55999755859375,48721400
2021-09-02,423.5653076171875,453.19000244140625,454.04998779296875,451.9100036621094,453.32000732421875,42501000
2021-09-03,423.4624938964844,453.0799865722656,453.6300048828125,451.54998779296875,451.9800109863281,47170500
2021-09-07,421.94842529296875,451.4599914550781,452.80999755859375,450.739990234375,452.7099914550781,51671500
2021-09-08,421.4343566894531,450.9100036621094,451.6700134277344,448.8599853515625,450.8900146484375,56181900
2021-09-09,419.6305236816406,448.9800109863281,452.57000732421875,448.7200012207031,450.70001220703125,57970400
2021-09-10,416.3219299316406,445.44000244140625,451.489990234375,445.30999755859375,451.0400085449219,89948200
2021-09-13,417.3873596191406,446.5799865722656,448.9200134277344,444.1099853515625,448.6400146484375,83738600
2021-09-14,415.1349792480469,444.1700134277344,448.3399963378906,443.2200012207031,448.1199951171875,78197100
2021-09-15,418.6024475097656,447.8800048828125,448.4100036621094,443.44000244140625,444.6199951171875,78792200
2021-09-16,417.9388427734375,447.1700134277344,448.3599853515625,444.0199890136719,447.32000732421875,77786700
2021-09-17,413.86767578125,441.3999938964844,445.3699951171875,441.0199890136719,444.9200134277344,118425000
2021-09-20,406.9667053222656,434.0400085449219,436.55999755859375,428.8599853515625,434.8800048828125,166445500
2021-09-21,406.5823669433594,433.6300048828125,437.9100036621094,433.07000732421875,436.5299987792969,92526100
2021-09-22,410.5484313964844,437.8599853515625,440.0299987792969,433.75,436.04998779296875,102350100
2021-09-23,415.5366516113281,443.17999267578125,444.8900146484375,439.6000061035156,439.8500061035156,76396000
2021-09-24,416.2210998535156,443.9100036621094,444.6700134277344,441.2099914550781,441.44000244140625,62094800
2021-09-27,415.03033447265625,442.6400146484375,444.04998779296875,441.8999938964844,442.80999755859375,61371100
2021-09-28,406.6667785644531,433.7200012207031,440.0400085449219,432.94000244140625,439.69000244140625,130436300
2021-09-29,407.3511657714844,434.45001220703125,437.0400085449219,433.8500061035156,435.19000244140625,82329200
2021-09-30,402.3724060058594,429.1400146484375,436.7699890136719,428.7799987792969,436.0199890136719,140506000
2021-10-01,407.15423583984375,434.239990234375,436.0299987792969,427.2300109863281,430.9800109863281,129240100
2021-10-04,401.90362548828125,428.6400146484375,433.9599914550781,426.3599853515625,433.0,128570000
2021-10-05,406.08544921875,433.1000061035156,435.489990234375,429.3900146484375,430.239990234375,90682500
2021-10-06,407.7731018066406,434.8999938964844,435.1199951171875,427.5400085449219,429.2699890136719,113032200
2021-10-07,411.2985534667969,438.6600036621094,441.67999267578125,438.20001220703125,438.3900146484375,72437500
2021-10-08,410.5484313964844,437.8599853515625,439.8900146484375,437.19000244140625,439.4800109863281,74557400
2021-10-11,407.5761413574219,434.69000244140625,440.260009765625,434.6199951171875,437.1600036621094,65233300
2021-10-12,406.5729675292969,433.6199951171875,436.1000061035156,432.7799987792969,435.6700134277344,71181200
2021-10-13,408.0356750488281,435.17999267578125,436.04998779296875,431.5400085449219,434.7099914550781,72974000
2021-10-14,414.89910888671875,442.5,442.6600036621094,438.5799865722656,439.0799865722656,70236800
2021-10-15,418.058837890625,445.8699951171875,446.260009765625,444.0899963378906,444.75,66260200
2021-10-18,419.2965087890625,447.19000244140625,447.54998779296875,443.2699890136719,443.9700012207031,62213200
2021-10-19,422.5313415527344,450.6400146484375,450.7099914550781,448.2699890136719,448.9200134277344,46996800
2021-10-20,424.19091796875,452.4100036621094,452.7300109863281,451.010009765625,451.1300048828125,49571600
2021-10-21,425.29730224609375,453.5899963378906,453.8299865722656,451.30999755859375,451.7699890136719,41305400
2021-10-22,424.85662841796875,453.1199951171875,454.6700134277344,451.04998779296875,453.1300048828125,58845100
2021-10-25,427.13507080078125,455.54998779296875,455.8999938964844,452.3900146484375,454.2799987792969,45214500
2021-10-26,427.5194396972656,455.9599914550781,458.489990234375,455.55999755859375,457.20001220703125,56075100
2021-10-27,425.62548828125,453.94000244140625,457.1600036621094,453.8599853515625,456.45001220703125,72438000
2021-10-28,429.7322998046875,458.32000732421875,458.3999938964844,455.45001220703125,455.4599914550781,51437900
2021-10-29,430.604248046875,459.25,459.55999755859375,455.55999755859375,455.8699951171875,70162400
2021-11-01,431.3450927734375,460.0400085449219,460.70001220703125,458.20001220703125,460.29998779296875,48433600
2021-11-02,433.0890197753906,461.8999938964844,462.2300109863281,460.0799865722656,460.2200012207031,48908400
2021-11-03,435.7331237792969,464.7200012207031,465.1499938964844,460.8299865722656,461.29998779296875,52509800
2021-11-04,437.7864990234375,466.9100036621094,467.0,464.989990234375,465.3599853515625,52847100
2021-11-05,439.3055114746094,468.5299987792969,470.6499938964844,466.9200134277344,469.2799987792969,66390600
2021-11-08,439.68048095703125,468.92999267578125,470.2300109863281,468.20001220703125,469.70001220703125,50405200
2021-11-09,438.2271728515625,467.3800048828125,469.57000732421875,465.8800048828125,469.32000732421875,51149100
2021-11-10,434.7016906738281,463.6199951171875,467.3800048828125,462.0400085449219,465.5799865722656,69429700
2021-11-11,434.8422546386719,463.7699890136719,465.2900085449219,463.75,465.2099914550781,34848500
2021-11-12,438.1239929199219,467.2699890136719,467.8599853515625,464.1099853515625,465.1199951171875,53466700
2021-11-15,438.2740783691406,467.42999267578125,468.80999755859375,466.2300109863281,468.6400146484375,46980500
2021-11-16,440.0086364746094,469.2799987792969,470.489990234375,467.07000732421875,467.1499938964844,48857500
2021-11-17,438.93975830078125,468.1400146484375,469.19000244140625,467.4800109863281,469.0,47858300
2021-11-18,440.4305725097656,469.7300109863281,470.010009765625,466.3399963378906,469.239990234375,50625600
2021-11-19,439.64300537109375,468.8900146484375,470.94000244140625,468.5,469.6099853515625,57315600
2021-11-22,438.4053649902344,467.57000732421875,473.5400085449219,467.3500061035156,470.8900146484375,72762000
2021-11-23,438.9866638183594,468.19000244140625,469.1000061035156,464.45001220703125,467.2200012207031,73206500
2021-11-24,440.1587219238281,469.44000244140625,469.57000732421875,465.19000244140625,466.05999755859375,61858800
2021-11-26,430.34173583984375,458.9700012207031,463.8999938964844,457.7699890136719,462.3399963378906,112669600
2021-11-29,435.6206359863281,464.6000061035156,466.55999755859375,461.7300109863281,464.07000732421875,86268800
2021-11-30,427.1444396972656,455.55999755859375,464.0299987792969,455.29998779296875,462.0,148559600
2021-12-01,422.40008544921875,450.5,464.6700134277344,450.2900085449219,461.6400146484375,131939200
2021-12-02,428.86968994140625,457.3999938964844,459.07000732421875,450.30999755859375,450.7300109863281,127637800
2021-12-03,425.1379089355469,453.4200134277344,460.29998779296875,448.9200134277344,459.1700134277344,137331600
2021-12-06,430.1729736328125,458.7900085449219,460.7900085449219,453.55999755859375,456.1300048828125,98977500
2021-12-07,439.071044921875,468.2799987792969,468.8800048828125,458.6499938964844,464.4100036621094,95484700
2021-12-08,440.23370361328125,469.5199890136719,470.0,466.8299865722656,468.70001220703125,72238800
2021-12-09,437.26141357421875,466.3500061035156,469.6300048828125,466.1400146484375,468.1499938964844,61272600
2021-12-10,441.3775634765625,470.739990234375,470.8999938964844,466.510009765625,469.2300109863281,77159800
2021-12-13,437.46771240234375,466.57000732421875,470.55999755859375,466.2699890136719,470.19000244140625,87724700
2021-12-14,434.4578552246094,463.3599853515625,465.739990234375,460.25,463.0899963378906,97264100
2021-12-15,441.2463073730469,470.6000061035156,470.8599853515625,460.739990234375,463.4200134277344,116899300
2021-12-16,437.35516357421875,466.45001220703125,472.8699951171875,464.79998779296875,472.57000732421875,116568600
2021-12-17,432.7004089355469,459.8699951171875,464.739990234375,458.05999755859375,461.54998779296875,135511600
2021-12-20,428.0993957519531,454.9800109863281,455.3999938964844,451.1400146484375,454.4800109863281,107134800
2021-12-21,435.7020263671875,463.05999755859375,463.2099914550781,456.30999755859375,458.6099853515625,69806300
2021-12-22,440.0585021972656,467.69000244140625,467.80999755859375,462.5799865722656,462.7900085449219,58890200
2021-12-23,442.7964782714844,470.6000061035156,472.19000244140625,468.6400146484375,468.75,56439700
2021-12-27,449.0630187988281,477.260009765625,477.30999755859375,472.010009765625,472.05999755859375,56808600
2021-12-28,448.6960144042969,476.8699951171875,478.80999755859375,476.05999755859375,477.7200012207031,47274600
2021-12-29,449.2700500488281,477.4800109863281,478.55999755859375,475.9200134277344,476.9800109863281,54503000
2021-12-30,448.028076171875,476.1600036621094,479.0,475.6700134277344,477.92999267578125,55329000
2021-12-31,446.89886474609375,474.9599914550781,476.8599853515625,474.6700134277344,475.6400146484375,65237400
2022-01-03,449.4864807128906,477.7099914550781,477.8500061035156,473.8500061035156,476.29998779296875,72668200
2022-01-04,449.33587646484375,477.54998779296875,479.9800109863281,475.5799865722656,479.2200012207031,71178700
2022-01-05,440.70770263671875,468.3800048828125,477.9800109863281,468.2799987792969,477.1600036621094,104538900
2022-01-06,440.2936706542969,467.94000244140625,470.82000732421875,465.42999267578125,467.8900146484375,86858900
2022-01-07,438.5530090332031,466.0899963378906,469.20001220703125,464.6499938964844,467.95001220703125,85111600
2022-01-10,438.00726318359375,465.510009765625,465.739990234375,456.6000061035156,462.70001220703125,119362000
2022-01-11,441.99676513671875,469.75,469.8500061035156,462.04998779296875,465.2300109863281,74303100
2022-01-12,443.1916809082031,471.0199890136719,473.20001220703125,468.94000244140625,471.5899963378906,67605400
2022-01-13,437.08514404296875,464.5299987792969,472.8800048828125,463.44000244140625,472.19000244140625,91173100
2022-01-14,437.263916015625,464.7200012207031,465.0899963378906,459.8999938964844,461.19000244140625,95890900
2022-01-18,429.5201416015625,456.489990234375,459.9599914550781,455.30999755859375,459.739990234375,109709100
2022-01-19,425.06024169921875,451.75,459.6099853515625,451.4599914550781,458.1300048828125,109357600
2022-01-20,420.3555908203125,446.75,458.739990234375,444.5,453.75,122379700
2022-01-21,412.1037292480469,437.9800109863281,448.05999755859375,437.95001220703125,445.55999755859375,202271200
2022-01-24,413.8538818359375,439.8399963378906,440.3800048828125,420.760009765625,432.0299987792969,251783900
2022-01-25,408.8011169433594,434.4700012207031,439.7200012207031,427.1499938964844,433.05999755859375,167997300
2022-01-26,407.7756042480469,433.3800048828125,444.0400085449219,428.8599853515625,440.7200012207031,186391100
2022-01-27,405.7619323730469,431.239990234375,441.5899963378906,429.45001220703125,438.260009765625,149878300
2022-01-28,415.8392333984375,441.95001220703125,442.0,427.82000732421875,432.67999267578125,164457400
2022-01-31,423.32891845703125,449.9100036621094,450.2799987792969,439.80999755859375,441.239990234375,152251400
2022-02-01,426.1893615722656,452.95001220703125,453.6300048828125,446.94000244140625,450.67999267578125,123155400
2022-02-02,430.32940673828125,457.3500061035156,458.1199951171875,453.04998779296875,455.5,117361000
2022-02-03,420.2145080566406,446.6000061035156,452.9700012207031,445.7099914550781,450.95001220703125,118024400
2022-02-04,422.1903991699219,448.70001220703125,452.7799987792969,443.8299865722656,446.3500061035156,118454400
2022-02-07,420.83551025390625,447.260009765625,450.989990234375,445.8500061035156,449.510009765625,84472900
2022-02-08,424.2980651855469,450.94000244140625,451.9200134277344,445.2200012207031,446.7300109863281,81012000
2022-02-09,430.50811767578125,457.5400085449219,457.8800048828125,455.010009765625,455.2200012207031,92589900
2022-02-10,422.77374267578125,449.32000732421875,457.7099914550781,447.20001220703125,451.3399963378906,140103700
2022-02-11,414.43719482421875,440.4599914550781,451.6099853515625,438.94000244140625,449.4100036621094,153214600
2022-02-14,413.082275390625,439.0199890136719,441.6000061035156,435.3399963378906,439.9200134277344,123006300
2022-02-15,419.7439880371094,446.1000061035156,446.2799987792969,443.17999267578125,443.7300109863281,88482700
2022-02-16,420.2145080566406,446.6000061035156,448.05999755859375,441.94000244140625,443.92999267578125,84863600
2022-02-17,411.2381591796875,437.05999755859375,446.57000732421875,436.4200134277344,443.2200012207031,102259100
2022-02-18,408.5753479003906,434.2300109863281,438.6600036621094,431.82000732421875,437.3299865722656,132642900
2022-02-22,404.19061279296875,429.57000732421875,435.5,425.8599853515625,431.8900146484375,124391800
2022-02-23,397.02081298828125,421.95001220703125,433.260009765625,421.3500061035156,432.6600036621094,132578000
2022-02-24,402.99560546875,428.29998779296875,428.760009765625,410.6400146484375,411.0199890136719,213942900
2022-02-25,411.8872985839844,437.75,437.8399963378906,427.8599853515625,429.6099853515625,121804500
2022-02-28,410.83355712890625,436.6300048828125,438.20001220703125,430.70001220703125,432.0299987792969,145615000
2022-03-01,404.5763854980469,429.9800109863281,437.1700134277344,427.1099853515625,435.0400085449219,137785900
2022-03-02,412.01898193359375,437.8900146484375,439.7200012207031,431.57000732421875,432.3699951171875,117726500
2022-03-03,409.96783447265625,435.7099914550781,441.1099853515625,433.79998779296875,440.4700012207031,105501700
2022-03-04,406.6369934082031,432.1700134277344,433.3699951171875,427.8800048828125,431.75,113978200
2022-03-07,394.6496887207031,419.42999267578125,432.29998779296875,419.3599853515625,431.54998779296875,137896600
2022-03-08,391.6575622558594,416.25,427.2099914550781,415.1199951171875,419.6199951171875,164772700
2022-03-09,402.15826416015625,427.4100036621094,429.510009765625,422.82000732421875,425.1400146484375,116990800
2022-03-10,400.3422546386719,425.4800109863281,426.42999267578125,420.44000244140625,422.5199890136719,93972700
2022-03-11,395.2518615722656,420.07000732421875,428.7699890136719,419.5299987792969,428.1199951171875,95636300
2022-03-14,392.36328125,417.0,424.54998779296875,415.7900085449219,420.8900146484375,95729200
2022-03-15,400.991455078125,426.1700134277344,426.8399963378906,418.4200134277344,419.7699890136719,106219100
2022-03-16,409.8831787109375,435.6199951171875,435.67999267578125,424.79998779296875,429.8900146484375,144954800
2022-03-17,415.0111999511719,441.07000732421875,441.07000732421875,433.19000244140625,433.5899963378906,102676900
2022-03-18,419.5566711425781,444.5199890136719,444.8599853515625,437.2200012207031,438.0,106345500
2022-03-21,419.43402099609375,444.3900146484375,446.4599914550781,440.67999267578125,444.3399963378906,88349800
2022-03-22,424.3420104980469,449.5899963378906,450.5799865722656,445.8599853515625,445.8599853515625,74650400
2022-03-23,418.8771057128906,443.79998779296875,448.489990234375,443.7099914550781,446.9100036621094,79426100
2022-03-24,425.1913757324219,450.489990234375,450.5,444.760009765625,445.94000244140625,64736900
2022-03-25,427.2679748535156,452.69000244140625,452.9800109863281,448.42999267578125,451.1600036621094,77101300
2022-03-28,430.3070983886719,455.9100036621094,455.9100036621094,450.05999755859375,452.05999755859375,68529800
2022-03-29,435.6303405761719,461.54998779296875,462.07000732421875,457.17999267578125,460.0199890136719,86581500
2022-03-30,432.9404296875,458.70001220703125,461.20001220703125,456.4700012207031,460.3399963378906,79666900
2022-03-31,426.2768859863281,451.6400146484375,458.760009765625,451.1600036621094,457.8900146484375,121699900
2022-04-01,427.4850158691406,452.9200134277344,453.4599914550781,449.1400146484375,453.30999755859375,89048800
2022-04-04,431.1470642089844,456.79998779296875,456.9100036621094,452.260009765625,453.1300048828125,59601000
2022-04-05,425.7011413574219,451.0299987792969,457.8299865722656,449.82000732421875,455.2200012207031,74214500
2022-04-06,421.4444580078125,446.5199890136719,448.92999267578125,443.4700012207031,446.8900146484375,106898000
2022-04-07,423.5680847167969,448.7699890136719,450.69000244140625,443.5299987792969,445.5899963378906,78097200
2022-04-08,422.4354553222656,447.57000732421875,450.6300048828125,445.94000244140625,447.9700012207031,79272700
2022-04-11,415.215087890625,439.9200134277344,445.0,439.3900146484375,444.1099853515625,89770500
2022-04-12,413.6766052246094,438.2900085449219,445.75,436.6499938964844,443.0799865722656,84363600
2022-04-13,418.4146728515625,443.30999755859375,444.1099853515625,437.8399963378906,438.0299987792969,74070400
2022-04-14,413.2046203613281,437.7900085449219,444.7300109863281,437.67999267578125,443.54998779296875,97869500
2022-04-18,413.3745422363281,437.9700012207031,439.75,435.6099853515625,436.80999755859375,66002500
2022-04-19,420.0475158691406,445.0400085449219,445.79998779296875,437.67999267578125,437.8599853515625,77821000
2022-04-20,419.7360534667969,444.7099914550781,447.57000732421875,443.4800109863281,446.9200134277344,65224400
2022-04-21,413.45953369140625,438.05999755859375,450.010009765625,437.1000061035156,448.5400085449219,85417300
2022-04-22,402.11456298828125,426.0400085449219,438.0799865722656,425.44000244140625,436.9100036621094,132471800
2022-04-25,404.4458312988281,428.510009765625,428.69000244140625,418.8399963378906,423.6700134277344,119647700
2022-04-26,392.7327575683594,416.1000061035156,426.0400085449219,416.07000732421875,425.8299865722656,103996300
2022-04-27,393.83697509765625,417.2699890136719,422.9200134277344,415.010009765625,417.239990234375,122030000
2022-04-28,403.78509521484375,427.80999755859375,429.6400146484375,417.6000061035156,422.2900085449219,105449100
2022-04-29,388.8629455566406,412.0,425.8699951171875,411.2099914550781,423.5899963378906,145491100
2022-05-02,391.2037658691406,414.4800109863281,415.9200134277344,405.0199890136719,412.07000732421875,158312500
2022-05-03,392.99700927734375,416.3800048828125,418.92999267578125,413.3599853515625,415.010009765625,100028200
2022-05-04,404.9649353027344,429.05999755859375,429.6600036621094,413.7099914550781,417.0799865722656,144247900
2022-05-05,390.57135009765625,413.80999755859375,425.0,409.44000244140625,424.54998779296875,172929100
2022-05-06,388.239990234375,411.3399963378906,414.79998779296875,405.7300109863281,411.1000061035156,151770800
2022-05-09,375.8096618652344,398.1700134277344,406.4100036621094,396.5,405.1000061035156,155586100
2022-05-10,376.677978515625,399.0899963378906,406.0799865722656,394.82000732421875,404.489990234375,132497200
2022-05-11,370.69403076171875,392.75,404.0400085449219,391.9599914550781,398.07000732421875,142361000
2022-05-12,370.30706787109375,392.3399963378906,395.79998779296875,385.1499938964844,389.3699951171875,125090800
2022-05-13,379.1602478027344,401.7200012207031,403.17999267578125,395.6099853515625,396.7099914550781,104174400
2022-05-16,377.6217956542969,400.0899963378906,403.9700012207031,397.6000061035156,399.9800109863281,78622400
2022-05-17,385.3896484375,408.32000732421875,408.57000732421875,402.5799865722656,406.5299987792969,83029700
2022-05-18,369.8539733886719,391.8599853515625,403.79998779296875,390.54998779296875,403.5,117674500
2022-05-19,367.5887451171875,389.4599914550781,394.1400146484375,387.1099853515625,388.6199951171875,98510700
2022-05-20,367.74920654296875,389.6300048828125,397.0299987792969,380.5400085449219,393.25,131432200
2022-05-23,374.62982177734375,396.9200134277344,397.7300109863281,390.3800048828125,392.8299865722656,76414900
2022-05-24,371.77001953125,393.8900146484375,395.1499938964844,386.9599914550781,392.55999755859375,91448800
2022-05-25,375.0545654296875,397.3699951171875,399.45001220703125,391.8900146484375,392.30999755859375,91472900
2022-05-26,382.5486755371094,405.30999755859375,407.0400085449219,398.45001220703125,398.6700134277344,82168300
2022-05-27,391.9399108886719,415.260009765625,415.3800048828125,407.70001220703125,407.9100036621094,84768700
2022-05-31,389.7407531738281,412.92999267578125,416.4599914550781,410.0299987792969,413.54998779296875,95937000
2022-06-01,386.58831787109375,409.5899963378906,416.239990234375,406.92999267578125,415.1700134277344,86585800
2022-06-02,393.95025634765625,417.3900146484375,417.44000244140625,407.0400085449219,409.4200134277344,79609600
2022-06-03,387.48492431640625,410.5400085449219,414.0400085449219,409.510009765625,412.3999938964844,71874300
2022-06-06,388.6648254394531,411.7900085449219,416.6099853515625,410.54998779296875,414.7799987792969,57508900
2022-06-07,392.3929443359375,415.739990234375,416.2200012207031,407.6099853515625,408.1000061035156,59272400
2022-06-08,388.12677001953125,411.2200012207031,415.82000732421875,410.3800048828125,413.92999267578125,64350000
2022-06-09,378.8960266113281,401.44000244140625,411.739990234375,401.44000244140625,409.3399963378906,86289800
2022-06-10,367.9096374511719,389.79998779296875,395.7799987792969,389.75,394.8800048828125,132893900
2022-06-13,353.9407958984375,375.0,381.80999755859375,373.29998779296875,379.8500061035156,170004900
2022-06-14,352.8742980957031,373.8699951171875,377.94000244140625,370.5899963378906,376.8500061035156,104011800
2022-06-15,357.9049072265625,379.20001220703125,383.8999938964844,372.1199951171875,377.3599853515625,125666800
2022-06-16,346.0597229003906,366.6499938964844,370.94000244140625,364.0799865722656,370.510009765625,134473300
2022-06-17,346.8057556152344,365.8599853515625,369.3800048828125,362.1700134277344,365.510009765625,111113900
2022-06-21,355.5360412597656,375.07000732421875,376.5299987792969,371.80999755859375,371.8900146484375,76811900
2022-06-22,354.8914794921875,374.3900146484375,378.7200012207031,370.17999267578125,370.6199951171875,90059400
2022-06-23,358.3703308105469,378.05999755859375,378.8299865722656,372.8900146484375,376.6400146484375,79292100
2022-06-24,369.7643127441406,390.0799865722656,390.0899963378906,381.3699951171875,381.3999938964844,98050300
2022-06-27,368.3519287109375,388.5899963378906,391.3599853515625,387.44000244140625,391.04998779296875,66009600
2022-06-28,360.8254699707031,380.6499938964844,393.1600036621094,380.5299987792969,390.2300109863281,86548900
2022-06-29,360.5315856933594,380.3399963378906,382.2699890136719,378.4200134277344,381.2300109863281,65676000
2022-06-30,357.6025695800781,377.25,380.6600036621094,372.55999755859375,376.239990234375,112508300
2022-07-01,361.384765625,381.239990234375,381.70001220703125,373.79998779296875,376.55999755859375,74839700
2022-07-05,362.0672302246094,381.9599914550781,381.9800109863281,372.8999938964844,375.8800048828125,81438000
2022-07-06,363.2900695800781,383.25,385.8699951171875,379.6000061035156,382.1099853515625,70426200
2022-07-07,368.7311096191406,388.989990234375,389.8299865722656,383.2699890136719,385.1199951171875,64525900
2022-07-08,368.4278869628906,388.6700134277344,390.6400146484375,385.6600036621094,387.2699890136719,72397800
2022-07-11,364.21905517578125,384.2300109863281,386.8699951171875,383.5,385.8500061035156,58366900
2022-07-12,360.99609375,380.8299865722656,386.1600036621094,378.989990234375,383.6499938964844,62219200
2022-07-13,359.1002502441406,378.8299865722656,381.9200134277344,374.6600036621094,375.1000061035156,84224600
2022-07-14,358.2282409667969,377.9100036621094,379.04998779296875,371.0400085449219,373.6099853515625,89704800
2022-07-15,365.0721130371094,385.1300048828125,385.25,380.5400085449219,382.54998779296875,79060400
2022-07-18,362.05780029296875,381.95001220703125,389.0899963378906,380.6600036621094,388.3800048828125,63203600
2022-07-19,371.8403015136719,392.2699890136719,392.8699951171875,385.3900146484375,386.0799865722656,78506000
2022-07-20,374.2100524902344,394.7699890136719,396.260009765625,391.0299987792969,392.4700012207031,71843800
2022-07-21,378.020751953125,398.7900085449219,398.8399963378906,391.6300048828125,394.1600036621094,64903900
2022-07-22,374.5133972167969,395.0899963378906,400.17999267578125,392.75,398.9200134277344,72197300
2022-07-25,374.9684143066406,395.57000732421875,396.4700012207031,393.2099914550781,395.75,53631500
2022-07-26,370.5321960449219,390.8900146484375,394.05999755859375,389.95001220703125,393.8399963378906,52946400
2022-07-27,380.1535339355469,401.0400085449219,402.8800048828125,394.04998779296875,394.3599853515625,82342100
2022-07-28,384.921630859375,406.07000732421875,406.79998779296875,398.1499938964844,401.8900146484375,73966600
2022-07-29,390.5333557128906,411.989990234375,413.0299987792969,406.7699890136719,407.5799865722656,87003700
2022-08-01,389.3768005371094,410.7699890136719,413.4100036621094,408.3999938964844,409.1499938964844,69997500
2022-08-02,386.8079833984375,408.05999755859375,413.0,406.82000732421875,409.1199951171875,63435400
2022-08-03,392.8652038574219,414.45001220703125,415.67999267578125,410.0,410.29998779296875,67820600
2022-08-04,392.5997314453125,414.1700134277344,415.0899963378906,412.44000244140625,414.3699951171875,45656600
2022-08-05,391.9361572265625,413.4700012207031,414.1499938964844,409.6000061035156,409.6600036621094,56814900
2022-08-08,391.481201171875,412.989990234375,417.6199951171875,411.8299865722656,415.25,53886100
2022-08-09,389.92657470703125,411.3500061035156,412.75,410.2200012207031,412.2200012207031,44931800
2022-08-10,398.11663818359375,419.989990234375,420.1400146484375,416.7200012207031,418.7799987792969,68665700
2022-08-11,398.11663818359375,419.989990234375,424.95001220703125,419.2099914550781,422.989990234375,59489700
2022-08-12,404.85638427734375,427.1000061035156,427.2099914550781,421.0299987792969,422.0299987792969,61694500
2022-08-15,406.524658203125,428.8599853515625,429.4100036621094,424.7099914550781,424.7699890136719,54048300
2022-08-16,407.3209228515625,429.70001220703125,431.7300109863281,426.8800048828125,427.7300109863281,59289000
2022-08-17,404.4297790527344,426.6499938964844,429.5,424.5400085449219,425.9100036621094,63563400
2022-08-18,405.6051330566406,427.8900146484375,428.6099853515625,425.5,426.8599853515625,49023200
2022-08-19,400.15472412109375,422.1400146484375,425.260009765625,421.2200012207031,424.9800109863281,68016900
2022-08-22,391.822509765625,413.3500061035156,417.2300109863281,412.3999938964844,417.04998779296875,77695600
2022-08-23,390.8745422363281,412.3500061035156,415.4200134277344,411.7699890136719,412.8999938964844,49105200
2022-08-24,392.1257629394531,413.6700134277344,415.1099853515625,411.3900146484375,412.1099853515625,49177800
2022-08-25,397.6616516113281,419.510009765625,419.55999755859375,414.0899963378906,415.239990234375,50942300
2022-08-26,384.2011413574219,405.30999755859375,419.9599914550781,405.25,419.3900146484375,103087000
2022-08-29,381.6607666015625,402.6300048828125,405.8399963378906,401.20001220703125,402.20001220703125,65370800
2022-08-30,377.47088623046875,398.2099914550781,404.1000061035156,396.0,403.8500061035156,85652400
2022-08-31,374.5987548828125,395.17999267578125,401.239990234375,395.0400085449219,399.92999267578125,76029700
2022-09-01,375.77410888671875,396.4200134277344,396.7799987792969,390.0400085449219,392.8900146484375,78740100
2022-09-02,371.8118591308594,392.239990234375,401.55999755859375,390.3299865722656,400.2799987792969,99632100
2022-09-06,370.4089660644531,390.760009765625,394.1199951171875,388.4200134277344,393.1300048828125,76637400
2022-09-07,377.0633239746094,397.7799987792969,398.5899963378906,390.20001220703125,390.42999267578125,70964200
2022-09-08,379.5279235839844,400.3800048828125,400.8599853515625,394.1199951171875,395.3900146484375,80821700
2022-09-09,385.42401123046875,406.6000061035156,407.510009765625,402.4599914550781,402.739990234375,76706900
2022-09-12,389.5664367675781,410.9700012207031,411.7300109863281,408.4599914550781,408.7799987792969,69256300
2022-09-13,372.6271057128906,393.1000061035156,403.1000061035156,391.9200134277344,401.8299865722656,122947100
2022-09-14,374.0489501953125,394.6000061035156,396.20001220703125,391.1199951171875,394.4700012207031,85023700
2022-09-15,369.8022766113281,390.1199951171875,395.9599914550781,388.7799987792969,392.9599914550781,87633800
2022-09-16,366.9810791015625,385.55999755859375,386.25,382.1099853515625,384.1400146484375,103084800
2022-09-19,369.8270568847656,388.54998779296875,388.54998779296875,382.17999267578125,382.260009765625,73278500
2022-09-20,365.5819091796875,384.0899963378906,386.1199951171875,381.20001220703125,385.05999755859375,77274900
2022-09-21,359.2048034667969,377.3900146484375,389.30999755859375,377.3800048828125,386.1099853515625,106746600
2022-09-22,356.1875305175781,374.2200012207031,378.29998779296875,373.44000244140625,376.5799865722656,89472600
2022-09-23,350.2196044921875,367.95001220703125,370.6199951171875,363.2900085449219,370.5799865722656,122346900
2022-09-26,346.7550354003906,364.30999755859375,370.2099914550781,363.0299987792969,366.4100036621094,92581200
2022-09-27,345.86993408203125,363.3800048828125,370.3999938964844,360.8699951171875,368.0199890136719,108294100
2022-09-28,352.6753234863281,370.5299987792969,372.29998779296875,362.6000061035156,364.3800048828125,110802200
2022-09-29,345.3083190917969,362.7900085449219,367.1099853515625,359.70001220703125,366.80999755859375,112952300
2022-09-30,339.9685974121094,357.17999267578125,365.9100036621094,357.0400085449219,361.79998779296875,153711200
2022-10-03,348.9442138671875,366.6099853515625,368.54998779296875,359.2099914550781,361.0799865722656,89756500
2022-10-04,359.7568359375,377.9700012207031,378.0,366.57000732421875,372.3999938964844,103602800
2022-10-05,358.9192199707031,377.0899963378906,379.4599914550781,370.95001220703125,373.3900146484375,88065700
2022-10-06,355.2166748046875,373.20001220703125,378.7200012207031,372.67999267578125,375.6199951171875,82333500
2022-10-07,345.3083190917969,362.7900085449219,373.2900085449219,360.94000244140625,368.9700012207031,107789500
2022-10-10,342.6717834472656,360.0199890136719,364.2099914550781,357.6700134277344,363.9599914550781,76042800
2022-10-11,340.5016784667969,357.739990234375,363.0299987792969,355.7099914550781,358.239990234375,92482800
2022-10-12,339.37847900390625,356.55999755859375,359.82000732421875,356.29998779296875,358.1700134277344,76991800
2022-10-13,348.3350830078125,365.9700012207031,367.510009765625,348.1099853515625,349.2099914550781,147254500
2022-10-14,340.3969421386719,357.6300048828125,370.260009765625,356.9599914550781,368.54998779296875,123737000
2022-10-17,349.1441345214844,366.82000732421875,367.9800109863281,357.2799987792969,364.010009765625,93168200
2022-10-18,353.2464599609375,371.1300048828125,375.45001220703125,367.5199890136719,375.1300048828125,97162900
2022-10-19,350.7431945800781,368.5,371.8500061035156,365.54998779296875,368.989990234375,79746900
2022-10-20,347.8020935058594,365.4100036621094,372.6700134277344,364.6099853515625,368.0299987792969,88283100
2022-10-21,356.254150390625,374.2900085449219,374.79998779296875,363.5400085449219,365.1199951171875,131038400
2022-10-24,360.61346435546875,378.8699951171875,380.05999755859375,373.1099853515625,375.8900146484375,85436900
2022-10-25,366.37188720703125,384.9200134277344,385.25,378.6700134277344,378.7900085449219,78846300
2022-10-26,363.6116638183594,382.0199890136719,387.5799865722656,381.3500061035156,381.6199951171875,104087300
2022-10-27,361.6699523925781,379.9800109863281,385.0,379.3299865722656,383.07000732421875,81971800
2022-10-28,370.2743225097656,389.0199890136719,389.5199890136719,379.67999267578125,379.8699951171875,100302000
2022-10-31,367.5997314453125,386.2099914550781,388.3999938964844,385.260009765625,386.44000244140625,96631300
2022-11-01,365.9911804199219,384.5199890136719,390.3900146484375,383.2900085449219,390.1400146484375,85407600
2022-11-02,356.80621337890625,374.8699951171875,388.6300048828125,374.760009765625,383.8999938964844,126990400
2022-11-03,353.1322021484375,371.010009765625,374.20001220703125,368.7900085449219,371.4700012207031,87100100
2022-11-04,358.2148742675781,376.3500061035156,378.8699951171875,370.0,377.0,103505200
2022-11-07,361.6414794921875,379.95001220703125,380.57000732421875,375.5299987792969,377.7099914550781,68286900
2022-11-08,363.5926818847656,382.0,385.1199951171875,377.7200012207031,381.1099853515625,84641100
2022-11-09,356.1018981933594,374.1300048828125,381.1400146484375,373.6099853515625,379.92999267578125,78495500
2022-11-10,375.6711120605469,394.69000244140625,395.0400085449219,385.6400146484375,388.04998779296875,141455800
2022-11-11,379.30706787109375,398.510009765625,399.3500061035156,393.6099853515625,395.5899963378906,93839900
2022-11-14,376.0804443359375,395.1199951171875,400.17999267578125,394.8299865722656,396.6600036621094,71903500
2022-11-15,379.2880554199219,398.489990234375,402.30999755859375,394.489990234375,401.1499938964844,93194500
2022-11-16,376.3945617675781,395.45001220703125,397.7799987792969,394.7900085449219,396.7799987792969,68508500
2022-11-17,375.2427673339844,394.239990234375,394.95001220703125,390.1400146484375,390.4599914550781,74496300
2022-11-18,376.9466247558594,396.0299987792969,397.80999755859375,393.0400085449219,397.739990234375,92922500
2022-11-21,375.57598876953125,394.5899963378906,395.82000732421875,392.6600036621094,394.6400146484375,51243200
2022-11-22,380.6300964355469,399.8999938964844,400.07000732421875,395.1499938964844,396.6300048828125,60429000
2022-11-23,383.0287170410156,402.4200134277344,402.92999267578125,399.30999755859375,399.54998779296875,68261600
2022-11-25,382.9429626464844,402.3299865722656,402.9100036621094,401.5400085449219,401.8299865722656,30545400
2022-11-28,376.8323669433594,395.9100036621094,400.80999755859375,395.1099853515625,399.0899963378906,67881600
2022-11-29,376.18511962890625,395.2300109863281,397.29998779296875,393.29998779296875,396.04998779296875,52310000
2022-11-30,388.0351867675781,407.67999267578125,407.67999267578125,393.4800109863281,395.489990234375,144566700
2022-12-01,387.74969482421875,407.3800048828125,410.0,404.75,408.7699890136719,76398200
2022-12-02,387.30230712890625,406.9100036621094,407.8599853515625,402.1400146484375,402.25,85342700
2022-12-05,380.3350830078125,399.5899963378906,404.92999267578125,398.1700134277344,403.95001220703125,77289800
2022-12-06,374.8525390625,393.8299865722656,399.989990234375,391.6400146484375,399.4200134277344,77972200
2022-12-07,374.21490478515625,393.1600036621094,395.6400146484375,391.9700012207031,392.94000244140625,65927900
2022-12-08,377.146484375,396.239990234375,397.3599853515625,393.2699890136719,395.1400146484375,60737900
2022-12-09,374.3291320800781,393.2799987792969,397.6199951171875,393.1499938964844,394.94000244140625,81447700
2022-12-12,379.7258605957031,398.95001220703125,398.95001220703125,393.4100036621094,394.1099853515625,75405800
2022-12-13,382.60040283203125,401.9700012207031,410.489990234375,399.07000732421875,410.2200012207031,123782500
2022-12-14,380.1542053222656,399.3999938964844,405.5,396.30999755859375,401.6099853515625,108111300
2022-12-15,370.8550109863281,389.6300048828125,395.25,387.8900146484375,394.29998779296875,117705900
2022-12-16,366.4766540527344,383.2699890136719,386.5799865722656,381.0400085449219,385.17999267578125,119858000
2022-12-19,363.3690490722656,380.0199890136719,383.82000732421875,378.2799987792969,383.4700012207031,79878100
2022-12-20,363.8663024902344,380.5400085449219,382.2300109863281,377.8500061035156,379.2300109863281,74427200
2022-12-21,369.3069152832031,386.2300109863281,387.4100036621094,382.69000244140625,383.25,78167400
2022-12-22,364.03839111328125,380.7200012207031,386.2099914550781,374.7699890136719,383.04998779296875,100120900
2022-12-23,366.1324157714844,382.9100036621094,383.05999755859375,378.0299987792969,379.6499938964844,59857300
2022-12-27,364.6885070800781,381.3999938964844,383.1499938964844,379.6499938964844,382.7900085449219,51638200
2022-12-28,360.15618896484375,376.6600036621094,383.3900146484375,376.4200134277344,381.3299865722656,70911500
2022-12-29,366.6391906738281,383.44000244140625,384.3500061035156,379.0799865722656,379.6300048828125,66970900
2022-12-30,365.67340087890625,382.42999267578125,382.5799865722656,378.42999267578125,380.6400146484375,84022200
2023-01-03,364.13397216796875,380.82000732421875,386.42999267578125,377.8299865722656,384.3699951171875,74850700
2023-01-04,366.9451904296875,383.760009765625,385.8800048828125,380.0,383.17999267578125,85934100
2023-01-05,362.7570495605469,379.3800048828125,381.8399963378906,378.760009765625,381.7200012207031,76970500
2023-01-06,371.0758972167969,388.0799865722656,389.25,379.4100036621094,382.6099853515625,104189600
2023-01-09,370.865478515625,387.8599853515625,393.70001220703125,387.6700134277344,390.3699951171875,73978100
2023-01-10,373.4662780761719,390.5799865722656,390.6499938964844,386.2699890136719,387.25,65358100
2023-01-11,378.1898193359375,395.5199890136719,395.6000061035156,391.3800048828125,392.2300109863281,68881100
2023-01-12,379.5668029785156,396.9599914550781,398.489990234375,392.4200134277344,396.6700134277344,90157700
2023-01-13,381.039306640625,398.5,399.1000061035156,393.3399963378906,393.6199951171875,63903900
2023-01-17,380.3412170410156,397.7699890136719,400.2300109863281,397.05999755859375,398.4800109863281,62677300
2023-01-18,374.33642578125,391.489990234375,400.1199951171875,391.2799987792969,399.010009765625,99632300
2023-01-19,371.6113586425781,388.6400146484375,391.0799865722656,387.260009765625,389.3599853515625,86958900
2023-01-20,378.5340576171875,395.8800048828125,396.0400085449219,388.3800048828125,390.1000061035156,91806400
2023-01-23,383.075927734375,400.6300048828125,402.6499938964844,395.7200012207031,396.7200012207031,84178800
2023-01-24,382.6648254394531,400.20001220703125,401.1499938964844,397.6400146484375,398.8800048828125,59524900
2023-01-25,382.80828857421875,400.3500061035156,400.70001220703125,393.55999755859375,395.95001220703125,84800300
2023-01-26,387.01544189453125,404.75,404.9200134277344,400.0299987792969,403.1300048828125,72287400
2023-01-27,387.9047546386719,405.67999267578125,408.1600036621094,403.44000244140625,403.6600036621094,68346200
2023-01-30,383.0377197265625,400.5899963378906,405.1300048828125,400.2799987792969,402.79998779296875,74202000
2023-01-31,388.6695861816406,406.4800109863281,406.5299987792969,400.7699890136719,401.1300048828125,86811800
2023-02-01,392.80035400390625,410.79998779296875,413.6700134277344,402.3500061035156,405.2099914550781,101459200
2023-02-02,398.518310546875,416.7799987792969,418.30999755859375,412.8800048828125,414.8599853515625,101654500
2023-02-03,394.2824401855469,412.3500061035156,416.9700012207031,411.0899963378906,411.5899963378906,94736800
2023-02-06,391.8728332519531,409.8299865722656,411.2900085449219,408.1000061035156,409.7900085449219,60295300
2023-02-07,396.99798583984375,415.19000244140625,416.489990234375,407.57000732421875,408.8699951171875,90990700
2023-02-08,392.65692138671875,410.6499938964844,414.5299987792969,409.92999267578125,413.1300048828125,76227500
2023-02-09,389.25286865234375,407.0899963378906,414.57000732421875,405.80999755859375,414.4100036621094,78694900
2023-02-10,390.16131591796875,408.0400085449219,408.44000244140625,405.010009765625,405.8599853515625,70769700
2023-02-13,394.7414245605469,412.8299865722656,412.9700012207031,408.239990234375,408.7200012207031,64913500
2023-02-14,394.55975341796875,412.6400146484375,415.04998779296875,408.510009765625,411.239990234375,88389300
2023-02-15,395.8410339355469,413.9800109863281,414.05999755859375,409.4700012207031,410.3500061035156,61555700
2023-02-16,390.3907775878906,408.2799987792969,412.9100036621094,408.1400146484375,408.7900085449219,76431500
2023-02-17,389.4154968261719,407.260009765625,407.510009765625,404.04998779296875,406.05999755859375,89257800
2023-02-21,381.6033935546875,399.0899963378906,404.1600036621094,398.82000732421875,403.05999755859375,82655900
2023-02-22,381.0774841308594,398.5400085449219,401.1300048828125,397.0199890136719,399.5199890136719,83742300
2023-02-23,383.1046142578125,400.6600036621094,402.20001220703125,396.25,401.55999755859375,96242400
2023-02-24,379.01214599609375,396.3800048828125,397.25,393.6400146484375,395.4200134277344,108194400
2023-02-27,380.3030090332031,397.7300109863281,401.2900085449219,396.75,399.8699951171875,80444700
2023-02-28,378.8974609375,396.260009765625,399.2799987792969,396.1499938964844,397.2300109863281,96438600
2023-03-01,377.44403076171875,394.739990234375,396.69000244140625,393.3800048828125,395.4100036621094,99706800
2023-03-02,380.37945556640625,397.80999755859375,398.69000244140625,392.3299865722656,392.67999267578125,85127800
2023-03-03,386.47998046875,404.19000244140625,404.45001220703125,399.0299987792969,399.7099914550781,90120000
2023-03-06,386.74774169921875,404.4700012207031,407.45001220703125,404.010009765625,405.04998779296875,72795900
2023-03-07,380.8193359375,398.2699890136719,404.6700134277344,397.6300048828125,404.4200134277344,108310600
2023-03-08,381.44091796875,398.9200134277344,399.7099914550781,396.5899963378906,398.3900146484375,74746600
2023-03-09,374.4034118652344,391.55999755859375,401.4800109863281,390.5299987792969,399.739990234375,111945300
2023-03-10,369.0009460449219,385.9100036621094,393.1600036621094,384.32000732421875,390.989990234375,189253000
2023-03-13,368.4750671386719,385.3599853515625,390.3900146484375,380.6499938964844,381.80999755859375,157790000
2023-03-14,374.5659484863281,391.7300109863281,393.45001220703125,387.04998779296875,390.5,149752400
2023-03-15,372.2232666015625,389.2799987792969,389.489990234375,383.7099914550781,385.8900146484375,172996900
2023-03-16,378.7540283203125,396.1099853515625,396.4700012207031,386.2900085449219,386.82000732421875,143254200
2023-03-17,374.3253173828125,389.989990234375,394.3999938964844,388.54998779296875,393.2200012207031,140553400
2023-03-20,377.9246520996094,393.739990234375,394.1700134277344,390.07000732421875,390.79998779296875,93055800
2023-03-21,382.8870849609375,398.9100036621094,399.4100036621094,395.5799865722656,397.239990234375,91524200
2023-03-22,376.3601379394531,392.1099853515625,402.489990234375,392.07000732421875,398.7300109863281,111746600
2023-03-23,377.3776550292969,393.1700134277344,399.2900085449219,390.3500061035156,395.0899963378906,119351300
2023-03-24,379.8540344238281,395.75,395.8399963378906,389.3999938964844,391.8399963378906,107682400
2023-03-27,380.564208984375,396.489990234375,398.9200134277344,395.55999755859375,398.1199951171875,74010400
2023-03-28,379.7099914550781,395.6000061035156,396.489990234375,393.69000244140625,395.7699890136719,62871700
2023-03-29,385.2290954589844,401.3500061035156,401.6000061035156,398.67999267578125,399.92999267578125,77497900
2023-03-30,387.4846496582031,403.70001220703125,404.3500061035156,401.760009765625,404.0899963378906,69840000
2023-03-31,392.9461669921875,409.3900146484375,409.70001220703125,404.54998779296875,404.6600036621094,112062600
2023-04-03,394.4434509277344,410.95001220703125,411.3699951171875,408.44000244140625,408.8500061035156,67391100
2023-04-04,392.2550354003906,408.6700134277344,411.9200134277344,407.239990234375,411.6199951171875,66601500
2023-04-05,391.2280578613281,407.6000061035156,408.70001220703125,405.8800048828125,407.9100036621094,65200200
2023-04-06,392.7541198730469,409.19000244140625,409.4800109863281,405.67999267578125,406.7699890136719,63743300
2023-04-10,393.15728759765625,409.6099853515625,409.69000244140625,405.9700012207031,406.6099853515625,63681000
2023-04-11,393.2628479003906,409.7200012207031,411.17999267578125,408.9200134277344,410.260009765625,59297900
2023-04-12,391.6599426269531,408.04998779296875,412.1700134277344,407.44000244140625,411.8699951171875,86420400
2023-04-13,396.8621826171875,413.4700012207031,413.8399963378906,407.989990234375,409.17999267578125,85814800
2023-04-14,395.892822265625,412.4599914550781,415.0899963378906,410.05999755859375,412.80999755859375,78161500
2023-04-17,397.3133544921875,413.94000244140625,413.9599914550781,411.0899963378906,412.3699951171875,66436400
2023-04-18,397.572509765625,414.2099914550781,415.7200012207031,412.7799987792969,415.5799865722656,63560000
2023-04-19,397.50531005859375,414.1400146484375,415.0799865722656,412.1600036621094,412.2200012207031,55227300
2023-04-20,395.3361511230469,411.8800048828125,413.70001220703125,410.2699890136719,411.2099914550781,75840400
2023-04-21,395.6432189941406,412.20001220703125,412.67999267578125,410.1700134277344,412.19000244140625,73457400
2023-04-24,396.05596923828125,412.6300048828125,413.07000732421875,410.6000061035156,411.989990234375,64332100
2023-04-25,389.76904296875,406.0799865722656,411.1600036621094,406.0199890136719,410.5799865722656,97766700
2023-04-26,388.1181945800781,404.3599853515625,407.8399963378906,403.7799987792969,406.7200012207031,80447000
2023-04-27,395.8447570800781,412.4100036621094,412.69000244140625,406.739990234375,407.0,92968400
2023-04-28,399.223388671875,415.92999267578125,415.94000244140625,411.42999267578125,411.489990234375,89433100
2023-05-01,398.8203430175781,415.510009765625,417.6199951171875,415.2699890136719,415.4700012207031,62122300
2023-05-02,394.33782958984375,410.8399963378906,414.82000732421875,407.82000732421875,414.7699890136719,103998500
2023-05-03,391.631103515625,408.0199890136719,413.8699951171875,407.7699890136719,411.3599853515625,91531800
2023-05-04,388.8572082519531,405.1300048828125,407.2699890136719,403.739990234375,406.92999267578125,94901900
2023-05-05,396.05596923828125,412.6300048828125,413.7200012207031,408.6400146484375,408.9100036621094,87891800
2023-05-08,396.1614990234375,412.739990234375,413.239990234375,411.2799987792969,412.9700012207031,50046800
2023-05-09,394.42425537109375,410.92999267578125,412.0899963378906,410.69000244140625,411.1300048828125,49220100
2023-05-10,396.2671813964844,412.8500061035156,414.5400085449219,408.8699951171875,413.8800048828125,96142900
2023-05-11,395.57598876953125,412.1300048828125,412.42999267578125,409.9700012207031,411.95001220703125,70157100
2023-05-12,395.0577392578125,411.5899963378906,413.6400146484375,409.07000732421875,413.4200134277344,70481500
2023-05-15,396.4207458496094,413.010009765625,413.42999267578125,410.2300109863281,412.2200012207031,54289400
2023-05-16,393.7715759277344,410.25,412.82000732421875,410.239990234375,411.8599853515625,57705500
2023-05-17,398.5515441894531,415.2300109863281,415.8599853515625,410.6400146484375,412.3500061035156,87287000
2023-05-18,402.390869140625,419.2300109863281,419.6700134277344,414.6700134277344,414.8999938964844,97177200
2023-05-19,401.80535888671875,418.6199951171875,420.7200012207031,417.3500061035156,420.1700134277344,103793300
2023-05-22,401.96856689453125,418.7900085449219,420.3900146484375,417.3500061035156,418.6400146484375,60745400
2023-05-23,397.4572448730469,414.0899963378906,418.7200012207031,413.67999267578125,417.0799865722656,86383500
2023-05-24,394.5777587890625,411.0899963378906,412.82000732421875,409.8800048828125,412.4200134277344,89213700
2023-05-25,397.9947814941406,414.6499938964844,416.1600036621094,412.4100036621094,414.739990234375,90961600
2023-05-26,403.1491394042969,420.0199890136719,420.7699890136719,415.25,415.3299865722656,93830000
2023-05-30,403.302734375,420.17999267578125,422.5799865722656,418.739990234375,422.0299987792969,72216000
2023-05-31,401.0662841796875,417.8500061035156,419.2200012207031,416.2200012207031,418.2799987792969,110811800
2023-06-01,404.87689208984375,421.82000732421875,422.9200134277344,416.7900085449219,418.0899963378906,88865000
2023-06-02,410.7318420410156,427.9200134277344,428.739990234375,423.95001220703125,424.5,91426200
2023-06-05,409.94476318359375,427.1000061035156,429.6199951171875,426.3699951171875,428.2799987792969,65460200
2023-06-06,410.83740234375,428.0299987792969,428.5799865722656,425.989990234375,426.6700134277344,64022200
2023-06-07,409.4168395996094,426.54998779296875,429.6199951171875,426.1099853515625,428.44000244140625,85373300
2023-06-08,411.8932800292969,429.1300048828125,429.6000061035156,425.82000732421875,426.6199951171875,61952800
2023-06-09,412.6323547363281,429.8999938964844,431.989990234375,428.8699951171875,429.9599914550781,85742800
2023-06-12,416.3755798339844,433.79998779296875,433.8800048828125,430.1700134277344,430.9200134277344,76104300
2023-06-13,419.12078857421875,436.6600036621094,437.3299865722656,434.6300048828125,435.32000732421875,95899700
2023-06-14,419.6198425292969,437.17999267578125,439.05999755859375,433.5899963378906,437.010009765625,100612100
2023-06-15,424.8221740722656,442.6000061035156,443.8999938964844,436.2300109863281,436.3299865722656,110303100
2023-06-16,423.37518310546875,439.4599914550781,443.6099853515625,438.9700012207031,443.0199890136719,114165800
2023-06-20,421.1785583496094,437.17999267578125,438.3699951171875,435.0299987792969,437.45001220703125,76160400
2023-06-21,419.0205993652344,434.94000244140625,436.989990234375,434.3299865722656,436.1600036621094,76982300
2023-06-22,420.53314208984375,436.510009765625,436.6199951171875,433.6000061035156,433.95001220703125,70637200
2023-06-23,417.3539123535156,433.2099914550781,435.05999755859375,432.4700012207031,432.92999267578125,92074500
2023-06-26,415.6487121582031,431.44000244140625,434.6099853515625,431.19000244140625,432.6199951171875,72823600
2023-06-27,420.20556640625,436.1700134277344,436.80999755859375,431.8800048828125,432.3500061035156,72813700
2023-06-28,420.41754150390625,436.3900146484375,437.44000244140625,434.4100036621094,435.04998779296875,75636000
2023-06-29,422.0744934082031,438.1099853515625,438.2799987792969,435.5400085449219,435.9599914550781,67882300
2023-06-30,427.05535888671875,443.2799987792969,444.29998779296875,441.1099853515625,441.44000244140625,104964000
2023-07-03,427.5466613769531,443.7900085449219,444.0799865722656,442.6300048828125,442.9200134277344,32793400
2023-07-05,426.9108581542969,443.1300048828125,443.8900146484375,441.8999938964844,441.9100036621094,58418400
2023-07-06,423.5677795410156,439.6600036621094,440.1000061035156,437.05999755859375,439.4200134277344,80658300
2023-07-07,422.4984130859375,438.54998779296875,442.6400146484375,438.29998779296875,438.6300048828125,86134200
2023-07-10,423.5677795410156,439.6600036621094,439.8399963378906,437.5899963378906,438.17999267578125,62443500
2023-07-11,426.265380859375,442.4599914550781,442.9700012207031,439.44000244140625,440.45001220703125,64463800
2023-07-12,429.69500732421875,446.0199890136719,447.4800109863281,444.9100036621094,446.3900146484375,91924500
2023-07-13,433.1054382324219,449.55999755859375,450.3800048828125,447.45001220703125,447.8999938964844,72425200
2023-07-14,432.8357238769531,449.2799987792969,451.3599853515625,448.489990234375,450.4800109863281,69815800
2023-07-17,434.3386535644531,450.8399963378906,451.92999267578125,449.0799865722656,449.1300048828125,52680200
2023-07-18,437.5660095214844,454.19000244140625,454.8599853515625,450.04998779296875,450.5,80668200
2023-07-19,438.5390319824219,455.20001220703125,456.42999267578125,454.1099853515625,455.010009765625,65891700
2023-07-20,435.62957763671875,452.17999267578125,455.1000061035156,451.44000244140625,454.1700134277344,70591600
2023-07-21,435.62957763671875,452.17999267578125,454.1700134277344,452.1700134277344,453.9599914550781,71275600
2023-07-24,437.5756530761719,454.20001220703125,455.0400085449219,452.29998779296875,453.3699951171875,54023400
2023-07-25,438.7702941894531,455.44000244140625,456.739990234375,453.8699951171875,453.9200134277344,55191200
2023-07-26,438.8376770019531,455.510009765625,456.989990234375,453.3800048828125,454.4700012207031,71052900
2023-07-27,435.92822265625,452.489990234375,459.44000244140625,451.54998779296875,459.0199890136719,92194400
2023-07-28,440.19610595703125,456.9200134277344,457.7799987792969,452.489990234375,455.8800048828125,80011800
2023-07-31,441.03424072265625,457.7900085449219,458.1600036621094,456.04998779296875,457.4100036621094,62040400
2023-08-01,439.77215576171875,456.4800109863281,457.25,455.489990234375,456.2699890136719,55291500
2023-08-02,433.65460205078125,450.1300048828125,453.5199890136719,449.3500061035156,453.25,93933400
2023-08-03,432.411865234375,448.8399963378906,450.7900085449219,447.3699951171875,448.0400085449219,64276100
2023-08-04,430.45611572265625,446.80999755859375,452.8999938964844,446.2699890136719,450.7200012207031,100128900
2023-08-07,434.2133483886719,450.7099914550781,450.8699951171875,447.989990234375,448.7099914550781,58357500
2023-08-08,432.3251037597656,448.75,450.70001220703125,445.2699890136719,448.0799865722656,71361300
2023-08-09,429.43487548828125,445.75,449.20001220703125,444.9599914550781,449.0299987792969,78789600
2023-08-10,429.58905029296875,445.9100036621094,451.70001220703125,444.70001220703125,448.19000244140625,93005500
2023-08-11,429.338623046875,445.6499938964844,446.70001220703125,443.3500061035156,443.9700012207031,68690900
2023-08-14,431.70849609375,448.1099853515625,448.1099853515625,444.3800048828125,444.70001220703125,47867400
2023-08-15,426.67962646484375,442.8900146484375,446.6400146484375,442.29998779296875,446.2699890136719,75707500
2023-08-16,423.548583984375,439.6400146484375,444.17999267578125,439.5299987792969,442.4599914550781,80107200
2023-08-17,420.3211975097656,436.2900085449219,441.42999267578125,435.75,441.1600036621094,95711300
2023-08-18,420.52349853515625,436.5,437.57000732421875,433.010009765625,433.3699951171875,98852000
2023-08-21,423.2595520019531,439.3399963378906,440.1099853515625,435.32000732421875,437.54998779296875,68719000
2023-08-22,422.1131286621094,438.1499938964844,441.17999267578125,437.57000732421875,441.17999267578125,64994200
2023-08-23,426.8144836425781,443.0299987792969,443.6700134277344,439.1000061035156,439.25,68441000
2023-08-24,420.8992614746094,436.8900146484375,445.2200012207031,436.8599853515625,444.69000244140625,88517300
2023-08-25,423.866455078125,439.9700012207031,441.29998779296875,435.0,438.67999267578125,102325100
2023-08-28,426.554443359375,442.760009765625,443.3999938964844,439.9700012207031,442.239990234375,61595400
2023-08-29,432.72015380859375,449.1600036621094,449.45001220703125,442.4599914550781,442.6499938964844,83081900
2023-08-30,434.50244140625,451.010009765625,451.6700134277344,448.7799987792969,449.510009765625,69053900
2023-08-31,433.8665771484375,450.3500061035156,452.8299865722656,450.1600036621094,451.6499938964844,66084600
2023-09-01,434.6758117675781,451.19000244140625,453.6700134277344,449.67999267578125,453.1700134277344,58944100
2023-09-05,432.7971496582031,449.239990234375,451.05999755859375,449.1700134277344,450.7300109863281,55166200
2023-09-06,429.8877258300781,446.2200012207031,448.510009765625,443.80999755859375,448.3999938964844,70758500
2023-09-07,428.56787109375,444.8500061035156,445.54998779296875,442.75,443.1099853515625,70355400
2023-09-08,429.21331787109375,445.5199890136719,447.1099853515625,444.5299987792969,444.8999938964844,61659700
2023-09-11,432.0361022949219,448.45001220703125,448.7699890136719,446.4700012207031,448.239990234375,60180100
2023-09-12,429.6661071777344,445.989990234375,448.5299987792969,445.3900146484375,446.95001220703125,67565400
2023-09-13,430.1671142578125,446.510009765625,447.7099914550781,445.0799865722656,446.2200012207031,60199300
2023-09-14,433.8761901855469,450.3599853515625,451.0799865722656,447.7200012207031,449.07000732421875,83430800
2023-09-15,428.64874267578125,443.3699951171875,447.4800109863281,442.9200134277344,447.1400146484375,111848900
2023-09-18,428.90008544921875,443.6300048828125,444.9700012207031,442.55999755859375,443.04998779296875,55752200
2023-09-19,428.01068115234375,442.7099914550781,443.2900085449219,439.94000244140625,442.67999267578125,66514600
2023-09-20,424.07574462890625,438.6400146484375,444.44000244140625,438.42999267578125,444.010009765625,82562600
2023-09-21,417.0665283203125,431.3900146484375,435.9700012207031,431.2300109863281,435.70001220703125,104095800
2023-09-22,416.1286926269531,430.4200134277344,434.1000061035156,429.989990234375,432.45001220703125,100829700
2023-09-25,417.87860107421875,432.2300109863281,432.2699890136719,428.7200012207031,429.1700134277344,70874500
2023-09-26,411.7394104003906,425.8800048828125,429.82000732421875,425.0199890136719,429.0899963378906,96168400
2023-09-27,411.9037780761719,426.04998779296875,427.6700134277344,422.2900085449219,427.0899963378906,104705800
2023-09-28,414.291748046875,428.5199890136719,430.25,424.8699951171875,425.4800109863281,92258300
2023-09-29,413.2862854003906,427.4800109863281,431.8500061035156,425.9100036621094,431.6700134277344,115111300
2023-10-02,413.1219482421875,427.30999755859375,428.6000061035156,424.4599914550781,426.6199951171875,83798600
2023-10-03,407.59185791015625,421.5899963378906,427.3699951171875,420.17999267578125,425.05999755859375,103760600
2023-10-04,410.5599365234375,424.6600036621094,425.42999267578125,420.55999755859375,422.07000732421875,87453000
2023-10-05,410.4053039550781,424.5,425.3699951171875,421.1700134277344,424.3599853515625,70142700
2023-10-06,415.2779235839844,429.5400085449219,431.1300048828125,420.6000061035156,421.9700012207031,113273300
2023-10-09,417.9366455078125,432.2900085449219,432.8800048828125,427.010009765625,427.5799865722656,80374400
2023-10-10,420.1119079589844,434.5400085449219,437.2200012207031,432.5299987792969,432.94000244140625,78607300
2023-10-11,421.832763671875,436.32000732421875,436.5799865722656,433.17999267578125,435.6400146484375,62451700
2023-10-12,419.2611083984375,433.6600036621094,437.3399963378906,431.2300109863281,436.95001220703125,81154200
2023-10-13,417.1728515625,431.5,436.45001220703125,429.8800048828125,435.2099914550781,95143100
2023-10-16,421.5621032714844,436.0400085449219,437.1400146484375,433.57000732421875,433.82000732421875,75433200
2023-10-17,421.542724609375,436.0199890136719,438.1400146484375,432.45001220703125,432.80999755859375,75324700
2023-10-18,415.9256591796875,430.2099914550781,435.17999267578125,429.0899963378906,434.19000244140625,93559800
2023-10-19,412.2711486816406,426.42999267578125,432.82000732421875,425.7300109863281,430.95001220703125,121323000
2023-10-20,407.2051696777344,421.19000244140625,426.5400085449219,421.0799865722656,425.9800109863281,123919900
2023-10-23,406.4993591308594,420.4599914550781,424.45001220703125,417.79998779296875,419.6099853515625,92035100
2023-10-24,409.5641174316406,423.6300048828125,424.82000732421875,420.739990234375,422.6499938964844,78564200
2023-10-25,403.68597412109375,417.54998779296875,421.9200134277344,417.0199890136719,421.8900146484375,94223200
2023-10-26,398.8520202636719,412.54998779296875,417.3299865722656,411.6000061035156,416.45001220703125,115156800
2023-10-27,397.0440979003906,410.67999267578125,414.6000061035156,409.2099914550781,414.19000244140625,107367700
2023-10-30,401.7911071777344,415.5899963378906,416.67999267578125,412.2200012207031,413.55999755859375,86562700
2023-10-31,404.314453125,418.20001220703125,418.5299987792969,414.2099914550781,416.17999267578125,79665200
2023-11-01,408.6263427734375,422.6600036621094,423.5,418.6499938964844,419.20001220703125,98068100
2023-11-02,416.4574279785156,430.760009765625,430.9200134277344,426.55999755859375,426.5799865722656,94938900
2023-11-03,420.2569580078125,434.69000244140625,436.2900085449219,433.010009765625,433.1400146484375,100167800
2023-11-06,421.22369384765625,435.69000244140625,436.1499938964844,433.67999267578125,435.4700012207031,67831700
2023-11-07,422.4225158691406,436.92999267578125,437.5899963378906,434.510009765625,435.69000244140625,64256100
2023-11-08,422.7319030761719,437.25,438.0899963378906,434.8699951171875,437.54998779296875,61746000
2023-11-09,419.43511962890625,433.8399963378906,438.4700012207031,433.3999938964844,438.42999267578125,83174400
2023-11-10,425.9803161621094,440.6099853515625,440.92999267578125,433.8299865722656,435.9800109863281,89462200
2023-11-13,425.57427978515625,440.19000244140625,441.3299865722656,438.4200134277344,439.2300109863281,52236100
2023-11-14,433.83074951171875,448.7300109863281,450.05999755859375,446.0899963378906,446.32000732421875,97176900
2023-11-15,434.7491760253906,449.67999267578125,451.3800048828125,448.79998779296875,450.1099853515625,77327600
2023-11-16,435.281005859375,450.2300109863281,450.55999755859375,448.1199951171875,449.2200012207031,66665800
2023-11-17,435.8223571777344,450.7900085449219,451.4200134277344,449.2900085449219,450.239990234375,83133200
2023-11-20,439.1771545410156,454.260009765625,455.1300048828125,450.5199890136719,450.5299987792969,69936200
2023-11-21,438.219970703125,453.2699890136719,454.1300048828125,451.9599914550781,453.17999267578125,49244600
2023-11-22,439.9118957519531,455.0199890136719,456.3800048828125,453.8900146484375,454.9800109863281,59394900
2023-11-24,440.18255615234375,455.29998779296875,455.5,454.7300109863281,455.07000732421875,29737400
2023-11-27,439.3898620605469,454.4800109863281,455.489990234375,454.0799865722656,454.6499938964844,50506000
2023-11-28,439.82489013671875,454.92999267578125,456.2699890136719,453.5,454.0799865722656,62115000
2023-11-29,439.5154724121094,454.6099853515625,458.32000732421875,454.20001220703125,457.1499938964844,63146000
2023-11-30,441.2460021972656,456.3999938964844,456.760009765625,453.3399963378906,455.4800109863281,79752700
2023-12-01,443.8564147949219,459.1000061035156,459.6499938964844,455.1600036621094,455.7699890136719,89183400
2023-12-04,441.52642822265625,456.69000244140625,459.1199951171875,454.3399963378906,455.6000061035156,72430900
2023-12-05,441.4394836425781,456.6000061035156,457.5899963378906,454.8699951171875,455.260009765625,69793500
2023-12-06,439.6605529785156,454.760009765625,458.8399963378906,454.30999755859375,458.80999755859375,69124700
2023-12-07,443.0152893066406,458.2300109863281,458.8999938964844,456.2900085449219,456.9100036621094,66995400
2023-12-08,444.919921875,460.20001220703125,460.75,457.2099914550781,457.4599914550781,83194400
2023-12-11,446.65045166015625,461.989990234375,462.1700134277344,459.4700012207031,459.69000244140625,65002200
2023-12-12,448.6904296875,464.1000061035156,464.20001220703125,460.6000061035156,461.6300048828125,68327600
2023-12-13,454.8779602050781,470.5,470.760009765625,464.1199951171875,464.489990234375,93278000
2023-12-14,456.3377685546875,472.010009765625,473.7300109863281,469.25,472.5,119026000
2023-12-15,455.5864562988281,469.3299865722656,470.70001220703125,467.42999267578125,469.489990234375,141553700
2023-12-18,458.149169921875,471.9700012207031,472.9800109863281,469.8900146484375,470.9800109863281,70375300
2023-12-19,460.93505859375,474.8399963378906,474.9200134277344,472.45001220703125,472.5299987792969,55761800
2023-12-20,454.5478210449219,468.260009765625,475.8999938964844,467.82000732421875,473.9599914550781,102921000
2023-12-21,458.8577575683594,472.70001220703125,472.9800109863281,468.8399963378906,471.3299865722656,86667500
2023-12-22,459.7799072265625,473.6499938964844,475.3800048828125,471.70001220703125,473.8599853515625,67160400
2023-12-26,461.7213439941406,475.6499938964844,476.5799865722656,473.989990234375,474.07000732421875,55387000
2023-12-27,462.55621337890625,476.510009765625,476.6600036621094,474.8900146484375,475.44000244140625,68000300
2023-12-28,462.73089599609375,476.69000244140625,477.54998779296875,476.260009765625,476.8800048828125,77158100
2023-12-29,461.3913269042969,475.30999755859375,477.0299987792969,473.29998779296875,476.489990234375,122283100
2024-01-02,458.8091735839844,472.6499938964844,473.6700134277344,470.489990234375,472.1600036621094,123623700
2024-01-03,455.0622863769531,468.7900085449219,471.19000244140625,468.1700134277344,470.42999267578125,103585900
2024-01-04,453.59649658203125,467.2799987792969,470.9599914550781,467.04998779296875,468.29998779296875,84232200
2024-01-05,454.2177429199219,467.9200134277344,470.44000244140625,466.42999267578125,467.489990234375,86118900
2024-01-08,460.7021179199219,474.6000061035156,474.75,468.29998779296875,468.42999267578125,74879100
2024-01-09,460.0031433105469,473.8800048828125,474.92999267578125,471.3500061035156,471.8699951171875,65931400
2024-01-10,462.604736328125,476.55999755859375,477.45001220703125,473.8699951171875,474.1600036621094,67310600
2024-01-11,462.40087890625,476.3500061035156,478.1199951171875,472.260009765625,477.5899963378906,77940700
2024-01-12,462.72119140625,476.67999267578125,478.6000061035156,475.2300109863281,477.8399963378906,58026400
2024-01-16,461.0224304199219,474.92999267578125,476.6099853515625,473.05999755859375,475.260009765625,85014900
2024-01-17,458.45977783203125,472.2900085449219,472.7900085449219,469.8699951171875,471.82000732421875,68843900
2024-01-18,462.5367736816406,476.489990234375,477.05999755859375,472.4200134277344,474.010009765625,91856200
2024-01-19,468.3028259277344,482.42999267578125,482.7200012207031,476.5400085449219,477.6499938964844,110834500
2024-01-22,469.2929382324219,483.45001220703125,485.2200012207031,482.7799987792969,484.010009765625,75844900
2024-01-23,470.6616516113281,484.8599853515625,485.1099853515625,482.8900146484375,484.010009765625,49945300
2024-01-24,471.1761474609375,485.3900146484375,488.7699890136719,484.8800048828125,487.80999755859375,81765000
2024-01-25,473.73883056640625,488.0299987792969,488.30999755859375,485.3900146484375,487.5799865722656,72525000
2024-01-26,473.13702392578125,487.4100036621094,489.1199951171875,486.5400085449219,487.5899963378906,76641600
2024-01-29,476.88397216796875,491.2699890136719,491.4200134277344,487.1700134277344,487.7300109863281,61322800
2024-01-30,476.51513671875,490.8900146484375,491.6199951171875,490.1099853515625,490.55999755859375,58618400
2024-01-31,468.7396545410156,482.8800048828125,489.0799865722656,482.8599853515625,488.6199951171875,126011100
2024-02-01,474.87457275390625,489.20001220703125,489.2300109863281,483.79998779296875,484.6300048828125,91891600
2024-02-02,479.873779296875,494.3500061035156,496.04998779296875,489.29998779296875,489.6499938964844,99228200
2024-02-05,478.1264343261719,492.54998779296875,494.3800048828125,490.2300109863281,493.70001220703125,75757100
2024-02-06,479.5146484375,493.9800109863281,494.32000732421875,492.04998779296875,493.5199890136719,55918600
2024-02-07,483.513916015625,498.1000061035156,498.5299987792969,495.3599853515625,496.2900085449219,70556500
2024-02-08,483.7275085449219,498.32000732421875,498.7099914550781,497.260009765625,498.1000061035156,52343600
2024-02-09,486.52313232421875,501.20001220703125,501.6499938964844,498.489990234375,498.8399963378906,63979400
2024-02-12,486.3096008300781,500.9800109863281,503.5,500.239990234375,501.1700134277344,56502300
2024-02-13,479.6116943359375,494.0799865722656,497.0899963378906,490.7200012207031,494.5299987792969,113099200
2024-02-14,483.97021484375,498.57000732421875,499.07000732421875,494.3999938964844,496.7900085449219,68387800
2024-02-15,487.3094787597656,502.010009765625,502.20001220703125,498.79998779296875,499.2900085449219,61683000
2024-02-16,484.8826599121094,499.510009765625,502.8699951171875,498.75,501.70001220703125,75532900
2024-02-20,482.2132568359375,496.760009765625,498.4100036621094,494.45001220703125,497.7200012207031,71736700
2024-02-21,482.6500244140625,497.2099914550781,497.3699951171875,493.55999755859375,495.4200134277344,59293400
2024-02-22,492.6386413574219,507.5,508.489990234375,503.0199890136719,504.010009765625,76402500
2024-02-23,492.97845458984375,507.8500061035156,510.1300048828125,507.1000061035156,509.2699890136719,61321800
2024-02-26,491.1728820800781,505.989990234375,508.75,505.8599853515625,508.29998779296875,50386700
2024-02-27,492.0853271484375,506.92999267578125,507.1600036621094,504.75,506.70001220703125,48854500
2024-02-28,491.43499755859375,506.260009765625,506.8599853515625,504.9599914550781,505.3299865722656,56506600
2024-02-29,493.2016906738281,508.0799865722656,509.739990234375,505.3500061035156,508.07000732421875,83924800
2024-03-01,497.83197021484375,512.8499755859375,513.2899780273438,508.55999755859375,508.9800109863281,76844800
2024-03-04,497.2981262207031,512.2999877929688,514.2000122070312,512.0,512.030029296875,49799300
2024-03-05,492.32806396484375,507.17999267578125,510.70001220703125,504.9100036621094,510.239990234375,72855600
2024-03-06,494.8227844238281,509.75,512.0700073242188,508.4200134277344,510.54998779296875,68382400
2024-03-07,499.734619140625,514.8099975585938,515.8900146484375,509.80999755859375,513.1400146484375,58652100
2024-03-08,496.7351379394531,511.7200012207031,518.219970703125,511.1300048828125,515.4600219726562,86532500
2024-03-11,496.3079833984375,511.2799987792969,511.8800048828125,508.5,510.4800109863281,62557200
2024-03-12,501.6469421386719,516.780029296875,517.3800048828125,510.8599853515625,513.4500122070312,73114400
2024-03-13,500.8605651855469,515.969970703125,517.2899780273438,514.489990234375,517.1099853515625,55104100
2024-03-14,499.87054443359375,514.9500122070312,517.1300048828125,511.82000732421875,516.969970703125,110171800
2024-03-15,496.4380798339844,509.8299865722656,511.70001220703125,508.1199951171875,510.2099914550781,107646300
2024-03-18,499.3885498046875,512.8599853515625,515.47998046875,512.4400024414062,514.0,88893300
2024-03-19,502.1637268066406,515.7100219726562,516.0,511.1199951171875,512.1500244140625,60755300
2024-03-20,506.808349609375,520.47998046875,520.6199951171875,515.0800170898438,515.77001953125,69594600
2024-03-21,508.48321533203125,522.2000122070312,524.1099853515625,521.9099731445312,523.3900146484375,60256100
2024-03-22,507.5191955566406,521.2100219726562,522.6099853515625,520.969970703125,522.1099853515625,79070800
2024-03-25,506.1170654296875,519.77001953125,520.9500122070312,519.6099853515625,519.7999877929688,48512100
2024-03-26,505.18218994140625,518.8099975585938,521.5800170898438,518.4000244140625,521.22998046875,65463700
2024-03-27,509.42767333984375,523.1699829101562,523.2100219726562,519.489990234375,521.7100219726562,82999800
2024-03-28,509.3303527832031,523.0700073242188,524.6099853515625,522.780029296875,523.2100219726562,96294900
2024-04-01,508.44415283203125,522.1599731445312,524.3800048828125,520.969970703125,523.8300170898438,62477500
2024-04-02,505.21148681640625,518.8400268554688,518.97998046875,516.47998046875,518.239990234375,74230300
2024-04-03,505.7664794921875,519.4099731445312,520.9500122070312,517.6699829101562,517.719970703125,59155800
2024-04-04,499.5930480957031,513.0700073242188,523.8699951171875,512.760009765625,523.52001953125,96858100
2024-04-05,504.8121643066406,518.4299926757812,520.4400024414062,514.010009765625,514.4600219726562,74546500
2024-04-08,505.0946044921875,518.719970703125,520.1799926757812,517.8900146484375,519.1500244140625,48401800
2024-04-09,505.6788330078125,519.3200073242188,520.75,514.3499755859375,520.5,68049200
2024-04-10,500.6154479980469,514.1199951171875,516.1599731445312,512.0900268554688,513.47998046875,82652800
2024-04-11,504.3935241699219,518.0,519.47998046875,512.0800170898438,515.6799926757812,70099000
2024-04-12,497.4313659667969,510.8500061035156,515.8200073242188,509.0799865722656,514.3699951171875,92561100
2024-04-15,491.199462890625,504.45001220703125,515.2999877929688,503.5799865722656,515.1300048828125,92101400
2024-04-16,490.3036193847656,503.5299987792969,506.5,502.2099914550781,504.94000244140625,73484000
2024-04-17,487.4018859863281,500.54998779296875,506.2200012207031,499.1199951171875,506.04998779296875,75910300
2024-04-18,486.3989562988281,499.5199890136719,504.1300048828125,498.55999755859375,501.9800109863281,74548100
2024-04-19,482.1534423828125,495.1600036621094,500.4599914550781,493.8599853515625,499.44000244140625,102212600
2024-04-22,486.5937194824219,499.7200012207031,502.3800048828125,495.42999267578125,497.8299865722656,67961000
2024-04-23,492.3679504394531,505.6499938964844,506.0899963378906,499.5299987792969,501.7799987792969,64633600
2024-04-24,492.13427734375,505.4100036621094,507.3699951171875,503.1300048828125,506.55999755859375,55928100
2024-04-25,490.2646179199219,503.489990234375,504.2699890136719,497.489990234375,499.17999267578125,69122400
2024-04-26,494.909423828125,508.260009765625,509.8800048828125,505.70001220703125,506.3500061035156,64306100
2024-04-29,496.662109375,510.05999755859375,510.75,507.25,510.0899963378906,46415400
2024-04-30,488.7944030761719,501.9800109863281,509.55999755859375,501.9800109863281,508.55999755859375,77483600
2024-05-01,487.2071228027344,500.3500061035156,508.19000244140625,499.8699951171875,501.3800048828125,80242800
2024-05-02,491.76422119140625,505.0299987792969,505.8900146484375,499.54998779296875,504.1499938964844,62550200
2024-05-03,497.85980224609375,511.2900085449219,512.5499877929688,508.55999755859375,511.1600036621094,72756700
2024-05-06,503.0010681152344,516.5700073242188,516.6099853515625,513.2999877929688,513.75,47264700
2024-05-07,503.5560607910156,517.1400146484375,518.5700073242188,516.4500122070312,517.5599975585938,52561300
2024-05-08,503.6048278808594,517.1900024414062,517.739990234375,515.1400146484375,515.260009765625,42047200
2024-05-09,506.5065002441406,520.1699829101562,520.2100219726562,516.7100219726562,517.3800048828125,43643700
2024-05-10,507.15899658203125,520.8400268554688,522.6400146484375,519.5900268554688,521.8099975585938,52233200
2024-05-13,507.22705078125,520.9099731445312,522.6699829101562,519.739990234375,522.5599975585938,36716400
2024-05-14,509.5543518066406,523.2999877929688,523.8300170898438,520.5599975585938,521.1099853515625,57535900
2024-05-15,515.8641357421875,529.780029296875,530.0800170898438,525.1799926757812,525.8300170898438,59504900
2024-05-16,514.802734375,528.6900024414062,531.52001953125,528.5399780273438,529.8800048828125,50244800
2024-05-17,515.5427856445312,529.4500122070312,529.52001953125,527.3200073242188,528.8099975585938,59187600
2024-05-20,516.1367797851562,530.0599975585938,531.5599975585938,529.1699829101562,529.5700073242188,37764200
2024-05-21,517.402587890625,531.3599853515625,531.52001953125,529.0700073242188,529.280029296875,33437000
2024-05-22,515.9127807617188,529.8300170898438,531.3800048828125,527.5999755859375,530.6500244140625,48390000
2024-05-23,512.1444702148438,525.9600219726562,533.0700073242188,524.719970703125,532.9600219726562,57211200
2024-05-24,515.5330200195312,529.4400024414062,530.27001953125,526.8800048828125,527.8499755859375,41291100
2024-05-28,515.8932495117188,529.8099975585938,530.510009765625,527.1099853515625,530.27001953125,36269600
2024-05-29,512.2807006835938,526.0999755859375,527.3099975585938,525.3699951171875,525.6799926757812,45190300
2024-05-30,508.8824462890625,522.6099853515625,525.2000122070312,521.3300170898438,524.52001953125,46377600
2024-05-31,513.5173950195312,527.3699951171875,527.5,518.3599853515625,523.5900268554688,90785800
2024-06-03,513.9360961914062,527.7999877929688,529.3099975585938,522.5999755859375,529.02001953125,46835700
2024-06-04,514.5106811523438,528.3900146484375,529.1500244140625,524.9600219726562,526.4600219726562,34632700
2024-06-05,520.6256713867188,534.6699829101562,534.6900024414062,528.72998046875,530.77001953125,47610400
2024-06-06,520.615966796875,534.6599731445312,535.4199829101562,532.6799926757812,534.97998046875,30808500
2024-06-07,519.98291015625,534.010009765625,536.8900146484375,532.5399780273438,533.6599731445312,43224500
2024-06-10,521.589599609375,535.6599731445312,535.989990234375,532.5700073242188,533.1799926757812,35686100
2024-06-11,522.845703125,536.9500122070312,537.010009765625,532.0499877929688,534.0700073242188,36383400
2024-06-12,527.139892578125,541.3599853515625,544.1199951171875,540.2999877929688,541.6300048828125,63251300
2024-06-13,528.2012939453125,542.4500122070312,543.3300170898438,539.5900268554688,543.1500244140625,44760900
2024-06-14,528.5226440429688,542.780029296875,542.8099975585938,539.8499755859375,540.8800048828125,40089900
2024-06-17,532.7291259765625,547.0999755859375,548.530029296875,541.6099853515625,542.0800170898438,55839500
2024-06-18,534.0827026367188,548.489990234375,548.6199951171875,546.72998046875,547.1599731445312,41376400
2024-06-20,532.6317138671875,547.0,550.1199951171875,545.1799926757812,549.4400024414062,70328200
2024-06-21,531.917724609375,544.510009765625,545.6500244140625,543.02001953125,544.4000244140625,64338600
2024-06-24,530.1885986328125,542.739990234375,546.9500122070312,542.6199951171875,544.3300170898438,45528700
2024-06-25,532.2303466796875,544.8300170898438,545.2000122070312,542.4400024414062,543.989990234375,37936200
2024-06-26,532.89453125,545.510009765625,546.239990234375,543.030029296875,543.6900024414062,38550600
2024-06-27,533.7346801757812,546.3699951171875,546.9600219726562,544.6099853515625,545.3699951171875,35041500
2024-06-28,531.6343383789062,544.219970703125,550.280029296875,542.9500122070312,547.1599731445312,76144500
2024-07-01,532.7285766601562,545.3400268554688,545.8800048828125,542.52001953125,545.6300048828125,40297800
2024-07-02,536.3135986328125,549.010009765625,549.010009765625,543.6500244140625,543.7000122070312,40434800
2024-07-03,538.7069702148438,551.4600219726562,551.8300170898438,548.6500244140625,548.6900024414062,32789900
2024-07-05,541.8134155273438,554.6400146484375,555.0499877929688,551.1199951171875,551.77001953125,41488400
2024-07-08,542.4386596679688,555.280029296875,556.25,554.1900024414062,555.4400024414062,36110500
2024-07-09,542.9661865234375,555.8200073242188,557.1799926757812,555.52001953125,556.260009765625,27289700
2024-07-10,548.3389892578125,561.3200073242188,561.6699829101562,556.77001953125,557.0700073242188,38701200
2024-07-11,543.6107788085938,556.47998046875,562.3300170898438,555.8300170898438,561.4400024414062,53054200
2024-07-12,547.0397338867188,559.989990234375,563.6699829101562,557.1500244140625,557.6300048828125,53084400
2024-07-15,548.5440063476562,561.530029296875,564.8400268554688,559.6300048828125,562.030029296875,40584300
2024-07-16,551.7971801757812,564.8599853515625,565.1599731445312,562.0999755859375,562.8699951171875,36475300
2024-07-17,544.0601806640625,556.9400024414062,560.510009765625,556.6099853515625,558.7999877929688,57119000
2024-07-18,539.879150390625,552.6599731445312,559.52001953125,550.4299926757812,558.510009765625,56270400
2024-07-19,536.2940673828125,548.989990234375,554.0800170898438,547.9099731445312,552.4199829101562,65509100
2024-07-22,541.8231811523438,554.6500244140625,555.27001953125,551.02001953125,553.0,43346700
2024-07-23,540.9732666015625,553.780029296875,556.739990234375,553.280029296875,554.5399780273438,34439600
2024-07-24,528.7134399414062,541.22998046875,549.1699829101562,540.2899780273438,548.8599853515625,74515300
2024-07-25,525.9586791992188,538.4099731445312,547.4600219726562,537.4500122070312,541.3499755859375,61158300
2024-07-26,531.8492431640625,544.4400024414062,547.1900024414062,541.489990234375,542.280029296875,53763800
2024-07-29,532.1619262695312,544.760009765625,547.0499877929688,542.719970703125,546.02001953125,39515800
2024-07-30,529.4656982421875,542.0,547.3400268554688,538.52001953125,546.260009765625,46853600
2024-07-31,538.072021484375,550.8099975585938,553.5,547.5800170898438,548.97998046875,65663400
2024-08-01,530.452392578125,543.010009765625,554.8699951171875,539.4299926757812,552.5700073242188,76428700
2024-08-02,520.5762329101562,532.9000244140625,536.989990234375,528.5999755859375,535.75,82789100
2024-08-05,505.4150695800781,517.3800048828125,523.5800170898438,510.2699890136719,511.6400146484375,146267400
2024-08-06,510.0748596191406,522.1500244140625,529.75,517.8699951171875,519.219970703125,84826300
2024-08-07,506.6654968261719,518.6599731445312,531.5900268554688,518.0499877929688,528.469970703125,70698300
2024-08-08,518.3782348632812,530.6500244140625,531.2899780273438,521.8400268554688,523.9099731445312,63276600
2024-08-09,520.6640625,532.989990234375,534.510009765625,528.5599975585938,529.8099975585938,45619600
2024-08-12,520.9376220703125,533.27001953125,535.72998046875,530.9500122070312,534.2100219726562,42542100
2024-08-13,529.5048217773438,542.0399780273438,542.280029296875,536.280029296875,536.530029296875,52333100
2024-08-14,531.17529296875,543.75,544.9600219726562,540.1199951171875,542.8499755859375,42446900
2024-08-15,540.2797241210938,553.0700073242188,553.3599853515625,548.8800048828125,549.5,60846800
2024-08-16,541.4910888671875,554.3099975585938,555.02001953125,551.260009765625,551.4199829101562,44430700
2024-08-19,546.6685180664062,559.6099853515625,559.6099853515625,553.8599853515625,554.72998046875,39121800
2024-08-20,545.7796020507812,558.7000122070312,560.8400268554688,557.3300170898438,559.1500244140625,33732300
2024-08-21,547.6550903320312,560.6199951171875,562.1099853515625,554.72998046875,559.77001953125,41514600
2024-08-22,543.3568725585938,556.219970703125,563.1799926757812,554.97998046875,562.5599975585938,56121500
2024-08-23,549.1302490234375,562.1300048828125,563.0900268554688,557.2899780273438,559.530029296875,50639400
2024-08-26,547.8212280273438,560.7899780273438,563.9099731445312,559.0499877929688,563.1799926757812,35788600
2024-08-27,548.5733642578125,561.5599975585938,562.0599975585938,558.3200073242188,559.489990234375,32693900
2024-08-28,545.3888549804688,558.2999877929688,561.6500244140625,555.0399780273438,561.2100219726562,41066000
2024-08-29,545.4375,558.3499755859375,563.6799926757812,557.1799926757812,560.3099975585938,38715200
2024-08-30,550.6443481445312,563.6799926757812,564.2000122070312,557.1400146484375,560.77001953125,62700100
2024-09-03,539.3126831054688,552.0800170898438,560.8099975585938,549.510009765625,560.469970703125,60600100
2024-09-04,538.2088012695312,550.9500122070312,554.4299926757812,549.4600219726562,550.2000122070312,47224900
2024-09-05,536.899658203125,549.6099853515625,553.7999877929688,547.0999755859375,550.8900146484375,44264300
2024-09-06,527.8637084960938,540.3599853515625,551.5999755859375,539.4400024414062,549.9400024414062,68493800
2024-09-09,533.773681640625,546.4099731445312,547.7100219726562,542.6799926757812,544.6500244140625,40445800
2024-09-10,536.0986328125,548.7899780273438,549.1500244140625,543.3800048828125,548.3599853515625,36394600
2024-09-11,541.5985717773438,554.4199829101562,555.3599853515625,539.9600219726562,548.7000122070312,75248600
2024-09-12,546.1604614257812,559.0900268554688,559.4000244140625,552.739990234375,555.010009765625,51819600
2024-09-13,549.0130004882812,562.010009765625,563.030029296875,559.4500122070312,559.7100219726562,39310500
2024-09-16,549.8237915039062,562.8400268554688,563.1099853515625,559.9000244140625,561.739990234375,36656100
2024-09-17,550.0485229492188,563.0700073242188,566.5800170898438,560.7899780273438,565.0999755859375,49321000
2024-09-18,548.4171752929688,561.4000244140625,568.6900024414062,560.8300170898438,563.739990234375,59044900
2024-09-19,557.7755737304688,570.97998046875,572.8800048828125,568.0800170898438,571.010009765625,75315500
2024-09-20,556.8114013671875,568.25,569.3099975585938,565.1699829101562,567.8400268554688,77503100
2024-09-23,558.2027587890625,569.6699829101562,570.3300170898438,568.0999755859375,569.3400268554688,44116900
2024-09-24,559.7999877929688,571.2999877929688,571.3599853515625,567.5999755859375,570.47998046875,46805700
2024-09-25,558.5653076171875,570.0399780273438,571.8900146484375,568.9099731445312,571.1400146484375,38428600
2024-09-26,560.7798461914062,572.2999877929688,574.7100219726562,569.9000244140625,574.3800048828125,48336000
2024-09-27,559.9664916992188,571.469970703125,574.219970703125,570.4199829101562,573.3900146484375,42100900
2024-09-30,562.21044921875,573.760009765625,574.3800048828125,568.0800170898438,570.4199829101562,63557400
2024-10-01,557.1739501953125,568.6199951171875,574.0599975585938,566.0,573.4000244140625,72668800
2024-10-02,557.4089965820312,568.8599853515625,569.9000244140625,565.27001953125,567.7100219726562,38097800
2024-10-03,556.3899536132812,567.8200073242188,569.7999877929688,565.489990234375,567.3599853515625,40846500
2024-10-04,561.4461059570312,572.97998046875,573.3599853515625,568.0999755859375,572.3499755859375,42939100
2024-10-07,556.370361328125,567.7999877929688,571.9600219726562,566.6300048828125,571.2999877929688,49964700
2024-10-08,561.6322021484375,573.1699829101562,573.780029296875,569.530029296875,570.4199829101562,37398700
2024-10-09,565.5224609375,577.1400146484375,577.7100219726562,572.5499877929688,573.1599731445312,37912200
2024-10-10,564.5327758789062,576.1300048828125,577.5800170898438,574.489990234375,575.77001953125,44138100
2024-10-11,567.9132690429688,579.5800170898438,580.3300170898438,575.9099731445312,576.0499877929688,42268000
2024-10-14,572.557861328125,584.3200073242188,585.27001953125,580.72998046875,581.219970703125,36217200
2024-10-15,568.1093139648438,579.780029296875,584.9000244140625,578.5399780273438,584.5900268554688,54203600
2024-10-16,570.5785522460938,582.2999877929688,582.8300170898438,578.9600219726562,579.780029296875,30725400
2024-10-17,570.6275024414062,582.3499755859375,586.1199951171875,582.1599731445312,585.9099731445312,34393700
2024-10-18,572.8224487304688,584.5900268554688,585.3900146484375,582.5800170898438,584.0700073242188,37416800
2024-10-21,571.8817749023438,583.6300048828125,584.8499755859375,580.5999755859375,583.8499755859375,36439000
2024-10-22,571.5780029296875,583.3200073242188,584.5,580.3800048828125,581.0499877929688,34183800
2024-10-23,566.355224609375,577.989990234375,581.7100219726562,574.4199829101562,581.260009765625,49314600
2024-10-24,567.5802001953125,579.239990234375,580.0599975585938,576.5700073242188,579.97998046875,34979900
2024-10-25,567.3841552734375,579.0399780273438,584.4600219726562,578.0800170898438,581.510009765625,47268200
2024-10-28,569.13818359375,580.8300170898438,582.7100219726562,580.52001953125,582.5800170898438,30174700
2024-10-29,570.059326171875,581.77001953125,582.9099731445312,578.4299926757812,579.8499755859375,42899700
2024-10-30,568.3345947265625,580.010009765625,583.3200073242188,579.2899780273438,581.2899780273438,41435800
2024-10-31,557.1934814453125,568.6400146484375,575.6300048828125,568.4400024414062,575.5599975585938,60182500
2024-11-01,559.545166015625,571.0399780273438,575.5499877929688,570.6199951171875,571.3200073242188,45667500
2024-11-04,558.3399047851562,569.8099975585938,572.5,567.8900146484375,571.1799926757812,38217000
2024-11-05,565.0912475585938,576.7000122070312,576.739990234375,570.52001953125,570.739990234375,39478300
2024-11-06,579.142578125,591.0399780273438,591.9299926757812,585.3900146484375,589.2000122070312,68182000
2024-11-07,583.6206665039062,595.6099853515625,596.6500244140625,593.0,593.0800170898438,47233200
2024-11-08,586.1487426757812,598.1900024414062,599.6400146484375,596.1699829101562,596.1699829101562,46444900
2024-11-11,586.7072143554688,598.760009765625,600.1699829101562,597.0,599.8099975585938,37586800
2024-11-12,584.8846435546875,596.9000244140625,599.2899780273438,594.3699951171875,598.6799926757812,43006100
2024-11-13,585.1688232421875,597.1900024414062,599.22998046875,594.9600219726562,597.3699951171875,47388600
2024-11-14,581.406005859375,593.3499755859375,597.8099975585938,592.6500244140625,597.3200073242188,38904100
2024-11-15,573.9590454101562,585.75,590.2000122070312,583.8599853515625,589.719970703125,75988800
2024-11-18,576.310791015625,588.1500244140625,589.489990234375,585.3400268554688,586.219970703125,37001700
2024-11-19,578.4175415039062,590.2999877929688,591.0399780273438,584.030029296875,584.7100219726562,49412000
2024-11-20,578.613525390625,590.5,590.7899780273438,584.6300048828125,590.3800048828125,50032600
2024-11-21,581.7196655273438,593.6699829101562,595.1199951171875,587.4500122070312,593.4000244140625,46750300
2024-11-22,583.5225830078125,595.510009765625,596.1500244140625,593.1500244140625,593.6599731445312,38226400
2024-11-25,585.501953125,597.530029296875,600.8599853515625,595.2000122070312,599.52001953125,42441400
2024-11-26,588.5591430664062,600.6500244140625,601.3300170898438,598.0700073242188,598.7999877929688,45621300
2024-11-27,586.7758178710938,598.8300170898438,600.8499755859375,597.280029296875,600.4600219726562,34000200
2024-11-29,590.4208374023438,602.5499877929688,603.3499755859375,599.3800048828125,599.6599731445312,30177400
2024-12-02,591.4790649414062,603.6300048828125,604.3200073242188,602.469970703125,602.969970703125,31746000
2024-12-03,591.7534790039062,603.9099731445312,604.1599731445312,602.3400268554688,603.3900146484375,26906600
2024-12-04,595.427978515625,607.6599731445312,607.9099731445312,604.9500122070312,605.6300048828125,42787600
2024-12-05,594.4480590820312,606.6599731445312,608.47998046875,606.2999877929688,607.6599731445312,28762200
2024-12-06,595.5750122070312,607.8099975585938,609.0700073242188,607.02001953125,607.4400024414062,31241500
2024-12-09,592.5079956054688,604.6799926757812,607.8599853515625,604.0800170898438,607.6900024414062,34742700
2024-12-10,590.6658935546875,602.7999877929688,605.7999877929688,602.1300048828125,605.3699951171875,37234500
2024-12-11,595.2320556640625,607.4600219726562,608.4299926757812,605.5,605.780029296875,28677700
2024-12-12,592.1651611328125,604.3300170898438,607.1599731445312,604.3300170898438,606.5800170898438,31543800
2024-12-13,592.0475463867188,604.2100219726562,607.1300048828125,602.8099975585938,606.4000244140625,35904700
2024-12-16,594.5755615234375,606.7899780273438,607.780029296875,605.2100219726562,606.0,43695200
2024-12-17,592.1257934570312,604.2899780273438,605.1699829101562,602.8900146484375,604.1900024414062,55773500
2024-12-18,574.478515625,586.280029296875,606.4099731445312,585.8900146484375,603.97998046875,108248700
2024-12-19,574.302001953125,586.0999755859375,593.0,585.8499755859375,591.3599853515625,85919500
2024-12-20,581.199951171875,591.1500244140625,595.75,580.9099731445312,581.77001953125,125716700
2024-12-23,584.6803588867188,594.6900024414062,595.2999877929688,587.6599731445312,590.8900146484375,57635800
2024-12-24,591.1791381835938,601.2999877929688,601.3400268554688,595.469970703125,596.0599975585938,33160100
2024-12-26,591.2184448242188,601.3400268554688,602.47998046875,598.0800170898438,599.5,41219100
2024-12-27,584.9949340820312,595.010009765625,597.780029296875,590.760009765625,597.5399780273438,64969300
2024-12-30,578.3192138671875,588.219970703125,591.739990234375,584.4099731445312,587.8900146484375,56578800
2024-12-31,576.2152709960938,586.0800170898438,590.6400146484375,584.4199829101562,589.9099731445312,57052700
2025-01-02,574.799560546875,584.6400146484375,591.1300048828125,580.5,589.3900146484375,50204000
2025-01-03,581.9864501953125,591.9500122070312,592.5999755859375,586.4299926757812,587.530029296875,37888500
2025-01-06,585.3390502929688,595.3599853515625,599.7000122070312,593.5999755859375,596.27001953125,47679400
2025-01-07,578.722412109375,588.6300048828125,597.75,586.780029296875,597.4199829101562,60393100
2025-01-08,579.56787109375,589.489990234375,590.5800170898438,585.2000122070312,588.7000122070312,47304700
2025-01-10,570.71923828125,580.489990234375,585.9500122070312,578.5499877929688,585.8800048828125,73105000
2025-01-13,571.604248046875,581.3900146484375,581.75,575.3499755859375,575.77001953125,47910100
2025-01-14,572.3907470703125,582.1900024414062,585.0,578.3499755859375,584.3599853515625,48420600
2025-01-15,582.8025512695312,592.780029296875,593.9400024414062,589.2000122070312,590.3300170898438,56900200
2025-01-16,581.6817626953125,591.6400146484375,594.3499755859375,590.9299926757812,594.1699829101562,43319700
2025-01-17,587.5217895507812,597.5800170898438,599.3599853515625,595.6099853515625,596.9600219726562,58070600
2025-01-21,592.8995971679688,603.0499877929688,603.0599975585938,598.6699829101562,600.6699829101562,42532900
2025-01-22,596.2326049804688,606.4400024414062,607.8200073242188,605.3599853515625,605.9199829101562,48196000
2025-01-23,599.4868774414062,609.75,609.75,605.52001953125,605.7999877929688,41152100
2025-01-24,597.73681640625,607.969970703125,610.780029296875,606.7999877929688,609.8099975585938,34604700
2025-01-27,589.2816162109375,599.3699951171875,599.6900024414062,594.6400146484375,594.8099975585938,70361100
2025-01-28,594.3449096679688,604.52001953125,605.3699951171875,597.25,600.6199951171875,44433300
2025-01-29,591.6804809570312,601.8099975585938,604.1300048828125,599.219970703125,603.719970703125,37177400
2025-01-30,594.8560791015625,605.0399780273438,606.5999755859375,600.719970703125,603.9600219726562,39281300
2025-01-31,591.6903076171875,601.8200073242188,609.9600219726562,601.0499877929688,607.5,66566900
2025-02-03,587.7084350585938,597.77001953125,600.2899780273438,590.489990234375,592.6699829101562,65857200
2025-02-04,591.6510620117188,601.780029296875,602.2999877929688,597.280029296875,597.8300170898438,33457800
2025-02-05,594.0499267578125,604.219970703125,604.3699951171875,598.5800170898438,600.6400146484375,30653100
2025-02-06,596.1145629882812,606.3200073242188,606.4500122070312,602.6300048828125,605.989990234375,35771500
2025-02-07,590.6580200195312,600.77001953125,608.1300048828125,600.0499877929688,606.8900146484375,50788500
2025-02-10,594.6693115234375,604.8499755859375,605.5,602.739990234375,604.030029296875,26048700
2025-02-11,595.1216430664062,605.3099975585938,605.8599853515625,602.4299926757812,602.5499877929688,30056700
2025-02-12,593.2044067382812,603.3599853515625,604.5499877929688,598.510009765625,599.2000122070312,45076100
2025-02-13,599.4672241210938,609.72998046875,609.9400024414062,603.2000122070312,604.47998046875,40921300
2025-02-14,599.4376831054688,609.7000122070312,610.989990234375,609.0700073242188,609.9400024414062,26910400
2025-02-18,601.1975708007812,611.489990234375,611.489990234375,608.3800048828125,610.8800048828125,26749000
2025-02-19,602.61328125,612.9299926757812,613.22998046875,609.5599975585938,610.0800170898438,31011100
2025-02-20,600.1063232421875,610.3800048828125,611.6799926757812,607.02001953125,611.5399780273438,36554000
2025-02-21,589.842041015625,599.9400024414062,610.2999877929688,599.469970703125,610.1599731445312,76519800
2025-02-24,587.157958984375,597.2100219726562,603.030029296875,596.489990234375,602.02001953125,50737200
2025-02-25,584.2379150390625,594.239990234375,597.8900146484375,589.5599975585938,597.1500244140625,58266500
2025-02-26,584.5328979492188,594.5399780273438,599.5800170898438,591.8599853515625,595.9299926757812,43321600
2025-02-27,575.20263671875,585.0499877929688,598.02001953125,584.6500244140625,596.8499755859375,74196700
2025-02-28,584.178955078125,594.1799926757812,594.719970703125,582.4400024414062,585.5599975585938,88744100
2025-03-03,573.9442138671875,583.77001953125,597.3400268554688,579.9000244140625,596.1799926757812,74249200
2025-03-04,567.1504516601562,576.8599853515625,585.3900146484375,572.25,579.7100219726562,109648200
2025-03-05,573.24609375,583.0599975585938,584.8800048828125,573.0800170898438,576.6900024414062,71230500
2025-03-06,563.0703735351562,572.7100219726562,580.1699829101562,570.1199951171875,575.47998046875,80094900
2025-03-07,566.2262573242188,575.9199829101562,577.3900146484375,565.6300048828125,570.9000244140625,81158800
2025-03-10,551.1444702148438,560.5800170898438,569.5399780273438,555.5900268554688,567.5900268554688,99326600
2025-03-11,546.5629272460938,555.9199829101562,564.02001953125,552.02001953125,559.4000244140625,88102100
2025-03-12,549.4632568359375,558.8699951171875,563.1099853515625,553.6900024414062,562.1699829101562,69588200
2025-03-13,542.138671875,551.4199829101562,559.1099853515625,549.6799926757812,558.489990234375,74079400
2025-03-14,553.3368530273438,562.8099975585938,563.8300170898438,551.489990234375,556.1099853515625,62660300
2025-03-17,557.6038818359375,567.1500244140625,569.7100219726562,562.3499755859375,562.7899780273438,49008700
2025-03-18,551.5770874023438,561.02001953125,565.02001953125,559.0599975585938,564.7999877929688,66041400
2025-03-19,557.584228515625,567.1300048828125,570.9500122070312,561.6300048828125,562.8300170898438,66556000
2025-03-20,555.9718627929688,565.489990234375,570.5700073242188,562.5999755859375,563.3300170898438,62958200
2025-03-21,556.1552734375,563.97998046875,564.8900146484375,558.030029296875,559.280029296875,83763000
2025-03-24,566.1151733398438,574.0800170898438,575.1500244140625,570.2000122070312,570.7999877929688,58766800
2025-03-25,567.47607421875,575.4600219726562,576.4099731445312,573.6900024414062,575.2999877929688,38355700
2025-03-26,560.7013549804688,568.5900268554688,576.3300170898438,567.1900024414062,575.1900024414062,51848300
2025-03-27,559.2122802734375,567.0800170898438,570.9000244140625,564.9400024414062,567.1799926757812,42164200
2025-03-28,547.9506225585938,555.6599731445312,566.27001953125,555.0700073242188,565.530029296875,71662700
2025-03-31,551.62890625,559.3900146484375,560.7100219726562,546.8699951171875,549.8300170898438,95328200
2025-04-01,553.18701171875,560.969970703125,562.9400024414062,553.6799926757812,557.4500122070312,54609600
2025-04-02,556.687744140625,564.52001953125,567.4199829101562,554.8099975585938,555.0499877929688,76014500
2025-04-03,529.2538452148438,536.7000122070312,547.969970703125,536.7000122070312,545.1099853515625,125986000
2025-04-04,498.2696838378906,505.2799987792969,525.8699951171875,505.05999755859375,523.6699829101562,217965100
2025-04-07,497.3821716308594,504.3800048828125,523.1699829101562,481.79998779296875,489.19000244140625,256611400
2025-04-08,489.591796875,496.4800109863281,524.97998046875,489.1600036621094,521.8599853515625,165816600
2025-04-09,541.0084838867188,548.6199951171875,548.6199951171875,493.04998779296875,493.44000244140625,241867300
2025-04-10,517.3019409179688,524.5800170898438,533.5,509.32000732421875,532.1699829101562,162331200
2025-04-11,526.5320434570312,533.9400024414062,536.4299926757812,520.0700073242188,523.010009765625,97866300
2025-04-14,531.6401977539062,539.1199951171875,544.280029296875,533.8599853515625,544.0499877929688,68034000
2025-04-15,530.151123046875,537.6099853515625,543.22998046875,536.8099975585938,539.6699829101562,56892900
2025-04-16,518.366943359375,525.6599731445312,537.8900146484375,520.2899780273438,531.6799926757812,83484800
2025-04-17,519.1065063476562,526.4099731445312,531.1699829101562,523.9099731445312,527.6400146484375,79868100
2025-04-21,506.7503356933594,513.8800048828125,521.7000122070312,508.4599914550781,521.1599731445312,69368100
2025-04-22,519.9348754882812,527.25,529.2999877929688,519.1900024414062,520.1400146484375,75948100
2025-04-23,527.991455078125,535.4199829101562,545.4299926757812,533.8800048828125,540.4299926757812,90590700
2025-04-24,539.105224609375,546.6900024414062,547.4299926757812,535.4500122070312,536.719970703125,64150400
2025-04-25,543.0003662109375,550.6400146484375,551.0499877929688,543.6900024414062,546.6500244140625,61119600
2025-04-28,543.2073974609375,550.8499755859375,553.5499877929688,545.02001953125,551.3900146484375,47613800
2025-04-29,546.6293334960938,554.3200073242188,555.4500122070312,548.5499877929688,548.9099731445312,47775100
2025-04-30,546.84619140625,554.5399780273438,556.52001953125,541.52001953125,547.5700073242188,93101500
2025-05-01,550.7216796875,558.469970703125,564.0700073242188,557.8599853515625,560.3699951171875,63186100
2025-05-02,558.8966674804688,566.760009765625,568.3800048828125,562.3800048828125,564.72998046875,60717300
2025-05-05,555.6918334960938,563.510009765625,566.6500244140625,561.7000122070312,562.5700073242188,38659200
2025-05-06,551.0470581054688,558.7999877929688,563.3499755859375,556.9600219726562,557.9299926757812,48264700
2025-05-07,553.3645629882812,561.1500244140625,563.8200073242188,556.0399780273438,560.1500244140625,55588000
2025-05-08,557.2203369140625,565.0599975585938,570.3099975585938,561.7000122070312,565.239990234375,65130800
2025-05-09,556.51025390625,564.3400268554688,567.5,562.760009765625,566.47998046875,37603400
2025-05-12,574.9014892578125,582.989990234375,583.0,577.0399780273438,581.469970703125,78993600
2025-05-13,578.6981811523438,586.8400268554688,589.0800170898438,582.8400268554688,583.4099731445312,67947200
2025-05-14,579.4376831054688,587.5900268554688,588.97998046875,585.5399780273438,587.8099975585938,66283500
2025-05-15,582.2678833007812,590.4600219726562,590.969970703125,585.0999755859375,585.5599975585938,71268100
2025-05-16,585.9559936523438,594.2000122070312,594.5,589.280029296875,591.25,76052100
2025-05-19,586.596923828125,594.8499755859375,595.5399780273438,588.0999755859375,588.0999755859375,68168500
2025-05-20,584.6246948242188,592.8499755859375,594.0499877929688,589.5999755859375,593.0900268554688,60614500
2025-05-21,574.7732543945312,582.8599853515625,592.5800170898438,581.8200073242188,588.4400024414062,95197700
2025-05-22,575.0001831054688,583.0900268554688,586.6199951171875,581.4099731445312,582.6599731445312,70860400
2025-05-23,571.0753173828125,579.1099853515625,581.8099975585938,575.5999755859375,575.97998046875,76029000
2025-05-27,582.9483642578125,591.1500244140625,591.3099975585938,578.4299926757812,586.0700073242188,72588500
2025-05-28,579.5757446289062,587.72998046875,592.77001953125,586.989990234375,591.5599975585938,68445500
2025-05-29,581.8635864257812,590.0499877929688,593.2000122070312,586.0700073242188,593.0599975585938,69973300
2025-05-30,581.2127685546875,589.3900146484375,591.1300048828125,583.239990234375,588.9299926757812,90601200
2025-06-02,584.4866943359375,592.7100219726562,592.7899780273438,585.0599975585938,587.760009765625,61630500
2025-06-03,587.8197631835938,596.0900268554688,597.0800170898438,591.8499755859375,592.3400268554688,63606200
2025-06-04,587.6619873046875,595.9299926757812,597.9500122070312,595.489990234375,596.9600219726562,57314200
2025-06-05,584.8218994140625,593.0499877929688,599.0,591.0499877929688,597.6300048828125,92278700
2025-06-06,590.8274536132812,599.1400146484375,600.8300170898438,596.8599853515625,598.6599731445312,66588700
2025-06-09,591.3599243164062,599.6799926757812,601.25,598.489990234375,599.719970703125,53016400
2025-06-10,594.7127685546875,603.0800170898438,603.469970703125,599.0900268554688,600.219970703125,66247000
2025-06-11,593.0166625976562,601.3599853515625,605.0599975585938,599.27001953125,604.1900024414062,73658200
2025-06-12,595.3734741210938,603.75,603.75,599.52001953125,600.010009765625,64129000
2025-06-13,588.7171630859375,597.0,601.8499755859375,595.47998046875,598.5,89506000
2025-06-16,594.318359375,602.6799926757812,604.4500122070312,600.219970703125,600.4000244140625,79984100
2025-06-17,589.2398681640625,597.530029296875,601.75,596.760009765625,600.2100219726562,82209400
2025-06-18,589.1509399414062,597.4400024414062,601.219970703125,596.469970703125,598.4400024414062,76605000
2025-06-20,587.7673950195312,594.280029296875,599.4600219726562,592.8599853515625,598.3800048828125,94051400
2025-06-23,593.5730590820312,600.1500244140625,600.5399780273438,591.8900146484375,595.0399780273438,87426000
2025-06-24,600.13037109375,606.780029296875,607.8499755859375,603.4099731445312,604.3300170898438,67735300
2025-06-25,600.4666137695312,607.1199951171875,608.6099853515625,605.5399780273438,607.9099731445312,62114800
2025-06-26,605.1646118164062,611.8699951171875,612.3099975585938,608.3699951171875,608.989990234375,78548400
2025-06-27,608.1712036132812,614.9099731445312,616.3900146484375,610.8300170898438,612.8800048828125,86258400
2025-06-30,611.0790405273438,617.8499755859375,619.219970703125,615.0399780273438,617.3800048828125,92502500
2025-07-01,610.88134765625,617.6500244140625,618.8300170898438,615.52001953125,616.3599853515625,70030100
2025-07-02,613.6505737304688,620.4500122070312,620.489990234375,616.6099853515625,617.239990234375,66510400
2025-07-03,618.4869995117188,625.3400268554688,626.280029296875,622.4299926757812,622.4500122070312,51065800
2025-07-07,613.8780517578125,620.6799926757812,624.030029296875,617.8699951171875,623.3599853515625,74814500
2025-07-08,613.541748046875,620.3400268554688,622.1099853515625,619.52001953125,621.3499755859375,59024600
2025-07-09,617.2210083007812,624.0599975585938,624.719970703125,620.9099731445312,622.77001953125,66113300
2025-07-10,618.9617919921875,625.8200073242188,626.8699951171875,623.010009765625,624.2000122070312,57529000
2025-07-11,616.7858276367188,623.6199951171875,624.8599853515625,621.530029296875,622.739990234375,63670200
2025-07-14,617.9627685546875,624.8099975585938,625.1599731445312,621.7999877929688,623.1599731445312,51898500
2025-07-15,615.3220825195312,622.1400146484375,627.8599853515625,622.0599975585938,627.52001953125,74317300
2025-07-16,617.3792114257812,624.219970703125,624.72998046875,618.0499877929688,623.739990234375,88987500
2025-07-17,621.1573486328125,628.0399780273438,628.4000244140625,624.1799926757812,624.4000244140625,68885700
2025-07-18,620.7025146484375,627.5800170898438,629.469970703125,626.4600219726562,629.2999877929688,65621600
2025-07-21,621.87939453125,628.77001953125,631.5399780273438,628.3400268554688,628.77001953125,63375000
2025-07-22,621.9683837890625,628.8599853515625,629.72998046875,626.1900024414062,629.0999755859375,60046300
2025-07-23,627.2597045898438,634.2100219726562,634.2100219726562,629.72998046875,631.5499877929688,70511000
2025-07-24,627.4674682617188,634.4199829101562,636.1500244140625,633.989990234375,634.5999755859375,71307100
2025-07-25,630.1181030273438,637.0999755859375,637.5800170898438,634.8400268554688,635.0900268554688,56865400
2025-07-28,629.9598388671875,636.9400024414062,638.0399780273438,635.5399780273438,637.47998046875,54917100
2025-07-29,628.2982788085938,635.260009765625,638.6699829101562,634.3400268554688,638.3499755859375,60556300
2025-07-30,627.5070190429688,634.4600219726562,637.6799926757812,631.5399780273438,635.9199829101562,80418900
2025-07-31,625.1531982421875,632.0800170898438,639.8499755859375,630.77001953125,639.4600219726562,103385200
2025-08-01,614.9066162109375,621.719970703125,626.3400268554688,619.2899780273438,626.2999877929688,140103600
2025-08-04,624.2530517578125,631.1699829101562,631.219970703125,625.5800170898438,625.6699829101562,73218000
2025-08-05,621.0880737304688,627.969970703125,632.6099853515625,627.0399780273438,631.7899780273438,68051400
2025-08-06,625.8455200195312,632.780029296875,633.4400024414062,628.1300048828125,629.0499877929688,64357500
2025-08-07,625.3212890625,632.25,636.97998046875,629.1099853515625,636.239990234375,74205800
2025-08-08,630.1972045898438,637.1799926757812,637.6500244140625,633.739990234375,634.0599975585938,64051600
2025-08-11,628.9509887695312,635.9199829101562,638.9500122070312,634.6599731445312,637.4600219726562,58742300
2025-08-12,635.6467895507812,642.6900024414062,642.8499755859375,636.7899780273438,638.2899780273438,64730800
2025-08-13,637.8228149414062,644.8900146484375,646.1900024414062,642.6799926757812,644.9099731445312,60092800
2025-08-14,637.882080078125,644.9500122070312,645.6199951171875,642.3400268554688,642.7899780273438,59327500
2025-08-15,636.3886108398438,643.4400024414062,646.0900268554688,642.52001953125,645.989990234375,68592500
2025-08-18,636.2501831054688,643.2999877929688,644.0,642.1799926757812,642.8599853515625,43804900
2025-08-19,632.7984008789062,639.8099975585938,644.1099853515625,638.47998046875,643.1199951171875,69750700
2025-08-20,631.1170043945312,638.1099853515625,639.6599731445312,632.9500122070312,639.4000244140625,88890300
2025-08-21,628.5850830078125,635.5499877929688,637.969970703125,633.8099975585938,636.280029296875,54805800
2025-08-22,638.2381591796875,645.3099975585938,646.5,637.25,637.760009765625,84083200
2025-08-25,635.4292602539062,642.469970703125,645.2899780273438,642.3499755859375,644.0399780273438,51274300
2025-08-26,638.0897827148438,645.1599731445312,645.510009765625,641.5700073242188,642.2000122070312,51581600
2025-08-27,639.5436401367188,646.6300048828125,647.3699951171875,644.4199829101562,644.5700073242188,48341100
2025-08-28,641.8085327148438,648.9199829101562,649.47998046875,645.3400268554688,647.239990234375,61519500
2025-08-29,637.9810180664062,645.0499877929688,647.8400268554688,643.1400146484375,647.469970703125,74522200
