Date,Adj Close,Close,High,Low,Open,Volume,ret_1,ret_5,ret_20,vol_20,sma_ratio_20,sma_ratio_50,rsi_14,macd,vol_z_20,range_pct,next_ret,target
2015-03-16,172.28985595703125,208.5800018310547,208.69000244140625,205.8600006103516,206.7100067138672,136099200,0.01336086560811367,0.0010567174167048776,-0.00572007439847988,0.007241942422961366,-0.004105814345967462,0.01252367175198077,41.39608536302117,6.923067384840985e-06,0.8803780031700691,0.013567944223851814,-0.00297284926971364,0
2015-03-17,171.7776641845703,207.9600067138672,208.4199981689453,206.97999572753903,207.69000244140625,94510400,-0.00297284926971364,0.01453781236186269,-0.010232629538561078,0.007252656188089178,-0.006556554781692814,0.009265684684855557,40.44779047336971,3.821938759829527e-05,-0.36268908868853766,0.006924420056340843,0.012021545227006714,1
2015-03-18,173.8426971435547,210.4600067138672,211.2700042724609,206.6199951171875,207.38999938964844,228808500,0.012021545227006714,0.02914414398138443,0.001570448974869798,0.007774732358014202,0.005306930625972317,0.020532861895272037,47.85651816119025,0.0010091398198884254,2.6794882792726638,0.022094502551239445,-0.004561590912980917,0
2015-03-19,173.04969787597656,209.5,210.47000122070312,209.02999877929688,209.9600067138672,117917300,-0.004561590912980917,0.011588641363567298,-0.002286009376289422,0.007843421264999127,0.0008358724690371577,0.014924823521289543,47.32707133030959,0.0014011920648758665,0.05722550280664015,0.00687352000671241,0.008827099233444047,1
2015-03-20,174.5772247314453,210.41000366210935,211.0200042724609,209.4900054931641,209.7100067138672,177715100,0.008827099233444047,0.026814530586412033,0.0005170009989348134,0.007983061073367487,0.00964401191057851,0.022987719710309884,48.55796250785659,0.002371982753180675,1.3609944928822044,0.007271511585322692,-0.0019489396686138694,0
2015-03-23,174.2369842529297,210.0,211.1100006103516,210.0,210.4199981689453,71784500,-0.0019489396686138694,0.011301468012046234,-0.0012909370707535617,0.007995636167337148,0.007741907254326552,0.02049633850708088,49.580224989219126,0.002965456731748486,-1.0203623499156034,0.005285717192150433,-0.00561871896290278,0
2015-03-24,173.25799560546875,208.82000732421875,210.3999938964844,208.7400054931641,209.8500061035156,77805300,-0.00561871896290278,0.008617717722065876,-0.00971547790631011,0.008059049961687725,0.0025725131276752577,0.01422250646412726,48.916823284656125,0.00296142841537682,-0.8964505974836467,0.00794937431806032,-0.014654190587879645,0
2015-03-25,170.7190399169922,205.75999450683597,209.3500061035156,205.7100067138672,209.07000732421875,159521700,-0.014654190587879645,-0.017968297074815065,-0.023397279869598275,0.008662959117229179,-0.010948958569464984,-0.001029281785154268,42.406419333970355,0.0017683137108416166,0.8596462878672316,0.017690510725239535,-0.0023812496743232936,0
2015-03-26,170.31251525878906,205.2700042724609,206.3699951171875,204.1199951171875,204.9600067138672,153067200,-0.0023812496743232936,-0.015817320982260408,-0.02457065198535635,0.008667360424391896,-0.012076421143067395,-0.003803514541186548,47.07176697001564,0.0005903275621795575,0.6364948620533419,0.010961172860957848,0.00228981487512403,1
2015-03-27,170.70249938964844,205.7400054931641,205.9499969482422,204.8999938964844,205.1300048828125,118939000,0.00228981487512403,-0.02219490742711383,-0.018995801656345068,0.00868487541390348,-0.008864077363602063,-0.0020815478448426017,46.14066401863676,-0.00015960161683109292,-0.17368049345412495,0.0051035434223932275,0.012199790849490855,1
2015-03-30,172.7850341796875,208.25,208.6100006103516,206.9600067138672,206.97999572753903,96180400,0.012199790849490855,-0.008333191024096687,-0.01325774459137119,0.009035646193300809,0.003904166818360144,0.009102740071413873,59.911218225114375,0.0002261660015740337,-0.7236595107088689,0.00792313995910878,-0.008739239325870507,0
2015-03-31,171.2750244140625,206.42999267578125,208.1000061035156,206.3600006103516,207.25999450683597,126768700,-0.008739239325870507,-0.011445192959069761,-0.01785026011304014,0.009187654458023492,-0.003968471335875634,-0.0002679215847903871,56.327100781091175,-0.00017434990798114694,-0.019866048071282713,0.008429034321077833,-0.003536225531596493,0
2015-04-01,170.6693572998047,205.6999969482422,206.4199981689453,204.50999450683597,206.38999938964844,137303600,-0.003536225531596493,-0.0002910197785299662,-0.01717982212032476,0.00917583645246414,-0.006628954314652713,-0.004240875824058188,48.834579779241864,-0.0007725436915301827,0.20353560313090718,0.009285384980292138,0.003597411423008401,1
2015-04-02,171.2833251953125,206.44000244140625,206.97999572753903,205.3999938964844,205.6199951171875,86900900,0.003597411423008401,0.0057001679239385705,-0.014722343764194679,0.00922037170900379,-0.0023122784688620612,-0.001070958708484504,53.80212809475809,-0.0009415651709005187,-1.0215918796743548,0.007653564291654577,0.006733050494137194,1
2015-04-06,172.43658447265625,207.8300018310547,208.4499969482422,205.2100067138672,205.3699951171875,114368200,0.006733050494137194,0.01015852192679123,0.00606140027729718,0.00879694726868298,0.004101391280753264,0.005397440011767118,50.47277232590611,-0.0005247860649201531,-0.28581350545368894,0.01558961750387123,-0.0026465373614125154,0
2015-04-07,171.980224609375,207.27999877929688,208.75999450683597,207.2400054931641,207.8600006103516,81236300,-0.0026465373614125154,-0.0046578661985015035,-0.0007423353410580535,0.008773365202099707,0.001481252510695752,0.0024242418959976586,50.6550244197051,-0.0004094062675887436,-1.1081173963585182,0.007333023073250285,0.003377105067777997,1
2015-04-08,172.56101989746094,207.97999572753903,208.50999450683597,207.0800018310547,207.5500030517578,89351900,0.003377105067777997,0.007508365494606428,0.019164397517912546,0.007919196648546328,0.003914887220929808,0.005474701121894965,45.41531575787348,-4.370606686760743e-05,-0.8173211518968257,0.0068756260465291,0.004423395645876793,1
2015-04-09,173.32432556152344,208.8999938964844,209.17999267578125,207.19000244140625,207.77999877929688,85548900,0.004423395645876793,0.015556209408200461,0.026075398001141892,0.00791435442339418,0.007065293063841738,0.009233285595997343,50.98446128668072,0.0005924723957873146,-0.8657946332964366,0.009526042568297508,0.005457530837047697,1
2015-04-10,174.27024841308594,210.0399932861328,210.08999633789065,208.9600067138672,209.1999969482422,72722900,0.005457530837047697,0.017438493877716787,0.018723557371539412,0.007520988408444483,0.011620055313620758,0.013684423522947853,48.851696598583544,0.0015111118372026703,-1.1290362784020251,0.005379878404795539,-0.004522993877492998,0
2015-04-13,173.48202514648438,209.08999633789065,210.6300048828125,209.02999877929688,209.8699951171875,74436600,-0.004522993877492998,0.006062754473044496,0.02037287217730377,0.007449454753980344,0.006033100863805929,0.0083211546491615,47.26751179382049,0.0018637636773485742,-0.984472189800977,0.007652236508388502,0.001912603728737361,1
2015-04-14,173.81382751464844,209.4900054931641,209.7100067138672,208.1000061035156,208.8500061035156,75099900,0.001912603728737361,0.010661707818083066,0.00884539341652979,0.00686980060141938,0.007512043786402911,0.009186171080106664,52.110650537179595,0.002261685859572031,-0.8813812303579457,0.007685333754044544,0.0044873775169183006,1
2015-04-15,174.5937957763672,210.42999267578125,211.0399932861328,209.9499969482422,210.0500030517578,99529300,0.0044873775169183006,0.011780040939223468,0.016394049861866877,0.006875965880229591,0.01120779754331691,0.012796803417576497,66.98214151962935,0.002895436056645579,-0.30454834237666223,0.005179852567737482,-0.0002849107674334217,0
2015-04-16,174.54405212402344,210.3699951171875,210.97999572753903,209.7899932861328,210.02999877929688,68934900,-0.0002849107674334217,0.007037249725613703,0.004034423027212908,0.006353048008444313,0.010714412933323647,0.011880935657180292,69.14455026688795,0.0033451087031665825,-1.0842929699966486,0.005656711836416242,-0.011503884239411066,0
2015-04-17,172.53611755371094,207.9499969482422,209.22999572753903,207.00999450683597,208.94000244140625,191113200,-0.011503884239411066,-0.009950814181801437,-0.0029678198145928203,0.006801882812685521,-0.0007641454426984273,-0.00022097952231669993,57.23635084811901,0.0027728588053577796,2.196765046775666,0.010675649210303265,0.009136995861179109,1
2015-04-20,174.11257934570312,209.8500061035156,210.25,208.9600067138672,209.05999755859372,92189500,0.009136995861179109,0.0036346947107996908,-0.0026615464099453146,0.006823671082095852,0.008501561034576,0.008463475543370347,55.45712056321207,0.0029642081559520055,-0.33452339859245017,0.006147215861868881,-0.0011913440102668815,0
2015-04-21,173.9051513671875,209.6000061035156,210.8600006103516,209.2400054931641,210.6699981689453,72559800,-0.0011913440102668815,0.000525411895272665,-0.001904491673596076,0.006815029113336725,0.007396902361708202,0.006781761863984492,62.10830373600683,0.003008563936565792,-0.9101238287072402,0.007728984112659947,0.004913991763481285,1
2015-04-22,174.7597198486328,210.6300048828125,210.8500061035156,208.8999938964844,210.00999450683597,78264600,0.004913991763481285,0.0009503434616779938,0.00866756098566257,0.00677075928847497,0.011907104300695748,0.011057979910454874,68.40890112184242,0.003381641910169443,-0.7443452295019153,0.009257998204558342,0.002516184985785097,1
2015-04-23,175.19944763183594,211.16000366210935,211.94000244140625,210.00999450683597,210.1499938964844,102585900,0.002516184985785097,0.003754900266362604,0.02624433523655134,0.005768764796202709,0.013139066573073066,0.013089524891321203,67.90554635403512,0.0038379927592827358,0.054859312182766524,0.009140026051801996,0.0023205277258384616,1
2015-04-24,175.6060028076172,211.6499938964844,211.97000122070312,211.1100006103516,211.66000366210935,61327400,0.0023205277258384616,0.01779271086791767,0.031081025024994213,0.0057057982042448335,0.013938198228047094,0.014891232682612499,65.55344726110587,0.004333501836265453,-1.1569936227291795,0.004063315072771278,-0.004157530315596736,0
2015-04-27,174.87591552734375,210.7700042724609,212.47999572753903,210.5399932861328,212.3300018310547,79358100,-0.004157530315596736,0.004384152968781141,0.024448477044082484,0.005842126619224737,0.008507616677211116,0.010402558332632372,63.83839503436045,0.004365794257061291,-0.4988388366339163,0.009204357366233167,0.003178697786202278,1
2015-04-28,175.43179321289062,211.44000244140625,211.5,209.3300018310547,210.7400054931641,86863500,0.003178697786202278,0.00877858898198891,0.015318219229858876,0.005270445284317796,0.010941815290018697,0.013362467718682547,63.75206676812287,0.0045662240805769624,-0.23219992892314587,0.010262949980558466,-0.004114516550176361,0
2015-04-29,174.70997619628906,210.57000732421875,211.2899932861328,209.6000061035156,210.3699951171875,125684900,-0.004114516550176361,-0.00028464026142205334,0.020055181974007352,0.004920977378398569,0.005786839908280772,0.009058164285098202,56.66426935947865,0.0043718219084383945,1.0670242246352601,0.008025773490215583,-0.010020617839990642,0
2015-04-30,172.9592742919922,208.4600067138672,210.3500061035156,207.6199951171875,209.8800048828125,161304900,-0.010020617839990642,-0.01278641782336698,0.013417270847073892,0.005423833905573404,-0.00494764493665345,-0.0009827317410453507,44.14790576272849,0.0033895100361280477,2.0634787441586484,0.013096089889679979,0.010841408059719893,1
2015-05-01,174.8343963623047,210.72000122070312,210.7700042724609,209.27999877929688,209.3999938964844,103399700,0.010841408059719893,-0.0043939639475640835,0.020732147527746436,0.005853705879810584,0.004813722805716125,0.009686103352705366,55.50290391199228,0.003374848928189344,0.2366324763867188,0.0070710207124735054,0.00284763055720183,1
2015-05-04,175.33226013183594,211.32000732421875,212.0200042724609,211.1000061035156,211.22999572753903,70927200,0.00284763055720183,0.002609533754925897,0.0167926989973457,0.005717818059866865,0.006837265842312812,0.012462472145568615,56.096234145576446,0.003570378433091873,-0.7028954850405323,0.00435357816136075,-0.011452168407586227,0
2015-05-05,173.32432556152344,208.8999938964844,211.4600067138672,208.72999572753903,211.02999877929688,113326200,-0.011452168407586227,-0.012013031462374202,0.007815438985507406,0.00630951914762814,-0.005077166524024235,0.0009991271087725906,45.36074196009154,0.002808996880450647,0.5580025829225076,0.0130685067788032,-0.004116653753245325,0
2015-05-06,172.61080932617188,208.0399932861328,209.92999267578125,206.75999450683597,209.55999755859372,135060200,-0.004116653753245325,-0.012015151714969918,0.0002885323043437804,0.0063463366990430675,-0.009187078213711897,-0.0028513220681167795,43.26189460651617,0.0018271830286152244,1.1178195395736865,0.015237446025992467,0.003989667105189332,1
2015-05-07,173.29946899414062,208.8699951171875,209.3800048828125,207.5200042724609,207.9199981689453,88244900,0.003989667105189332,0.001966906391929646,-0.00014341072611867567,0.006331269697305655,-0.005226967753247935,0.0013016144975250832,52.930034567461604,0.001340949848339413,-0.2802692657203833,0.008905063694323489,0.013166006800527708,1
2015-05-08,175.5811309814453,211.6199951171875,211.8600006103516,210.77999877929688,210.8800048828125,155877300,0.013166006800527708,0.004271096733123203,0.0075221248623693615,0.0068901880922995155,0.007491166119814707,0.014370058773084393,55.34737401226124,0.0019746861861351913,1.527656876046975,0.005103496153360414,-0.004772534008986806,0
2015-05-11,174.7431640625,210.6100006103516,211.88999938964844,210.5200042724609,211.57000732421875,75708100,-0.004772534008986806,-0.003359884078908193,0.007269565333646311,0.0068997861793922075,0.0023202176189263124,0.009443187589750268,52.917452870280655,0.002091619556317951,-0.7401224238853246,0.00650489109357228,-0.0029914509017140434,0
2015-05-12,174.22042846679688,209.97999572753903,210.6300048828125,208.6199951171875,209.6100006103516,119727600,-0.0029914509017140434,0.005170093132457421,0.0023392900206065104,0.006929710225919736,-0.0007946938172702644,0.00652653388049429,48.07810894141829,0.0019190854046783998,0.4468628650856413,0.009572386925053097,0.00019066870677209025,1
2015-05-13,174.25364685058594,210.0200042724609,211.22000122070312,209.7400054931641,210.47000122070312,94667900,0.00019066870677209025,0.009517581956931087,-0.001948230315222288,0.006854017349872345,-0.0005066833593621034,0.006734063177732841,46.528844904596994,0.0017719944325228706,-0.2623490770572803,0.007046927423251653,0.010427336102362572,1
2015-05-14,176.07064819335938,212.2100067138672,212.32000732421875,210.91000366210935,211.2400054931641,95934000,0.010427336102362572,0.015990696424536877,0.008746193586999018,0.007244217354760337,0.009473405233672683,0.01694749088834757,51.54529833681627,0.0024431796081663738,-0.2717920535166628,0.0066443787639598835,0.001083979275092739,1
2015-05-15,176.26150512695312,212.44000244140625,212.6100006103516,211.8600006103516,212.44000244140625,76510100,0.001083979275092739,0.003874984411506688,0.021591928844014063,0.006674446683161422,0.009489572905730048,0.01776546638219134,54.77956502515949,0.003038698862961683,-0.8201070333353538,0.0035304085453814653,0.0031067030926097416,1
2015-05-18,176.80909729003906,213.1000061035156,213.3999938964844,212.16000366210935,212.2400054931641,74549700,0.0031067030926097416,0.011822684101108205,0.015487209221006104,0.006423267800590939,0.011844432809027694,0.020289751360025754,54.75370156004284,0.0037090227414281226,-0.8431223151067375,0.00581881838976916,-0.00032854763047429625,0
2015-05-19,176.75100708007812,213.02999877929688,213.57000732421875,212.69000244140625,213.2400054931641,72114600,-0.00032854763047429625,0.014525154343559166,0.01636441296026825,0.006412160133846388,0.010688975308857263,0.01940827973986603,57.38277666715605,0.0041744731544584935,-0.9270283768330377,0.0041308965303248285,-0.0007038427066511366,0
2015-05-20,176.62660217285156,212.8800048828125,213.77999877929688,212.5,213.1499938964844,76857500,-0.0007038427066511366,0.01361782301348513,0.010682566473760424,0.00634661951103606,0.009438815456781713,0.017832484434758822,65.03419164838024,0.0044375912575052206,-0.7569357721375176,0.006012771279301204,0.0029121237354974294,1
2015-05-21,177.14096069335938,213.5,213.75,212.50999450683597,212.7100067138672,64764600,0.0029121237354974294,0.00607888089799391,0.011081730494969078,0.006353687194854824,0.011817072981005428,0.019830225923065603,60.64319802179573,0.004809164754632819,-1.0778850628951384,0.00580798825837955,-0.002388727473510044,0
2015-05-22,176.7178192138672,212.9900054931641,213.5399932861328,212.91000366210935,213.0399932861328,57433500,-0.002388727473510044,0.0025888471029758,0.0063313120763190955,0.006372645440653459,0.009079703683391616,0.01673261853660013,56.43779014862983,0.004876668883104915,-1.3080760850286925,0.0029578365546531968,-0.010751914776297333,0
2015-05-26,174.81776428222656,210.6999969482422,212.91000366210935,210.1999969482422,212.3999938964844,124308600,-0.010751914776297333,-0.011262616224695154,-0.0003325286100251956,0.006775196955151541,-0.0017532618764058983,0.005245627907841222,57.00930429750835,0.004050811585047701,0.850870343491008,0.01286192099249467,0.009492393943644428,1
2015-05-27,176.47720336914062,212.6999969482422,212.97999572753903,210.75999450683597,211.25,93214000,0.009492393943644428,-0.0015490927913833774,0.005959068975492698,0.007071461100865593,0.007421798434414928,0.014299363550676958,66.66666666666666,0.004035008519670596,-0.19195339216921092,0.01043724143185238,-0.0011283451542979384,0
2015-05-28,176.278076171875,212.4600067138672,212.58999633789065,211.6300048828125,212.3300018310547,74974600,-0.0011283451542979384,-0.0019732361755760985,0.008975446106318286,0.007004087250438043,0.0058348916909292114,0.012631028844032999,63.40549553484361,0.003920900739128595,-0.7202694842745636,0.0045184572377945575,-0.006212648971310242,0
2015-05-29,175.18292236328125,211.13999938964844,212.42999267578125,210.82000732421875,212.3800048828125,124919600,-0.006212648971310242,-0.011053560522727435,0.012856483587778467,0.006751085851098309,-0.001047744591322175,0.006184976647699125,47.99353552004158,0.0033082030996388263,1.1398172935000697,0.007625202975355473,0.0020367939900989285,1
2015-06-01,175.53973388671875,211.57000732421875,212.33999633789065,210.6199951171875,211.94000244140625,93338800,0.0020367939900989285,-0.006666477282195826,0.004034317840709178,0.006325945870832021,0.0007856537085653148,0.007946058645591947,54.21823235669613,0.0029277808862783546,-0.02959292514552241,0.008129702515287772,-0.0009927702749924494,0
2015-06-02,175.36546325683594,211.3600006103516,212.19000244140625,210.2700042724609,211.0200042724609,91531000,-0.0009927702749924494,0.003132970936095214,0.00018937259449591792,0.006300232460528721,-0.00021735935164035602,0.006854258270772018,56.29588239341022,0.002524944039643865,-0.13961738229393397,0.009084018562646175,0.002649148145644098,1
2015-06-03,175.8300323486328,211.9199981689453,212.6699981689453,211.3300018310547,212.0,87820900,0.002649148145644098,-0.003667164983083504,0.014456751982109717,0.005709138053339642,0.0017157185303624534,0.009336927848600629,58.27510084553252,0.002383291674450041,-0.23634251639207365,0.006323123581863959,-0.00844635390681947,0
2015-06-04,174.34490966796875,210.1300048828125,211.8600006103516,209.75,211.07000732421875,151882800,-0.00844635390681947,-0.010966573642551936,0.010046302132330931,0.0059784620798728,-0.007235517266073299,0.0006868385335192517,40.613837655525906,0.0015900239292132488,2.0959128329099315,0.01004140561234136,-0.0017133052823645745,0
2015-06-05,174.04620361328125,209.7700042724609,210.5800018310547,208.97999572753903,209.9499969482422,121704700,-0.0017133052823645745,-0.006488753211016496,0.004308926181221473,0.005939987142951094,-0.009147086073560962,-0.0014090435306784999,38.09085539915346,0.0007991874450765759,0.9080629795421097,0.00762743038054896,-0.006150114340400914,0
2015-06-08,172.97579956054688,208.47999572753903,209.82000732421875,208.38999938964844,209.63999938964844,89063300,-0.006150114340400914,-0.014606005543032596,-0.014838333745405441,0.005257388333263488,-0.01451009218435828,-0.007853704042787846,30.489450965590407,-0.00032426099710514003,-0.1653239791384481,0.006859209343227248,-0.00014361146852248652,0
2015-06-09,172.95095825195312,208.4499969482422,209.1000061035156,207.69000244140625,208.4499969482422,105034700,-0.00014361146852248652,-0.013768418022804152,-0.010256228449118998,0.00517143275008408,-0.014148308972453116,-0.008251991226646327,30.592995274490974,-0.0012162659057970272,0.4399913264329921,0.006764229708573459,0.01199363289859634,1
2015-06-10,175.0252685546875,210.9499969482422,211.41000366210935,209.3000030517578,209.3699951171875,134551300,0.01199363289859634,-0.004576941624793829,0.004619665414518304,0.005834855187950759,-0.002553166726710354,0.003384878358302368,43.18019061284382,-0.0009332825914139211,1.5758985983242157,0.010002373267960914,0.003223498699615801,1
2015-06-11,175.58946228027344,211.6300048828125,212.08999633789065,211.1999969482422,211.47999572753903,73876400,0.003223498699615801,0.0071384511006078455,0.00766592524076648,0.0058726120771199885,0.00028136260200373187,0.0061215838098533926,43.42035955422627,-0.00045362233366850135,-0.801258408281999,0.004205449932023071,-0.0076554011055985915,0
2015-06-12,174.24525451660156,210.00999450683597,211.47999572753903,209.67999267578125,210.63999938964844,135382400,-0.0076554011055985915,0.001143667021675343,-0.010367393404226988,0.005634452815863809,-0.006859822657481307,-0.001989660484525091,40.27407981830448,-0.0006909770892526151,1.451000927009482,0.008571035183276446,-0.0042850123435361764,0
2015-06-15,173.4986114501953,209.1100006103516,209.4499969482422,207.7899932861328,208.63999938964844,124384200,-0.0042850123435361764,0.0030224568464296553,-0.015674969272319705,0.005682415875340046,-0.010336200188016398,-0.006518259283612826,44.293235742990966,-0.0012133462247945457,0.945244360313273,0.00793842311350077,0.005451608803732189,1
2015-06-16,174.4444580078125,210.25,210.3500061035156,208.72000122070312,208.92999267578125,85308200,0.005451608803732189,0.008635394512724659,-0.01337396841265237,0.00578988251075636,-0.004269405637850721,-0.0013318275461792206,40.62750638115848,-0.0011652142867080882,-0.5136138623568302,0.00775269861028524,0.0016170719128594246,1
2015-06-17,174.72654724121094,210.58999633789065,211.32000732421875,209.3600006103516,210.58999633789065,126708600,0.0016170719128594246,-0.001706732496075114,-0.011453738636691302,0.005811995635483266,-0.002082659200772996,-3.134508267843561e-05,42.900591099573674,-0.0009887835089664504,0.9280523920925993,0.009307216619740748,0.010399376327354437,1
2015-06-18,176.54359436035156,212.77999877929688,213.33999633789065,210.6300048828125,211.30999755859372,165867900,0.010399376327354437,0.005433880072798214,-0.0004699621205347393,0.006306742619167765,0.008318960128044894,0.009907339615625288,55.8402636511652,-1.1065001303208726e-05,2.0087689451870503,0.012736119328062666,-0.004438995083907327,0
2015-06-19,175.75991821289062,210.80999755859372,211.5500030517578,210.3600006103516,211.4600067138672,130478700,-0.004438995083907327,0.008692711319405078,-0.007796291016279433,0.0063419209801343955,0.004239096448614754,0.005144279113939776,50.91166629601925,0.00039475094348164044,0.7349654486152282,0.005644905152448786,0.005122757084583762,1
2015-06-22,176.66029357910156,211.88999938964844,212.58999633789065,211.63999938964844,211.91000366210935,70696000,0.005122757084583762,0.018223097594149085,-0.0003255225478762114,0.00643790616160119,0.009400158083959553,0.010017284598278664,55.0571279413202,0.0011111985629578076,-1.450384940268905,0.004483444008583194,0.0007080045629455078,1
2015-06-23,176.78536987304688,212.0399932861328,212.44000244140625,211.57000732421875,212.13999938964844,68476800,0.0007080045629455078,0.013419238948419565,0.011255181067547637,0.005919368218545987,0.00954732676959158,0.010350748446461555,53.83283644221881,0.0017166945405307549,-1.363820169690361,0.004102976536192886,-0.007262679868798028,0
2015-06-24,175.50143432617188,210.5,212.1699981689453,210.47000122070312,211.72000122070312,92307300,-0.007262679868798028,0.004434856049042146,-0.005529150645750658,0.005774985200645959,0.002494613198111839,0.0028194528117635453,54.71613818507641,0.0016044318531408745,-0.5280918748726646,0.008075995003525831,-0.003040517100919904,0
2015-06-25,174.9678192138672,209.8600006103516,211.25,209.7700042724609,211.1000061035156,97107400,-0.003040517100919904,-0.008925699922411101,-0.007432897989709586,0.005805840210030999,-0.00017933518504664736,-0.0002723688215156006,53.687565250837956,0.001249604018058294,-0.412056869829344,0.007052300215547071,-0.00019037750297801193,0
2015-06-26,174.93450927734375,209.82000732421875,210.5800018310547,209.16000366210935,210.2899932861328,104174800,-0.00019037750297801193,-0.004696229629255311,-0.0014180211323473468,0.005639957494060078,-0.0002987242579771676,-0.000507291562085288,58.5464747772268,0.0009385226763293247,-0.12061615590669977,0.006767696689434992,-0.02097045943881759,0
2015-06-29,171.26605224609375,205.4199981689453,209.8300018310547,205.3300018310547,208.0500030517578,202621300,-0.02097045943881759,-0.030534543013155835,-0.024345950321326915,0.007294366132094795,-0.0200662789991356,-0.021325076793395126,44.42186919060474,-0.0010101237813482503,2.6022100687639522,0.02190633842912912,0.0020930869062727453,1
2015-06-30,171.62452697753906,205.8500061035156,207.32000732421875,205.27999877929688,207.25999450683597,182925100,0.0020930869062727453,-0.02919270355467718,-0.02133222933308132,0.007331660034250168,-0.01696312036647396,-0.018997674896840344,37.298293566708885,-0.00236915104500163,1.7486287235545843,0.009910169951105165,0.008015498438109114,1
2015-07-01,173.00018310546875,207.5,208.02999877929688,206.55999755859372,207.72999572753903,135979900,0.008015498438109114,-0.014252027228760511,-0.01609423148801503,0.007568605357724342,-0.008279854762936578,-0.011032138023094329,40.881798847295066,-0.0027471374905622997,0.43458697210669445,0.007084343232304354,-0.0009157909777434137,0
2015-07-02,172.8417510986328,207.30999755859372,208.2700042724609,206.80999755859372,208.07000732421875,104373700,-0.0009157909777434137,-0.012151195144266103,-0.008621751975429803,0.007351535400042481,-0.008760996377935037,-0.01172111202399484,44.60715106543652,-0.003102630058606542,-0.3630338726144053,0.007042625686465188,-0.0028453239356718285,0
2015-07-06,172.34996032714844,206.72000122070312,207.6499938964844,205.52999877929688,205.7700042724609,117975400,-0.0028453239356718285,-0.014774380200179515,-0.009745936716331616,0.007366464206202736,-0.011100397982306887,-0.014211859242731162,45.49823345221949,-0.0035809858640945894,0.016831378806953075,0.010255394275680807,0.0062886411104541295,1
2015-07-07,173.43380737304688,208.0200042724609,208.1699981689453,204.1100006103516,206.9600067138672,173820200,0.0062886411104541295,0.01265723766341198,0.0026478143975261492,0.007386165801327199,-0.005012301224512905,-0.0077660355241394585,46.081468351914125,-0.0033850753432201866,1.3841041723734853,0.019517341963304687,-0.01677743701961565,0
2015-07-08,170.52403259277344,204.52999877929688,206.75999450683597,204.25,206.4199981689453,164020100,-0.01677743701961565,-0.006412220934538415,-0.014032449913600198,0.008301698113153897,-0.021024118684349058,-0.02392714088383674,36.46399553347632,-0.004626533505963824,1.020975629377694,0.012272011547530675,0.0018087841192799825,1
2015-07-09,170.8324737548828,204.8999938964844,207.3500061035156,204.7700042724609,207.0399932861328,144113100,0.0018087841192799825,-0.012530098591077232,-0.02395536847009394,0.007779750250507006,-0.018071573929770768,-0.021646506780439556,29.62477054431352,-0.005347244284912771,0.4912495808317018,0.012591517364115228,0.012591645864738599,1
2015-07-10,172.98353576660156,207.47999572753903,207.97999572753903,204.9499969482422,207.2899932861328,129456900,0.012591645864738599,0.0008203149243022345,-0.014841018816449947,0.008322118153611705,-0.00496226472228789,-0.009131486113689857,40.97536829512415,-0.004792701295702984,0.04461855905656496,0.014603811652646336,0.011037388561646377,1
2015-07-13,174.892822265625,209.7700042724609,209.8999938964844,208.94000244140625,208.9900054931641,106069400,0.011037388561646377,0.014754061640918303,0.0037164154101065883,0.00854815074567347,0.0058330197064153655,0.001583252515642286,44.60846146613654,-0.0034372943462010123,-0.5450017616437046,0.004576400035875784,0.004337722181972481,1
2015-07-14,175.65145874023438,210.67999267578125,211.0500030517578,209.6499938964844,209.72000122070312,81709600,0.004337722181972481,0.0127867305733389,0.012408441036181106,0.008526378250594107,0.009571052536538671,0.0058337127525487364,46.66980959585277,-0.0020223852749303045,-1.1033668182939909,0.006645192728043736,-0.0003319291136320013,0
2015-07-15,175.59315490722656,210.6100006103516,211.27999877929688,210.0399932861328,210.72999572753903,97914100,-0.0003319291136320013,0.029726732574748782,0.006584886172552595,0.008452769776463245,0.008902896118857084,0.005469804568354553,50.29027176700222,-0.0009292094564635661,-0.7095566981662054,0.005887685720386041,0.008024211324044295,1
2015-07-16,177.0021514892578,212.3000030517578,212.3000030517578,211.5800018310547,211.8699951171875,106683300,0.008024211324044295,0.03611536845873631,0.013023803674809598,0.008622536513374286,0.016334122587447153,0.013111189972606851,56.100141108258036,0.000573885764100612,-0.44957364910868886,0.003391432926770104,0.0008476714638163685,1
2015-07-17,177.15219116210938,212.47999572753903,212.5500030517578,211.8000030517578,212.2899932861328,89030000,0.0008476714638163685,0.02409856739853189,0.0034472890617349705,0.008315065180270313,0.017017940504519657,0.013443114532415645,56.603703286357664,0.0018052794638339237,-0.82427962202534,0.0035297440468782647,0.0005179224599534127,1
2015-07-20,177.2439422607422,212.58999633789065,213.17999267578125,212.2100067138672,212.75,70446800,0.0005179224599534127,0.013443204613316384,0.00844347256724376,0.008242915957114657,0.017111404011890263,0.013510595277282711,72.61868883692733,0.002789725324531134,-1.191854044644422,0.004562707458597282,-0.0039511498891300345,0
2015-07-21,176.5436248779297,211.75,212.7400054931641,211.38999938964844,212.42999267578125,77965000,-0.0039511498891300345,0.005079184335239129,-0.0006604126983387193,0.008222048823145965,0.013126558882878392,0.009394954829317959,68.14316973350682,0.003227516197622635,-1.0196764851526008,0.006375471563238032,-0.0017946470528903413,0
2015-07-22,176.22679138183594,211.3699951171875,211.7700042724609,210.88999938964844,210.92999267578125,88667900,-0.0017946470528903413,0.0036085488351988992,-0.0031596420654721458,0.00822973491456844,0.011470467751971247,0.007412535659229169,62.909001669033266,0.003387981220756295,-0.791223561704504,0.004163338710040564,-0.005630000833824034,0
2015-07-23,175.23463439941406,210.17999267578125,211.6499938964844,209.75,211.52999877929688,90509100,-0.005630000833824034,-0.009985850877925695,-0.001520215078481657,0.008163043721014618,0.005852902490129486,0.0016246583002816894,58.97472289498624,0.003038536044281715,-0.7384442867483066,0.009039841862661446,-0.010371923038107078,0
2015-07-24,173.4171142578125,208.0,210.3699951171875,207.6000061035156,210.3000030517578,117755000,-0.010371923038107078,-0.02108400059742399,-0.00886280095975378,0.00846374953277248,-0.004136512355866762,-0.008669313792830646,53.64043228994783,0.0019074926202535165,-0.04173133810748909,0.013317254873422613,-0.005817477138712057,0
2015-07-27,172.40826416015625,206.7899932861328,207.5500030517578,206.25999450683597,206.94000244140625,132361100,-0.005817477138712057,-0.027282614225947466,-0.014441090712309701,0.008549134039169161,-0.009211247323634764,-0.01402351239517241,46.483523152973284,0.0005135747540868474,0.31289155715860656,0.006238254203804134,0.012283090425763588,1
2015-07-28,174.52597045898438,209.3300018310547,209.5,206.8000030517578,207.7899932861328,123544800,0.012283090425763588,-0.011428645018138783,0.019034234573273245,0.007576018768494735,0.0020201100598999933,-0.0017145092338920476,64.5103929802431,0.0003820313581758281,0.2127570157989134,0.012898279867313485,0.00687898494579442,1
2015-07-29,175.72653198242188,210.7700042724609,211.0399932861328,209.30999755859372,209.47999572753903,105791300,0.00687898494579442,-0.0028387250059506153,0.023901041868098716,0.007688097112274209,0.0077263343975957355,0.005277180273109305,66.66683988064864,0.0008225914186246294,-0.25560937176172877,0.00820797880377104,0.00023713979021589005,1
2015-07-30,175.76820373535156,210.82000732421875,211.0200042724609,209.4199981689453,210.16000366210935,91304400,0.00023713979021589005,0.0030448851493667384,0.016000102313159514,0.007520614506571219,0.007165940491590028,0.005628650697496296,61.0743239963105,0.001179067724465484,-0.6995549127739484,0.007589441456829841,-0.001517734172110874,0
2015-07-31,175.50143432617188,210.5,211.4499969482422,210.16000366210935,211.4199981689453,103266900,-0.001517734172110874,0.012019114014668153,0.015387967378444944,0.007529130016609265,0.004871608175259556,0.004231667781447124,52.78410645581001,0.001326014129482734,-0.2654144094422327,0.006128234138398294,-0.0033729907903744527,0
2015-08-03,174.9094696044922,209.7899932861328,210.52999877929688,208.6499938964844,210.4600067138672,113965700,-0.0033729907903744527,0.014507456800403107,0.0148506519669942,0.0075434530346342845,0.0007488854142370105,0.001100059551254251,46.55319800451663,0.0011594680217257645,0.12818207038719992,0.00896136585622714,-0.0019540486686271397,0
2015-08-04,174.56768798828125,209.3800048828125,210.25,208.8000030517578,209.6999969482422,81820800,-0.0019540486686271397,0.0002390333609787465,0.006537829229542602,0.007450346318547576,-0.0015305064615287467,-0.0006101619392570035,45.35858480519247,0.0008580519580605887,-1.0012750506722652,0.006925193019523204,0.00329497010087354,1
2015-08-05,175.14288330078125,210.07000732421875,211.30999755859372,209.72999572753903,210.4499969482422,85786800,0.00329497010087354,-0.0033213463843866364,0.027086215577824424,0.006281692046704795,0.0004379272086953989,0.0026454734679435266,40.89764793591174,0.0008703217723040983,-0.8048363537868004,0.007521310877169331,-0.00818754637065644,0
2015-08-06,173.70889282226562,208.3500061035156,210.4199981689453,207.6499938964844,210.2899932861328,116030800,-0.00818754637065644,-0.0117160605235892,0.016837659750276845,0.006631698236659785,-0.008567689324782024,-0.005248439835351282,35.02532277244542,0.00022089547913848348,0.8735985868002887,0.013294956521789943,-0.0019200318757968127,0
2015-08-07,173.3753662109375,207.9499969482422,208.33999633789065,206.8699951171875,208.16000366210935,117858000,-0.0019200318757968127,-0.012114249227633378,0.002265131433459855,0.006048324799403895,-0.010581905073812847,-0.006828214671795063,33.52233214656637,-0.0004500897238468065,1.058109288809135,0.0070690129467471455,0.012599618669695056,1
2015-08-10,175.55982971191406,210.57000732421875,210.6699981689453,209.27999877929688,209.27999877929688,80270700,0.012599618669695056,0.003718266992018604,0.0038138068655328983,0.006204663601991458,0.0016937394490621482,0.005641945583379604,46.27998273677506,3.3679352806864866e-05,-1.0534549166317235,0.0066011271372956185,-0.009023519122046908,0
2015-08-11,173.9756622314453,208.6699981689453,209.47000122070312,207.75999450683597,208.97000122070312,126081400,-0.009023519122046908,-0.003391382240656604,-0.009540464513120517,0.006451092097291321,-0.006870267133871066,-0.0032538804653120534,42.23230325660936,-0.0003147357874238618,1.4032111505395943,0.008194789518724621,0.001198157918810061,1
2015-08-12,174.18411254882812,208.9199981689453,209.13999938964844,205.3600006103516,207.1100006103516,172123700,0.001198157918810061,-0.005474220441527011,-0.008024472019668938,0.006461748172004067,-0.00528029273454067,-0.0019245171851720588,46.167830190464635,-0.00048819966170781574,2.815871995310336,0.018093044286933754,-0.001244466870427785,0
2015-08-13,173.96734619140625,208.66000366210935,209.5500030517578,208.00999450683597,208.72999572753903,89383300,-0.001244466870427785,0.0014878534134983301,-0.01714558423339696,0.006152003309010012,-0.005656541335169463,-0.002953755633663291,52.27258404023343,-0.0007190044629369771,-0.5909610083536246,0.007380468311577517,0.0036421847530121454,1
2015-08-14,174.60096740722656,209.4199981689453,209.50999450683597,208.25999450683597,208.42999267578125,72786500,0.0036421847530121454,0.00706906190351142,-0.014401310749513785,0.0062238200899360505,-0.0013068113143669402,0.0006483014702263201,59.346053937477485,-0.0005984397789680999,-1.2039523298101011,0.005968866445083186,0.00558681822714302,1
2015-08-17,175.57643127441406,210.58999633789065,210.58999633789065,208.16000366210935,208.7100067138672,79072600,0.00558681822714302,9.456356005377309e-05,-0.009407999873276673,0.0063776192131153086,0.004751868662026926,0.006062281862059038,54.960434977468616,-5.323519682635319e-05,-0.9903674690287275,0.011538974870783487,-0.0028966042638050027,0
2015-08-18,175.06785583496094,209.97999572753903,210.67999267578125,209.6999969482422,210.25999450683597,71692700,-0.0028966042638050027,0.006277852830142594,-0.008359231572304893,0.006351483612767475,0.0022647174497898437,0.0029076685751669995,46.67214537806963,0.0001412621938332767,-1.2595115413618625,0.004667090901414545,-0.007904998471661928,0
2015-08-19,173.68394470214844,208.32000732421875,210.00999450683597,207.3500061035156,209.08999633789065,172946000,-0.007904998471661928,-0.0028714894794982238,-0.014429398956585682,0.006565430012233977,-0.0049338841739401396,-0.0051038672764912585,40.727269271291554,-0.00034113733101949365,2.2598398608434684,0.012768761087745632,-0.020881874370692444,0
2015-08-20,170.05709838867188,203.97000122070312,208.2899932861328,203.8999938964844,206.50999450683597,194327900,-0.020881874370692444,-0.02247690666288693,-0.0295463053207905,0.007914613795442168,-0.024265568206349175,-0.02532440399677105,31.353384716046747,-0.0024326691727606952,2.3625611506003437,0.02152276983564003,-0.030102571032283754,0
2015-08-21,164.9379425048828,197.8300018310547,203.94000244140625,197.5200042724609,201.72999572753903,346588500,-0.030102571032283754,-0.05534347859486033,-0.04889466526541342,0.010029826145398274,-0.05133000387603759,-0.053509003168942804,23.93189600426348,-0.006639109778510357,3.544332324745828,0.03245209578690683,-0.04210660507320818,0
2015-08-24,157.9929656982422,189.5,197.47999572753903,182.3999938964844,187.4900054931641,507244300,-0.04210660507320818,-0.10014707240911003,-0.08361141231909375,0.013389781673383727,-0.08749237783336161,-0.09166824673801088,17.789943321691652,-0.013737303099837023,3.4285135658098276,0.07957784607416692,-0.011767754367370875,0
2015-08-25,156.1337432861328,187.2700042724609,195.4499969482422,186.9199981689453,195.42999267578125,369833100,-0.011767754367370875,-0.1081529927839957,-0.10538389859389985,0.01289583235542432,-0.09341537559622037,-0.10056138157220895,14.815009379591288,-0.020088501438912894,1.8261817260640967,0.045549199469694567,0.038393605554758015,1
2015-08-26,162.12828063964844,194.4600067138672,194.7899932861328,188.3699951171875,192.0800018310547,339257000,0.038393605554758015,-0.06653271309744191,-0.07738302912694872,0.016029154941408157,-0.05487708523782442,-0.06470150668875929,31.66097448643518,-0.020844390957559234,1.3928434362699078,0.033014491141059366,0.0247354435980216,1
2015-08-27,166.1385955810547,199.2700042724609,199.4199981689453,195.2100067138672,197.0200042724609,274143900,0.0247354435980216,-0.023042277239502806,-0.054785836969670876,0.017251134120233182,-0.028773031749369515,-0.040615870942908305,39.73521486467476,-0.019329672387307265,0.7881917506560222,0.021127070631874047,5.014667903613379e-05,1
2015-08-28,166.1469268798828,199.27999877929688,199.83999633789065,197.9199981689453,198.5,160414400,5.014667903613379e-05,0.007329934863012033,-0.05330160110773552,0.01726021315417665,-0.026061318278611578,-0.0394143549339091,35.770082489066056,-0.01831193286313993,-0.14677839280044677,0.009634675736182355,-0.008079180023520038,0
2015-08-31,164.80459594726562,197.6699981689453,199.1300048828125,197.00999450683597,198.1100006103516,163298800,-0.008079180023520038,0.04311350330642738,-0.05777202160681094,0.017303430762643034,-0.031060241091612983,-0.04596655510548242,36.0335565510424,-0.018097339654608073,-0.1444148233375835,0.010724998207186686,-0.02984778486151829,0
2015-09-01,159.8855438232422,191.7700042724609,194.7700042724609,190.72999572753903,193.1199951171875,256000400,-0.02984778486151829,0.02402940234535822,-0.08410573763241158,0.018323330738624792,-0.05590618595603447,-0.07264128051143204,30.95713138990216,-0.02060206368460582,0.5444584009552897,0.021066947149784465,0.0189812067061903,1
2015-09-02,162.9203643798828,195.41000366210935,195.4600067138672,192.4199981689453,194.6199951171875,160269300,0.0189812067061903,0.004885537162975906,-0.06978598667870572,0.018985812008352712,-0.03450206687552859,-0.05351658819030736,36.31483617499317,-0.0199996579778319,-0.27806800383542735,0.015557077365284052,0.000716389740369916,1
2015-09-03,163.03707885742188,195.5500030517578,198.0500030517578,194.9600067138672,196.25999450683597,152087800,0.000716389740369916,-0.018668249317899566,-0.061435046827239104,0.01897298755985247,-0.030745453386796795,-0.05146484037536403,35.4886369772441,-0.019529305535961043,-0.3646001683718951,0.015801566298481572,-0.01513664554070182,0
2015-09-04,160.56924438476562,192.58999633789065,193.8600006103516,191.6100006103516,192.8500061035156,207081000,-0.01513664554070182,-0.033570783401546844,-0.07386356035488506,0.01916284533390053,-0.04176909859767164,-0.06425474033499567,31.84759012150812,-0.020466736279981936,0.06265752580236388,0.011682849798971252,0.025130698600579038,1
2015-09-08,164.60446166992188,197.42999267578125,197.6100006103516,195.1699981689453,195.94000244140625,116025700,0.025130698600579038,-0.0012143731562425097,-0.06240247589650472,0.019912461195493027,-0.014466452647051153,-0.039582462593315104,38.33857284589031,-0.018268950424631294,-0.7408408242436231,0.012358823542141547,-0.01337175057320883,0
2015-09-09,162.40341186523438,194.7899932861328,199.47000122070312,194.3500061035156,199.32000732421875,149347700,-0.01337175057320883,0.015747940569134533,-0.06651648982267422,0.020004892596608388,-0.024264504282149102,-0.05144391367845602,37.65276608196315,-0.01803985889579572,-0.4649763466881488,0.02628469271348357,0.005441842591609625,1
2015-09-10,163.2871856689453,195.8500061035156,197.22000122070312,194.25,194.55999755859372,158611100,0.005441842591609625,0.0022515373720082277,-0.06255982087245837,0.020076878999313454,-0.015732716357680032,-0.045352265625872024,42.11651914521307,-0.01693453902940343,-0.37759565771425735,0.015164672597116718,0.004544448285139113,1
2015-09-11,164.02923583984375,196.7400054931641,196.82000732421875,194.52999877929688,195.3800048828125,119691200,0.004544448285139113,0.006085468344839029,-0.057126297372083634,0.02014563388879573,-0.008289331662674204,-0.04000692306804221,48.82170470855132,-0.015519013621991004,-0.7381248773860278,0.011639770666782071,-0.003710573758444302,0
2015-09-14,163.42059326171875,196.00999450683597,197.00999450683597,195.42999267578125,196.9499969482422,79452000,-0.003710573758444302,0.017757752350883393,-0.06403386138996314,0.02008997870882853,-0.008618483219599682,-0.04251316974279995,58.421744225965696,-0.01464348688168649,-1.0991226030081984,0.008060822791358287,0.012499145652838939,1
2015-09-15,165.4632110595703,198.4600067138672,198.9900054931641,195.9600067138672,196.6100006103516,113806200,0.012499145652838939,0.0052170480735234115,-0.05760010122906234,0.02030579021268994,0.006861550082531753,-0.029762426512321416,64.3940892080586,-0.012590912992268846,-0.8238022824146357,0.015267553546269156,0.008666890389039894,1
2015-09-16,166.8972625732422,200.17999267578125,200.41000366210935,198.41000366210935,198.82000732421875,99581600,0.008666890389039894,0.02767091316860326,-0.04667100778009925,0.020465860915415933,0.01811889862143845,-0.02060270193541447,58.562889869849776,-0.010201127105422175,-0.9780169829424361,0.009991008458269215,-0.0022479883713137916,0
2015-09-17,166.52207946777344,199.72999572753903,202.88999938964844,199.27999877929688,200.0200042724609,276046600,-0.0022479883713137916,0.019811069592360342,-0.04123504476281281,0.02042172673504886,0.018054084452363117,-0.022345180591892944,50.79194018412642,-0.00849572200907397,0.577845851456372,0.018074403883110938,-0.016341416548102172,0
2015-09-18,163.80087280273438,195.4499969482422,198.67999267578125,194.9600067138672,195.7100067138672,223657500,-0.016341416548102172,-0.0013922093579241679,-0.03678897055880992,0.02022393825055274,0.0033364310851780044,-0.03752677565648299,45.643280040486765,-0.008487032835130963,0.09080881362147557,0.019032929240204416,0.005167559800999699,1
2015-09-21,164.64732360839844,196.4600067138672,197.67999267578125,195.2100067138672,196.44000244140625,105726200,0.005167559800999699,0.007506583608560824,-0.001761989340177239,0.01912263141493563,0.008611005545631434,-0.03160444844997645,49.70245879254908,-0.007820289324503168,-0.8845437779182047,0.012572461964289029,-0.012980144160598672,0
2015-09-22,162.5101776123047,193.91000366210935,194.4600067138672,192.55999755859372,193.8800048828125,153890900,-0.012980144160598672,-0.017847069619617573,0.02859122173002393,0.01669529249481012,-0.005856404439661067,-0.0427800718803274,55.549669164762015,-0.008387297695434864,-0.3690650368810353,0.009798407092932946,-0.0015981758954963787,0
2015-09-23,162.25045776367188,193.6000061035156,194.6699981689453,192.91000366210935,194.1100006103516,92790600,-0.0015981758954963787,-0.027842306925382254,0.03917612137390125,0.016421197718496466,-0.009298750165604108,-0.042798748283027876,48.39517635404596,-0.008796926817054638,-1.0892487069377808,0.009090880430524976,-0.0036159231151051685,0
2015-09-24,161.6637725830078,192.8999938964844,193.4499969482422,190.55999755859372,192.1499938964844,159378800,-0.0036159231151051685,-0.0291751514291283,-0.0028650649646563275,0.014042269982317312,-0.012741042273864078,-0.044689827899707546,46.782564553550046,-0.009329276273009725,-0.02872494008739527,0.014981853193833284,-0.00025899505200521755,0
2015-09-25,161.6219024658203,192.8500061035156,195.0,191.80999755859372,194.63999938964844,155054800,-0.00025899505200521755,-0.013302556327268178,-0.027186296473962868,0.012775431635387718,-0.011633639972493337,-0.043198058210527024,52.78250354735221,-0.009638187426763667,-0.0010670029115544555,0.016541365519553,-0.025097400853262397,0
2015-09-28,157.56561279296875,188.00999450683597,191.91000366210935,187.63999938964844,191.77999877929688,178515900,-0.025097400853262397,-0.04301139344525884,-0.05164894860269065,0.013829638976415242,-0.033904161311627545,-0.06504308679681614,31.41483177791494,-0.012073568437853182,0.4279503603009559,0.02271158128407718,0.0005852093021454507,1
2015-09-29,157.65782165527344,188.1199951171875,189.7400054931641,186.92999267578125,188.2700042724609,159045600,0.0005852093021454507,-0.029858781944152146,-0.043365139490885496,0.01378317602680514,-0.031216205037514655,-0.06231640106084413,35.89963303600817,-0.01359500416402053,0.061699214241512694,0.01493734260216396,0.018658255214757835,1
2015-09-30,160.5994415283203,191.6300048828125,191.8300018310547,189.44000244140625,190.3699951171875,163452000,0.018658255214757835,-0.010175726208158875,0.004465054738578278,0.012886473932965142,-0.01335679981110538,-0.04300583720117357,42.884197735146586,-0.012908360541500357,0.2608989623788144,0.01247194765303061,0.002609204996273151,1
2015-10-01,161.0184783935547,192.1300048828125,192.4900054931641,189.82000732421875,192.0800018310547,131079000,0.002609204996273151,-0.003991581905722241,-0.011673715520875483,0.012135548576039478,-0.010204194715728199,-0.03876661463818887,41.890315628013184,-0.012178465830006677,-0.39477309745521305,0.01389683079732328,0.014937777345231718,1
2015-10-02,163.42373657226562,195.0,195.02999877929688,189.1199951171875,189.7700042724609,211003300,0.014937777345231718,0.01114845252379304,0.002371593735323696,0.012618647120546717,0.004461783321824786,-0.023030248157281275,50.00771957699716,-0.010150894919458628,1.186690337129456,0.030307711087740385,0.017794822064851168,1
2015-10-05,166.3318328857422,198.47000122070312,198.7400054931641,196.3300018310547,196.4600067138672,126320800,0.017794822064851168,0.05563536318226814,0.03588849485501666,0.012661388399888132,0.02052869841564897,-0.004802177472574831,52.0462404474511,-0.007042248533660325,-0.46703496699249974,0.01214291150948009,-0.0034261030208729837,0
2015-10-06,165.761962890625,197.7899932861328,198.97999572753903,197.0,198.30999755859372,110274500,-0.0034261030208729837,0.05140335665090978,0.00703201607635795,0.011448841663512201,0.016671249780199293,-0.007422407002673048,47.212023786773386,-0.004955779745812174,-0.793317537271559,0.010010596060209547,0.00819036365859005,1
2015-10-07,167.11961364746094,199.41000366210935,199.8300018310547,197.47999572753903,198.8999938964844,124307300,0.00819036365859005,0.04059897131081147,0.029040041265513405,0.01109213206512789,0.02351784434537252,0.0015955604620461195,51.39982927516296,-0.002571216042604281,-0.47180735658579237,0.011784795448364896,0.009026555120448476,1
2015-10-08,168.6281280517578,201.2100067138672,201.5500030517578,198.58999633789065,198.9499969482422,153055200,0.009026555120448476,0.04725948061441709,0.03270888870386268,0.01118788310144939,0.031070348277253634,0.011497155641712054,61.98995351206389,1.4724986675595368e-05,0.1295814383999801,0.014711031335913963,0.0005964051186055919,1
2015-10-09,168.72869873046875,201.3300018310547,201.8999938964844,200.5800018310547,201.3800048828125,107069200,0.0005964051186055919,0.03246139312117169,0.028650154142115802,0.01116931422411923,0.03020515267013324,0.012955872963833492,60.52739917426607,0.002068900733082396,-0.8033949153398007,0.006556360469997821,0.0009441295939049965,1
2015-10-12,168.88800048828125,201.5200042724609,201.75999450683597,200.91000366210935,201.4199981689453,56395600,0.0009441295939049965,0.01536787972687681,0.03345604808695324,0.011103927915502515,0.029459513813862248,0.014717991306053335,68.32003085648665,0.0037265242049880436,-1.7523675242904628,0.004217898107908965,-0.006302264388099887,0
2015-10-13,167.82362365722656,200.25,202.16000366210935,200.0500030517578,200.6499938964844,88038700,-0.006302264388099887,0.012437477999472701,0.014265482837791943,0.010936645937536972,0.022236194496316974,0.009182256519541854,65.30135341546159,0.0045099717658756075,-1.076705314262089,0.010536832011742991,-0.004794022160680478,0
2015-10-14,167.01907348632812,199.2899932861328,200.8699951171875,198.94000244140625,200.17999267578125,99106200,-0.004794022160680478,-0.0006016059930876727,0.000729855668138768,0.010838549872904927,0.017297831475550307,0.005256836115075547,64.52937918175292,0.004693944973984194,-0.861931307052246,0.009684343122086625,0.015354253089003844,1
2015-10-15,169.58352661132812,202.3500061035156,202.3600006103516,199.63999938964844,200.0800018310547,134142200,0.015354253089003844,0.005665712895045916,0.018384631955951303,0.011341503118544963,0.03195553644943927,0.02137532342074744,68.99985944183112,0.0059017932967539155,-0.05983748749674251,0.013442061471012214,0.0045467690424521034,1
2015-10-16,170.35458374023438,203.2700042724609,203.2899932861328,201.9199981689453,202.8300018310547,114580100,0.0045467690424521034,0.009636090493193805,0.04001023209072052,0.010600774193764739,0.03458459334148212,0.026434011460773954,86.19540920853069,0.007166589488432419,-0.459251970382893,0.006739780038333513,0.0004916538864123687,1
2015-10-19,170.43833923339844,203.3699951171875,203.3699951171875,202.1300048828125,202.5,76523900,0.0004916538864123687,0.009179685594209896,0.03517224269477648,0.010579171441218367,0.03327625737439921,0.02730225294755817,86.18880061387333,0.008132006962921401,-1.4090044571832883,0.006097213277015043,-0.0012781732820512648,0
2015-10-20,170.22048950195312,203.1100006103516,203.83999633789065,202.5500030517578,202.8500061035156,78448500,-0.0012781732820512648,0.014282052743790574,0.04744510161106752,0.010028982412535017,0.029549315042753044,0.026649984035050922,82.21115580590087,0.00870764227170161,-1.2191084864740116,0.006351205170874761,-0.006203358501627454,0
2015-10-21,169.16455078125,201.8500061035156,203.7899932861328,201.6499938964844,203.6100006103516,102038000,-0.006203358501627454,0.012845702290987138,0.04261370422540778,0.010176620588209331,0.021027748846599748,0.020873764752899593,76.15742442014862,0.008609807158063618,-0.6311465516346475,0.010601928783449946,0.01689363008696798,1
2015-10-22,172.02235412597656,205.25999450683597,205.50999450683597,201.8500061035156,202.97999572753903,174911700,0.01689363008696798,0.014381276079002747,0.06407484730476676,0.010591205764903171,0.035041004946873455,0.03839096077133419,76.83078842244092,0.009578281430579223,1.2107812358155858,0.01783098753419521,0.01096166044434388,1
2015-10-23,173.9080047607422,207.50999450683597,207.9499969482422,206.3000030517578,207.25,144442300,0.01096166044434388,0.020858969230474367,0.07601755769160135,0.010697031747741916,0.042533349356872474,0.04978097066887144,75.25164576738736,0.01109280632720099,0.4552831346475392,0.00795139482512983,-0.0024576136229532697,0
2015-10-26,173.48060607910156,207.0,207.3699951171875,206.55999755859372,207.3000030517578,69033000,-0.0024576136229532697,0.017849662578189207,0.10100549862389152,0.008447962293824378,0.03503377046068157,0.04734267752214838,75.97318110354276,0.01206796382487251,-1.3323830676584347,0.003913031684027915,-0.0019324096409385483,0
2015-10-27,173.14537048339844,206.6000061035156,207.0,205.7899932861328,206.1999969482422,77905800,-0.0019324096409385483,0.01718289607792345,0.09823520752423742,0.008533283159352692,0.028282838012985145,0.04562571285845385,71.77492815283871,0.01254312396715109,-1.0000773892565067,0.005856760300679379,0.011374468979502117,1
2015-10-28,175.11480712890625,208.9499969482422,208.97999572753903,206.2100067138672,207.0,135906700,0.011374468979502117,0.035174369099059355,0.090382416417222,0.00804928864968225,0.03551570618950217,0.057513153167261244,72.68485463605384,0.013507872789021663,0.531725664220685,0.013256707605303219,-0.0005743999559441049,0
2015-10-29,175.01422119140625,208.8300018310547,209.2700042724609,208.2100067138672,208.3500061035156,90525500,-0.0005743999559441049,0.017392315554748627,0.08692010344082224,0.008117060754270785,0.03065596040808405,0.056735931886638724,71.98135740463653,0.014182642118664032,-0.6072266361111258,0.00507588732126368,-0.004309603746626367,0
2015-10-30,174.25997924804688,207.92999267578125,209.44000244140625,207.7400054931641,209.05999755859372,131076900,-0.004309603746626367,0.002023911940045142,0.06630764234783904,0.007916387664110233,0.022950290574916377,0.0516480653767597,68.03605386973557,0.014261273961625189,0.6906755242062733,0.008175814014926222,0.011830948078255688,1
2015-11-02,176.32164001464844,210.38999938964844,210.6199951171875,208.1699981689453,208.32000732421875,86270800,0.011830948078255688,0.01637666595568299,0.060059502475202864,0.007437301227108849,0.03202672055662159,0.06263000749142433,76.74078256711051,0.01487999877036201,-0.6889720669485846,0.011645025692046899,0.002899073724310197,1
2015-11-03,176.8328094482422,211.0,211.66000366210935,209.6999969482422,209.97000122070312,95246100,0.002899073724310197,0.021296780587023,0.06678761740365058,0.007284971917931124,0.03167607971537967,0.06329609041042206,81.46187072883188,0.015512122204816016,-0.3748886693204634,0.009289131345341987,-0.0030328119586691127,0
2015-11-04,176.2965087890625,210.3600006103516,211.5,209.72000122070312,211.3500061035156,96224500,-0.0030328119586691127,0.0067481538513551875,0.05491213712927934,0.007317619982680105,0.025801143674045957,0.057507096427899196,74.73813481361856,0.015669889443714082,-0.3004161981367804,0.008461678903462045,-0.0009982890430204616,0
2015-11-05,176.12051391601562,210.1499938964844,210.97999572753903,209.08999633789065,210.42999267578125,78408700,-0.0009982890430204616,0.006321159029696544,0.04443141218977509,0.007204040626889797,0.022548183239718966,0.05468097291172169,72.22277111267937,0.015513802663798164,-0.7943150379121201,0.00899357337397476,-0.000523468853603215,0
2015-11-06,176.0283203125,210.0399932861328,210.32000732421875,208.4600067138672,209.7400054931641,110471500,-0.000523468853603215,0.010147717634787501,0.043262477793963416,0.007221495729627569,0.01985177935226856,0.0528817696663455,71.5306322751727,0.015168630865566917,0.2875992744690604,0.008855459292543992,-0.00933158879463869,0
2015-11-09,174.3856964111328,208.0800018310547,209.4900054931641,206.9499969482422,209.30999755859372,131008700,-0.00933158879463869,-0.010979614319347242,0.03255231814549808,0.007663414083488216,0.008728446461599981,0.04202971214179496,64.45626488809239,0.014106202330861572,0.8992902990694394,0.012206884479865582,0.002306856142004543,1
2015-11-10,174.78797912597656,208.55999755859372,208.6000061035156,207.19000244140625,207.50999450683597,75874600,0.002306856142004543,-0.011563636457770254,0.04149806396133138,0.007432678265935017,0.009023008738568317,0.043188895731382404,70.44499600017309,0.013154793763215156,-1.0201719863557446,0.0067606620570333205,-0.003931590877445101,0
2015-11-11,174.1007843017578,207.7400054931641,208.94000244140625,207.66000366210935,208.8800048828125,67846000,-0.003931590877445101,-0.012454724727032795,0.042400611305087654,0.0073932107435875204,0.003005720037635662,0.0373273466996864,58.97269694718037,0.012018533176227713,-1.196812909493439,0.006161542049920776,-0.013960107692735146,0
2015-11-12,171.67031860351562,204.83999633789065,207.05999755859372,204.82000732421875,206.5,121315200,-0.013960107692735146,-0.025267898744731787,0.012305393300201084,0.007532627633971441,-0.01159048779281635,0.02178075527890333,40.7737866801889,0.009976299843915203,0.6290946546389168,0.010935316707778251,-0.011228126250490411,0
2015-11-13,169.74278259277344,202.5399932861328,204.6699981689453,202.44000244140625,204.3500061035156,153577100,-0.011228126250490411,-0.03570753676776528,-0.003591339510968794,0.007917906362033458,-0.02251631487714989,0.009502240624550407,36.28515184972017,0.007315707522432743,1.5559794706045327,0.01101015010101584,0.01520676021413725,1
2015-11-16,172.3240203857422,205.6199951171875,205.69000244140625,202.17999267578125,202.32000732421875,117645200,0.01520676021413725,-0.011822506477423445,0.011063714659654611,0.00863215534637894,-0.008190453675465448,0.023422579252935005,47.41273234843999,0.006178194800720357,0.34971542461650995,0.01707037179737586,-0.0007295394037611924,0
2015-11-17,172.19830322265625,205.47000122070312,207.0399932861328,204.8800048828125,205.9900054931641,121123700,-0.0007295394037611924,-0.014816098431196023,0.011619128381606725,0.00862679092416159,-0.009477787966484463,0.02175434211969063,39.60559832415724,0.005248060849800773,0.4014301140603001,0.010512427072019078,0.015866372806549567,1
2015-11-18,174.9304656982422,208.72999572753903,208.8999938964844,205.9900054931641,206.0399932861328,121342500,0.015866372806549567,0.0047655236006654,0.03408465243080516,0.009107130861829233,0.00457228428743961,0.036425119206974665,49.74864476989708,0.005632311772685418,0.3757165413996055,0.013941400195872183,-0.0008624206587386496,0
2015-11-19,174.77960205078125,208.5500030517578,209.0500030517578,208.1999969482422,208.58999633789065,88220500,-0.0008624206587386496,0.01811194545777428,0.016028428042470955,0.008386702812062686,0.0029119133568475952,0.03412301444282595,51.618016264736234,0.005869661495550361,-0.6626828516118006,0.004075790415139294,0.0036441158280744457,1
2015-11-20,175.41651916503906,209.30999755859372,210.1199951171875,208.8600006103516,209.4499969482422,94011500,0.0036441158280744457,0.03342549524404448,0.008674209139321931,0.00807521020542614,0.006131182689480541,0.03649479273232714,46.9071896188186,0.006252832222545605,-0.36857833833437187,0.006019753100819703,-0.0011467370186594161,0
2015-11-23,175.21536254882812,209.07000732421875,209.97999572753903,208.5200042724609,209.3800048828125,64931200,-0.0011467370186594161,0.01677852081569209,0.009999714140585647,0.008055554374142826,0.004477687678719144,0.03386515270100099,44.353533642501084,0.0064143553276423656,-1.5139189590233735,0.006983265910609642,0.001339381275519358,1
2015-11-24,175.45004272460938,209.3500061035156,209.8300018310547,207.41000366210935,207.8699951171875,98874400,0.001339381275519358,0.018883690728058733,0.013310620057449984,0.00803614927406536,0.005159044889916808,0.03403123081165926,46.981440489638494,0.006560241020122702,-0.20952987733830847,0.011559580121286188,-0.0001434125792921792,0
2015-11-25,175.4248809814453,209.32000732421875,209.7400054931641,209.00999450683597,209.5,51980100,-0.0001434125792921792,0.0028263532097148047,0.0017706889418598326,0.0076329034425211975,0.004925633774998106,0.03284475695417011,47.4923459593376,0.006596006023021732,-1.8508227446888037,0.0034875356429612606,0.0011466823582009233,1
2015-11-27,175.62603759765625,209.55999755859372,209.8000030517578,208.8600006103516,209.42999267578125,37317800,0.0011466823582009233,0.004842873750388055,0.003495809666694827,0.007634410979990959,0.0059016898098740445,0.03292178589665684,48.561133802986014,0.006631990111110873,-2.0386655930132815,0.004485600555246206,-0.004151321809500508,0
2015-11-30,174.89695739746094,208.69000244140625,209.88999938964844,208.55999755859372,209.75,112822700,-0.004151321809500508,-0.0029618747997689487,0.003655332407146439,0.0076295683105452854,0.0015431714257008178,0.027292968597797618,51.95651361489627,0.006285456968300988,0.5822779749021275,0.006373097970652138,0.00953529504808337,1
2015-12-01,176.5646514892578,210.67999267578125,210.82000732421875,209.1100006103516,209.44000244140625,97858400,0.00953529504808337,0.007700745646967322,0.001378228302488571,0.007460941488069718,0.011022834135373083,0.035638639730210864,56.19869292736995,0.006618211024182535,0.037080031227625446,0.00811660705009951,-0.010204953773292114,0
2015-12-02,174.7628173828125,208.52999877929688,211.0,208.22999572753903,210.6199951171875,108441300,-0.010204953773292114,-0.003916928893973326,-0.011705927604094057,0.0077707090505176645,0.0012988093080887886,0.023598720205063817,52.14310341250703,0.006098168780845156,0.3848282747461525,0.01328348097960079,-0.01400291759827943,0
2015-12-03,172.3156280517578,205.6100006103516,209.1499938964844,204.75,208.8300018310547,166224200,-0.01400291759827943,-0.017724127343237916,-0.022580598814170405,0.008322056105609755,-0.011595101269127772,0.008076779848656956,52.08670706759705,0.004513939570817328,2.0144968307963436,0.021399707618418647,0.01950335596500352,1
2015-12-04,175.67636108398438,209.6199951171875,209.97000122070312,205.6100006103516,205.6100006103516,192913900,0.01950335596500352,0.00028653773105902225,-0.0025218688167298886,0.00951368625737555,0.007810489583471636,0.02605541946203327,67.55955418240734,0.004619174483167308,2.277638485577378,0.020799545424634167,-0.006058997356582441,0
2015-12-07,174.6119384765625,208.3500061035156,209.72999572753903,207.1999969482422,209.22999572753903,102027100,-0.006058997356582441,-0.0016296391037308178,-0.00804632932600291,0.009607224935835544,0.0021112973223642584,0.018293401940223664,57.43856059801778,0.004259105741776163,-0.11201195959063626,0.01214302234308481,-0.006719175683242873,0
2015-12-08,173.43869018554688,206.9499969482422,208.2899932861328,205.77999877929688,206.4900054931641,103372400,-0.006719175683242873,-0.017704343861268956,-0.0054305269587779925,0.00949594339766748,-0.004351499980457585,0.00958221278136051,53.77561276490598,0.003393199420128284,-0.04045891622233142,0.01212850709760427,-0.007779894528454623,0
2015-12-09,172.08935546875,205.33999633789065,208.67999267578125,204.17999267578125,206.19000244140625,162401500,-0.007779894528454623,-0.015297658587217433,-0.015439412199402813,0.009621176265997582,-0.01133172685796191,4.757787237497091e-05,40.55699982452386,0.00204886248364621,1.3689395098672825,0.021914873284575156,0.002581031753012608,1
2015-12-10,172.5335235595703,205.8699951171875,207.42999267578125,205.13999938964844,205.4199981689453,116128900,0.002581031753012608,0.0012645139055353916,-0.009002031486952222,0.009617462064411638,-0.008333491965321516,0.001239983125776556,42.67747542311247,0.0011543281621974235,0.11965144855351763,0.01112349220598795,-0.019380910692227915,0
2015-12-11,169.18966674804688,201.8800048828125,204.13999938964844,201.50999450683597,203.3500061035156,211173300,-0.019380910692227915,-0.03692411600463674,-0.014450091755220607,0.010084526756384911,-0.026859140895255207,-0.019095224733519545,32.7450945571,-0.001123367497795466,2.1742056207976455,0.013027564985146197,0.005052392610615408,1
2015-12-14,170.0444793701172,202.8999938964844,203.0500030517578,199.9499969482422,202.07000732421875,182385200,0.005052392610615408,-0.026157771033842536,0.0017773761731452176,0.009842380866168133,-0.02202730461527813,-0.014895570206496123,36.17216617932331,-0.002497302050050746,1.4260515974313888,0.015278492837694157,0.010497723670106929,1
2015-12-15,171.82955932617188,205.02999877929688,206.1100006103516,202.8699951171875,204.6999969482422,154069600,0.010497723670106929,-0.00927780795423172,-0.00286936817318606,0.009513684856938006,-0.011620280683668827,-0.005187901828632158,41.059551244274495,-0.0026841093436203935,0.7510726092538358,0.01580259236430944,0.014632419686241516,1
2015-12-16,174.34384155273438,208.02999877929688,208.38999938964844,204.8000030517578,206.3699951171875,197017000,0.014632419686241516,0.01310067132184578,0.01245969495590149,0.010064433393374119,0.002223667155793807,0.008366591824232827,47.62271950928974,-0.0016291100333239935,1.4964070274966141,0.017257108873510705,-0.015238322960024364,0
2015-12-17,171.6871337890625,204.8600006103516,208.47999572753903,204.83999633789065,208.3999938964844,173092500,-0.015238322960024364,-0.004905654003035442,-0.01854069213292142,0.009995187804718808,-0.012127624200399367,-0.007523599585700036,42.18237057029264,-0.0020613091361752884,0.9356252893614325,0.017768228930994404,-0.017815104720287356,0
2015-12-18,168.62850952148438,200.0200042724609,202.92999267578125,199.8300018310547,202.7700042724609,251393500,-0.017815104720287356,-0.0033167346289425526,-0.03519342335789111,0.010687754926683127,-0.028006593915437472,-0.025204713583324656,38.61192749715721,-0.0038463564839580186,2.062063756864512,0.01549840405214597,0.008248940073501299,1
2015-12-21,170.01951599121094,201.6699981689453,201.8800048828125,200.08999633789065,201.41000366210935,99094300,0.008248940073501299,-0.00014680499477970343,-0.030766789807010197,0.010857988230401532,-0.01846194892200581,-0.017310339564428068,37.9885054896312,-0.004476807708076142,-0.6177256174896578,0.008875928800387551,0.009074257706980227,1
2015-12-22,171.56231689453125,203.5,203.8500061035156,201.5500030517578,202.72000122070312,111026200,0.009074257706980227,-0.0015552762440211865,-0.02084888905377158,0.01111328221623259,-0.008509724774585337,-0.008699614604972816,44.070131156661986,-0.0041825621933942675,-0.4650789882773374,0.011302226298564049,0.012383323781154365,1
2015-12-23,173.68682861328125,206.0200042724609,206.07000732421875,204.5800018310547,204.69000244140625,110987200,0.012383323781154365,-0.0037684895181938627,-0.010049664758963406,0.011502881517777112,0.004279897903789243,0.002896455438386125,52.571297766713876,-0.0029120011611575756,-0.4801230240784697,0.007232334056228511,-0.0016502177858758182,0
2015-12-24,173.40020751953125,205.67999267578125,206.3300018310547,205.4199981689453,205.72000122070312,48539600,-0.0016502177858758182,0.009977880652218607,-0.011541541032188074,0.01150575726738698,0.003209842525989881,0.0005041718870004708,45.17548966338068,-0.0020584834144408096,-1.6171782416120275,0.004424366464966953,-0.0022849437291028174,0
2015-12-28,173.00399780273438,205.2100067138672,205.25999450683597,203.94000244140625,204.8600006103516,65899900,-0.0022849437291028174,0.02594750018052272,-0.014929675751887861,0.011505223858192895,0.001677329515635817,-0.0021757814774228112,46.49246955067609,-0.001548355882102278,-1.3871189593971134,0.006432396190455934,0.01067190921847705,1
2015-12-29,174.85028076171875,207.3999938964844,207.7899932861328,206.47000122070312,206.50999450683597,92640700,0.01067190921847705,0.02841300154481985,-0.000266880776182421,0.011745383386620794,0.01238081901305299,0.007950194151254752,52.99138058147445,-0.0002731097047144246,-0.8443096848869297,0.006364474948290066,-0.007087973213690368,0
2015-12-30,173.61094665527344,205.92999267578125,207.2100067138672,205.75999450683597,207.1100006103516,63317700,-0.007087973213690368,0.011941024100307507,-0.016728743885432107,0.011626568777172929,0.006065372960770921,0.0004399300026611819,53.239592558348654,0.00015197258210464313,-1.3186551925073884,0.007041287129622439,-0.010003456741555672,0
2015-12-31,171.87423706054688,203.8699951171875,205.88999938964844,203.8699951171875,205.1300048828125,114877900,-0.010003456741555672,-0.010435975872241654,-0.016528574931006568,0.011618055044956058,-0.0031644492102709254,-0.009756663692506717,48.669550892211056,-0.0003163513025873175,-0.3850493219653012,0.009908296075152251,-0.013979021568810257,0
2016-01-04,169.4716033935547,201.0200042724609,201.02999877929688,198.58999633789065,200.4900054931641,222353500,-0.013979021568810257,-0.02265628272407949,-0.01650474011184222,0.011616623559649307,-0.016287929979519222,-0.023633841765122177,50.591418809787655,-0.001821467656672892,1.450010816670116,0.012138107598978367,0.0016909931318540572,1
2016-01-05,169.7581787109375,201.3600006103516,201.8999938964844,200.0500030517578,201.3999938964844,110845800,0.0016909931318540572,-0.018761526513958793,-0.03368798361105407,0.010620835389175973,-0.01292905776950748,-0.02172759274175118,49.3847595601144,-0.0028367276082431714,-0.4208682569197153,0.009187479336109448,-0.012613983730015765,0
2016-01-06,167.61685180664062,198.82000732421875,200.05999755859372,197.6000061035156,198.33999633789065,152112600,-0.012613983730015765,-0.04136927274904201,-0.04006075833618217,0.010862184177318325,-0.02339385867385635,-0.03336661292970122,41.08369859669112,-0.004667358617701918,0.26693146491025116,0.01237295727017342,-0.023991851387782037,0
2016-01-07,163.5954132080078,194.0500030517578,197.44000244140625,193.58999633789065,195.3300018310547,213436100,-0.023991851387782037,-0.05768952730355614,-0.0567536399577776,0.011895800033249842,-0.04408330612028222,-0.055481051005002335,28.61501507919691,-0.008128939789706607,1.2209424082482332,0.01984027850022093,-0.01097628301706055,0
2016-01-08,161.79974365234375,191.9199981689453,195.8500061035156,191.5800018310547,195.19000244140625,209817200,-0.01097628301706055,-0.058615494564517756,-0.05979226192333997,0.01198664875157036,-0.05172501371477334,-0.06462293888544968,29.630214103117055,-0.011662085487989941,1.084138088858862,0.022248876162983627,0.000989842421160514,1
2016-01-11,161.95989990234375,192.1100006103516,193.41000366210935,189.82000732421875,193.00999450683597,187941300,0.000989842421160514,-0.044324260470746335,-0.06128445903775814,0.011952822755456833,-0.04783609908800035,-0.062270785205656876,34.39819561498456,-0.014133684536768946,0.6545040268153149,0.018687191330408828,0.008068433582018919,1
2016-01-12,163.26666259765625,193.66000366210935,194.5500030517578,191.13999938964844,193.82000732421875,172330500,0.008068433582018919,-0.03823978415988394,-0.03500807268100492,0.01155289629508999,-0.03847955340767928,-0.0534171044633629,34.13857542325924,-0.015152199871003509,0.4381783727944822,0.01760819786030274,-0.02494064399443585,0
2016-01-13,159.19468688964844,188.8300018310547,194.8600006103516,188.3800048828125,194.4499969482422,221168900,-0.02494064399443585,-0.05024652847380662,-0.06380561439370924,0.012533071870862821,-0.059455580576329714,-0.07541032334016251,24.035266100681753,-0.018312428002430898,1.2006240408697129,0.03431655809301274,0.016416781279141368,1
2016-01-14,161.8081512451172,191.92999267578125,193.25999450683597,187.66000366210935,189.5500030517578,240795600,0.016416781279141368,-0.010924890422313704,-0.05832179352815403,0.012937319305193604,-0.041176372989194854,-0.05864454047479639,25.563466537925734,-0.01866010865673926,1.3756005290660076,0.029177257637822314,-0.021466186369080598,0
2016-01-15,158.33474731445312,187.80999755859372,188.75999450683597,185.5200042724609,186.7700042724609,324846400,-0.021466186369080598,-0.02141533886070801,-0.09182483359149185,0.01287758316222917,-0.05728714637602239,-0.07686495812590544,22.600226895308467,-0.021117300353358976,2.2339699160853184,0.0172514257839987,0.0013312612404070556,1
2016-01-19,158.5455322265625,188.05999755859372,190.1100006103516,186.1999969482422,189.9600067138672,195244400,0.0013312612404070556,-0.021081562027637668,-0.07654389279190821,0.012697362782696928,-0.05232464997579156,-0.07371875049070098,23.525615235029832,-0.022345138199481376,0.46742545351960707,0.020791256582310475,-0.012815049218319885,0
2016-01-20,156.51376342773438,185.6499938964844,187.5,181.0200042724609,185.02999877929688,286547800,-0.012815049218319885,-0.04136116377023813,-0.07184281073305998,0.012455821526404209,-0.06106959160522041,-0.08348936736758672,16.65118142925965,-0.024409563142533387,1.6128833611059494,0.03490436811515457,0.005602066667537597,1
2016-01-21,157.39056396484375,186.69000244140625,188.8699951171875,184.63999938964844,186.2100067138672,195772900,0.005602066667537597,-0.011332808651178694,-0.0742794258220335,0.01233626548898498,-0.05221937993905168,-0.07633887100886594,20.10560435376108,-0.024934978652694374,0.3784587631469952,0.022657858868830812,0.020515285492190394,1
2016-01-22,160.61947631835938,190.5200042724609,190.75999450683597,188.8800048828125,189.77999877929688,168319600,0.020515285492190394,-0.007346199295962141,-0.06378347398338668,0.013198778940226856,-0.02957804255207186,-0.055864195962905594,30.33874450219912,-0.023059391465514535,-0.02098925350854238,0.009867675739367032,-0.015116529382717125,0
2016-01-25,158.19146728515625,187.63999938964844,190.1499938964844,187.41000366210935,189.9199981689453,130371700,-0.015116529382717125,-0.0009049184195325521,-0.08921437193505255,0.012918601296533768,-0.039752583208900516,-0.06831843382823588,30.31187064327348,-0.02327761161448782,-0.5461815561154457,0.014602378188486684,0.013642787720854477,1
2016-01-26,160.34963989257812,190.1999969482422,190.52999877929688,188.0200042724609,188.4199981689453,141036800,0.013642787720854477,0.011379113877756808,-0.07526269901080218,0.013538965223888208,-0.02278141635633546,-0.05407552012860117,34.58558950436735,-0.02152405411604555,-0.5007725857359914,0.013196606451676198,-0.010883390235533086,0
2016-01-27,158.6044921875,188.1300048828125,191.55999755859372,187.05999755859372,189.5800018310547,185681700,-0.010883390235533086,0.013358114417400424,-0.0832322131171398,0.013623996584608654,-0.029157056923483138,-0.0629258462313752,35.040468951515265,-0.021249817465857534,0.0659920360593894,0.023919629422234277,0.005209199192172997,1
2016-01-28,159.43069458007812,189.1100006103516,190.1999969482422,187.16000366210935,189.9600067138672,143798800,0.005209199192172997,0.012962216818093841,-0.08818736872750021,0.013361380780521546,-0.019472353105456475,-0.05689524189173656,42.26671570230232,-0.020087058081823542,-0.6596359494084908,0.016075264535568068,0.02437720427431822,1
2016-01-29,163.31716918945312,193.72000122070312,193.8800048828125,189.8800048828125,190.0200042724609,210529300,0.02437720427431822,0.01679555264983379,-0.05929221436860155,0.014816382779750824,0.0076197191137816755,-0.03287442320278611,52.614624819768984,-0.01668214463884848,0.35338006334037947,0.020648358325389658,-0.00036101508022778894,0
2016-02-01,163.25820922851562,193.6499938964844,194.5800018310547,191.83999633789065,192.52999877929688,136061600,-0.00036101508022778894,0.032029173446037174,-0.05012983899964041,0.014731323817396542,0.009940293748072815,-0.032198840608712254,52.24490183600392,-0.0142328168295412,-1.0685645454578152,0.014149267128966211,-0.018022130440431106,0
2016-02-02,160.31594848632812,190.16000366210935,191.97000122070312,189.5399932861328,191.9600067138672,182564900,-0.018022130440431106,-0.00021011214164601277,-0.05402471401633513,0.014924124527287032,-0.005444486084363542,-0.04799112519893689,45.17105017385198,-0.013833889254672696,-0.15088746479474943,0.012778754142685726,0.005994974904025785,1
2016-02-03,161.27703857421875,191.3000030517578,191.77999877929688,187.1000061035156,191.41000366210935,205054900,0.005994974904025785,0.016850382671124597,-0.04996012681757356,0.015020990993332692,0.003156885798320186,-0.04074554428025534,53.79417182911728,-0.012605234026729901,0.20203937598795552,0.02446415369117933,0.001567820167024836,1
2016-02-04,161.52989196777344,191.6000061035156,192.75,189.9600067138672,190.7100067138672,139531800,0.001567820167024836,0.013166833358057906,-0.03631472476221531,0.014849790009530022,0.00663528683390191,-0.03765188719718471,49.44527522695775,-0.01142057875640427,-1.1096092766134802,0.01456155113390479,-0.01904964687871924,0
2016-02-05,158.4528045654297,187.9499969482422,191.6699981689453,187.1999969482422,190.9900054931641,180788300,-0.01904964687871924,-0.02978477185323125,-0.0314349194866449,0.014496996237052542,-0.01095590912899791,-0.05409499552201058,50.23913211454357,-0.012128412307529595,-0.24508903495260873,0.023782927870619107,-0.013461104932483536,0
2016-02-08,156.31985473632812,185.4199981689453,186.1199951171875,182.8000030517578,185.7700042724609,191526700,-0.013461104932483536,-0.04249926864305953,-0.03386834115009585,0.014592852503035846,-0.02259794170014995,-0.06469167425352107,45.81744753672658,-0.013628277727652589,-0.009513272386809515,0.017905253468963357,5.3882160885532215e-05,1
2016-02-09,156.32827758789062,185.42999267578125,186.94000244140625,183.1999969482422,183.3600006103516,184513100,5.3882160885532215e-05,-0.024873825318618037,-0.03477170779834271,0.014585541396174833,-0.02082132751584642,-0.062498887618029464,49.62274082083355,-0.014513340634843018,-0.14824032069245935,0.020169366558210187,-0.0008623609461275716,0
2016-02-10,156.19346618652344,185.2700042724609,188.33999633789065,185.1199951171875,186.41000366210935,148214100,-0.0008623609461275716,-0.03152074487873169,-0.04332296807317937,0.014407429979105131,-0.01949372956484363,-0.0611190611420096,47.48945097720463,-0.015123781570746122,-0.8462258954734493,0.017380046129689564,-0.013008319904809329,0
2016-02-11,154.16165161132812,182.8600006103516,184.1000061035156,181.08999633789065,182.33999633789065,219058900,-0.013008319904809329,-0.04561533637325366,-0.031615598338461726,0.013638958303156912,-0.03071724744727289,-0.07101655126872286,35.74070055942869,-0.016674490067147826,0.5704115374571455,0.016460733651854468,0.020616762831508373,1
2016-02-12,157.3399658203125,186.6300048828125,186.6499938964844,183.9600067138672,184.9600067138672,127632400,0.020616762831508373,-0.007023155873884579,-0.027614093544867213,0.013958210411048834,-0.009342224310523672,-0.049662012920759335,48.18012948200675,-0.015577442857817729,-1.1341111643332014,0.014413476462727927,0.01687816008484555,1
2016-02-16,159.99557495117188,189.77999877929688,189.80999755859372,187.6300048828125,188.7700042724609,120250700,0.01687816008484555,0.023514096920341565,0.010489344031479941,0.013673972191003782,0.0068518212496870845,-0.03189506206219017,49.25903028894115,-0.013234529665923023,-1.3493437935996357,0.011486946410598445,0.016334794720694434,1
2016-02-17,162.60906982421875,192.8800048828125,193.32000732421875,191.00999450683597,191.16000366210935,136009500,0.016334794720694434,0.040176942605901544,0.02563009843663977,0.014119884550100378,0.021991828810930203,-0.014924143973010895,58.086675614749296,-0.00998450892032239,-0.8722784752034355,0.011976424506968834,-0.004096277776297286,0
2016-02-18,161.94297790527344,192.08999633789065,193.2700042724609,191.72000122070312,193.1999969482422,102343000,-0.004096277776297286,0.03681019353193715,0.03468841562963143,0.01378992400466482,0.01607192541522484,-0.01732419438138244,55.106218145256086,-0.007849989298329038,-1.780562875004478,0.008069150300941718,-0.00046810096395066836,0
2016-02-19,161.86717224121094,192.0,192.17999267578125,190.4499969482422,191.1699981689453,114793000,-0.00046810096395066836,0.04998338140090741,0.028442672569412242,0.013768543711746628,0.01417202877336421,-0.016262625519440355,46.51268105969694,-0.006096205897099913,-1.2676703523269999,0.009010394414265951,0.014479181857457002,1
2016-02-22,164.21087646484375,194.77999877929688,194.9499969482422,193.7899932861328,193.8699951171875,103640300,0.014479181857457002,0.04366920132916552,0.022359680337681764,0.013390601915727857,0.027700156482868943,-0.0008982917843326499,52.064346071083285,-0.0034448926647236474,-1.4155278453194022,0.0059554557417559216,-0.012629667885926121,0
2016-02-23,162.13694763183594,192.32000732421875,194.32000732421875,192.17999267578125,194.0,111455300,-0.012629667885926121,0.013383949408085627,0.02494117043346944,0.013241920735979537,0.013469392115244228,-0.012320474599246789,54.10024524304761,-0.0024348094949066604,-1.1461370499847408,0.01112736359680873,0.004575934797234726,1
2016-02-24,162.87887573242188,193.1999969482422,193.52999877929688,189.32000732421875,190.6300048828125,150812200,0.004575934797234726,0.0016592303768465655,0.01577325550302544,0.012949662357282529,0.01730280983651955,-0.006632466631654177,53.64272191254525,-0.0012105918843899992,-0.10486722224127708,0.021790846384981938,0.012111560055197312,1
2016-02-25,164.85159301757812,195.5399932861328,195.5500030517578,192.8300018310547,193.72999572753903,110728300,0.012111560055197312,0.01796073624140737,0.03938791861388702,0.012872508044985145,0.027619156351609275,0.0059310441340652,57.00583339394365,0.0007112100016862571,-1.0676919321839933,0.013910204122401494,-0.0023013382249844616,0
2016-02-26,164.4722137451172,195.08999633789065,196.67999267578125,194.8999938964844,196.57000732421875,129833700,-0.0023013382249844616,0.016093698727400296,0.03162201092028005,0.012883875761102807,0.023645760450845765,0.00429902386953529,64.3258059736615,0.0020185030260294317,-0.5383698180279938,0.009123987968167964,-0.007842394333125169,0
2016-02-29,163.18235778808594,193.55999755859372,196.22999572753903,193.3300018310547,195.1100006103516,125918100,-0.007842394333125169,-0.006263401663153645,-0.0008254576174462347,0.011864800940906662,0.015660535839828515,-0.002523720656935513,67.01513554496059,0.0024117571130306084,-0.566379014164329,0.014982403043306879,0.023506686119985742,1
2016-03-01,167.0182342529297,198.1100006103516,198.2100067138672,194.4499969482422,195.00999450683597,141799700,0.023506686119985742,0.030105948658770032,0.023031154403703402,0.01297249757023463,0.03832037384669995,0.021838776608949173,72.27693241085278,0.004450439536883309,-0.1275750793058146,0.018979404139321036,0.004492263496547189,1
2016-03-02,167.76852416992188,199.0,199.05999755859372,197.25,197.7400054931641,102415000,0.004492263496547189,0.03002015095888022,0.046486801556298696,0.012166779609298581,0.04057422807097133,0.026921545314043227,73.5181176651498,0.00637011855359133,-1.1184104048044237,0.009095465118561415,0.003919825213158257,1
2016-03-03,168.4261474609375,199.77999877929688,199.8000030517578,198.1100006103516,198.7899932861328,95172200,0.003919825213158257,0.021683469221787988,0.044328125999342216,0.012142836199383077,0.04234212461620035,0.03097243898692681,80.69664228898066,0.008098089770541031,-1.2277289001594607,0.008459317507921399,0.0032540386027293255,1
2016-03-04,168.97421264648438,200.42999267578125,201.3500061035156,199.02999877929688,200.00999450683597,129293600,0.0032540386027293255,0.02737239804131253,0.04608633478313817,0.012143770879844714,0.04333059185562349,0.034459643422439123,78.23247388782578,0.009607432730857266,-0.20661533422509987,0.011575150471474609,0.00079809324524871,1
2016-03-07,169.10906982421875,200.58999633789065,201.07000732421875,199.25,199.33999633789065,100219000,0.00079809324524871,0.036319563686102896,0.06725198262040721,0.011068456439163713,0.04073938701052504,0.03559630636222244,75.19820643846066,0.010756139927087459,-0.9664921713782025,0.009073270638845702,-0.010918066050861874,0
2016-03-08,167.26272583007812,198.3999938964844,199.9199981689453,198.2100067138672,199.32000732421875,123974900,-0.010918066050861874,0.001463861585185855,0.07000307870172895,0.01087853953147391,0.025921981765458346,0.025096146324597335,63.43708254468424,0.010786359058696748,-0.16362681192461045,0.008618908808889967,0.004939640002080026,1
2016-03-09,168.0889434814453,199.3800048828125,199.7899932861328,198.42999267578125,199.3600006103516,94801200,0.004939640002080026,0.001909889313915114,0.0752305729649112,0.010853214832684695,0.027284499771208504,0.030830842185568752,67.58342020664497,0.010934124166695657,-1.0572965582602736,0.006821148445406628,0.0008024780959337008,1
2016-03-10,168.2238311767578,199.5399932861328,201.07000732421875,197.3800048828125,199.9600067138672,156838700,0.0008024780959337008,-0.0012012165998549484,0.07702220383449276,0.01082281129104955,0.02434317174314593,0.032263279259588495,68.12493365053453,0.011021998555751466,1.1239879482607744,0.018492545682884363,0.016136922154101452,1
2016-03-11,170.93844604492188,202.75999450683597,202.80999755859372,199.5200042724609,201.25999450683597,137964500,0.016136922154101452,0.011624456582300713,0.1088259904991895,0.010398269680874518,0.03558332796019115,0.04942463903173833,68.78518243311184,0.012064696969829376,0.9386187688207129,0.016226047421903495,-0.001281932033411426,0
2016-03-14,170.7193145751953,202.5,203.0399932861328,201.7700042724609,202.16000366210935,73612000,-0.001281932033411426,0.009521930152240454,0.08503464892170176,0.00983016455629914,0.030081114831851163,0.04845159643929109,76.73336692110992,0.01279541389151895,-2.1166274476035998,0.006271550684799523,-0.0016300120277852326,0
2016-03-15,170.4410400390625,202.1699981689453,202.52999877929688,201.0500030517578,201.3600006103516,93169100,-0.0016300120277852326,0.019001927615440284,0.06528596238413731,0.009430396004790181,0.025171471147223512,0.04692690460535398,74.25615514730066,0.013101289145883061,-1.084729792670531,0.007320550729304007,0.005787453992936786,1
2016-03-16,171.42745971679688,203.33999633789065,203.82000732421875,201.5500030517578,201.6000061035156,129303200,0.005787453992936786,0.019861605208554955,0.05423061519330297,0.008939911848017297,0.02837729630477437,0.05273300016167859,72.5172580270987,0.013558473379146957,0.6008805921714561,0.011163589620061096,0.0063439335556807475,1
2016-03-17,172.51498413085938,204.6300048828125,205.22999572753903,202.7700042724609,203.2400054931641,134278500,0.0063439335556807475,0.025508591286288906,0.06528227628227201,0.008827400926815778,0.03162993045513929,0.05905288379134821,76.2664261402993,0.014236967773842417,0.7552198942522318,0.012021655653514316,0.003929615064361736,1
2016-03-18,173.19290161132812,204.3800048828125,204.77999877929688,203.8000030517578,204.1699981689453,138372400,0.003929615064361736,0.01318869814584489,0.06996927921394613,0.008785795566821472,0.03218847583674389,0.06248715754662881,84.05400046301536,0.014928084102875617,0.8720393822397632,0.004794968705969906,0.0014189845793572964,1
2016-03-21,173.43865966796875,204.6699981689453,204.94000244140625,203.8000030517578,204.07000732421875,72926700,0.0014189845793572964,0.015928748891360422,0.056194713783776606,0.008397621593020236,0.03081862166866589,0.0627113653830842,78.90020042062231,0.015434391194108894,-1.8539562065544843,0.005569938925330045,-0.0005375456737867212,0
2016-03-22,173.34542846679688,204.55999755859372,205.22999572753903,203.57000732421875,203.75999450683597,97471900,-0.0005375456737867212,0.017040428919400608,0.06912971410077362,0.007630765585983622,0.02684426089109948,0.06063943368459168,76.68153971044286,0.015637277288271426,-0.794553312729906,0.008114921896422102,-0.006599171188674702,0
2016-03-23,172.2014923095703,203.2100067138672,204.3300018310547,203.00999450683597,204.1100006103516,81052500,-0.006599171188674702,0.004515219405643478,0.057236498810709246,0.007941058010446145,0.01725907018048778,0.052321224918568054,67.25922494939165,0.015185308125120584,-1.3281306387941485,0.006495779147713809,-0.0004432276507418953,0
2016-03-24,172.1251678466797,203.1199951171875,203.16000366210935,201.7400054931641,202.0,84360900,-0.0004432276507418953,-0.0022596082661665573,0.04412195657900608,0.0076588287250893275,0.014628378115225216,0.050717211965706,65.05409972545539,0.014547853752345997,-1.100054612853042,0.006990932468888677,0.0005910254029224404,1
2016-03-28,172.22689819335938,203.2400054931641,203.8600006103516,202.7100067138672,203.6100006103516,62408200,0.0005910254029224404,-0.005577615531476066,0.04714890297676444,0.007596635938142713,0.012912953882538325,0.049668115959569104,64.94313228763829,0.013916283069846953,-1.7049447533612445,0.005658304789423375,0.009249794144835954,1
2016-03-29,173.81996154785156,205.1199951171875,205.25,202.3999938964844,202.75999450683597,92922900,0.009249794144835954,0.00219848262557365,0.06518844257404321,0.007349007103266118,0.01909432943317757,0.05782849639987786,82.20952700747871,0.013879101562264963,-0.523864598582428,0.01389433585880964,0.004387846514912752,1
2016-03-30,174.58265686035156,206.0200042724609,206.8699951171875,205.58999633789065,206.3000030517578,86365300,0.004387846514912752,0.007137358074555067,0.04529099856226737,0.005602940275936287,0.02130123962636299,0.06037306925884511,82.09780821504532,0.014079978068839327,-0.686762076341106,0.0062129829761776514,-0.0024272275303591773,0
2016-03-31,174.15890502929688,205.5200042724609,206.41000366210935,205.3300018310547,205.91000366210935,94584100,-0.0024272275303591773,0.011366990456782355,0.03809046357767687,0.005669274775457647,0.01692150688087657,0.055796838754812894,78.52201548409425,0.01396467955929566,-0.35668776914063416,0.005254971820761957,0.00681226507353716,1
2016-04-01,175.34532165527344,206.9199981689453,207.13999938964844,203.97999572753903,204.3500061035156,114423500,0.00681226507353716,0.01870821012916668,0.04108135404534319,0.005760050581372549,0.021784970497165546,0.06056767970015864,74.82418185037537,0.014135497442630554,0.36166694381228437,0.015271620385040477,-0.0032379779332966097,0
2016-04-04,174.77755737304688,206.25,207.07000732421875,205.88999938964844,206.8300018310547,63497000,-0.0032379779332966097,0.014809877007851968,0.0343445584723856,0.00586937258748845,0.01675723522062955,0.05491479560130741,71.99635435533787,0.013969201168470292,-1.4031020895779904,0.0057212505918560605,-0.009987409009533765,0
2016-04-05,173.031982421875,204.19000244140625,206.25999450683597,203.88999938964844,204.6699981689453,99662200,-0.009987409009533765,-0.004533306295546713,0.023197529273467854,0.006426259624108792,0.0054551755141016844,0.04281639763563194,62.11614372686302,0.012976628887394821,-0.07128258724593176,0.0116068127178147,0.010920980784181467,1
2016-04-06,174.92166137695312,206.4199981689453,206.4900054931641,203.97999572753903,204.19000244140625,91839800,0.010920980784181467,0.0019417995045907244,0.045789852514156015,0.006112494816899853,0.01417895155170057,0.05208337989026646,65.06723129196197,0.012673463215380433,-0.3049953828912831,0.012159721867503985,-0.011966416327900742,0
2016-04-07,172.82847595214844,203.9499969482422,205.55999755859372,203.08999633789065,205.13999938964844,113859000,-0.011966416327900742,-0.007639167672331415,0.0281965748165125,0.006847085979926155,0.0006679785578953545,0.037935663284527354,51.2439136326153,0.011585395833138586,0.4804834486157538,0.012110817639923268,0.0026970410154534274,1
2016-04-08,173.2946014404297,204.5,205.8500061035156,203.8699951171875,205.33999633789065,95040600,0.0026970410154534274,-0.011695323236940669,0.030142995960803276,0.006851291584960448,0.001896062827026146,0.03890192446433671,50.41043622627753,0.010667015469031163,-0.12007280354697712,0.00968220531211783,-0.0023468273189261035,0
2016-04-11,172.88790893554688,204.0200042724609,206.07000732421875,203.91000366210935,205.25,83757500,-0.0023468273189261035,-0.010811733874199425,0.011404472988555625,0.005963241559953703,-0.0010181776733044767,0.03479413873855863,47.80580385367325,0.009685859870226543,-0.5265559273049399,0.010587215061640726,0.009312660420451868,1
2016-04-12,174.49795532226562,205.9199981689453,206.25,203.6999969482422,204.22000122070312,115350600,0.009312660420451868,0.008472265530752532,0.022133645255504764,0.006252321777882397,0.00718546842461909,0.043034808897509214,54.09656641652945,0.009442068174154612,0.8445607585978157,0.012383464813678195,0.010100649725977018,1
2016-04-13,176.260498046875,208.0,208.1000061035156,206.83999633789065,207.0,96336400,0.010100649725977018,0.007653921529116481,0.03414352556449307,0.006525632932125055,0.015652939759255302,0.05193502737829436,63.819686524284755,0.00991904078581459,-0.04918854082611607,0.006057739257812227,4.8219230071255836e-05,1
2016-04-14,176.2689971923828,208.00999450683597,208.6000061035156,207.6000061035156,208.07000732421875,65212900,4.8219230071255836e-05,0.0199071433181357,0.028242485093020075,0.006462326765952569,0.014287082869990586,0.049986389582902246,64.1739475359868,0.010257025441729838,-1.3666313581597356,0.004807461306707243,-0.0011056993334034315,0
2016-04-15,176.0740966796875,207.77999877929688,208.1699981689453,207.3999938964844,208.00999450683597,75761600,-0.0011056993334034315,0.016039133453405796,0.020630744435094384,0.006377311509897463,0.012129173847234886,0.04697976161820705,63.07597998539565,0.010328530078794232,-0.8017231121317911,0.003705863302457734,0.007026748493308643,1
2016-04-18,177.3113250732422,209.2400054931641,209.27999877929688,207.0,207.77999877929688,82531000,0.007026748493308643,0.025585456871621837,0.02377940102393139,0.006487794879463881,0.01803610213136264,0.052361547210464376,62.16070563024567,0.01074300276634841,-0.37349030853904064,0.010896571972090504,0.0031544864471795275,1
2016-04-19,177.8706512451172,209.8999938964844,210.1999969482422,208.94000244140625,209.7400054931641,88316100,0.0031544864471795275,0.019327996804448633,0.02555365444839719,0.006502527572347613,0.01994978285974436,0.05325352164541952,61.61693162312065,0.011218022304782842,-0.05956755455899568,0.006002832508214957,0.00095239475982134,1
2016-04-20,178.04005432128906,210.1000061035156,210.9199981689453,209.38999938964844,209.9499969482422,81100300,0.00095239475982134,0.010096171825979994,0.02708249012399766,0.0064890993891677734,0.019548863573882302,0.051551723210912836,63.963595998590215,0.011553786095808,-0.4738327590065817,0.007282240527604029,-0.0053781987075285365,0
2016-04-21,177.08251953125,208.97000122070312,210.25,208.6499938964844,210.1199951171875,85695000,-0.0053781987075285365,0.004615232127174851,0.028344860176385378,0.006415636698562528,0.012650284081908048,0.04333841956557505,56.35474821356607,0.011325424785106102,-0.19241210573598722,0.007656630588932017,0.0,0
2016-04-22,177.08251953125,208.97000122070312,209.2899932861328,207.91000366210935,208.5500030517578,99251700,0.0,0.005727264092667772,0.028800853161613515,0.006409631625019335,0.011216948538659732,0.040776557377953715,58.79706954587279,0.010968497255069126,0.6356427010630898,0.006603769038437213,-0.001722922669681437,0
2016-04-25,176.7774200439453,208.6100006103516,208.66000366210935,207.5399932861328,208.25999450683597,66166500,-0.001722922669681437,-0.0030111163462138713,0.026421667569470175,0.006446544508436259,0.008164820285270435,0.03622865168588274,66.06069092227222,0.010444409844959866,-1.5425824784750466,0.005368919863379538,0.001486195635238996,1
2016-04-26,177.04014587402344,208.9199981689453,209.5200042724609,208.3600006103516,209.0399932861328,75864200,0.001486195635238996,-0.0046691534847379534,0.018525975368400838,0.006172107409332642,0.00873688942330375,0.035377425292351106,60.55725633152509,0.010003633418360988,-0.832265378009841,0.0055523821188782,0.00205800420822988,1
2016-04-27,177.4044952392578,209.3500061035156,209.80999755859372,208.0500030517578,208.47000122070312,77329400,0.00205800420822988,-0.003569753359456529,0.01616333735351172,0.006125344737232629,0.010000922748858887,0.03539991463547287,77.55153038538003,0.009700644954971317,-0.6990655888753391,0.008406947482799016,-0.009075567022962638,0
2016-04-28,175.79444885253906,207.4499969482422,209.75999450683597,206.9600067138672,208.4600067138672,97216200,-0.009075567022962638,-0.007273844319137468,0.009391100747716985,0.006480914642866947,0.00036884529065028815,0.024426381282525833,63.228953020784544,0.008724007323454724,0.5598041275994778,0.01349716960307964,-0.005398813370350197,0
2016-04-29,174.84536743164062,206.3300018310547,207.1300048828125,205.02999877929688,206.72000122070312,142424100,-0.005398813370350197,-0.012633387561523768,-0.002851254991654173,0.006428684368834822,-0.004890404097918077,0.017365830213564637,59.79632107227731,0.007399080142864181,2.7603495643747586,0.010177899892789869,0.007948307420776457,1
2016-05-02,176.23509216308594,207.97000122070312,208.17999267578125,206.41000366210935,206.9199981689453,62188000,0.007948307420776457,-0.003067857199887669,0.008339370408570801,0.006626981055350952,0.00260318471444565,0.02374043066146192,58.88973742693072,0.0068194601731847776,-1.4384482065282134,0.008510790033575782,-0.008703223959182438,0
2016-05-03,174.70127868652344,206.16000366210935,206.8000030517578,205.27999877929688,206.5200042724609,106422100,-0.008703223959182438,-0.013210942500941347,0.00964732785976219,0.006526124385801537,-0.006594396262063484,0.013595255056499722,41.82947481877482,0.005688574981647746,0.8422211922220767,0.007372934834402619,-0.005577933105154864,0
2016-05-04,173.726806640625,205.00999450683597,205.8500061035156,204.4199981689453,204.9900054931641,92243800,-0.005577933105154864,-0.020730526549921247,-0.00683079915273177,0.0061727868142096645,-0.011799839143286195,0.0065877702804060245,37.90320824009305,0.004269670815001301,0.11032128275776246,0.006975308389282461,-0.00019525074305948298,0
2016-05-05,173.69288635253906,204.97000122070312,205.97999572753903,204.47000122070312,205.55999755859372,67619200,-0.00019525074305948298,-0.011954657918480938,0.005001550789754949,0.005532288807419257,-0.012235626632892682,0.005131656763885717,38.49292785691427,0.003069360764513062,-1.0519535013709014,0.007366904902391107,0.0036592724834989543,1
2016-05-06,174.32847595214844,205.72000122070312,205.7700042724609,203.8800048828125,204.05999755859372,89315000,0.0036592724834989543,-0.0029562778075563623,0.005965993765097988,0.005558682329762348,-0.008912481762463287,0.007704434277514993,34.695625487353084,0.00237652657803681,0.09473744207425476,0.00918724177733577,0.0008259232050722431,1
2016-05-09,174.4724578857422,205.88999938964844,206.3999938964844,205.3600006103516,205.57000732421875,74374900,0.0008259232050722431,-0.01000160782798365,0.009165180838563103,0.005523970152482148,-0.008540494492013773,0.007372070995883551,31.788385990965494,0.0018797255747700066,-0.6554867456248064,0.005051208359880642,0.012433896930680088,1
2016-05-10,176.64183044433594,208.4499969482422,208.47000122070312,206.63999938964844,206.72000122070312,77472200,0.012433896930680088,0.011107828015927357,0.012285961277374025,0.00582291751071238,0.0031761354356185656,0.018314914845285912,43.82939351168478,0.0024322447423048336,-0.4209804969186665,0.008779092625792045,-0.009354722483217781,0
2016-05-11,174.98939514160156,206.5,208.5399932861328,206.5,207.91000366210935,81727000,-0.009354722483217781,0.0072676665472151125,-0.007211501835966638,0.005781883403072868,-0.005849470768577336,0.007862583220076491,41.29649956538015,0.002129171131288868,-0.14882391174971502,0.009878902112023306,0.00029071934726787596,1
2016-05-12,175.04026794433594,206.55999755859372,207.4900054931641,205.3699951171875,207.2899932861328,89586300,0.00029071934726787596,0.007757264100396899,-0.0069707621170943534,0.005783007655650409,-0.005213238465243464,0.007311822244968846,41.543811498662464,0.0018721085263795271,0.22621480123641735,0.010263412088660677,-0.008713989587531223,0
2016-05-13,173.5149688720703,204.75999450683597,206.8600006103516,204.3800048828125,206.2100067138672,96474600,-0.008713989587531223,-0.0046665186260299585,-0.014534379876857906,0.006079116657109217,-0.013164172705948052,-0.0020503788102965714,37.73116534648693,0.0009631159641686895,0.5609391657804677,0.012111720033555167,0.009864945424415739,1
2016-05-16,175.2266845703125,206.77999877929688,207.33999633789065,204.88999938964844,204.9600067138672,77486800,0.009864945424415739,0.004322898259759844,-0.011756950674575273,0.00629850017426248,-0.002837972193949989,0.007070048725742906,43.85045332384015,0.0010041146867629995,-0.5076376852218865,0.011848326543696224,-0.009333264597964241,0
2016-05-17,173.59124755859375,204.8500061035156,206.8000030517578,204.22999572753903,206.4600067138672,114924900,-0.009333264597964241,-0.01726987813740699,-0.02405907695601872,0.006524523606177622,-0.010940431189498834,-0.0028429409606237632,38.09532883197457,0.0002903403409256667,1.452943976518467,0.012545800574299678,0.0002925334699426241,1
2016-05-18,173.64202880859375,204.91000366210935,206.3000030517578,203.6300048828125,204.44000244140625,120062100,0.0002925334699426241,-0.007699702784374596,-0.024702449847373575,0.006514745136555844,-0.009409970870362772,-0.0032817242931773016,42.55552705713721,-0.00025619399698266905,1.5211218305175567,0.013030101611574134,-0.003464822416976654,0
2016-05-19,173.04039001464844,204.1999969482422,204.5399932861328,202.77999877929688,204.05999755859372,115430500,-0.003464822416976654,-0.011425244906066223,-0.022826248052610576,0.006464473263042707,-0.011702708810638618,-0.007299460353792586,43.60347850161845,-0.0009611305382594284,1.1690798766610158,0.008618974207340643,0.0063171632331382455,1
2016-05-20,174.13351440429688,205.4900054931641,206.1000061035156,204.8600006103516,204.9199981689453,104990400,0.0063171632331382455,0.003564796376055668,-0.01665328195442073,0.006673742248700412,-0.004621222599086261,-0.0017053077853531606,42.39245348884737,-0.0009915830677957424,0.6470815449381792,0.006034383473726931,-0.0013622485917034188,0
2016-05-23,173.89630126953125,205.2100067138672,205.83999633789065,204.9900054931641,205.50999450683597,58682600,-0.0013622485917034188,-0.007592355605218426,-0.01629800216395194,0.006671655762411898,-0.005157973374394498,-0.003403222493644442,46.78416900439994,-0.0011190627444382282,-1.5117859932484947,0.004142053588603698,0.012962173894578655,1
2016-05-24,176.15037536621094,207.8699951171875,208.2400054931641,206.13999938964844,206.1699981689453,93537800,0.012962173894578655,0.014742262894063218,-0.005025812102785077,0.00733878649223881,0.007993890596323938,0.008886799789000088,58.78393848461286,-0.00016891826519212574,0.07391071201887599,0.01010249748806588,0.006782891932401336,1
2016-05-25,177.34518432617188,209.27999877929688,209.7700042724609,207.8699951171875,208.6699981689453,76621400,0.006782891932401336,0.021326377853256417,-0.00033432587492188137,0.007490670961082529,0.014848226084114513,0.014927306157656695,62.209861668123885,0.0010998280304326518,-0.7237536873926304,0.009078789976853576,0.00028668545666699075,1
2016-05-26,177.39602661132812,209.33999633789065,209.7100067138672,208.97000122070312,209.44000244140625,55280700,0.00028668545666699075,0.025171213473981213,0.009110513837285561,0.007179067510470206,0.014674196797661798,0.014525198922955784,60.6722676584662,0.0021027014338631596,-1.5265434728431568,0.0035349455723197656,0.004299479452040567,1
2016-05-27,178.1587371826172,210.2400054931641,210.25,209.47000122070312,209.52999877929688,64211200,0.004299479452040567,0.02311572698736608,0.018950286185145826,0.007088184702370759,0.018072047952213843,0.018229830482238807,62.29552751102904,0.003193959069075953,-1.1061848828662417,0.0037100397589279765,-0.0019027372060065328,0
2016-05-31,177.8197479248047,209.83999633789065,210.69000244140625,209.17999267578125,210.55999755859372,109879400,-0.0019027372060065328,0.022561990258736397,0.008991715226910335,0.006917442559227693,0.01567505858637208,0.01575519827606464,54.475389877674075,0.003875175448954761,1.1059655480498696,0.007196005489790121,0.0020493246933670495,1
2016-06-01,178.1841583251953,210.2700042724609,210.47999572753903,208.88999938964844,209.1199951171875,69936200,0.0020493246933670495,0.011545720267448711,0.019936200037329987,0.006576379291952271,0.01674517075131443,0.01728528742416402,63.45512687040992,0.004514187831932668,-0.8525603125932617,0.007561688807645297,0.0030435512739610537,1
2016-06-02,178.72647094726562,210.91000366210935,210.92999267578125,209.2400054931641,209.8000030517578,63044700,0.0030435512739610537,0.00778868975970215,0.028778887975435152,0.006402215679586194,0.018387017598253674,0.01975488271477821,64.90777480885411,0.005196578427974234,-1.0965535678403682,0.00801283558519406,-0.002987018375622763,0
2016-06-03,178.19261169433594,210.27999877929688,210.69000244140625,208.8600006103516,210.25,101757100,-0.002987018375622763,0.004490433625963464,0.025906215483482375,0.006469802474766822,0.014045095120398976,0.01601424030921139,70.56664027802005,0.00546075701980045,0.7529571031978898,0.008702690896319483,0.0050886146817044065,1
2016-06-06,179.099365234375,211.3500061035156,211.7700042724609,210.50999450683597,210.6999969482422,64887000,0.0050886146817044065,0.005279718899183994,0.02736724024098125,0.006505039685079987,0.017823493777415766,0.020372836512859926,68.32448636565798,0.005968862075205133,-1.0055179755700419,0.00596172098054169,0.001561411604013685,1
2016-06-07,179.37901306152344,211.67999267578125,212.33999633789065,211.5,211.52999877929688,60974800,0.001561411604013685,0.008768796238413978,0.02812223336129316,0.006503875167546482,0.0179934486028408,0.021133888590606942,81.41711517850192,0.006435098832036206,-1.1308378184673036,0.00396823680534244,0.003259332024077022,1
2016-06-08,179.9636688232422,212.3699951171875,212.5200042724609,211.69000244140625,211.83999633789065,66170900,0.003259332024077022,0.00998691755076897,0.018805502471018753,0.0059883697879662785,0.020349658019411354,0.023746019261599693,82.43516411937036,0.0069716209413063016,-0.8437144467397331,0.003908282008466673,-0.0013653438045585498,0
2016-06-09,179.71795654296875,212.0800018310547,212.22000122070312,211.19000244140625,211.50999450683597,73786900,-0.0013653438045585498,0.005547502787069947,0.027021988375586004,0.00551242063899875,0.017592458540069744,0.021751289661717133,85.56015113964165,0.007229858609607206,-0.46777541363418673,0.004856652067163709,-0.009477588547321614,0
2016-06-10,178.01466369628906,210.07000732421875,210.8600006103516,209.42999267578125,210.4600067138672,113829200,-0.009477588547321614,-0.0009986272514604932,0.016992637105074593,0.0060204151013445685,0.0071000813458368395,0.011624031860421491,69.40713826827792,0.006649294510511339,1.2721275249797417,0.006807292258353136,-0.007711911049616216,0
2016-06-13,176.64183044433594,208.4499969482422,210.3699951171875,208.3500061035156,209.3600006103516,117751200,-0.007711911049616216,-0.013721627582672036,0.018020702148014767,0.005940178211837404,-0.0015497094541661038,0.0036745795003789716,62.32848272733875,0.005491618142283838,1.3370421861809223,0.009690520715975178,-0.0019667601298123394,0
2016-06-14,176.29441833496094,208.0399932861328,208.7400054931641,206.9199981689453,208.0,125059300,-0.0019667601298123394,-0.0171959621915444,0.006093442715455755,0.005579651086628917,-0.0038140336623058158,0.0015279536315577769,50.78044650799792,0.004333166040019326,1.4573586650101678,0.00874835311937156,-0.0013939340801173428,0
2016-06-15,176.04867553710938,207.75,209.3600006103516,207.52999877929688,208.0399932861328,109124500,-0.0013939340801173428,-0.021754353596658782,0.01415640484803915,0.005120344746800488,-0.00589286854482951,-0.0002107945177924897,42.170060304026656,0.0032610359513779025,0.8427521357824409,0.008808673073668909,0.002984435311348399,1
2016-06-16,176.57408142089844,208.3699951171875,208.57000732421875,205.58999633789065,207.75,149533100,0.002984435311348399,-0.017493383424480702,0.016885615956127253,0.005143965864552901,-0.0037507470927339304,0.0025848430422654722,45.30517618553736,0.0026094331991964436,2.175817484008727,0.014301535999231249,-0.00372426138046289,0
2016-06-17,175.91647338867188,206.5200042724609,207.1999969482422,205.75,207.1699981689453,117055700,-0.00372426138046289,-0.011786615012777335,0.01662087893918862,0.005155733603361489,-0.008265691287582033,-0.0014991912574950916,37.03689327925165,0.0017863442011415967,0.9883868363208109,0.007021096834421973,0.006440097903852138,1
2016-06-20,177.0493927001953,207.8500061035156,209.6100006103516,207.75,208.82000732421875,82789600,0.006440097903852138,0.0023072805282540187,0.016745072342182477,0.00516267939470598,-0.0026985247760863418,0.00450308885910311,45.920837454026,0.0016168019001760302,-0.21576365204818365,0.008948763799531736,0.0028387219321994728,1
2016-06-21,177.55198669433594,208.44000244140625,208.9199981689453,207.77999877929688,208.3000030517578,72461700,0.0028387219321994728,0.007133341890527722,0.021022214952913565,0.005153673634064664,-0.0008961459994970555,0.006821743527352542,46.70082371903091,0.0016961360259112736,-0.6327778208705501,0.005469196777470285,-0.001631395954313386,0
2016-06-22,177.2623291015625,208.1000061035156,209.5,207.92999267578125,208.6499938964844,95560500,-0.001631395954313386,0.006893852286876667,0.0063125254944240705,0.004349144431852137,-0.0028380461686959846,0.004864181888559527,42.15197783179515,0.0016150438361349194,0.22697272645283428,0.007544484758149302,0.01302265357236565,1
2016-06-23,179.5707550048828,210.80999755859372,210.8699951171875,209.2700042724609,209.80999755859372,102731400,0.01302265357236565,0.016971197357335877,0.012549371933424869,0.0050104200416962435,0.009515711595661891,0.01756828307575309,56.206364825789144,0.0025367425766550152,0.44651964690414037,0.007589729440046506,-0.035909115203840436,0
2016-06-24,173.12252807617188,203.2400054931641,210.8500061035156,202.72000122070312,203.6300048828125,333444400,-0.035909115203840436,-0.015882226710667524,-0.02409015927126379,0.009588574485803933,-0.02556457020118985,-0.01862173407218115,32.04521493596384,0.00039590045890804923,3.842395828841909,0.04000199106019962,-0.01790995365845105,0
2016-06-27,170.02191162109375,199.6000061035156,201.6000061035156,198.6499938964844,201.58999633789065,230775800,-0.01790995365845105,-0.03969220663186046,-0.04567177389219468,0.01018858816707091,-0.040820197435183725,-0.03553639752741322,25.964418558163786,-0.00283950560186123,1.8122936892309973,0.014779619823765296,0.01803589768810676,1
2016-06-28,173.08840942382812,203.1999969482422,203.22999572753903,201.1199951171875,201.47999572753903,159382400,0.01803589768810676,-0.025139551258258064,-0.02660749751471536,0.011157339690694124,-0.022215583474317846,-0.017670799806198678,34.336636967562754,-0.003839652798263183,0.6670302850596194,0.010383861427364981,0.01702769210479782,1
2016-06-29,176.03570556640625,206.66000366210935,206.92999267578125,204.72000122070312,204.83999633789065,137328600,0.01702769210479782,-0.006919820705128199,-0.012057484677554964,0.011872873757611693,-0.004962347371560982,-0.0007358764453624378,42.530485351307384,-0.0032059757154515663,0.2837292093269689,0.010693851814168539,0.013645871653152009,1
2016-06-30,178.4378662109375,209.47999572753903,209.5399932861328,206.55999755859372,207.2100067138672,165021900,0.013645871653152009,-0.006308871363349233,-0.0016147845072892464,0.012271249045673118,0.008698084770736747,0.012854209523411875,50.83480468851115,-0.001612768888774039,0.6370757533587721,0.014225681632221503,0.002100374684541828,1
2016-07-01,178.81265258789062,209.9199981689453,210.4900054931641,209.2899932861328,209.47999572753903,106055300,0.002100374684541828,0.032867614486401076,0.003479610561061275,0.012258982767027728,0.010639611455215414,0.014782266808078814,54.45765933327026,-0.00021196865241503938,-0.2816884419612596,0.005716521615370342,-0.007193224894369354,0
2016-07-05,177.5264129638672,208.41000366210935,209.0800018310547,207.7100067138672,208.9499969482422,109803700,-0.007193224894369354,0.044138436459282726,-0.00878256753422546,0.012311127067654568,0.0038160618614664354,0.007431952380056117,52.435910277405355,0.00031372982847390824,-0.26412928464505203,0.006573557377834145,0.005997745817113875,1
2016-07-06,178.59117126464844,209.66000366210935,209.8000030517578,207.05999755859372,207.8300018310547,96021500,0.005997745817113875,0.03179162521128798,-0.004392051129218699,0.012387456063938632,0.010061677605710528,0.013265687813042826,54.86933951153767,0.0011945180816067583,-0.5229006337907588,0.013068803993631126,-0.0006203781889007054,0
2016-07-07,178.48037719726562,209.52999877929688,210.6499938964844,208.6300048828125,209.8699951171875,85593800,-0.0006203781889007054,0.013887362356366673,-0.008242172632263012,0.012361664616628201,0.009858646734814736,0.012471614000289621,53.70981756027626,0.0018240898286416402,-0.7185448199048252,0.009640571877249938,0.0148906247729097,1
2016-07-08,181.1380615234375,212.6499938964844,212.94000244140625,210.77999877929688,211.0500030517578,133971000,0.0148906247729097,0.01513241202575255,0.007901853592071184,0.01281678367708692,0.024484481838525696,0.02711287361072623,59.427748384729234,0.003432716553554457,0.03050662559005642,0.010157553369885542,0.003526895314522882,1
2016-07-11,181.77691650390625,213.3999938964844,214.07000732421875,212.9499969482422,213.19000244140625,73633900,0.003526895314522882,0.016577484160739786,0.02113451066051475,0.012613701621250835,0.027005068363168405,0.030036563333502908,58.69075061978012,0.004938814860562402,-0.9337440318352976,0.005248408659842112,0.007263199353441774,1
2016-07-12,183.09719848632807,214.9499969482422,215.3000030517578,213.42999267578125,214.52999877929688,101275600,0.007263199353441774,0.03138003764879049,0.03654495668298896,0.01250568810045783,0.03258141589183139,0.03654856692812802,59.896409460397784,0.006603414298124093,-0.4612830795228849,0.008699745999190883,-0.00013933962683965184,0
2016-07-13,183.0716857910156,214.9199981689453,215.4499969482422,214.3500061035156,215.44000244140625,87324100,-0.00013933962683965184,0.02508810762950664,0.03844289297451153,0.012482825262095173,0.03046828180864214,0.03560251045091145,60.466503625539076,0.007850215366937772,-0.6519253555964158,0.005118140955230723,0.005583530161314965,1
2016-07-14,184.0938720703125,216.1199951171875,216.6699981689453,215.66000366210935,216.3999938964844,91230900,0.005583530161314965,0.031451608077018856,0.04569870525102182,0.01248158168152618,0.033880990504657316,0.04027938258354258,58.545180109878025,0.009131296620654593,-0.5701153897127307,0.004673304320076044,-0.001341757194663229,0
2016-07-15,183.84686279296875,215.8300018310547,217.00999450683597,215.30999755859372,216.77999877929688,107155400,-0.001341757194663229,0.014954346131062835,0.04118827244375822,0.012506767482088543,0.030389494946029272,0.03769673517575711,76.46065782875256,0.009971427434471547,-0.2793234588873974,0.007876555315849701,0.002687202848997705,1
2016-07-18,184.3408966064453,216.41000366210935,216.6000061035156,215.6699981689453,215.97000122070312,58725900,0.002687202848997705,0.01410509184472808,0.04788876820626364,0.012431696532350166,0.030725046228762265,0.03923605143412523,90.54509821204067,0.010692035145161372,-0.987782868340377,0.004297435048438644,-0.0010165578660313868,0
2016-07-19,184.15350341796875,216.19000244140625,216.22999572753903,215.6300048828125,215.9199981689453,54345700,-0.0010165578660313868,0.0057690939040748734,0.0401250216644522,0.01241645772453117,0.027636267368462475,0.0370307985795284,87.43521283229894,0.011085880951487097,-1.0148630056582362,0.0027752941299362304,0.004162839958358422,1
2016-07-20,184.92010498046875,217.08999633789065,217.3699951171875,216.19000244140625,216.19000244140625,58159500,0.004162839958358422,0.01009669617377762,0.04149837139709045,0.012424451875063231,0.02979707066739712,0.04012389380555281,85.26031863689121,0.011543614637963176,-0.9358635890872304,0.005435500003162953,-0.0037769029659728837,0
2016-07-21,184.2216796875,216.2700042724609,217.22000122070312,215.75,216.9600067138672,67777300,-0.0037769029659728837,0.0006942524254076599,0.039260177958905906,0.012467635611793088,0.0239234805232158,0.03531264536417322,76.54449807139089,0.011549021398312605,-0.7580656487751484,0.006797064741586589,0.004484909988708763,1
2016-07-22,185.0478973388672,217.2400054931641,217.3000030517578,216.1000061035156,216.41000366210935,62787500,0.004484909988708763,0.00653279869807144,0.03050130481344504,0.012214012432188382,0.026952533327480266,0.03878152326322515,77.47773918025327,0.011692686284026744,-0.7903870223428648,0.005523830408299158,-0.0027159386438811994,0
2016-07-25,184.5453186035156,216.6499938964844,217.05999755859372,215.97000122070312,217.0,55873100,-0.0027159386438811994,0.0011089345925592298,0.0659809595797829,0.008561619637230535,0.02092743205192238,0.03485591237550767,83.22611681664455,0.011527044902590971,-1.026332959287667,0.005031139481182713,0.00046145468442260196,1
2016-07-26,184.63047790527344,216.75,217.1699981689453,215.75999450683597,216.52999877929688,70080500,0.00046145468442260196,0.002590091844313802,0.08592166824200831,0.00702044643664824,0.017287867251109867,0.03404438479873617,81.5113994274013,0.01127256767752485,-0.7093249013273238,0.006505207206963536,-0.0010609140886038704,0
2016-07-27,184.43460083007807,216.5200042724609,217.2700042724609,215.6199951171875,217.19000244140625,84083900,-0.0010609140886038704,-0.002625480611975428,0.06555142221260701,0.006293983098088336,0.013042049798143829,0.03188306830593457,80.79404662321012,0.010875801140995048,-0.20643102251796291,0.0076205852702510455,0.0011548670128320726,1
2016-07-28,184.6475982666016,216.7700042724609,217.1100006103516,215.75,216.2899932861328,65035700,0.0011548670128320726,0.0023119894456726797,0.04892128373892124,0.005394922334038424,0.011818902730811987,0.031798244695939726,74.29374174808527,0.010511610330712934,-0.7592962856509309,0.006273933586503921,0.001614485997719628,1
2016-07-29,184.9457092285156,217.1199951171875,217.5399932861328,216.1300048828125,216.4600067138672,79519400,0.001614485997719628,-0.0005522251904568343,0.03647119950361288,0.004701746280990691,0.011648638959465218,0.03216015712607745,73.02103564175508,0.010228591393293905,-0.13328043364004843,0.006494051377254733,-0.0008290842319547131,0
2016-08-01,184.79237365722656,216.94000244140625,217.6499938964844,216.41000366210935,217.19000244140625,73311400,-0.0008290842319547131,0.0013387229520664956,0.03344126370697831,0.004737494374936014,0.009159470584784168,0.029953390044110906,64.8297901310048,0.009845587629633803,-0.35364515446244316,0.005715821058451256,-0.006407139294134834,0
2016-08-02,183.6083831787109,215.5500030517578,216.8300018310547,214.57000732421875,216.6499938964844,92295500,-0.006407139294134834,-0.005535893846772777,0.03425952292564838,0.00466288068835731,0.0010312370603240417,0.02227463220110426,53.90386890689885,0.008973044070525878,0.6127856708342511,0.010484780676589776,0.002922473183861296,1
2016-08-03,184.1449737548828,216.17999267578125,216.25,215.1300048828125,215.47999572753903,53993600,0.002922473183861296,-0.0015703510832117962,0.031097855794922635,0.0045631991633575935,0.0024390673105485483,0.024093477524043116,50.39996178328735,0.008346168755718203,-1.1544518954835516,0.005180845384092631,0.0010639598114867699,1
2016-08-04,184.3408966064453,216.41000366210935,216.77999877929688,214.25,216.30999755859372,46585500,0.0010639598114867699,-0.0016610108283858782,0.032835651185913584,0.004536651823889054,0.001907419638142338,0.02424997389091832,53.89786596744163,0.007856914532174743,-1.3507299471780607,0.011690766306935958,0.00817881684120425,1
2016-08-05,185.8485870361328,218.17999267578125,218.22999572753903,216.41000366210935,216.41000366210935,71892200,0.00817881684120425,0.004881853228082322,0.0260051668494079,0.0036691144644067928,0.00881045459531804,0.031652271099783524,60.25515414698117,0.007978197086611585,-0.05128344079758333,0.008341700094078851,-0.0005954954989719763,0
2016-08-08,185.7379150390625,218.0500030517578,218.5200042724609,217.7400054931641,218.3999938964844,39906500,-0.0005954954989719763,0.005116777078635559,0.021790437484239922,0.003652643700192386,0.007127009759601011,0.030083942872922265,60.890669575431865,0.007989491125825785,-1.6990704302683055,0.003577155553222682,0.0005958503251586311,1
2016-08-09,185.8485870361328,218.17999267578125,218.75999450683597,217.8000030517578,218.1300048828125,51251700,0.0005958503251586311,0.012200988967053128,0.015026928716280752,0.0033508613472175985,0.0069759601091192724,0.02981934173336387,57.0145688707106,0.007946364280005438,-0.9956737490796624,0.004399997650126953,-0.00247475876602965,0
2016-08-10,185.3886566162109,217.63999938964844,218.3999938964844,217.22999572753903,218.30999755859372,57941100,-0.00247475876602965,0.006753824641358763,0.012656085047691334,0.0034234405998777116,0.003853820976815303,0.026409821606514727,59.14595207400997,0.007647254586859659,-0.5399512645771518,0.00537584162941795,0.004640387843877658,1
2016-08-11,186.2489318847656,218.6499938964844,218.94000244140625,217.9499969482422,218.25999450683597,72504300,0.004640387843877658,0.0103505804379036,0.011706309342170762,0.0033575437531906515,0.007924001172265882,0.030252727877152275,59.362889124150456,0.007645013210683974,0.3952534118447551,0.004527809379371679,-0.0008686704336631212,0
2016-08-12,186.08714294433597,218.4600067138672,218.7100067138672,217.9900054931641,218.2899932861328,61313500,-0.0008686704336631212,0.0012836035614129937,0.012185577264323566,0.003344879598144322,0.006438357947171847,0.028520228684123294,62.69406358275504,0.00752104633325191,-0.19908345676976802,0.0032958033442072265,0.0028837085961952447,1
2016-08-15,186.62376403808597,219.08999633789065,219.5,218.8800048828125,218.88999938964844,49813500,0.0028837085961952447,0.004769349321258165,0.01238394449450042,0.003351580862293375,0.008717915144238253,0.030525736873834308,65.27545207068488,0.007541296304347321,-1.0329871897861844,0.002829865021455909,-0.005157729706085079,0
2016-08-16,185.6612091064453,217.9600067138672,218.67999267578125,217.9600067138672,218.6000061035156,53213600,-0.005157729706085079,-0.0010082289710982018,0.008187222401381922,0.0035783173064737306,0.003106490889221769,0.024468149506448933,58.41162079638735,0.007113410750992564,-0.7680967087650622,0.0033032939059285463,0.0018809955345773233,1
2016-08-17,186.01043701171875,218.3699951171875,218.52999877929688,217.0200042724609,218.0,75134300,0.0018809955345773233,0.003353929020560642,0.005896233031909448,0.0034877229587721324,0.004697399088884779,0.025644565375452677,59.174420300722375,0.006803729372357674,0.8141843390770866,0.0069148442579102165,0.0022440645820720473,1
2016-08-18,186.4278564453125,218.8600006103516,218.8999938964844,218.2100067138672,218.33999633789065,52989300,0.0022440645820720473,0.0009606742907799504,0.011975663024867078,0.003375363592817022,0.00635240943768256,0.027213919529941233,59.8198471430306,0.006658102076444578,-0.7705392898085593,0.003152641783299808,-0.0014620548356915064,0
2016-08-19,186.15528869628903,218.5399932861328,218.75,217.7400054931641,218.30999755859372,75443000,-0.0014620548356915064,0.0003662034403604242,0.005984349853994431,0.0032756629974049862,0.00458080854124554,0.024984960793614563,58.88943737385371,0.006372752298838995,0.8172715522466237,0.004621554579776758,-4.59021171774765e-05,0
2016-08-22,186.1467437744141,218.52999877929688,218.8000030517578,217.8300018310547,218.25999450683597,61368800,-4.59021171774765e-05,-0.0025560531700267175,0.008677679732093768,0.003199656258461424,0.004100822305291851,0.024020883869371623,69.5544950159869,0.0060655424941609215,-0.21927483061799227,0.0044387554391686615,0.002013556009260453,1
2016-08-23,186.5215606689453,218.97000122070312,219.6000061035156,218.8999938964844,219.25,53399200,0.002013556009260453,0.004633986639647203,0.010242527588766315,0.003219045211639552,0.005609736506208662,0.024968669132709342,68.77625024713223,0.005904235906201767,-0.7306988795601905,0.003196840677393249,-0.005115071102237079,0
2016-08-24,185.56748962402344,217.8500061035156,218.91000366210935,217.3600006103516,218.8000030517578,71728900,-0.005115071102237079,-0.0023813039462264873,0.006142495978773033,0.0034433130892864545,0.00016053013738370758,0.0186876930380917,58.654003496654134,0.005339392476901241,0.6670703606625484,0.007115001185821597,-0.0006883281306493405,0
2016-08-25,185.43975830078125,217.6999969482422,218.19000244140625,217.22000122070312,217.3999938964844,69224800,-0.0006883281306493405,-0.0053001636309706335,0.004290118266449872,0.0034442289921414932,-0.0007412270888325079,0.016937975420750373,46.41811516896739,0.004760587950843324,0.45892431103629255,0.004455678614151479,-0.0018834886587485444,0
2016-08-26,185.09048461914065,217.2899932861328,219.1199951171875,216.25,217.9199981689453,122506300,-0.0018834886587485444,-0.005719977576815416,0.0007827994022082674,0.003458458429597622,-0.0026622225690814405,0.014075370387862884,44.55528636396316,0.004107462001404218,3.0928974962370956,0.0132081329369283,0.004924283331780632,1
2016-08-29,186.00192260742188,218.3600006103516,218.6699981689453,217.3999938964844,217.44000244140625,70502200,0.004924283331780632,-0.0007779946296977425,0.00654544842006799,0.003617561913346747,0.0019224493056311243,0.01794400950618269,51.13644845438941,0.003915446206269684,0.2901423382029528,0.005816103081658918,-0.0016486705056070194,0
2016-08-30,185.6952667236328,218.0,218.58999633789065,217.3500061035156,218.25999450683597,58114500,-0.0016486705056070194,-0.004430018397600044,0.011365949140190956,0.0032928849563310164,-0.0002912898278994991,0.015304935640968687,52.32527460319691,0.003610589978870111,-0.3070420795036622,0.0056880285980507195,-0.0028440248238968957,0
2016-08-31,185.16714477539065,217.3800048828125,217.75,216.47000122070312,217.6100006103516,85269500,-0.0028440248238968957,-0.002157408333991695,0.005550903723652301,0.0033283638823451292,-0.0034086962257605657,0.011575013618664531,41.36067851136967,0.003107494290392782,1.1349614792547535,0.005888300444131972,4.6147073690105955e-05,1
2016-09-01,185.1756896972656,217.38999938964844,217.72999572753903,216.02999877929688,217.3699951171875,97844200,4.6147073690105955e-05,-0.0014240128758544746,0.0045285289709884324,0.003323557306515605,-0.0035865484626596,0.010747782423426111,42.53835564760455,0.0026734076881037325,1.6165359870488991,0.007820032904067015,0.004507866641770608,1
2016-09-02,186.01043701171875,218.3699951171875,218.8699951171875,217.6999969482422,218.38999938964844,79293900,0.004507866641770608,0.004970284639272959,0.0008708700892865462,0.0029408731199005735,0.0008615679841081914,0.014590844688530114,45.21265825800041,0.002650610806740771,0.6011071053936843,0.005357870564211155,0.0030223011915953,1
2016-09-06,186.57261657714844,219.02999877929688,219.1199951171875,217.8600006103516,218.6999969482422,56702100,0.0030223011915953,0.0030682154341548085,0.004493974953419633,0.003009691114068042,0.0036610880957899106,0.016166257917151317,57.5883079331042,0.002844441684395541,-0.6735561859311646,0.005752611577674931,-9.12717466591273e-05,0
2016-09-07,186.5555877685547,219.00999450683597,219.22000122070312,218.3000030517578,218.83999633789065,76554900,-9.12717466591273e-05,0.004632972396664714,0.003804175989158498,0.003009199089632702,0.00337867536388492,0.014246841247277597,54.804663860460884,0.0029631351755725387,0.3717926269773789,0.004200713173008169,-0.0022829834549951133,0
2016-09-08,186.1296844482422,218.50999450683597,218.94000244140625,218.1499938964844,218.6199951171875,74102900,-0.0022829834549951133,0.005198220634762718,0.00399715843221915,0.0030005400812441775,0.0008885225714785339,0.010498415313968446,47.37599737881722,0.00284653756689087,0.18797813919301604,0.003615434372715302,-0.02393493463582108,0
2016-09-09,181.6746826171875,213.27999877929688,217.02999877929688,213.25,216.97000122070312,221589100,-0.02393493463582108,-0.018906407670476133,-0.024559868458242984,0.006040332824988625,-0.0218646976138972,-0.014291328252136526,27.288224474863213,0.0008279113016650934,3.780466665488823,0.017723175173160213,0.014347696231687745,1
2016-09-12,184.2812957763672,216.33999633789065,216.80999755859372,212.30999755859372,212.38999938964844,168110900,0.014347696231687745,-0.009295936632000013,-0.009704309171477576,0.00697375574189352,-0.007348148135727817,-0.0007822751883335144,42.5155316767842,0.0003221663485460555,1.982217979776709,0.02080059201337729,-0.014375768140240108,0
2016-09-13,181.63211059570312,213.22999572753903,215.1499938964844,212.5,214.83999633789065,182828800,-0.014375768140240108,-0.026480338176542606,-0.02674714802860878,0.007579269331334207,-0.020301168962077898,-0.01544782991560234,33.410404743981616,-0.0012330804159405022,1.960937781322139,0.012427866386446454,-0.0003749335696346945,0
2016-09-14,181.5640106201172,213.1499938964844,214.6999969482422,212.5,213.2899932861328,134185500,-0.0003749335696346945,-0.026756513745544663,-0.022068145015575524,0.00752732187777948,-0.019585145773337476,-0.016247582409078865,35.54755494057548,-0.00247204398305466,0.8420804275486679,0.010321355905412827,0.009992790137708374,1
2016-09-15,183.3783416748047,215.27999877929688,215.72999572753903,212.75,212.9600067138672,134427900,0.009992790137708374,-0.014781859119320506,-0.014150256185615162,0.007904796199362013,-0.009083877871491008,-0.0069323129035198106,43.3661579134998,-0.002591169473401686,0.7749280644107577,0.013842417987906527,-0.0038657390823326754,0
2016-09-16,182.66944885253903,213.3699951171875,213.69000244140625,212.57000732421875,213.47999572753903,155236400,-0.0038657390823326754,0.005475535837030421,-0.02016011804478357,0.007903805811949308,-0.011911136534060951,-0.011219873155519089,42.38512049713506,-0.0029940872359310415,1.091795063639456,0.005249075047184464,0.00018752988888159905,1
2016-09-19,182.7037048339844,213.41000366210935,214.8800048828125,213.02999877929688,214.1300048828125,80250500,0.00018752988888159905,-0.008560776261836489,-0.01854142252136526,0.007907203988945325,-0.010802415468314064,-0.011202043538183437,39.02025963048688,-0.003252194996065443,-0.4645379372131043,0.008668788115690806,4.685280285809945e-05,1
2016-09-20,182.71226501464844,213.4199981689453,214.58999633789065,213.3800048828125,214.41000366210935,69665300,4.685280285809945e-05,0.0059469353486159005,-0.01845038323059678,0.007907761846235904,-0.0098354625780821,-0.011255818699688391,39.86853043058253,-0.003413896452442303,-0.6974465928253607,0.005669531747068579,0.011245732606962155,1
2016-09-21,184.7669982910156,215.82000732421875,216.02999877929688,213.44000244140625,214.2400054931641,110284400,0.011245732606962155,0.017641093408098163,-0.009406753683794622,0.008344252847310017,0.0017759284948033471,-0.00031733051204696494,48.76863435990944,-0.0025757386541012408,0.09389793101287218,0.012000723982924184,0.006301403349110002,1
2016-09-22,185.9312896728516,217.17999267578125,217.52999877929688,216.7100067138672,217.0,76678700,0.006301403349110002,0.013921753107431822,0.0019604729770568152,0.008397868590605132,0.00798911160688176,0.005670880432167236,52.170787241896136,-0.0014079058565258482,-0.6370809944256988,0.003775633543987722,-0.00547960134894887,0
2016-09-23,184.91246032714844,215.9900054931641,216.8800048828125,215.8800048828125,216.72000122070312,73630900,-0.00547960134894887,0.01227907287561858,-0.0028435001127296022,0.008490320942927876,0.0026090380246226452,7.16464676988604e-05,46.878603138357924,-0.0009317542514138569,-0.7103674415626235,0.004629843856509597,-0.008101796743685163,0
2016-09-26,183.41433715820312,214.2400054931641,215.22999572753903,214.00999450683597,215.0200042724609,89827300,-0.008101796743685163,0.0038895342864802007,-0.009055827285700424,0.008670704583424945,-0.005061786964352666,-0.007984319271293505,41.475099651641465,-0.0011980082803388578,-0.3238671257410895,0.005694553722096481,0.006207861705280093,1
2016-09-27,184.55294799804688,215.57000732421875,215.67999267578125,213.6199951171875,214.0500030517578,78494800,0.006207861705280093,0.010074216874553343,-0.007790105548711068,0.008716962026762143,0.00150824556859952,-0.0018489187491490533,44.903039496443874,-0.0008862807250490557,-0.5819241540707295,0.009556049026317005,0.004963677965073243,1
2016-09-28,185.4690093994141,216.63999938964844,216.82000732421875,214.7100067138672,215.8300018310547,87411000,0.004963677965073243,0.0037994399156324743,-0.0012184334485781934,0.008790387803172236,0.006541202761344955,0.0029628623923045883,48.359434558497085,-0.00024058339157129237,-0.42986857738200773,0.009739663110672918,-0.009047135487861846,0
2016-09-29,183.79104614257807,214.67999267578125,216.8699951171875,214.0399932861328,216.3999938964844,128070600,-0.009047135487861846,-0.011510937906359375,-0.0074316565958924,0.009002009135921543,-0.0021925258798863867,-0.005989697444629405,56.09602587881587,-0.00046126507015757683,0.43266358712756664,0.013182420009342348,0.007545830486354266,1
2016-09-30,185.1779022216797,216.3000030517578,217.1199951171875,215.3600006103516,215.6499938964844,117202900,0.007545830486354266,0.0014355003122106247,1.194824448980114e-05,0.009173260292938412,0.005336156379687429,0.0014073580952016496,52.77779878828215,-2.5050744051018672e-05,0.167634629641417,0.00813682146095377,-0.0024041228696637384,0
2016-10-03,184.7327117919922,215.77999877929688,216.0399932861328,215.0399932861328,215.82000732421875,83512100,-0.0024041228696637384,0.007187958445429077,-0.006869104982781482,0.009126188856280573,0.003267178271775917,-0.0009660918833768184,61.12538886656256,0.0001228048876264562,-0.5944894889686877,0.004634349826940241,-0.005097449392040709,0
2016-10-04,183.79104614257807,214.67999267578125,216.1699981689453,213.9900054931641,215.91000366210935,119948100,-0.005097449392040709,-0.00412836458985677,-0.014908781822332351,0.009150962015184323,-0.001092427261317308,-0.005977522268915347,57.51951867166864,-0.00017020775777706326,0.16043775316039646,0.010154615009110505,0.004425098360887336,1
2016-10-05,184.60433959960935,215.6300048828125,216.1300048828125,215.3300018310547,215.41000366210935,72816000,0.004425098360887336,-0.004662071591392647,-0.010459339182946947,0.009222500888725685,0.0038601372606188455,-0.0015760521399590388,54.439664175351794,-4.5130336719682e-05,-0.9356354775541189,0.003710072965924138,0.0006953909786804324,1
2016-10-06,184.7327117919922,215.77999877929688,216.0399932861328,214.7400054931641,215.3699951171875,62927400,0.0006953909786804324,0.005123566513047795,-0.007505372721128056,0.009215984312821614,0.004939918828724688,-0.0009139740456154399,57.7995505472801,0.00010818914715072622,-1.1373783976641436,0.006024598203369021,-0.0034296047219698478,0
2016-10-07,184.09915161132807,215.0399932861328,216.3000030517578,214.19000244140625,216.1000061035156,89788300,-0.0034296047219698478,-0.005825482400487636,0.013345112038804174,0.007417594772348263,0.0008333709627112995,-0.004281375132722753,55.046418307750955,-4.669308606535454e-05,-0.4534067126062295,0.009812131120856155,0.00520823577250229,1
2016-10-10,185.0579833984375,216.16000366210935,216.6999969482422,215.9900054931641,216.16000366210935,51855000,0.00520823577250229,0.00176076886053389,0.0042146850487359,0.006786534453559081,0.0058335970047558305,0.0008924064695106093,57.93739060394343,0.0002463893893447661,-1.4155728585102139,0.0032845644108515106,-0.012629164344209465,0
2016-10-11,182.72085571289065,213.42999267578125,215.7400054931641,212.5800018310547,215.66000366210935,130367400,-0.012629164344209465,-0.005822864890040358,0.005994232592556159,0.00659726152170033,-0.007163000680455056,-0.011526533552371099,43.206146163917005,-0.0005412755535249939,1.143758792046834,0.0148058087923459,0.0013117553420960437,1
2016-10-12,182.9605407714844,213.7100067138672,214.32000732421875,213.00999450683597,213.58999633789065,73866100,0.0013117553420960437,-0.008904443046627186,0.0076916683355774396,0.006598697137639715,-0.00623768600090624,-0.010160517125179291,39.49089762786695,-0.00104867564001539,-0.7310444853127986,0.0061298618512362815,-0.0032751756348485817,0
2016-10-13,182.3613128662109,213.00999450683597,213.58999633789065,211.2100067138672,212.16000366210935,101357000,-0.0032751756348485817,-0.012836919367326005,-0.005546068305041896,0.006241202266450623,-0.009218775399754908,-0.013211968562391707,40.69913373193996,-0.0017016569537579719,0.32936250566430825,0.011173135934460047,0.0005162648098762102,1
2016-10-14,182.45545959472656,213.1199951171875,214.69000244140625,213.02999877929688,214.1499938964844,93346200,0.0005162648098762102,-0.008928297616882519,-0.0011714561967349768,0.00618460076533422,-0.008649641832285337,-0.012501027044597879,46.10547765395342,-0.002148867230263226,0.17237589844872447,0.007789056400815864,-0.0034722428393927363,0
2016-10-17,181.82192993164065,212.3800048828125,213.38999938964844,212.1699981689453,213.08999633789065,58275700,-0.0034722428393927363,-0.017486700154024093,-0.004826256277315144,0.006231465950292882,-0.011855139895800226,-0.01550075211001345,38.43329205905291,-0.0027620235184489337,-1.3152851795565317,0.005744425994228129,0.006262230525612811,1
2016-10-18,182.9605407714844,213.7100067138672,214.30999755859372,213.2700042724609,214.2400054931641,76869700,0.006262230525612811,0.0013117553420960437,0.0013588346508432991,0.006398400820870414,-0.00573422715217331,-0.009037539765807234,39.57243130852241,-0.0026886860589826972,-0.5267732748257298,0.004866376180153522,0.002667194417714791,1
2016-10-19,183.4485321044922,214.27999877929688,214.63999938964844,213.6000061035156,214.0200042724609,66519200,0.002667194417714791,0.002667194417714791,-0.007135831608016785,0.005877332992058604,-0.002725055048140912,-0.006136058928397192,48.41985963380927,-0.002394899329538525,-0.8890375080764974,0.004853431454440171,-0.0018667524836591953,0
2016-10-20,183.1060791015625,213.8800048828125,214.52999877929688,213.1100006103516,213.8699951171875,73639800,-0.0018667524836591953,0.004084014441692485,-0.015194917306603384,0.005671623772913698,-0.0038217255928502114,-0.0077459475590686555,39.422658953413794,-0.002296237029408458,-0.5656607794059968,0.006639228242599483,0.0004674984416719319,1
2016-10-21,183.19168090820312,213.97999572753903,214.0800018310547,212.75999450683597,213.8800048828125,89089100,0.0004674984416719319,0.004035074177072495,-0.00930591381403334,0.005565511693810354,-0.002889276085023429,-0.006953028592472155,41.83265321306304,-0.0021509614453386326,0.08128545322089445,0.006168835174197724,0.004252997546988491,1
2016-10-24,183.9707946777344,214.88999938964844,215.32000732421875,214.47999572753903,215.0,60146600,0.004252997546988491,0.011818512469324638,0.003033882346129335,0.0053534267405660595,0.0011998120070728646,-0.002500729680365743,50.969355847405076,-0.0016671091496778478,-1.1000054771814574,0.003909030662504532,-0.0033506653141696097,0
2016-10-25,183.3543701171875,214.1699981689453,214.97999572753903,213.97999572753903,214.67999267578125,66542300,-0.0033506653141696097,0.0021525370664212673,-0.0064944932815272916,0.005210324344224561,-0.001829327040480333,-0.005490425946180433,43.11287030155499,-0.001548639621827641,-0.7880971437741918,0.0046691880681213,-0.0020077707702664815,0
2016-10-26,182.9862365722656,213.7400054931641,214.4199981689453,212.92999267578125,213.2100067138672,75705500,-0.0020077707702664815,-0.0025200285165719594,-0.013386456503909794,0.005070054865674574,-0.0031597566740066974,-0.007199082528422496,40.62490273265943,-0.0015971529178067088,-0.37445702293694244,0.0069711118876700714,-0.00266648632701294,0
2016-10-27,182.4983062744141,213.1699981689453,214.6199951171875,213.0800018310547,214.5800018310547,77220200,-0.00266648632701294,-0.0033192389358700503,-0.007033747809243707,0.004702001725973237,-0.0054676247554720225,-0.009468876438498142,41.27015561994239,-0.0018321162377782643,-0.22522995477060798,0.007224249656897353,-0.002955801190430818,0
2016-10-28,181.95887756347656,212.5399932861328,213.92999267578125,211.7100067138672,213.13999938964844,140623200,-0.002955801190430818,-0.006729581488715719,-0.01738341680936406,0.004347777241124086,-0.007536764639331728,-0.01191735261774729,32.289619306558706,-0.0022343746902191053,2.3961905132287344,0.01044502696923208,4.729616464160813e-05,1
2016-10-31,181.9674835205078,212.5500030517578,213.19000244140625,212.3600006103516,212.92999267578125,61272500,4.729616464160813e-05,-0.010889289034902716,-0.01496880679474899,0.004336715896771858,-0.006740785342127076,-0.011420997770315466,44.13342237030017,-0.0025159241895842364,-0.8521122700592164,0.003904972096624935,-0.007245362658475418,0
2016-11-01,180.6490631103516,211.00999450683597,212.9900054931641,209.6000061035156,212.92999267578125,122781800,-0.007245362658475418,-0.014754527012946883,-0.017095408607604612,0.004474582162453968,-0.013091017502283364,-0.017997014064910166,34.589365100357185,-0.0033098816359605336,1.6415878347073676,0.016065586834270406,-0.006018658474770455,0
2016-11-02,179.56179809570312,209.7400054931641,211.1000061035156,209.22999572753903,210.6499938964844,103330800,-0.006018658474770455,-0.018714186054152093,-0.027315400682578983,0.004435523622123831,-0.017677832582171815,-0.02316822386966766,32.47599235117383,-0.0043863433839420795,0.7816431038104992,0.008915849752075601,-0.0045773359454414075,0
2016-11-03,178.73988342285156,208.77999877929688,210.2400054931641,208.4600067138672,209.9900054931641,88939300,-0.0045773359454414075,-0.020594288945954164,-0.032440536984529866,0.004462638911276116,-0.02056873082242061,-0.026916650837101375,28.683903679089042,-0.005554605013515106,0.15734454079030377,0.008525715057497224,-0.0011016828985264127,0
2016-11-04,178.54296875,208.5500030517578,209.88999938964844,208.3800048828125,208.91000366210935,109122100,-0.0011016828985264127,-0.01877297144946899,-0.030180382759494417,0.004443771293309869,-0.02015614137844357,-0.027258208892615876,30.19666027720426,-0.0064858354580389225,0.9188261617552728,0.007240443465547148,0.0220573606066905,1
2016-11-07,182.4811553955078,213.1499938964844,213.19000244140625,208.5500030517578,208.5500030517578,109794900,0.0220573606066905,0.0028228772803911006,-0.013924435766608734,0.0067733212938811726,0.0021652405885701498,-0.005519337594335982,47.83639311160775,-0.005261111834641775,0.8583977847181405,0.02176870524285278,0.0045040235101598824,1
2016-11-08,183.3030548095703,214.1100006103516,214.7700042724609,212.3800048828125,212.69000244140625,106772100,0.0045040235101598824,0.0146914224381971,0.0031862761062944056,0.006245282244245968,0.006518105873854374,-0.0007462285496306897,49.36262895833222,-0.003974085584087129,0.8376025156133596,0.011162483689857406,0.010601809763780778,1
2016-11-09,185.24639892578125,216.3800048828125,217.1000061035156,212.33999633789065,212.3699951171875,258429000,0.010601809763780778,0.03165818615298299,0.012493722114386818,0.006665437637747753,0.016551049199345247,0.009897093132050783,58.223659524970884,-0.0020712378085366856,3.6573954941798394,0.021998380895697264,0.0024954885823325057,1
2016-11-10,185.70867919921875,216.9199981689453,218.30999755859372,215.22000122070312,217.3000030517578,172113300,0.0024954885823325057,0.03898847667859817,0.01835568235606866,0.006611632381559637,0.01815272450651917,0.012357505109140465,59.39889552123143,-0.0003894201998746223,1.5155025571415588,0.014244866144079502,-0.0023048979327566776,0
2016-11-11,185.2806396484375,216.4199981689453,216.6999969482422,215.32000732421875,216.0800018310547,100552700,-0.0023048979327566776,0.03773697136106069,0.015484217682421031,0.006650912345532026,0.015019897941053406,0.010012567505315983,55.02287860879322,0.0007464955900132197,-0.007081506802886062,0.006376442268270271,0.000785337382125384,1
2016-11-14,185.4261474609375,216.58999633789065,217.2700042724609,215.72000122070312,217.02999877929688,94580000,0.000785337382125384,0.016138609266511672,0.019822787771815564,0.006575032637646652,0.014815158502925252,0.010870162846610132,58.24235595788492,0.0016899766776010917,-0.17592764222079865,0.0071563926218443895,0.007802692014738488,1
2016-11-15,186.8729705810547,218.27999877929688,218.27999877929688,216.8000030517578,217.0399932861328,91652600,0.007802692014738488,0.019475484329451564,0.02138400877627955,0.006648505444045622,0.021639667872573876,0.018724309976775766,64.24070908076463,0.0030093273368166826,-0.25711688735173815,0.0067802626709535935,-0.0018778618960689775,0
2016-11-16,186.5220489501953,217.8699951171875,218.13999938964844,217.4199981689453,217.55999755859372,65617700,-0.0018778618960689775,0.0068862338583173255,0.016754109779153037,0.0066690191750283555,0.018865170040331503,0.016815004587929394,64.89221358043363,0.0038764419858991392,-0.8232706070232091,0.0033047286769151123,0.005140663269008083,1
2016-11-17,187.48089599609372,218.9900054931641,219.05999755859372,217.9199981689453,218.0500030517578,69797200,0.005140663269008083,0.00954299392207636,0.023892253692487486,0.006702652584007677,0.0228806153500265,0.02189156188908381,69.822062575519,0.0048921261343858645,-0.725805870674859,0.005205714238333104,-0.0022379396077788494,0
2016-11-18,187.0613250732422,218.5,219.2700042724609,218.2899932861328,219.07000732421875,86265800,-0.0022379396077788494,0.009610747394781516,0.021123471032388874,0.006745429416851635,0.019515246268475117,0.01900625618629026,67.76103394191426,0.005481414171316039,-0.36454385332561234,0.004485176138801357,0.007551684845999107,1
2016-11-21,188.4739532470703,220.1499938964844,220.17999267578125,219.0,219.1699981689453,72402600,0.007551684845999107,0.016436763789070552,0.024477573069269898,0.006866666145506885,0.025955305048738886,0.02623270216467577,77.10548905023062,0.006425930866640369,-0.686492941539807,0.0053599487099513085,0.001953313958604763,1
2016-11-22,188.84210205078125,220.5800018310547,220.7899932861328,219.72999572753903,220.50999450683597,67429000,0.001953313958604763,0.010537272798756492,0.02992964896384187,0.006782263376488602,0.026426227569099625,0.027430557426926017,83.83261313621753,0.007266521016979191,-0.7973026129399818,0.00480550163112994,0.0005440387797110979,1
2016-11-23,188.94483947753903,220.6999969482422,220.75999450683597,219.75,219.97999572753903,56620200,0.0005440387797110979,0.012989298267845228,0.032563120685419555,0.006736704119443622,0.025324274294504567,0.02716456724097438,89.26236591459879,0.007891214572578756,-0.9960545965420093,0.004576323157235142,0.0037153480960396834,1
2016-11-25,189.64683532714844,221.5200042724609,221.55999755859372,221.00999450683597,221.1000061035156,37872300,0.0037153480960396834,0.011552853529672946,0.03917038573489795,0.006673586010481141,0.027141463998696658,0.030278654001718586,91.12259648258319,0.00855839769896392,-1.3037543002878385,0.0024828595212614455,-0.004694861367183001,0
2016-11-28,188.7564697265625,220.47999572753903,221.47999572753903,220.3600006103516,221.16000366210935,76572500,-0.004694861367183001,0.009061972872567825,0.037357848400194626,0.006751660156358706,0.020440736225785017,0.024763891397088234,80.01649502594698,0.008672671451552719,-0.44162922675205263,0.005079803786695875,0.0019501478697763197,1
2016-11-29,189.12457275390625,220.91000366210935,221.44000244140625,220.1699981689453,220.5200042724609,69886700,0.0019501478697763197,0.0034520393700399055,0.039331693195569395,0.006738209593484824,0.020456565853662623,0.02604699179041914,79.1095885184989,0.008770203529488403,-0.5949715243877716,0.0057489667801710765,-0.0023989734775223814,0
2016-11-30,188.67086791992188,220.3800048828125,221.82000732421875,220.30999755859372,221.6300048828125,113291800,-0.0023989734775223814,-0.0009067582334649771,0.04440546035198678,0.006471920786950667,0.015810145509739026,0.022924173414978766,70.12103498359318,0.008589131334453179,0.3343036664912048,0.006851845594739773,-0.0036752104816811793,0
2016-12-01,187.9774627685547,219.57000732421875,220.72999572753903,219.1499938964844,220.72999572753903,79040500,-0.0036752104816811793,-0.005119889549030754,0.046867790154151656,0.006335166791926124,0.009789141269827883,0.01881003750844279,62.97812466722653,0.008069337579230054,-0.3661688965561327,0.0071958909611984844,0.0005005969905249597,1
2016-12-02,188.07156372070312,219.67999267578125,220.25,219.25999450683597,219.6699981689453,74840300,0.0005005969905249597,-0.00830634270130537,0.052208159248796626,0.006143395551681092,0.007768741587309114,0.019083623984475384,66.5990866717973,0.007581448804384929,-0.43811232267300737,0.004506580144624968,0.006008863930249131,1
2016-12-05,189.20166015625,221.0,221.3999938964844,220.4199981689453,220.6499938964844,67837800,0.006008863930249131,0.002358543949950054,0.05969818627343737,0.006125720724925925,0.010937359264581614,0.024730834482140862,70.1007997036451,0.007549937767375,-0.5389928848964602,0.00443436980786919,0.0031674613210834757,1
2016-12-06,189.8009490966797,221.6999969482422,221.7400054931641,220.66000366210935,221.22000122070312,59877400,0.0031674613210834757,0.0035763535796775603,0.0401126005877539,0.004161140620820993,0.012160138025147482,0.02726595927367348,67.13487661045778,0.007702965341481246,-0.6478948075906671,0.004871456228783261,0.013080607888465101,1
2016-12-07,192.28366088867188,224.6000061035156,224.6699981689453,221.3800048828125,221.5200042724609,110738100,0.013080607888465101,0.019148652935032873,0.048993215570964255,0.004824390886283982,0.022950287684276427,0.039833065359033304,76.98469076371822,0.008683632747796165,0.4036775833556231,0.014648233289078771,0.0024486763561994973,1
2016-12-08,192.75450134277344,225.1499938964844,225.6999969482422,224.25999450683597,224.57000732421875,99714400,0.0024486763561994973,0.02541282611150275,0.04053035557252738,0.004423130079767082,0.023411248305919674,0.041558562276190925,75.88222166638481,0.009602748436798194,0.5818428097114517,0.006395747192728245,0.006040597801249881,1
2016-12-09,193.9188537597656,226.50999450683597,226.52999877929688,225.3699951171875,225.41000366210935,88005800,0.006040597801249881,0.031090771637045655,0.04420996690057444,0.004514222766046531,0.027354088169353474,0.046704557186938445,81.36309773877792,0.01064759218851881,0.46769584873369596,0.005121202994309227,-0.0011478781486584655,0
2016-12-12,193.69625854492188,226.25,226.9600067138672,225.75999450683597,226.3999938964844,102016100,-0.0011478781486584655,0.02375559699085117,0.045420929636537766,0.004460888525792896,0.023892312549782302,0.044542526683079675,76.80181555911625,0.011311451111361885,1.1964256498108061,0.005303921357044074,0.006674135766299827,1
2016-12-13,194.989013671875,227.75999450683597,228.33999633789065,227.0,227.0200042724609,110477500,0.006674135766299827,0.027334239369649627,0.05157237176030982,0.004553695154213131,0.028127317237341742,0.050352067182920957,78.81260406593861,0.012144432421366418,1.5202861222889184,0.00588337008346053,-0.008254296178044851,0
2016-12-14,193.3795166015625,225.8800048828125,228.22999572753903,225.3699951171875,227.41000366210935,142501800,-0.008254296178044851,0.005699161893558458,0.034818015683470094,0.004971013505605503,0.01789478586140425,0.0406071935896708,68.21400235390573,0.012159314932118359,2.4610525330349855,0.012661592653299766,0.0041171532005819245,1
2016-12-15,194.1756896972656,226.80999755859372,227.80999755859372,225.88999938964844,226.16000366210935,124972600,0.0041171532005819245,0.007373048850179087,0.04103343701266082,0.0049228779992918055,0.020030936307548597,0.04381629725344105,68.45801279858708,0.012231290882065452,1.5314844991092433,0.008465227236948737,-0.0019561513427606148,0
2016-12-16,193.7958526611328,225.0399932861328,226.0800018310547,224.6699981689453,226.00999450683597,156420200,-0.0019561513427606148,-0.0006342915928388981,0.03368320079487286,0.0049421523948306205,0.01634981683247827,0.040760316191063906,71.43057374272769,0.012054890652056234,2.2243709732077592,0.0062655692506913205,0.0021776915351670034,1
2016-12-19,194.21788024902344,225.52999877929688,226.0200042724609,225.0800018310547,225.25,90341100,0.0021776915351670034,0.0026929880216586266,0.03825780220993935,0.004856298162808762,0.016655253360422284,0.04189440752941809,71.56100667768223,0.011908311642382001,0.009965146758185802,0.00416797076439532,0.0038576355626844805,1
2016-12-20,194.96710205078125,226.3999938964844,226.57000732421875,225.8800048828125,226.1499938964844,89838800,0.0038576355626844805,-0.0001123736188061164,0.034451173182530326,0.004697282015031777,0.01884565571927843,0.04480286155411517,76.00266183369109,0.01193995787144867,-0.036309783282444066,0.003047714045971821,-0.0027827335904337946,0
2016-12-21,194.424560546875,225.7700042724609,226.4499969482422,225.7700042724609,226.25,67909000,-0.0027827335904337946,0.005404108789172746,0.029561514278169776,0.004802332262597485,0.01453066359438604,0.04059016630219148,76.96167830811294,0.01167504105789648,-0.7777025382193286,0.0030118822824694563,-0.0017273843711976822,0
2016-12-22,194.08871459960935,225.3800048828125,225.7400054931641,224.9199981689453,225.6000061035156,56219100,-0.0017273843711976822,-0.000447919602046265,0.027224216000256485,0.0048519515104145676,0.011420783864668715,0.03755673577985874,74.66493368726816,0.011189864212144981,-1.1708148734962358,0.003638332178780214,0.0014643314304205735,1
2016-12-23,194.3729248046875,225.7100067138672,225.72000122070312,225.2100067138672,225.42999267578125,36697800,0.0014643314304205735,0.0029777321631527798,0.024920476365378752,0.004820323823234113,0.011656073241684162,0.03774336141464518,72.77709225520806,0.010767437829648464,-1.8206551214078588,0.0022595121690039115,0.002480997649316752,1
2016-12-27,194.85516357421875,226.2700042724609,226.72999572753903,226.0,226.0200042724609,42672500,0.002480997649316752,0.003281280407232412,0.03230985330723213,0.004617937495522161,0.012558958484931937,0.038942416670406876,72.4934706167569,0.010498457841883815,-1.4750739084134292,0.0032262152019938823,-0.008264664729004556,0
2016-12-28,193.2447509765625,224.3999938964844,226.58999633789065,224.2700042724609,226.57000732421875,64095000,-0.008264664729004556,-0.008834059982951059,0.021785525607069145,0.005115406597104023,0.003116642679275916,0.02910235638960712,54.637324773235974,0.009609082304022342,-0.7809499712755857,0.010338645849072329,-0.00022282780006610547,0
2016-12-29,193.20169067382807,224.3500061035156,224.88999938964844,223.83999633789065,224.47999572753903,48696100,-0.00022282780006610547,-0.006289688245184943,0.02401442683684074,0.0050601207370181865,0.0017151481858179718,0.02775201200507027,52.250627798213465,0.008718394408857385,-1.1405737585534224,0.004680200682826415,-0.00365489028063104,0
2016-12-30,192.4955596923828,223.52999877929688,224.8300018310547,222.72999572753903,224.72999572753903,108998300,-0.00365489028063104,-0.008208385070265889,0.024035311772406365,0.0050590924010920045,-0.003113638826501508,0.023011014529829454,42.49043965510314,0.007655952628891944,0.6670264183881262,0.009394739475613301,0.0076499424631297774,1
2017-01-03,193.9681396484375,225.2400054931641,225.8300018310547,223.8800048828125,225.0399932861328,91366500,0.0076499424631297774,-0.002082518214184148,0.031352830864378456,0.005255799675177576,0.0029810882194769572,0.029648239492437556,51.267329943923954,0.007265918998052418,0.10404624752982328,0.008657418312402628,0.005949073214569944,1
2017-01-04,195.1220703125,226.5800018310547,226.75,225.6100006103516,225.6199951171875,78744400,0.005949073214569944,0.0013697699018357934,0.03129153386582706,0.005253151001556491,0.007405881051836705,0.03446342997702301,50.62835434573324,0.00735389362080203,-0.30173187554759434,0.005031332776219276,-0.0007942118565601453,0
2017-01-05,194.96710205078125,226.3999938964844,226.5800018310547,225.47999572753903,226.2700042724609,78379000,-0.0007942118565601453,0.008912796158834002,0.027218794103448074,0.0052638255867209875,0.005265135630454498,0.0324380599373586,58.69130835750278,0.007315134226006368,-0.34805945365612545,0.004858684333792884,0.0035776549842361227,1
2017-01-06,195.6646270751953,227.2100067138672,227.75,225.8999938964844,226.52999877929688,71559900,0.0035776549842361227,0.012748006462972805,0.017583221428683737,0.004527218097741269,0.00798304334775457,0.034782652257947744,58.240258610643494,0.007455547860389758,-0.5037661281273468,0.008142273882529163,-0.0033008458110327377,0
2017-01-09,195.01876831054688,226.4600067138672,227.07000732421875,226.4199981689453,226.91000366210935,46939700,-0.0033008458110327377,0.01310787959055415,0.011746895413596192,0.0046043636879757165,0.00407024462311667,0.030056048621130982,56.57442483523943,0.0072616806564404415,-1.1586376201474198,0.002870304406970745,0.0,0
2017-01-10,195.01876831054688,226.4600067138672,227.4499969482422,226.00999450683597,226.47999572753903,63771900,0.0,0.005416501204855706,0.005672035129415054,0.004422836152289787,0.0037860225626702437,0.02869547630859448,54.51025413198637,0.007007691310368337,-0.6011096778861792,0.006358749442349299,0.0028262034700623495,1
2017-01-11,195.56993103027344,227.1000061035156,227.1000061035156,225.58999633789065,226.3600006103516,74650000,0.0028262034700623495,0.0022952847776582797,0.009673250786705445,0.004443956862266476,0.006137765118193528,0.03012359744552051,53.47233086592495,0.00693469036113063,-0.23207959268098038,0.006649096103223608,-0.002510051010110148,0
2017-01-12,195.07904052734372,226.52999877929688,226.75,224.9600067138672,226.5,72113200,-0.002510051010110148,0.0005741403312919946,0.00046170219425900605,0.004241282374931457,0.0035890670813927272,0.026120608107162102,53.792409522226215,0.006630351740718993,-0.25578009693727616,0.007901793562788842,0.002295478188772515,1
2017-01-13,195.5268402099609,227.0500030517578,227.3999938964844,226.69000244140625,226.72999572753903,62717900,0.002295478188772515,-0.0007041991559437744,0.01110419369194493,0.0037883795211492376,0.005337487708805488,0.02686884226942432,58.22653992860067,0.0064709395755187795,-0.4728308361230911,0.0031270268466647207,-0.003523477009254039,0
2017-01-17,194.83790588378903,226.25,226.77999877929688,225.8000030517578,226.30999755859372,61240800,-0.003523477009254039,-0.0009274103632417319,0.0034103969840708626,0.0037959369261956998,0.0016246822268288774,0.02161147418361531,52.54213251156636,0.006024349729135087,-0.4480272622715438,0.0043314728289019335,0.002210136083014902,1
2017-01-18,195.26852416992188,226.75,226.8000030517578,225.8999938964844,226.5399932861328,54793300,0.002210136083014902,0.001280676016665705,0.007599086815155642,0.003787015754816219,0.0034585636557402655,0.022097749252727006,52.27274252654468,0.005751472881581701,-0.7267722362839275,0.0039691693727603485,-0.0037048185380489373,0
2017-01-19,194.5450897216797,225.91000366210935,227.0,225.41000366210935,226.83999633789065,66608800,-0.0037048185380489373,-0.005240280564577704,0.0016847546283416115,0.00386805877406059,-0.00034311364962014146,0.01660803659033583,57.92223439007742,0.005206292606234036,-0.016649705475251155,0.007038184728945383,0.0036743589480137118,1
2017-01-20,195.25991821289065,226.7400054931641,227.30999755859372,225.97000122070312,226.6999969482422,129168600,0.0036743589480137118,0.0009272020461961183,0.0015018747215780337,0.00385887244894488,0.003254508926532562,0.018982542616144515,61.59086534495603,0.00497789028260358,2.7539236167304146,0.00590983640040088,-0.002602263078013367,0
2017-01-23,194.75180053710935,226.1499938964844,226.80999755859372,225.2700042724609,226.7400054931641,75061600,-0.002602263078013367,-0.003963853105892312,0.0016831206371967777,0.0038520256818712468,0.0005596609983498091,0.015117889713726518,62.995807662222,0.004561429457199839,0.2660567286667322,0.006809610115831855,0.0064116094532005175,1
2017-01-24,196.0004730224609,227.6000061035156,228.0800018310547,226.2700042724609,226.3999938964844,95555300,0.0064116094532005175,0.005966842711629727,0.009849920572638116,0.004073360985640576,0.006480582321822137,0.020482383053280317,62.01605496724194,0.0046546088183134025,1.0843754571452304,0.007952537390401328,0.00865560505740448,1
2017-01-25,197.6969757080078,229.57000732421875,229.57000732421875,228.50999450683597,228.6999969482422,84437700,0.00865560505740448,0.012436472024404344,0.01710140909110902,0.004461996717582063,0.01432658802933462,0.028031933347792526,64.30612144549033,0.005341577287088036,0.5145273848176531,0.004617383732909594,-0.0010452854907534448,0
2017-01-26,197.4903259277344,229.3300018310547,229.7100067138672,229.00999450683597,229.3999938964844,59970700,-0.0010452854907534448,0.015139093000333448,0.013523697833708992,0.004464144021287445,0.012581808511899384,0.02565495255898731,63.93893109180224,0.005772871631604974,-0.7199449033106826,0.003052423151973435,-0.0015701483597815313,0
2017-01-27,197.18023681640625,228.97000122070312,229.58999633789065,228.75999450683597,229.4199981689453,59711100,-0.0015701483597815313,0.009834678929967922,0.020365292303960558,0.003983125433303684,0.009972932524326739,0.022795806977291555,58.747038879837795,0.005924662099979801,-0.7168847146019978,0.0036249370075980064,-0.0062014776817070905,0
2017-01-30,195.9574279785156,227.5500030517578,228.1999969482422,226.41000366210935,228.1699981689453,79737300,-0.0062014776817070905,0.006190584313373382,0.014263525826696322,0.004293270720450108,0.0030017340980010854,0.015495915801459592,55.07904740202026,0.005508411457475831,0.2046505208155272,0.007866373377835969,-8.806856983001321e-05,0
2017-01-31,195.94017028808597,227.52999877929688,227.6000061035156,226.32000732421875,226.97999572753903,75880800,-8.806856983001321e-05,-0.0003076662696014365,0.017894493780572507,0.004174540448936767,0.0020300551857512783,0.014416273378376143,54.976372839396376,0.005083971732971783,0.09940090008461429,0.005625626449980514,0.0003957594091177352,1
2017-02-01,196.0177154541016,227.6199951171875,228.58999633789065,226.94000244140625,227.52999877929688,79117700,0.0003957594091177352,-0.00849411200091621,0.010566559071911952,0.0038600834157497543,0.001901549096833266,0.01392150058099828,52.548820694902474,0.004722817827416079,0.3244701523002522,0.007248896985675285,0.0006591045441624033,1
2017-02-02,196.14691162109372,227.7700042724609,228.1000061035156,226.82000732421875,227.6199951171875,69657600,0.0006591045441624033,-0.006802430956199146,0.005252308500788061,0.0036446426281053243,0.002299392145250101,0.013637040744343798,56.33942903107751,0.004437270470553773,-0.19671965426238,0.005619698622675962,0.0068928182131899884,1
2017-02-03,197.49891662597656,229.33999633789065,229.5500030517578,228.4600067138672,228.82000732421875,80563200,0.0068928182131899884,0.0016161853475560317,0.012985855298479398,0.003921508390857716,0.008555653929245732,0.019672732365756174,60.57225407046757,0.004682996468653904,0.4276248879761664,0.004752752922716168,-0.0017877990671458788,0
2017-02-06,197.1458282470703,228.92999267578125,229.3300018310547,228.5399932861328,228.8699951171875,57790100,-0.0017877990671458788,0.006064583929347167,0.007570101934192497,0.003894305466899493,0.006371951235423001,0.016977774290497294,62.83489075424886,0.004711755378553172,-0.8322792771416025,0.0034508739361238396,4.3730145836695655e-05,1
2017-02-07,197.15444946289065,228.94000244140625,229.66000366210935,228.72000122070312,229.3800048828125,57931200,4.3730145836695655e-05,0.006197193628133313,0.010951157013477486,0.003798356878514717,0.0058676600892968445,0.016161571935593866,61.00458361083119,0.004677304767099812,-0.8896760051588796,0.004105889889849202,0.0013103765008650736,1
2017-02-08,197.4127960205078,229.2400054931641,229.38999938964844,228.30999755859372,228.94000244140625,51566200,0.0013103765008650736,0.007117114711669537,0.012275883653150244,0.0037996432390663957,0.006571004708781691,0.01667923691158446,67.69374451595398,0.004695550872903871,-1.1895870687418109,0.004711227557037035,0.005932841718875093,1
2017-02-09,198.58401489257807,230.6000061035156,230.9499969482422,229.2400054931641,229.2400054931641,65955200,0.005932841718875093,0.012424887301780263,0.015411795905568182,0.003955029860977077,0.011765377938903088,0.02167685124191676,69.41618122054302,0.0051041245262879046,-0.34275644650666004,0.0074154007364183976,0.003946013040015517,1
2017-02-10,199.3676300048828,231.50999450683597,231.7700042724609,230.6199951171875,231.0,66015900,0.003946013040015517,0.0094618917958178,0.021983855702519595,0.003936442305763522,0.014649316606881069,0.02462847222451492,76.12058350646168,0.005680130536472318,-0.3210354059221172,0.004967427681570145,0.005442623798988411,1
2017-02-13,200.4527130126953,232.7700042724609,233.07000732421875,232.0500030517578,232.0800018310547,55182100,0.005442623798988411,0.01677380036406695,0.02519282159648717,0.004048261659906643,0.01889451572754841,0.0289590387631824,75.67012123238284,0.006481298531648809,-0.9000585692710269,0.004382026265149726,0.003995548711036134,1
2017-02-14,201.25363159179688,233.6999969482422,233.7100067138672,232.16000366210935,232.55999755859372,71109000,0.003995548711036134,0.02079173024029468,0.03292852937884949,0.003928749411750401,0.021300281218925354,0.03166415896454855,72.86813947966903,0.007348594760223415,-0.038407972723802496,0.006632447890451286,0.005220193431704434,1
2017-02-15,202.30421447753903,234.9199981689453,235.13999938964844,233.38999938964844,233.4499969482422,86785800,0.005220193431704434,0.024777616018989423,0.0360308469453825,0.004009036540368808,0.02480219119320526,0.035538602864656044,77.92156758622507,0.00833746659597208,0.762128103591645,0.007449344515750711,-0.0008513216227015175,0
2017-02-16,202.13198852539065,234.72000122070312,235.16000366210935,233.8500061035156,234.9499969482422,84722400,-0.0008513216227015175,0.017866360667205816,0.038998151094766564,0.0038512752736195002,0.021965916190664014,0.03328922578619986,79.18799805724014,0.008986847773257372,0.5898960061142561,0.005581107497362281,0.001575988746668644,1
2017-02-17,202.45054626464844,235.08999633789065,235.08999633789065,233.92999267578125,233.9499969482422,77204100,0.001575988746668644,0.01546347448525176,0.03682592985580313,0.0038295368306858557,0.02171927548856356,0.033580965364351734,92.84041647119123,0.009498392776115996,0.45373727151196147,0.004934296142665938,0.005955396219071485,1
2017-02-21,203.65621948242188,236.4900054931641,236.69000244140625,235.50999450683597,235.5200042724609,88946100,0.005955396219071485,0.015981357506114957,0.045721882523062085,0.0037876531218940116,0.025499799336312412,0.03853038944114218,94.00782896717911,0.010216243709812249,1.3013106216611414,0.004989673589416839,-0.0008880021853904241,0
2017-02-22,203.47537231445312,236.27999877929688,236.5399932861328,235.8300018310547,236.0200042724609,62115200,-0.0008880021853904241,0.01103950624435246,0.038137149246245006,0.003716011729878796,0.022664526849123234,0.03647488395322873,92.03874743464303,0.0106449092854813,-0.7373010094014981,0.003004873280625458,0.0006771672840162335,1
2017-02-23,203.6131591796875,236.44000244140625,236.8999938964844,235.55999755859372,236.8800048828125,74615900,0.0006771672840162335,0.006470180097477796,0.02992551327855275,0.0033616761166116063,0.021837841780085077,0.036153416165928265,92.04645055734538,0.010898973443838325,0.389523342658195,0.005667384216098353,0.0012685858924375015,1
2017-02-24,203.8714599609375,236.7400054931641,236.7899932861328,235.41000366210935,235.4600067138672,82381600,0.0012685858924375015,0.008605621743677405,0.03231112209282627,0.0033095779032728035,0.02149851334607722,0.036394577550482365,90.92904786265542,0.0110666242781287,0.9760402619855462,0.005829135726970799,0.001562991171266681,1
2017-02-27,204.1901092529297,237.1100006103516,237.30999755859372,236.3500061035156,236.63999938964844,56515400,0.001562991171266681,0.008592532943858977,0.035550583312516704,0.0032248676412423654,0.021301548544748528,0.0370443105814231,95.44446894466255,0.011189871490568312,-1.2763429791850032,0.004048717694770291,-0.002698888931484067,0
2017-02-28,203.63902282714844,236.47000122070312,236.9499969482422,236.0200042724609,236.6699981689453,96961900,-0.002698888931484067,-8.443962731485843e-05,0.0392003249270807,0.0028425987295211865,0.01659223549301303,0.033168754036224435,89.09717507263386,0.010986799623188439,1.9540887995615945,0.003932814610650312,0.013997256192206597,1
2017-03-01,206.48941040039065,239.77999877929688,240.32000732421875,238.3699951171875,238.38999938964844,149158200,0.013997256192206597,0.014812790617626304,0.053839088211439234,0.003874358704724409,0.02811454911671718,0.046322921476105616,91.69347660001027,0.011632533551474662,3.4223249909116493,0.008132505700886751,-0.006297288968992509,0
2017-03-02,205.1890869140625,238.2700042724609,239.57000732421875,238.2100067138672,239.55999755859372,70246000,-0.006297288968992509,0.007739812793652767,0.04678848255482504,0.0043389362406069465,0.01931289778014822,0.03853479434524698,79.98478836711875,0.011696014966620767,-0.23397029811998096,0.005707812926365698,0.0006295700719074482,1
2017-03-03,205.3182678222656,238.4199981689453,238.6100006103516,237.72999572753903,238.1699981689453,81974300,0.0006295700719074482,0.007096666995985101,0.04675758657311224,0.004339528320991789,0.01763643429601225,0.03802224067360149,78.72039261953063,0.01159762780199297,0.2833297417584202,0.0036909860312513802,-0.0029779860458042373,0
2017-03-06,204.7068328857422,237.7100067138672,238.1199951171875,237.00999450683597,237.5,55391500,-0.0029779860458042373,0.002530600697080887,0.03649597872689081,0.004350552698102501,0.01279680827009888,0.03391280888726911,71.51597657612629,0.011189905849170628,-0.8772266383413226,0.004669557776285151,-0.002987030014981573,0
2017-03-07,204.09536743164065,237.0,237.7700042724609,236.75999450683597,237.3600006103516,65103700,-0.002987030014981573,0.0022409487050012444,0.03525075446111359,0.004410496740279399,0.008038575406833948,0.029818464133184674,64.65340614033744,0.010508913947189148,-0.45591727887518857,0.004261644580695963,-0.0018565156807242023,0
2017-03-08,203.71646118164065,236.55999755859372,237.63999938964844,236.3999938964844,237.33999633789065,78168800,-0.0018565156807242023,-0.01342901417255804,0.03328360955903831,0.0044691054805970345,0.004539272689315421,0.026908857612071513,57.824232269453,0.009699256475502752,0.10142514626008253,0.005241822395846517,0.001268317119277551,1
2017-03-09,203.97483825683597,236.8600006103516,237.2400054931641,235.7400054931641,236.6999969482422,90683900,0.001268317119277551,-0.005917705836544274,0.03324020716289566,0.004469282544076576,0.004188677114694173,0.0272169160457838,60.11334841742637,0.009028787530151985,0.6130789955600551,0.006332854834648028,0.003504269060597087,1
2017-03-10,204.6896209716797,237.69000244140625,238.0200042724609,236.58999633789065,237.97000122070312,81991700,0.003504269060597087,-0.0030618164533225967,0.030745707716728354,0.004378748883157206,0.006195387529594365,0.02979652007676159,61.77567633501541,0.008659422966601818,0.15691525481084942,0.006016272960082836,0.0005048253987705031,1
2017-03-13,204.7929534912109,237.80999755859372,237.8600006103516,237.2400054931641,237.6199951171875,57256800,0.0005048253987705031,0.00042070215368328334,0.02721265977929921,0.00434607048760475,0.005362722903221151,0.029120566332389908,56.76236018597683,0.008332118663134913,-1.0058081296438677,0.0026071028281085622,-0.003826749860725176,0
2017-03-14,204.0092620849609,236.8999938964844,237.2400054931641,236.19000244140625,237.17999267578125,59880800,-0.003826749860725176,-0.000421887805506338,0.017742583868347817,0.004381021935881817,0.0006419062769682515,0.024070035605230133,52.96351695410513,0.007708384245111467,-0.902456293208075,0.0044322628907143375,0.008653210471751382,1
2017-03-15,205.77459716796875,238.9499969482422,239.44000244140625,237.2899932861328,237.55999755859372,96081800,0.008653210471751382,0.010102943936832753,0.02246401985600821,0.004669176929514366,0.008182857888916262,0.03155631824982508,60.161666131031694,0.0077301753234045555,0.7757274530264407,0.008997736692748904,-0.001966313214259552,0
2017-03-16,205.36997985839844,238.47999572753903,239.1999969482422,238.1000061035156,239.1100006103516,78344000,-0.001966313214259552,0.006839773049878595,0.015154233878799328,0.004613361175016749,0.0054453364216999756,0.028352386526262485,56.94945094759132,0.007568992334855552,-0.04988031794075084,0.004612507817986207,-0.0017565032263979763,0
2017-03-17,205.00924682617188,237.02999877929688,237.97000122070312,237.02999877929688,237.75,89002100,-0.0017565032263979763,0.0015615147117615802,0.01423455199630519,0.004634417505122189,0.0029728540528750624,0.025530638370195424,53.78401582318188,0.007217077696420272,0.44780385291759567,0.003965753053399389,-0.0010965736557648764,0
2017-03-20,204.7844390869141,236.7700042724609,237.3600006103516,236.32000732421875,237.02999877929688,52537000,-0.0010965736557648764,-4.157567021556563e-05,0.011528212026727491,0.004646862888736568,0.0013013688069978269,0.023400886553709643,55.45572681973866,0.006768626929316151,-1.1822557080707776,0.004392419932281955,-0.012839816066952392,0
2017-03-21,202.1550445556641,233.72999572753903,237.6100006103516,233.5800018310547,237.47000122070312,131809300,-0.012839816066952392,-0.009088888957034746,-0.007371122426670373,0.005350543554760688,-0.01119226156650599,0.009605664802466496,28.91103281052075,0.005378737148736221,2.065259345931924,0.017242112065045796,0.0023534103995541678,1
2017-03-22,202.63079833984372,234.27999877929688,234.6100006103516,233.0500030517578,233.7700042724609,97569200,0.0023534103995541678,-0.015277876236388988,-0.004150742986744338,0.005382585592943152,-0.008660425354734325,0.011212833684342227,36.4666776444298,0.004337049706115073,0.6183064349967562,0.0066586886064626104,-0.0010675010685553543,0
2017-03-23,202.41448974609372,234.02999877929688,235.33999633789065,233.6000061035156,234.27999877929688,100410300,-0.0010675010685553543,-0.014391052257698544,-0.005886993937046836,0.005381857902391353,-0.009428230748368405,0.009388277742023554,34.77934683848814,0.003399854566768166,0.674228845748174,0.007434902548608579,-0.0007260221224539842,0
2017-03-24,202.2675323486328,233.8600006103516,235.0399932861328,232.9600067138672,234.3800048828125,112504900,-0.0007260221224539842,-0.013373613727110434,-0.00786734745810913,0.0053700909472855,-0.00975877436871242,0.00798212376717955,36.559532136995635,0.0025671563903928657,1.0633520161888415,0.008894152770191845,-0.0010263427984946727,0
2017-03-27,202.0599365234375,233.6199951171875,233.9199981689453,231.6100006103516,231.92999267578125,87454500,-0.0010263427984946727,-0.013304246043422618,-0.010432301237733088,0.005351934856332913,-0.010259016355973816,0.006247468357372776,38.26244729302578,0.0018035444331149706,0.03325105518337589,0.009887841823791625,0.007276585461630347,1
2017-03-28,203.53024291992188,235.32000732421875,235.80999755859372,233.13999938964844,233.2700042724609,93483900,0.007276585461630347,0.006802691306964315,-0.0005341800688117848,0.005596510864209461,-0.0030305206582356137,0.012762210729423629,49.046207808528635,0.0017503848654445457,0.2831021294437995,0.011346243778016797,0.000935108577703847,1
2017-03-29,203.72056579589844,235.5399932861328,235.80999755859372,234.72999572753903,234.9900054931641,61950400,0.000935108577703847,0.00537809387804411,-0.013409136086559248,0.004537609926709172,-0.0014210662956817277,0.012813927285994398,48.688497753823995,0.0017719346108627724,-0.9810838465806356,0.004585216361718694,0.0031843982685684225,1
2017-03-30,204.36929321289065,236.2899932861328,236.5200042724609,235.2700042724609,235.47000122070312,56737900,0.0031843982685684225,0.00965742852326934,-0.0039953084908224135,0.004411752375911318,0.0019601200669296936,0.015120542776265067,48.33645813687762,0.002017508046126187,-1.1666779881383873,0.005290109761382599,-0.0023279122646089334,0
2017-03-31,203.8935394287109,235.7400054931641,236.50999450683597,235.67999267578125,235.8999938964844,73733100,-0.0023279122646089334,0.008038893149076909,-0.006939121436520201,0.004432321701016304,-2.311288573253467e-05,0.01181776445257987,45.5030669230065,0.002010301508564746,-0.3426498418943135,0.0035208357161032816,-0.0017391379835621779,0
2017-04-03,203.5389404296875,235.3300018310547,236.02999877929688,233.91000366210935,235.8000030517578,85546500,-0.0017391379835621779,0.007319629668786076,-0.005705195276537456,0.004402049985595033,-0.0014762424627768889,0.009228800767235867,47.543040434653136,0.0018425274535678357,0.14901555872859912,0.00900860536562393,0.0006372230628568509,1
2017-04-04,203.66864013671875,235.47999572753903,235.5800018310547,234.55999755859372,235.0,56466200,0.0006372230628568509,0.0006799835484465611,-0.002090823031859479,0.004358997196407913,-0.0007353648756897035,0.008979697885824311,36.73091492233669,0.0017370648380956133,-1.2294031343577767,0.004331596275554365,-0.0029727379276677235,0
2017-04-05,203.0631866455078,234.77999877929688,237.38999938964844,234.5399932861328,236.25999450683597,108800600,-0.0029727379276677235,-0.003226866898893399,-0.0032067832532706175,0.004389767234831722,-0.003546226195970781,0.0052767957775867735,35.824262791901305,0.0014025891588984258,1.1638425668368244,0.01213904982679019,0.002811402418208875,1
2017-04-06,203.6340789794922,235.44000244140625,236.0399932861328,234.42999267578125,234.94000244140625,69135800,0.002811402418208875,-0.0035974789648687278,-0.0016705946687145534,0.004429415177557511,-0.0006612417364767476,0.007510778358356562,41.7620808737095,0.0013409951777112812,-0.6144217362821479,0.006838262800104421,-0.0010193802896180104,0
2017-04-07,203.42649841308597,235.1999969482422,236.0,234.63999938964844,235.1499938964844,74412300,-0.0010193802896180104,-0.0022906121348108544,-0.0061709164959002916,0.004351883317740313,-0.001370432622995077,0.0058928777967257595,41.84845531553179,0.001200442183789347,-0.35385875166996955,0.005782315595228696,0.0005949702511123256,1
2017-04-10,203.5475311279297,235.33999633789065,236.25999450683597,234.72999572753903,235.3600006103516,67615300,0.0005949702511123256,4.2206656986953917e-05,-0.006081373123683509,0.004352807810706997,-0.0004707299973740753,0.005857972025606228,61.960921034696014,0.0011223642131948865,-0.7043363948995306,0.00650122717389792,-0.0011897576937877075,0
2017-04-11,203.30535888671875,235.05999755859372,235.17999267578125,233.33999633789065,234.8999938964844,88045300,-0.0011897576937877075,-0.0017836877084078662,-0.0034503492196791274,0.004279549626355085,-0.0014873572832320159,0.00393217304030391,56.03644149261586,0.0009551877821284589,0.1913090228553093,0.00782777315154161,-0.004381926504561151,0
2017-04-12,202.41448974609372,234.02999877929688,234.9600067138672,233.7700042724609,234.7400054931641,81864400,-0.004381926504561151,-0.0031945568772470123,-0.01632906815573676,0.0038356095832168717,-0.005041785971473978,-0.0011056873263145528,50.0,0.00046475745438860183,-0.0734059669142099,0.005084828644247937,-0.006494622566495245,0
2017-04-13,201.09988403320312,232.50999450683597,234.4900054931641,232.50999450683597,233.63999938964844,92880400,-0.006494622566495245,-0.01244484694796233,-0.020792210371445297,0.004035538235930065,-0.010465174917711262,-0.008090669991748012,42.14192854076857,-0.0004490790805410247,0.4264117284192587,0.008515810215074051,0.008859511466557946,1
2017-04-17,202.88153076171875,234.57000732421875,234.57000732421875,232.8800048828125,233.1100006103516,68405400,0.008859511466557946,-0.0026789413159959974,-0.01037863460986821,0.004595911720906592,-0.0011755117186624808,3.278074945911591e-05,54.562555926136824,-0.00045156815826167824,-0.7032028854521979,0.0072046825622951735,-0.0029840454799938687,0
2017-04-18,202.276123046875,233.8699951171875,234.4900054931641,233.0800018310547,233.72000122070312,83225800,-0.0029840454799938687,-0.006246246633448971,-0.012248567572922475,0.0046278271288534446,-0.003540789740254957,-0.00342070256959226,42.29539054561271,-0.0006915691819413919,-0.07032775012492258,0.006029006249403132,-0.0018385126303073207,0
2017-04-19,201.90423583984372,233.44000244140625,234.9499969482422,233.17999267578125,234.5200042724609,68699900,-0.0018385126303073207,-0.006891717240251061,-0.0012406750292660584,0.003647035886692164,-0.005311343601028695,-0.0057191215722958155,39.0849855395657,-0.0010191999365454269,-0.777525146222609,0.007582266338029237,0.008138983717951742,1
2017-04-20,203.5475311279297,235.33999633789065,235.8500061035156,233.77999877929688,234.1499938964844,92572200,0.008138983717951742,0.005597629810283111,0.004524153265923925,0.0040548390571743444,0.0025580176440620495,0.0017425602832936704,45.58898930480394,-0.0006090571282429072,0.7033496311212444,0.008795816080691602,-0.0031868054514907485,0
2017-04-21,202.89886474609372,234.58999633789065,235.30999755859372,234.1300048828125,235.25,110389800,-0.0031868054514907485,0.00894570736099265,0.0023929858015974137,0.0041178306055607615,-0.0007561371412940776,-0.0019887092849142363,44.75814298327578,-0.0005431750998194545,1.6945749775749042,0.005030021289064792,0.0109980462022774,1
2017-04-24,205.1303558349609,237.1699981689453,237.41000366210935,234.55999755859372,237.17999267578125,119209900,0.0109980462022774,0.011084424810868354,0.014153648156411291,0.004772401395181707,0.009521933601334132,0.008338097380289344,57.00157224048955,0.00038921387668976117,2.1091939269773823,0.012016722711636807,0.005818681744969467,1
2017-04-25,206.32394409179688,238.5500030517578,238.9499969482422,237.80999755859372,237.91000366210935,76698300,0.005818681744969467,0.020011363595217047,0.021102686864720388,0.004885155499530428,0.014331745559780007,0.013512166353058852,60.682242302214746,0.0015657110812452959,-0.27220504901575626,0.0047788697340788635,-0.0006291393814037427,0
2017-04-26,206.1941375732422,238.3999938964844,239.52999877929688,238.3500061035156,238.50999450683597,84702500,-0.0006291393814037427,0.021247210171466246,0.013088446292320421,0.004670451263237802,0.013030243919363249,0.012303521159209296,63.096988822336876,0.002422725846460831,0.20952403402986033,0.0049496338338567356,0.0008391832571246205,1
2017-04-27,206.3671722412109,238.6000061035156,238.9499969482422,237.97999572753903,238.7700042724609,57410300,0.0008391832571246205,0.013852494784174496,0.012991356248067909,0.004670203897832508,0.01322162818177186,0.012644585254493856,61.82636667837518,0.003130111157521629,-1.3230255660685508,0.0040653864035624645,-0.0021793815495591007,0
2017-04-28,205.91741943359372,238.0800018310547,238.92999267578125,237.92999267578125,238.8999938964844,63532800,-0.0021793815495591007,0.014877139363383751,0.007575141041811895,0.004671371500629375,0.010629342444866019,0.010079471906567106,60.5572046640666,0.0034839903389400424,-1.0209225557672288,0.004200268784900362,0.0025199696124582616,1
2017-05-01,206.4363250732422,238.67999267578125,239.1699981689453,238.1999969482422,238.67999267578125,66882500,0.0025199696124582616,0.006366533285458775,0.012471143772656568,0.0046487640497109226,0.012544278802601783,0.012197412568147215,61.84404794674797,0.003907362979922082,-0.7969390853807486,0.0040640240090033765,0.00037755901004143944,1
2017-05-02,206.51426696777344,238.7700042724609,238.97999572753903,238.3000030517578,238.83999633789065,57375700,0.00037755901004143944,0.0009224468677850872,0.014617972029355997,0.004615964822766752,0.012188000503830843,0.012176220301910456,63.33611091029682,0.004229919736072499,-1.2100943052390332,0.0028478982435552525,-0.0012146339189126332,0
2017-05-03,206.263427734375,238.47999572753903,238.8800048828125,237.6999969482422,238.7700042724609,73137700,-0.0012146339189126332,0.00033604331310432833,0.012740241187422896,0.004636577098031035,0.010316111313491305,0.010688493935718801,66.8948389309214,0.004343968782080534,-0.40699401760195275,0.004948037385569478,0.0011739440495706077,1
2017-05-04,206.5055694580078,238.75999450683597,238.9199981689453,237.77999877929688,238.8300018310547,61462700,0.0011739440495706077,0.0006706358152503977,0.016952274163358982,0.004558419826912182,0.01065011596651888,0.011574589860927631,76.19438443008015,0.0044681918408883674,-0.9899149136948235,0.0047746666773180796,0.003937104746138731,1
2017-05-05,207.318603515625,239.6999969482422,239.72000122070312,238.67999267578125,239.19000244140625,62001300,0.003937104746138731,0.0068045922772606016,0.018093850275934686,0.004590739017671352,0.013715171813920124,0.01518872617926248,73.72818842329934,0.004813707706168491,-0.9208125356666661,0.0043387924829487645,-0.00016685272917194016,0
2017-05-08,207.2840118408203,239.66000366210935,239.9199981689453,239.1699981689453,239.75,48385700,-0.00016685272917194016,0.004106286852749275,0.01896268901950582,0.0045758445281712835,0.012591061806911164,0.01468022419658066,78.52205395427703,0.005030811817603597,-1.5403101569469282,0.003129433316113131,-0.0009179535745165168,0
2017-05-09,207.0937347412109,239.44000244140625,240.19000244140625,239.0399932861328,239.9600067138672,51363200,-0.0009179535745165168,0.002805945477500016,0.017421992758302807,0.0045944835270335166,0.01078604005962358,0.013460696424138607,80.18074780321452,0.005074378042987996,-1.2771197966874752,0.004802911558417888,0.0017956697179029035,1
2017-05-10,207.46560668945312,239.8699951171875,239.8699951171875,239.1499938964844,239.38999938964844,54293800,0.0017956697179029035,0.0058283669978871355,0.020463050386450687,0.004572349577338005,0.011574057325512754,0.014900431199961872,76.74110053258255,0.005181002937451308,-1.0147391757755122,0.0030016310308062623,-0.0020426631449672605,0
2017-05-11,207.0418243408203,239.3800048828125,239.57000732421875,238.1300048828125,239.3500061035156,62358300,-0.0020426631449672605,0.0025968059080436756,0.02286068848396705,0.004455225003054342,0.00837019707495279,0.012772594127631542,79.17142089712581,0.005060012768140915,-0.5409518113682705,0.006015550221545017,-0.0016713474171757836,0
2017-05-12,206.6957855224609,238.97999572753903,239.42999267578125,238.6699981689453,239.08999633789065,53912700,-0.0016713474171757836,-0.0030041587325141395,0.027826477952288986,0.00413955648552631,0.005314912079849687,0.010930883679812098,65.00716772475904,0.004773899392182249,-0.8872228853318885,0.0031801595130263823,0.005523617093293076,1
2017-05-15,207.8374938964844,240.3000030517578,240.44000244140625,239.4499969482422,239.47000122070312,61918900,0.005523617093293076,0.002670162791374109,0.024427867416804805,0.0038815474694425802,0.0096510288102023,0.01626444454553755,64.65559528382718,0.004902248381191251,-0.44727921408594523,0.004119872994553507,-0.0009154355994837049,0
2017-05-16,207.6472320556641,240.0800018310547,240.6699981689453,239.6300048828125,240.63999938964844,51241800,-0.0009154355994837049,0.00267268980949531,0.026553351566583006,0.0037902672730202557,0.007412475918864292,0.015042240634068227,63.90738728634341,0.004898945229294002,-0.9115569830370349,0.004331861372046557,-0.017744154350899932,0
2017-05-17,203.96270751953125,235.82000732421875,240.0800018310547,235.75,240.0800018310547,172174100,-0.017744154350899932,-0.016884240360693692,0.010195287241622664,0.0056833511810317735,-0.010957074927358201,-0.0029558942607921246,36.237665960409274,0.0034833302878646078,3.256843864419023,0.018361469326483207,0.004028832414396888,1
2017-05-18,204.7844390869141,236.7700042724609,237.75,235.42999267578125,235.72999572753903,107047700,0.004028832414396888,-0.010903039813782933,0.006076752452512046,0.005463514451492968,-0.007270103202167144,0.0009565161674758293,43.780062625758795,0.002576207413729911,1.0490505957330871,0.009798569423300018,0.006503733434331194,1
2017-05-19,206.1163024902344,238.30999755859372,239.0800018310547,237.2700042724609,237.3300018310547,115011400,0.006503733434331194,-0.00280355514149333,0.015857347196924776,0.005565161341237112,-0.0015922666398668905,0.007255608308584627,48.387081889451494,0.0023506196456218797,1.2879498230090645,0.007595139008587967,0.005077717430169937,1
2017-05-22,207.16290283203125,239.5200042724609,239.7100067138672,238.82000732421875,238.8999938964844,61010600,0.005077717430169937,-0.003245762118307405,0.00990856272245555,0.005135102061367108,0.00298362375117156,0.012125506339591308,52.97832657688267,0.002552232256461749,-0.377277010447367,0.0037157622485512213,0.002212773304240301,1
2017-05-23,207.62130737304688,240.0500030517578,240.2400054931641,239.50999450683597,239.9499969482422,48341700,0.002212773304240301,-0.00012484964215786487,0.006287991861345876,0.005000276563205657,0.004887403594115325,0.014084851091051842,56.118320999062114,0.0028605974143363034,-0.7487977120896626,0.0030410788462715637,0.0023326794873397283,1
2017-05-24,208.10562133789065,240.6100006103516,240.72999572753903,239.92999267578125,240.32000732421875,46927700,0.0023326794873397283,0.020312114252369895,0.009270310917396829,0.00501435725414271,0.0067657749227738595,0.016043808990072517,57.05552183853599,0.003252505208436176,-0.7265488791790584,0.0033248952650697353,0.004779442764955677,1
2017-05-25,209.10025024414065,241.75999450683597,242.0800018310547,240.9600067138672,241.1999969482422,64071700,0.004779442764955677,0.021074897958408112,0.01324376340116351,0.005106047956882574,0.010909242981857803,0.020568512975035702,57.732439398474725,0.003890377993483979,-0.1683964955972091,0.0046326734887307056,-0.00020644219319410073,0
2017-05-26,209.0570831298828,241.7100067138672,241.8999938964844,241.4499969482422,241.5399932861328,46629900,-0.00020644219319410073,0.014267579051820745,0.015247198148292673,0.005066999760182195,0.009934063465061982,0.019990712110946385,57.689497813588424,0.0043423505279999,-0.7121998225591564,0.0018617224597362897,-0.0008690025702944304,0
2017-05-30,208.8754119873047,241.5,241.7899932861328,241.16000366210935,241.33999633789065,35201900,-0.0008690025702944304,0.008266485610418206,0.01181520216074916,0.005062032837747102,0.008462293247721853,0.018720014390496864,57.732592329658324,0.00458100398012868,-1.0066218110458274,0.002608652687467768,-0.00024845021780117715,0
2017-05-31,208.82351684570312,241.44000244140625,241.8800048828125,240.63999938964844,241.83999633789065,91796000,-0.00024845021780117715,0.005790395445762986,0.011182035565078241,0.005065413201618491,0.0076500165516715235,0.018065810484392708,56.061778481340205,0.004694165854826702,0.7378458556019248,0.005135874257063067,0.007952309670600899,1
2017-06-01,210.4841461181641,243.3600006103516,243.3800048828125,241.63999938964844,241.97000122070312,68962000,0.007952309670600899,0.011429411492982045,0.020462756922785763,0.005304667983923681,0.014629937812814298,0.025329086390404765,63.83854741749468,0.005320500751833029,0.023882108589573875,0.007149923934911633,0.0033284064151475334,1
2017-06-02,211.18472290039065,244.1699981689453,244.3500061035156,243.0800018310547,243.4199981689453,88666100,0.0033284064151475334,0.009968771695950673,0.022658727581361005,0.0053296306981947894,0.016860240833881823,0.027885186787488747,67.54590945147226,0.006025062518345935,0.5978541626148828,0.00520131171718391,-0.0007372002229447672,0
2017-06-05,211.02903747558597,243.9900054931641,244.3000030517578,243.75999450683597,243.97000122070312,44698800,-0.0007372002229447672,0.00943261197458689,0.01789725522476493,0.005302683079831009,0.01520373778810935,0.026266822595912842,63.51666957471407,0.006468196661013789,-0.7409179142388722,0.002213240431018295,-0.0031970356613909567,0
2017-06-06,210.3543701171875,243.2100067138672,243.97999572753903,243.1199951171875,243.33999633789065,50375400,-0.0031970356613909567,0.007080575524957888,0.014812325606303967,0.005377554160982844,0.011211282084854668,0.022181813005511808,61.01325824589869,0.006503946538959095,-0.5698597435219586,0.003536041226146223,0.0018505295019854984,1
2017-06-07,210.7436370849609,243.66000366210935,243.9199981689453,242.8300018310547,243.6000061035156,54144300,0.0018505295019854984,0.009194942544122231,0.01762439770720725,0.005368002532818257,0.012194573412541043,0.023209863125226216,87.69234422895167,0.0065770327454871234,-0.4586284538005349,0.004473431509104612,0.0004921334313692238,1
2017-06-08,210.84735107421875,243.77999877929688,244.3300018310547,243.1699981689453,243.7700042724609,65950700,0.0004921334313692238,0.0017255691830146969,0.016300265083588616,0.005364310293567347,0.011870947359990502,0.02298656078824779,86.62468407051693,0.006604762458192912,-0.11130872221322641,0.00475840375714978,-0.001517720391498334,0
2017-06-09,210.52734375,243.41000366210935,245.00999450683597,241.9499969482422,244.08999633789065,132256400,-0.001517720391498334,-0.003112815838959726,0.01683485653334471,0.005350820614347985,0.009490909974497752,0.020759740583355946,80.35721036514876,0.0064424609000100375,1.6952891395928718,0.012571371400337051,-0.00020518774932720696,0
2017-06-12,210.4841461181641,243.3600006103516,243.4199981689453,242.3800048828125,243.1300048828125,86108100,-0.00020518774932720696,-0.0025820681548855973,0.0183281946757039,0.005324455492938486,0.008367903969713986,0.019945498460523847,76.51976850441656,0.006218925353295677,0.330320091481811,0.00427347667457466,0.004889777211424029,1
2017-06-13,211.51336669921875,244.5500030517578,244.6100006103516,243.5800018310547,243.97999572753903,60067000,0.004889777211424029,0.005509733795335814,0.017686283325592633,0.005297442710238219,0.012407172327253857,0.024176481386503745,78.48136601575736,0.006330994367095347,-0.41576726775386297,0.004211812580018285,-0.0012674455010698304,0
2017-06-14,211.2452850341797,244.2400054931641,244.8699951171875,243.2899932861328,244.8600006103516,78602300,-0.0012674455010698304,0.002380370559024403,0.01732771943500344,0.005304338518198292,0.01025406890051972,0.02211558520874135,73.72634123054397,0.006277207805464742,0.07856564805292204,0.006469054190628526,-0.0019244922646506346,0
2017-06-15,210.8387451171875,243.7700042724609,243.91000366210935,242.3600006103516,242.67999267578125,66464900,-0.0019244922646506346,-4.081605477801453e-05,0.03371222946232866,0.0031060669416213887,0.006654711802570823,0.0194411876742957,64.41939697067846,0.0060152931028138856,-0.160566267855155,0.006358465047345704,0.000218418229367634,1
2017-06-16,210.88479614257807,242.63999938964844,242.8300018310547,241.6300048828125,242.7700042724609,84553100,0.000218418229367634,0.0016978905742643935,0.02978916309688384,0.0030700156684225722,0.005410389160762419,0.018893185615660668,65.15213997839369,0.005748224106242616,0.6109873948048694,0.0049455858525417635,0.008325069067459667,1
2017-06-19,212.6404266357422,244.66000366210935,244.72999572753903,243.47999572753903,243.58999633789065,65123800,0.008325069067459667,0.010244384469543677,0.0316526352679789,0.003248892409148325,0.012206302092003796,0.026482208471267032,74.75301557747406,0.006087929968397536,-0.08438876173780777,0.0051091309625186125,-0.0067438057757529535,0
2017-06-20,211.2064208984375,243.00999450683597,244.25999450683597,242.9900054931641,244.25,56906400,-0.0067438057757529535,-0.0014511886675121488,0.0195185431905478,0.0036291521812067923,0.004413538518393434,0.01879457214844571,63.25710113923836,0.005823189393308538,-0.4436831415072662,0.005226077290562425,-0.0002471530797253374,0
2017-06-21,211.1542205810547,242.9499969482422,243.58999633789065,242.41000366210935,243.4600067138672,55977600,-0.0002471530797253374,-0.00043108395583957293,0.017016139878456737,0.0036266158606015233,0.0033224472366297775,0.017795868065346943,54.540510360229774,0.005498668894599351,-0.5086430794470883,0.004856936367991358,-0.0004526599299056189,0
2017-06-22,211.0586395263672,242.83999633789065,243.52999877929688,242.63999938964844,242.9600067138672,44148100,-0.0004526599299056189,0.0010429506638234276,0.014189997221083495,0.003620166711889475,0.0021651848221153625,0.01657532345798951,49.069337351975655,0.005146844323244485,-1.0330193424074305,0.0036649621276146002,0.0011941926580214535,1
2017-06-23,211.3106842041016,243.1300048828125,243.50999450683597,242.47000122070312,242.91000366210935,66986800,0.0011941926580214535,0.002019529474450943,0.010571168410272502,0.0034946944639269745,0.002835687199642445,0.016917831990979515,52.04976834885818,0.004900005500813574,-0.008768718599047955,0.004277519291105648,0.0006580516515302115,1
2017-06-26,211.44973754882807,243.2899932861328,244.3800048828125,243.0500030517578,243.8999938964844,56700500,0.0006580516515302115,-0.005599542409467584,0.011444981356880213,0.0034904276701302043,0.002926192010930029,0.016574346899158376,58.645915634092944,0.004704980523133876,-0.5046880557904915,0.0054667346284582915,-0.00805639083908627,0
2017-06-27,209.7462158203125,241.3300018310547,243.3800048828125,241.30999755859372,243.0399932861328,82247700,-0.00805639083908627,-0.006913639613386424,0.004169010726167821,0.0039822669317059085,-0.005359181886927078,0.007719272695530188,43.47992618822011,0.0038897520971776255,0.5933810484859786,0.008577496823904664,0.00895050519688434,1
2017-06-28,211.62355041503903,243.4900054931641,243.72000122070312,242.22999572753903,242.5,70042600,0.00895050519688434,0.002222687439980442,0.013408612265661812,0.004431723776388342,0.002877541358781599,0.01582646555975664,54.11887399576682,0.0038562586828175213,0.05485821405767163,0.006119370239227016,-0.008788834289749525,0
2017-06-29,209.7636260986328,241.3500061035156,243.72000122070312,239.9600067138672,243.66000366210935,106949700,-0.008788834289749525,-0.006135799181879009,-0.0034231557712036675,0.004564002233892842,-0.005766841597401484,0.006139376474954217,46.51664530066206,0.0031395961623794694,1.6660823258979414,0.01557901144292189,0.0018646883928492564,1
2017-06-30,210.1547698974609,241.8000030517578,242.7100067138672,241.5800018310547,242.27999877929688,86820700,0.0018646883928492564,-0.005470212313184342,-0.004877024193722268,0.004516583229015652,-0.00366971483537748,0.007376999527013206,48.54391460726274,0.0026593317851197284,0.7439921296463435,0.004673303840160085,0.0016956729554105099,1
2017-07-03,210.51112365722656,242.2100067138672,243.3800048828125,242.2100067138672,242.8800048828125,39153800,0.0016956729554105099,-0.004438945644871128,-0.002454230112381217,0.004535062137537583,-0.0018577227786965578,0.008349300905386547,45.289089518989734,0.002388545885160679,-1.425387920763729,0.0048305112774613,0.002311819964211592,1
2017-07-05,210.99778747558597,242.7700042724609,243.00999450683597,241.6999969482422,242.6300048828125,54427600,0.002311819964211592,0.005967076213406752,0.0030587306460048147,0.004505090769951035,0.00029721837900309467,0.010112638112007799,48.86009372250392,0.0023317269389989117,-0.7456143786672272,0.005396043726734739,-0.009144449528350362,0
2017-07-06,209.06832885742188,240.5500030517578,242.02999877929688,240.33999633789065,241.88999938964844,65400800,-0.009144449528350362,-0.01207437240612319,-0.007949507993276428,0.004938267800393777,-0.00845619249701235,0.0006127884297253416,42.849095490022954,0.0015496535423235344,-0.27188270175733625,0.0070255764704463255,0.006485274388165596,1
2017-07-07,210.4241943359375,242.1100006103516,242.27999877929688,240.55999755859372,241.2100067138672,57972300,0.006485274388165596,0.003149107638871884,-0.00200693409770325,0.005170805507067302,-0.0019256072500808408,0.006694420514602006,48.317593868296996,0.0014105941165710105,-0.5940583771381386,0.007104213854723412,0.00107379357754267,1
2017-07-10,210.650146484375,242.3699951171875,242.8000030517578,241.75999450683597,242.1100006103516,36663300,0.00107379357754267,0.0023571988737434157,0.0005833101400871676,0.005165553149984346,-0.000882979276708773,0.0073625801113677,41.81567880892346,0.001377571936768043,-1.6738843926417082,0.004290995444460836,-0.0007426204447493756,0
2017-07-11,210.49371337890625,242.19000244140625,242.5500030517578,240.8500061035156,242.3699951171875,50354600,-0.0007426204447493756,-8.270479021654786e-05,4.545359315000219e-05,0.005168303008312992,-0.0016272091945983558,0.00617409837167382,46.72515046302785,0.0012788958375034498,-0.8078850445687596,0.0070192697101669225,0.007514580009041039,1
2017-07-12,212.0754852294922,244.00999450683597,244.1999969482422,243.3000030517578,243.3000030517578,59610400,0.007514580009041039,0.005107625851436648,0.002657602869481135,0.005329420261384309,0.005741071140896725,0.013188852585852562,53.71145377157376,0.001772344342716428,-0.2694164843431416,0.003688348496967658,0.0016805315133294751,1
2017-07-13,212.431884765625,244.4199981689453,244.5500030517578,243.75999450683597,244.0200042724609,39471600,0.0016805315133294751,0.016088309150339875,0.00561716552042002,0.005329031086403203,0.007147874613057992,0.014318025189702155,55.41845732581793,0.002276458803189143,-1.2867610346544565,0.003232176380165855,0.0046637910129740945,1
2017-07-14,213.4226226806641,245.55999755859372,245.97000122070312,244.30999755859372,244.4199981689453,60262700,0.0046637910129740945,0.014249446714951652,0.01225523118172811,0.005388003781849909,0.011225612753454683,0.01835237214387586,57.87413042538334,0.0030058291267701007,-0.09741757403009446,0.006760073621980329,-0.00012190008268486707,0
2017-07-17,213.3966064453125,245.52999877929688,245.91000366210935,245.3300018310547,245.47000122070312,33531900,-0.00012190008268486707,0.01303801590824527,0.011910817416330932,0.005389885875970027,0.01050103041204431,0.01755907203713969,57.320389686392176,0.0035420056894105967,-1.4416892217464705,0.0023622442631786667,0.0005294898306491547,1
2017-07-18,213.5095977783203,245.66000366210935,245.72000122070312,244.6699981689453,245.05999755859372,42742500,0.0005294898306491547,0.014327669700924694,0.004087515983341339,0.00507496394104903,0.010828061986701165,0.01749710655853698,66.07314857416188,0.003961576086461264,-0.8516024989818782,0.004274212472951148,0.005413946620937526,1
2017-07-19,214.66552734375,246.9900054931641,247.0,246.00999450683597,246.0200042724609,51034300,0.005413946620937526,0.012212831254188039,0.01637784699252043,0.004923272134540481,0.01546913442670328,0.022286557925541572,63.84524032752049,0.004653310768150193,-0.38073139155877483,0.004008281594987188,0.00044539788688324755,1
2017-07-20,214.7611389160156,247.1000061035156,247.4199981689453,246.47000122070312,247.27999877929688,47135200,0.00044539788688324755,0.010964710655184673,0.017081914465339132,0.004917773296217432,0.01505545690536958,0.021995540517812273,77.09757433450945,0.005192170008227957,-0.564163329739536,0.0038445848837584122,-0.0008904702418954802,0
2017-07-21,214.5699005126953,246.8800048828125,246.91000366210935,246.17999267578125,246.44000244140625,82340800,-0.0008904702418954802,0.005375614907271897,0.016636423859301308,0.004924887260231514,0.013310747056749284,0.02039554161247592,74.47025513000054,0.00549066084109514,1.2010956709021496,0.0029569465808890185,-0.00024299439064834338,0
2017-07-24,214.51776123046875,246.82000732421875,246.97999572753903,246.27999877929688,246.7899932861328,46622300,-0.00024299439064834338,0.005253854800374214,0.015177069907499341,0.004929881395443142,0.012297930976580496,0.019422738636056147,72.98119522274973,0.0056403103350421945,-0.6190548448221961,0.002836062423913044,0.002431032427328006,1
2017-07-25,215.0392608642578,247.4199981689453,247.8000030517578,247.16000366210935,247.67999267578125,54915600,0.002431032427328006,0.00716437622408761,0.016975775695161843,0.004943778411504381,0.013900148999902662,0.021091272582963283,73.08873833193252,0.005871888243406631,-0.18109399050131317,0.002586692241471348,4.037518982213939e-05,1
2017-07-26,215.0479431152344,247.42999267578125,247.7899932861328,247.1300048828125,247.75,47575400,4.037518982213939e-05,0.0017814493841483703,0.02527686744758162,0.0044860765413642836,0.012675372919113137,0.02043374593348135,93.76650122628405,0.006000103171431056,-0.4921793665931458,0.0026673742992229937,-0.0009295852478845568,0
2017-07-27,214.84803771972656,247.1999969482422,248.0,245.67999267578125,247.9600067138672,70766600,-0.0009295852478845568,0.0004046300189577412,0.015236902028926469,0.004123822767470303,0.010966462424164103,0.01878894844493484,88.97447686032811,0.005963753825372868,0.7623122948943617,0.009385143013187434,-0.0011732010177921692,0
2017-07-28,214.59597778320312,246.91000366210935,247.05999755859372,246.1300048828125,246.6499938964844,50088400,-0.0011732010177921692,0.00012153275200987856,0.02303712885997733,0.0034996339393206176,0.008633649241318375,0.016568556719960936,84.60395880614877,0.005776125871689548,-0.26433456001208633,0.003766524895661559,-0.0005672024313265744,0
2017-07-31,214.4742584228516,246.7700042724609,247.47999572753903,246.52999877929688,247.3699951171875,65838700,-0.0005672024313265744,-0.00020279350002361252,0.02055384480446598,0.0035155336166177533,0.007039291543613269,0.01506009258497798,85.1222355960181,0.005515692544356653,1.06110007624206,0.0038497261895463564,0.002229117761832544,1
2017-08-01,214.9523468017578,247.32000732421875,247.5,246.72000122070312,247.4600067138672,55050400,0.002229117761832544,-0.0004041776471453984,0.021097332375475064,0.0035229163311045744,0.008232853920457917,0.016472622088950617,81.52366557206011,0.00541198155411613,0.12300592304047446,0.00315380380154345,0.0004850531162621241,1
2017-08-02,215.05661010742188,247.44000244140625,247.6000061035156,246.3699951171875,247.47000122070312,47211200,0.0004850531162621241,4.0302604442210566e-05,0.0192363279273986,0.0035121533383971632,0.0077626169052398275,0.016207006165207094,80.44301602021818,0.005314778757229257,-0.5034927590511936,0.004970946387778843,-0.0019399103870808565,0
2017-08-03,214.6394195556641,246.9600067138672,247.33999633789065,246.63999938964844,247.30999755859372,40856000,-0.0019399103870808565,-0.0009710033485835767,0.026647224515969237,0.0026959809178513745,0.004496462372112431,0.013563405945030249,66.27893683909713,0.005035128155750676,-0.9368549589314118,0.002834454685827922,0.0018221875648920527,1
2017-08-04,215.0305328369141,247.41000366210935,247.7899932861328,246.97000122070312,247.5200042724609,60191800,0.0018221875648920527,0.0020249916060868234,0.02189072656551394,0.0024124199989963273,0.005243325714339608,0.014746652178917019,69.91411791398477,0.004887009459366044,0.6751168657812623,0.0033143044068240667,0.001859391987406367,1
2017-08-07,215.43035888671875,247.8699951171875,247.8699951171875,247.3699951171875,247.4900054931641,31995000,0.001859391987406367,0.004457879798246633,0.022692661183116414,0.0024185973725373037,0.005988428432993187,0.016026443042062022,71.88020371625788,0.004861732606279156,-1.6135431803210774,0.00201718646810644,-0.0024609652451785813,0
2017-08-08,214.9001922607422,247.25999450683597,248.91000366210935,246.8300018310547,247.50999450683597,61719400,-0.0024609652451785813,-0.0002426330383995534,0.020934016560883784,0.00251696728128218,0.002481333128509844,0.012967737168398497,53.11763871150853,0.004608655996763061,0.7411039401933556,0.008412205278914028,-4.047232193760131e-05,0
2017-08-09,214.89149475097656,247.25,247.30999755859372,246.05999755859372,246.47000122070312,62632600,-4.047232193760131e-05,-0.0007677762444169289,0.01327833586440752,0.002009871584996142,0.0017827735935509459,0.012352578072292397,51.7727817919979,0.004345406548048651,0.7951033816823865,0.005055611729019211,-0.014115329057910353,0
2017-08-10,211.8582305908203,243.75999450683597,246.44000244140625,243.6999969482422,246.2899932861328,120479500,-0.014115329057910353,-0.012957493877877924,-0.002700414654973282,0.003849802394821316,-0.012225641365084639,-0.0022224066112345175,29.200569283058954,0.0030059107996897286,3.2943434821494564,0.011240587278103266,0.0014766995423116658,1
2017-08-11,212.17108154296875,244.1199951171875,244.8000030517578,243.75,244.0200042724609,74869900,0.0014766995423116658,-0.013297884985078112,-0.005864144681456573,0.0037042208987194663,-0.01047829137764622,-0.0009077420831580252,32.69238560399724,0.001988312210482243,0.8837864337488182,0.0043011759493677216,0.009913451743867041,1
2017-08-14,214.27442932128903,246.5399932861328,246.7899932861328,245.5500030517578,245.58999633789065,73291900,0.009913451743867041,-0.005365676274241116,0.004113574674869502,0.004351041689279546,-0.0008732360669514438,0.008703195998922775,45.42629179608634,0.0019434128493337687,0.723024029207005,0.005029570325881671,-0.0001214867038640266,0
2017-08-15,214.24839782714844,246.50999450683597,247.0,246.16000366210935,246.97999572753903,55242700,-0.0001214867038640266,-0.003033010006817105,0.003460266219953212,0.004350994636932143,-0.0011666609472521516,0.008275039093235348,45.228603429278834,0.0018919182565283659,-0.25147373886149005,0.003407554892738272,0.0017441086567799857,1
2017-08-16,214.6220703125,246.94000244140625,247.57000732421875,246.4499969482422,247.1100006103516,56715500,0.0017441086567799857,-0.0012537696700782863,-0.00020244066100283398,0.004193250487348275,0.0005855487657293601,0.009628028147005363,48.67890729959693,0.0019655312427337792,-0.18953904592448378,0.004535556673294833,-0.01559073168678593,0
2017-08-17,211.2759552001953,243.08999633789065,246.6000061035156,243.08999633789065,246.2400054931641,128490400,-0.01559073168678593,-0.0027484199646206076,-0.016228186036875147,0.005448527074770661,-0.014213448711617005,-0.006162585664654219,35.746506737590764,0.0007717132431967535,2.6833407790300505,0.014439137021278711,-0.0015632469342991007,0
2017-08-18,210.9456787109375,242.7100067138672,244.19000244140625,242.1999969482422,242.8999938964844,136748000,-0.0015632469342991007,-0.005775541243037363,-0.016890634674751936,0.00545116817970356,-0.014921585090754919,-0.007725378111775538,35.11763714035982,-0.0003220046655175481,2.4296899404537413,0.008199107733988473,0.0007825940776602369,1
2017-08-21,211.1107635498047,242.8999938964844,243.1999969482422,241.8300018310547,242.63999938964844,65469700,0.0007825940776602369,-0.014764551148287786,-0.015882123984147567,0.005461865340234055,-0.013365797745684693,-0.0070033328433767306,33.35809944342337,-0.0011128831472353494,-0.0897374601146962,0.005640161184077035,0.010457122350673087,1
2017-08-22,213.31837463378903,245.44000244140625,245.6199951171875,243.5500030517578,243.57000732421875,63140100,0.010457122350673087,-0.004340864168840719,-0.008002660646955428,0.00598086234650115,-0.002647376400023882,0.0031130989037817525,43.63061990148207,-0.0008766782073637219,-0.1875914010705837,0.008433800704202061,-0.003585613853701042,0
2017-08-23,212.55349731445312,244.55999755859372,245.0500030517578,244.16000366210935,244.3300018310547,50203800,-0.003585613853701042,-0.00963821192776182,-0.011599486908110634,0.006022117389343989,-0.0056436598931876025,-0.0005814431118194019,42.54651645891496,-0.000980196587098923,-0.6542404797287478,0.003639186287754327,-0.002330525417759688,0
2017-08-24,212.05813598632807,243.9900054931641,245.17999267578125,243.75,245.0,50741700,-0.002330525417759688,0.0037021760729545328,-0.012985465275870856,0.006034704723398221,-0.007313226659483196,-0.00298682504166492,39.457479545348406,-0.00123645117637918,-0.5935777930733003,0.005860865787887014,0.0023359694539473175,1
2017-08-25,212.55349731445312,244.55999755859372,245.6100006103516,244.38999938964844,244.8999938964844,64445900,0.0023359694539473175,0.007621955630192634,-0.009517794740838137,0.006069177950662885,-0.004518437689983834,-0.0008189423547068087,39.86500869767153,-0.0012321125790372468,-0.1363136158929039,0.004988555908088997,4.1278096205576986e-05,1
2017-08-28,212.5622711181641,244.57000732421875,245.1999969482422,244.08999633789065,245.1699981689453,40565600,4.1278096205576986e-05,0.006875573485465525,-0.00891476356532206,0.006070139898881556,-0.0040314172124267245,-0.0009352615608624326,41.44954484778418,-0.0012135869388008843,-0.9209634751515352,0.004538580271946598,0.0011446123073566294,1
2017-08-29,212.8055725097656,244.8500061035156,245.1499938964844,242.92999267578125,243.05999755859372,51135700,0.0011446123073566294,-0.0024039285171930658,-0.009987210300021032,0.006049945266034832,-0.0023896815622628242,0.00019275318728539936,42.49988204169897,-0.0010927234940223839,-0.5440539924336336,0.009066780336385208,0.004737701257655713,1
2017-08-30,213.81378173828125,246.00999450683597,246.32000732421875,244.6199951171875,244.8300018310547,62030800,0.004737701257655713,0.005929257526935183,-0.005779075418885449,0.006159546454301213,0.002628776378926112,0.004685125830909298,58.2298282228287,-0.0006058576387759833,-0.19384661179472712,0.006910337974028982,0.006015985727029216,1
2017-08-31,215.1000823974609,247.4900054931641,247.7700042724609,246.0500030517578,246.72000122070312,103803900,0.006015985727029216,0.01434487008472507,0.002146217329279221,0.006301406797938379,0.008551644706507266,0.010354634917714378,61.39305644090061,0.00025682007021478586,1.1482266797897684,0.0069497805265942535,0.0014140798914705766,1
2017-09-01,215.4042510986328,247.83999633789065,248.3300018310547,247.6699981689453,247.9199981689453,62007000,0.0014140798914705766,0.013411935443067513,0.001737977657350509,0.00629628422778178,0.009889337192199088,0.011370476531691098,55.109936370788645,0.0010382777658883783,-0.3048184508520474,0.002663023207963433,-0.007181973336181979,0
2017-09-05,213.8572235107422,246.05999755859372,247.5200042724609,244.9499969482422,247.25999450683597,91398800,-0.007181973336181979,0.006092108377305783,-0.007302291952285933,0.006485484615460941,0.003006217532771638,0.0038667847909634734,48.44477608318471,0.0010737737137886851,0.6385024902108644,0.01044463687603968,0.003413757789942684,1
2017-09-06,214.5872802734375,246.8999938964844,247.27999877929688,246.22999572753903,246.83999633789065,57916900,0.003413757789942684,0.008372467612849377,-0.0014560805367964669,0.0065176268920710476,0.006504094105094449,0.0069971231180265825,49.86549402628294,0.0013511726244576534,-0.564344655099693,0.004252746365794024,-0.00012159401649336488,0
2017-09-07,214.56118774414065,246.8699951171875,247.2700042724609,246.3999938964844,247.25,58034700,-0.00012159401649336488,0.0034955932203390994,-0.0015370873901672244,0.0065176441888985205,0.006459673521714615,0.006419871217972162,67.08833030406461,0.0015464603482692695,-0.5495424299508102,0.003524164107361519,-0.00117455613853501,0
2017-09-08,214.3091735839844,246.5800018310547,247.1100006103516,246.3000030517578,246.5399932861328,63832800,-0.00117455613853501,-0.0036769340330380373,0.011568788176550937,0.005630482301946662,0.004699986468886808,0.004984575277650061,67.63902848107352,0.0015898819541414384,-0.26074159655609397,0.0032849280257072574,0.010666099156096065,1
2017-09-11,216.5950164794922,249.2100067138672,249.3000030517578,248.0200042724609,248.0399932861328,71364800,0.010666099156096065,0.005528049584843764,0.020850791278204994,0.006064810314509273,0.014364330958941629,0.015053491128541152,73.52747106001137,0.0024293043472215885,0.04051160701594535,0.005136225451679178,0.0033703960423172585,1
2017-09-12,217.3250274658203,250.0500030517578,250.08999633789065,249.4199981689453,249.6300048828125,56896000,0.0033703960423172585,0.016215510040529235,0.01423687443337962,0.005728679002898801,0.01705662370785932,0.017790611490522412,69.68407132983309,0.0033300727631868933,-0.4902255719829976,0.002679456751722807,0.00048003831881149317,1
2017-09-13,217.42935180664065,250.1699981689453,250.2100067138672,249.58999633789065,249.72000122070312,59228000,0.00048003831881149317,0.013244361593015341,0.01484703741896154,0.00572559186795791,0.016788028807580124,0.01761977454625674,75.6169672404504,0.0040406007988331005,-0.4089411986799625,0.0024783562398150855,-0.00031973163876508615,0
2017-09-14,217.35983276367188,250.08999633789065,250.32000732421875,249.6000061035156,249.8000030517578,95446300,-0.00031973163876508615,0.013043575350023318,0.01275620185373083,0.005725382998554052,0.015812662613019723,0.01668895381535629,79.15902972198178,0.004528429634029848,0.9135114954904706,0.002878968496326326,0.0013458857608905639,1
2017-09-15,217.65237426757807,249.19000244140625,249.2899932861328,248.57000732421875,248.69000244140625,95432400,0.0013458857608905639,0.015599895364644789,0.030180524145971832,0.004262534226150098,0.015666505025200728,0.017240428215503423,78.6834587705322,0.004958703432816522,1.0991815038302346,0.0028893051681852995,0.002127023248490678,1
2017-09-18,218.1153259277344,249.72000122070312,250.1199951171875,249.27999877929688,249.6100006103516,46235200,0.002127023248490678,0.007019134017731021,0.033988120830963364,0.00420256814498275,0.01612702901880847,0.01867177895105354,79.7197600369777,0.005402258103409596,-1.0935364356820183,0.0033637527382047155,0.0010012308311375673,1
2017-09-19,218.33370971679688,249.97000122070312,250.07000732421875,249.6000061035156,250.0,47108100,0.0010012308311375673,0.004641353380871793,0.034214011855857596,0.004200392185911745,0.015435970598273618,0.018960400349021356,79.6655246729597,0.005770546864917335,-0.9657367763720979,0.0018802305012919557,0.0003598505470581159,1
2017-09-20,218.4122772216797,250.05999755859372,250.19000244140625,248.9199981689453,250.07000732421875,59574100,0.0003598505470581159,0.004520665709904392,0.023879342774083767,0.0036639729780911165,0.014599534696814187,0.018574228730156905,77.41180237328157,0.006024102732153374,-0.2651011949290006,0.005078798227866702,-0.002679359812411297,0
2017-09-21,217.8270721435547,249.38999938964844,249.97999572753903,249.19000244140625,249.8800048828125,48211400,-0.002679359812411297,0.00214961234530775,0.02481057661121322,0.0036070041503625345,0.0106431432262164,0.01530043885128518,67.73834951841778,0.005957958609890896,-0.883402943833515,0.003167702345988998,0.00020083338499521375,1
2017-09-22,217.87081909179688,249.44000244140625,249.6300048828125,249.0200042724609,249.0500030517578,51214000,0.00020083338499521375,0.001003640897343283,0.027410799771641736,0.003518738312167792,0.009484881169564474,0.01498972328007353,66.60701187000322,0.005840407423843536,-0.7202517126669755,0.0024454802933818955,-0.002044769498393051,0
2017-09-25,217.42532348632807,248.92999267578125,249.5500030517578,248.0800018310547,249.1499938964844,57064400,-0.002044769498393051,-0.0031634752783715747,0.02292047053296664,0.0035903336398505096,0.00628496523602351,0.012536681964996577,78.20742631465868,0.00553088271662505,-0.3762947650289969,0.005905279652732434,0.0006025607357502683,1
2017-09-26,217.55633544921875,249.0800018310547,249.6999969482422,248.80999755859372,249.4199981689453,54082000,0.0006025607357502683,-0.0035604866907014143,0.02349459433597434,0.003583481817441605,0.005729019095031429,0.01275442317303499,75.92740645986517,0.005260869467663629,-0.5990676112065982,0.0035731467123247106,0.00389422695214936,1
2017-09-27,218.40354919433597,250.0500030517578,250.4900054931641,248.8699951171875,249.8800048828125,81001400,0.00389422695214936,-3.996124876648466e-05,0.02630559255826581,0.003634916741829458,0.008340835031167781,0.016235281065786866,79.34520910004049,0.005282058258603434,0.8458898227355689,0.006478745675684976,0.0011997237533354355,1
2017-09-28,218.6655731201172,250.3500061035156,250.44000244140625,249.6300048828125,249.72999572753903,44778800,0.0011997237533354355,0.0038493882707559823,0.022691668153434374,0.0035440407700139077,0.008421129230125057,0.017075880684168654,83.22027232382752,0.005343747025490183,-1.121079357996011,0.0032354605106693283,0.0035150982867480085,1
2017-09-29,219.4342041015625,251.22999572753903,251.32000732421875,250.1300048828125,250.33999633789065,85578000,0.0035150982867480085,0.007175743021863301,0.020149326098783282,0.003403866333115104,0.01095549531215756,0.02020750271058902,78.16862815152035,0.005596873364526272,1.2808570767810148,0.004736705256711532,0.00433882860806456,1
2017-10-02,220.38629150390625,252.32000732421875,252.32000732421875,251.2899932861328,251.4900054931641,59023000,0.00433882860806456,0.013618321776416087,0.02312879332633133,0.00348431290990949,0.014177948667796647,0.02408014601188735,79.09004700853367,0.006065873385569272,-0.309531469070844,0.004082173463012072,0.002139963648035703,1
2017-10-03,220.85791015625,252.8600006103516,252.88999938964844,252.22999572753903,252.32000732421875,66810200,0.002139963648035703,0.015175723107369032,0.032735329350033204,0.0028826852474618334,0.014713756927268173,0.0256672947423906,80.45442963171689,0.006539854715999295,0.25162414731753685,0.002610154474872623,0.0011863223137755785,1
2017-10-04,221.1199188232422,253.16000366210935,253.44000244140625,252.55999755859372,252.69000244140625,55953600,0.0011863223137755785,0.01243738775732628,0.03044280416565459,0.0028524341024435654,0.01439524788101898,0.026304437446755147,82.29489118440269,0.006933238079505066,-0.44697538941831666,0.0034760818062993235,0.00592527317224123,1
2017-10-05,222.43011474609372,254.66000366210935,254.67999267578125,253.1999969482422,253.5399932861328,63522800,0.00592527317224123,0.01721597767888494,0.03667451268650024,0.002988250818844474,0.01856735501612161,0.031678591979386495,84.92938577898701,0.007596166457980678,0.02634050942179688,0.005811653601885461,-0.0011385604074312106,0
2017-10-06,222.17686462402344,254.3699951171875,254.6999969482422,253.8500061035156,254.1499938964844,80646000,-0.0011385604074312106,0.012498783103073174,0.036711872424610936,0.0029863709600921003,0.015578178079664662,0.029803847903213,80.63259119795025,0.0079792449479712,1.051772887935635,0.0033415530960520822,-0.001651307506025046,0
2017-10-09,221.8099822998047,253.9499969482422,254.6999969482422,253.6499938964844,254.6300048828125,35803100,-0.001651307506025046,0.006459978913312847,0.024077035127935575,0.002240515075288699,0.01269412670471115,0.027416243176743738,75.64402441248157,0.008063249004865412,-1.5563575308177817,0.004134684246410077,0.0026383171400015115,1
2017-10-10,222.3951873779297,254.6199951171875,255.0500030517578,253.97999572753903,254.6000061035156,43057400,0.0026383171400015115,0.0069604807026930615,0.02332984825186224,0.002208820422161475,0.014192094485027118,0.029371551093075432,77.33796674500714,0.008215623597904934,-1.0562074950893698,0.00420236958894887,0.001571058061428987,1
2017-10-11,222.7445831298828,255.0200042724609,255.0200042724609,254.32000732421875,254.50999450683597,47674300,0.001571058061428987,0.007347435343169284,0.024445785626813432,0.002204714330746048,0.014555851653430096,0.030245598136542595,84.88206464796875,0.008370179934156058,-0.7470568853975807,0.0027448707415685283,-0.0014899516632278509,0
2017-10-12,222.41270446777344,254.63999938964844,255.05999755859372,254.3699951171875,254.66000366210935,47065100,-0.0014899516632278509,-7.827302674445757e-05,0.023246575228990762,0.002262243747127029,0.011879802246615778,0.02801104822296363,80.9523512419122,0.008299490344606109,-0.715436677607678,0.0027097174169812355,0.0012172031098434122,1
2017-10-13,222.6834259033203,254.9499969482422,255.2700042724609,254.63999938964844,255.13999938964844,54800400,0.0012172031098434122,0.002279991123981695,0.02311507812709257,0.0022618465834598265,0.01195333205317528,0.02849755355563821,86.70769978077364,0.008226825348251247,-0.12383451676705265,0.0024710919409831173,0.001333513227312233,1
2017-10-16,222.9803771972656,255.2899932861328,255.50999450683597,254.82000732421875,255.2100067138672,38221700,0.001333513227312233,0.005276565487837059,0.02230494922279358,0.0022506585051880316,0.01218388993919195,0.029113337716585308,87.00869543489692,0.008179515898569202,-1.2890830624196998,0.002702758434577058,0.0007051823270975976,1
2017-10-17,223.1376190185547,255.47000122070312,255.5200042724609,254.97999572753903,255.22999572753903,31561000,0.0007051823270975976,0.003338344005454408,0.022002600093173896,0.0022523567545982507,0.011794475233151802,0.029106922159006565,85.6583623348982,0.008108355963106523,-1.6058117892408679,0.002113784563125109,0.0009789690558659192,1
2017-10-18,223.35606384277344,255.72000122070312,255.9499969482422,255.5,255.8999938964844,40888300,0.0009789690558659192,0.002745210250675534,0.022635113208750557,0.0022460218168175667,0.011651077075339966,0.029311557219174666,85.5635872256342,0.008034945337700654,-0.8928901442836524,0.001759725270194296,0.00027312730007111874,1
2017-10-19,223.4170684814453,255.7899932861328,255.8300018310547,254.3500061035156,254.8300018310547,61903800,0.00027312730007111874,0.00451576728080938,0.0256625417716978,0.002073404685929999,0.010647962778866926,0.028784288946325454,83.82827505229386,0.007911703607235872,0.4553058808256358,0.005785979773976272,0.005160546190132509,1
2017-10-20,224.5700225830078,257.1099853515625,257.1400146484375,255.7700042724609,256.70001220703125,89176400,0.005160546190132509,0.008472101917933461,0.030748511981259607,0.0022295456701888696,0.014326526766642367,0.03288418270057525,84.3618645151106,0.008096588432615773,1.9115616605576495,0.005328499296140873,-0.003889268371136456,0
2017-10-23,223.6966094970703,256.1099853515625,257.510009765625,256.0199890136719,257.4800109863281,63915300,-0.003889268371136456,0.0032120866813813986,0.028843402002051377,0.0024150935212258334,0.00895256786028975,0.027777362161709007,71.87131876632694,0.007901472399345735,0.39207436620661934,0.005817894018883222,0.0017570042279833054,1
2017-10-24,224.0896453857422,256.5599975585937,256.8299865722656,256.1499938964844,256.6000061035156,66935900,0.0017570042279833054,0.004266543541043832,0.03003042831656999,0.002408174579387389,0.009238310780807613,0.028655403271414803,72.4280110443759,0.0077603155883224865,0.5288168799126898,0.0026504236133926213,-0.004950109080529508,0
2017-10-25,222.9803771972656,255.2899932861328,256.3099975585937,254.0,256.17999267578125,103715300,-0.004950109080529508,-0.0016820078176713604,0.020955831623675536,0.0027323713894063083,0.0032085253120084367,0.022743553080789125,54.285768614606454,0.007212968338600928,2.3159071076817024,0.009048523715555954,0.0012928000508034554,1
2017-10-26,223.2686462402344,255.6199951171875,256.29998779296875,255.47999572753903,255.9900054931641,69798000,0.0012928000508034554,-0.0006643281205851448,0.021050744543077426,0.002732735115049325,0.0034664022043937592,0.0232541266086137,58.457305094642585,0.006766071642615453,0.4965791375537601,0.0032078557276154994,0.008176114297477,1
2017-10-27,225.0941162109375,257.7099914550781,257.8900146484375,255.6300048828125,256.4700012207031,85562500,0.008176114297477,0.0023337648627432817,0.025793208185335592,0.0031250061481782883,0.010385743186377194,0.030315382277442682,70.75084409461559,0.0069415994264568565,1.3211168034322507,0.008769585350046261,-0.003724977236626792,0
2017-10-30,224.25564575195312,256.75,257.6000061035156,256.4100036621094,256.4700012207031,54285700,-0.003724977236626792,0.002499082378314421,0.017557145780903838,0.003227917552249536,0.005748663526566444,0.025228276281906492,61.390767207086604,0.006771078100879331,-0.30151904038186,0.004634868320959104,0.001557684119106506,1
2017-10-31,224.6049652099609,257.1499938964844,257.44000244140625,256.8099975585937,257.17999267578125,60304800,0.001557684119106506,0.0022996146177645116,0.01696590831209077,0.0032185253911064388,0.006469620752202809,0.025559894271561134,61.39040650528009,0.006653876239870432,0.02959111614394512,0.002449950992673035,0.0013221726975483072,1
2017-11-01,224.9019317626953,257.489990234375,258.42999267578125,257.07000732421875,258.0400085449219,54202700,0.0013221726975483072,0.008617594918362448,0.017103899818615487,0.0032194236580508867,0.006947088198914653,0.02583071271427273,65.30601905019242,0.006591232113856144,-0.2849528045114967,0.005281701825863604,0.0003884207071860324,1
2017-11-02,224.98928833007807,257.5899963378906,257.75,256.19000244140625,257.4100036621094,56449500,0.0003884207071860324,0.00770659973452914,0.011505517528081377,0.0029902189647102208,0.006761427845431323,0.025066278657938312,64.50562593709589,0.006502381254478211,-0.14904840779324596,0.006056126327776494,0.0033387819976784527,1
2017-11-03,225.740478515625,258.45001220703125,258.5,257.29998779296875,257.7699890136719,59589700,0.0033387819976784527,0.0028715202137126195,0.016039536329005566,0.003022495855046901,0.00931804880806042,0.02720807634022182,66.42447245124033,0.006604961656928435,0.07287730107227501,0.004643111434910596,0.001547505875304056,1
2017-11-06,226.08981323242188,258.8500061035156,259.0,258.2200012207031,258.29998779296875,49652600,0.001547505875304056,0.008178913285855405,0.019295033019895547,0.0029701204095014494,0.009913702228671717,0.027531858700375444,67.1749084330375,0.006740030908665489,-0.5214741863465541,0.0030133233954220922,-0.0006952139235537613,0
2017-11-07,225.93263244628903,258.6700134277344,259.3500061035156,258.0899963378906,258.9700012207031,57502200,-0.0006952139235537613,0.005911121488730409,0.015906122385409116,0.002964521952171678,0.008414882571732285,0.02557111635216791,65.0972580350977,0.0067262581577824665,-0.12390716658578499,0.004871108749437684,0.0017008492292114319,1
2017-11-08,226.31690979003903,259.1099853515625,259.2200012207031,258.1499938964844,258.4700012207031,50469600,0.0017008492292114319,0.006291533453063991,0.01603777119946037,0.0029664550364640273,0.009325383810650623,0.02605686152443254,66.37124840632615,0.0067593249779585056,-0.5385065398984977,0.004129548781251929,-0.003627652685207927,0
2017-11-09,225.49591064453125,258.1700134277344,258.3900146484375,256.3599853515625,257.7300109863281,95085500,-0.003627652685207927,0.0022517619314832427,0.01386254523605479,0.0030892774771513103,0.004972960592531495,0.021252901677885738,55.43071429210705,0.006451167902232814,1.7549105013006043,0.007863149054075699,-0.0003099857221157132,0
2017-11-10,225.42601013183597,258.0899963378906,258.2900085449219,257.3699951171875,257.7300109863281,59984700,-0.0003099857221157132,-0.0013930527030723283,0.012316068056660745,0.003094511717615004,0.004047812513880311,0.01998233228692392,61.19927431690547,0.006094096439831885,-0.13262051960017032,0.0035647000689243927,0.0009298393970995633,1
2017-11-13,225.6356201171875,258.3299865722656,258.5899963378906,257.2699890136719,257.3099975585937,50228600,0.0009298393970995633,-0.0020089057031837942,0.01190796676055883,0.0030909051578280953,0.004387498486304597,0.019986372136416408,60.25506847373908,0.0058120948542307194,-0.7117789655007805,0.005109771969308291,-0.002322540436170195,0
2017-11-14,225.111572265625,257.7300109863281,257.8500061035156,256.5199890136719,257.4100036621094,61315200,-0.002322540436170195,-0.003634092923071819,0.008846348974021145,0.0031587086907047535,0.0016147187417454578,0.01658303298257957,65.32706219054,0.0053565210631478,-0.1965356975990163,0.005160505308457477,-0.005005113566731723,0
2017-11-15,223.98486328125,256.44000244140625,257.2200012207031,255.6300048828125,256.6199951171875,80811500,-0.005005113566731723,-0.010304340541555379,0.002815233343828938,0.003381077048089765,-0.0035378712351804564,0.010637118652801147,54.59653727133835,0.004551458680930609,0.9007366683458924,0.006200266427832069,0.008500946108854768,1
2017-11-16,225.88894653320312,258.6199951171875,259.0400085449219,257.4700012207031,257.5199890136719,67777000,0.008500946108854768,0.0017429845514647102,0.011063962429366025,0.0038635004812064707,0.004380747296431675,0.018187663707012636,55.05010354214984,0.0044877209584116475,0.05941009589467488,0.006070711290158901,-0.0029388960634452177,0
2017-11-17,225.2250823974609,257.8599853515625,258.5899963378906,257.7699890136719,258.2200012207031,75756800,-0.0029388960634452177,-0.0008913245381824142,0.002916951278352231,0.003779174287583421,0.0012831586264656636,0.014197282331713579,56.29926490563927,0.004194585966380452,0.6362234747797435,0.003180048750490558,0.0017065989826394734,1
2017-11-20,225.6094512939453,258.29998779296875,258.5199890136719,257.8599853515625,258.1400146484375,48075500,0.0017065989826394734,-0.00011597824505105159,0.00855105404223866,0.0036697595643796,0.00256566049463669,0.015104001251303956,56.49741603597431,0.004036007675802806,-1.108661950624698,0.0025551827073192804,0.006542878613640335,1
2017-11-21,227.0855865478516,259.989990234375,260.20001220703125,258.260009765625,259.17999267578125,69176800,0.006542878613640335,0.008769048442775373,0.013369386867261301,0.003908933880473966,0.00845402857478672,0.020849060693714172,62.25525122288765,0.004364750972361001,0.23615003453388658,0.007461835125488417,-0.0008846762132768138,0
2017-11-22,226.8846893310547,259.760009765625,260.1499938964844,259.57000732421875,260.0,45033400,-0.0008846762132768138,0.012946526864913599,0.017509666917170152,0.0037014100020895456,0.006689150210119177,0.019079602330073442,60.50363179746512,0.004526559552512153,-1.3053033192770451,0.0022327785281072805,0.00230968689125044,1
2017-11-24,227.40872192382807,260.3599853515625,260.4800109863281,260.1600036621094,260.32000732421875,27856500,0.00230968689125044,0.006727975910063133,0.018543023184451002,0.003714415762191516,0.008088380531299233,0.020512124864478398,59.48356921539545,0.004771946770999239,-2.121519935337961,0.001229095645349058,-0.0004992800999603642,0
2017-11-27,227.2951812744141,260.2300109863281,260.75,260.0,260.4100036621094,52274900,-0.0004992800999603642,0.009191244842348567,0.009778421135690385,0.0033073950155395834,0.007093742255474211,0.019120600387124043,57.040991862237625,0.004880601042598952,-0.4567696206883613,0.0028820657431375325,0.01014499379263567,1
2017-11-28,229.60108947753903,262.8699951171875,262.8999938964844,260.6499938964844,260.760009765625,98971700,0.01014499379263567,0.01769269044670052,0.02383638417513212,0.0037948793929870753,0.016107404417717408,0.028400349473870712,67.12891715969613,0.0056601075528655564,2.25885160141344,0.008559364103145168,-0.0006087536785235326,0
2017-11-29,229.46131896972656,262.7099914550781,263.6300048828125,262.20001220703125,263.0199890136719,77512100,-0.0006087536785235326,0.010461837133702634,0.021621756024965633,0.003814560643465935,0.014398774495397504,0.026750813241758653,65.025081661223,0.006199945228457693,0.9086992450034009,0.005443236733635121,0.008755233499825321,1
2017-11-30,231.4703063964844,265.010009765625,266.04998779296875,263.6700134277344,263.760009765625,127894400,0.008755233499825321,0.020211223062031713,0.029205505627758255,0.004183921654858591,0.02179655884520315,0.03453131053380165,75.6371003226757,0.007185055477201214,2.766204818063659,0.008980696115362683,-0.002075857050774843,0
2017-12-01,230.98980712890625,264.4599914550781,265.3099975585937,260.760009765625,264.760009765625,164390900,-0.002075857050774843,0.015747352057489117,0.026670242140705458,0.00425251251968972,0.01832675602570366,0.03117050837365687,73.06245849277383,0.00776767316324341,2.974372962869087,0.017204824699321546,-0.0012096592000555573,0
2017-12-04,230.71038818359372,264.1400146484375,266.79998779296875,264.0799865722656,266.3099975585937,94040600,-0.0012096592000555573,0.015025425924258595,0.02201603230687188,0.004260790671786342,0.015981918336046563,0.02874384059989943,70.91435039617652,0.008037134717606469,0.6735931263285052,0.010297573521086404,-0.003596996687000864,0
2017-12-05,229.88052368164065,263.19000244140625,265.1499938964844,263.0400085449219,263.19000244140625,77994500,-0.003596996687000864,0.0012170421522714747,0.01676639205907926,0.004385685529981769,0.011483190484035788,0.02390613692873833,69.17077024616594,0.007890732432610209,0.12441238230939952,0.008016966191685963,0.00019010384688122883,1
2017-12-06,229.9242248535156,263.239990234375,263.7300109863281,262.7099914550781,263.29998779296875,75898600,0.00019010384688122883,0.0020173591168544114,0.017667179654428544,0.004373817768715043,0.01078784585142456,0.02297372283336463,76.15290136878083,0.007677080751817228,0.02810453393482806,0.0038748654045376177,0.0031531065784800028,1
2017-12-07,230.64920043945312,264.07000732421875,264.42999267578125,262.94000244140625,264.07000732421875,77218600,0.0031531065784800028,-0.003547348987497423,0.019142584853395483,0.004400049945193111,0.0130103021907646,0.025082275260290166,73.38969428333249,0.00765078290587864,0.02803270245253704,0.00564240615385611,0.005452894205053793,1
2017-12-08,231.9069061279297,265.510009765625,265.5199890136719,264.0299987792969,265.1600036621094,76563900,0.005452894205053793,0.0039703007263505175,0.028430650760246534,0.00437039602866093,0.01710220955849695,0.02946028798770084,81.02109632904093,0.007953515519406434,0.037335272038010604,0.0056118043748718425,0.0030135704430727106,1
2017-12-11,232.60577392578125,266.3099975585937,266.3800048828125,265.4800109863281,266.3099975585937,83077500,0.0030135704430727106,0.00821543302453831,0.03184975766437215,0.0043646678267711255,0.018563633065907803,0.03135656970946665,81.55959147656849,0.008347811391746724,0.21647171631937503,0.003379497220288764,0.0017643602895083266,1
2017-12-12,233.01617431640625,266.7799987792969,267.32000732421875,266.3500061035156,267.2099914550781,85195800,0.0017643602895083266,0.013640349275992225,0.032710057903914125,0.004362134536273544,0.01871455929778465,0.03202039239772336,79.59797556113037,0.008705709888552083,0.23354335608533927,0.003635959311573401,-0.00011250120162809019,0
2017-12-13,232.98995971679688,266.75,267.5599975585937,266.6499938964844,267.0599975585937,102905400,-0.00011250120162809019,0.013333674888909464,0.03499770079290099,0.004284313453339377,0.016848775241447234,0.030796545040753243,81.01046457375264,0.008890449191962241,0.7608657468355282,0.003411447655517594,-0.004085929676873046,0
2017-12-14,232.03797912597656,265.6600036621094,267.2200012207031,265.6000061035156,267.0899963378906,100666700,-0.004085929676873046,0.006021172776135453,0.03595383958876974,0.004212589460199606,0.010917487878411292,0.025593981254403708,72.53373936940682,0.008642474311546862,0.6439874824138719,0.006098001561604876,0.008327436316326375,1
2017-12-15,233.9702606201172,266.510009765625,267.0400085449219,265.3900146484375,265.45001220703125,144610300,0.008327436316326375,0.008897339568875395,0.035775606602008736,0.004198165221031051,0.017544564705524346,0.033080667987040124,77.60447165963298,0.008911214495344712,1.8072373095276912,0.006191114164662773,0.006341158804511027,1
2017-12-18,235.4539031982422,268.20001220703125,268.6000061035156,267.9800109863281,268.1000061035156,83653600,0.006341158804511027,0.01224444786727319,0.04541599315626055,0.004163317365772227,0.021724381042667495,0.03841407865727575,75.97023616076284,0.009521603847848524,-0.060939648379493304,0.002311689369756285,-0.0038404591571858937,0
2017-12-19,234.54965209960935,267.1700134277344,268.5299987792969,267.0899963378906,268.4800109863281,82382900,-0.0038404591571858937,0.006580992876146219,0.039626889540260946,0.004379286095843749,0.015830036786472768,0.03326500533731647,71.1436111192127,0.00966607480129253,-0.15781336381175487,0.005389835569236702,-0.0005241536807921721,0
2017-12-20,234.4267120361328,267.0299987792969,268.3299865722656,266.69000244140625,268.2699890136719,76751500,-0.0005241536807921721,0.006166584693530819,0.032327571290986734,0.004273369217685702,0.01368611505725692,0.031629833357839754,64.5682482251265,0.009603570443766269,-0.3502035865895989,0.006141572626133438,0.00205989707088694,1
2017-12-21,234.90960693359372,267.5799865722656,268.3900146484375,267.29998779296875,267.739990234375,67032300,0.00205989707088694,0.012375680129752098,0.03537002706617032,0.004233775001568672,0.014014857920877866,0.03264924756803955,69.31099597975748,0.009585762416026758,-0.722802672035314,0.004073648666449743,-0.0002617077348828767,0
2017-12-22,234.8481292724609,267.510009765625,267.6400146484375,266.8999938964844,267.6000061035156,78720900,-0.0002617077348828767,0.003752052290821206,0.0327138171557233,0.0042548096539728915,0.012124361165014363,0.031251519346507495,70.8320337527332,0.00945963663404795,-0.47421566423054656,0.0027663292024155783,-0.0011960880792269979,0
2017-12-26,234.56723022460935,267.19000244140625,267.44000244140625,266.8900146484375,267.04998779296875,45244400,-0.0011960880792269979,-0.0037658028241999153,0.031993854464585914,0.004275872034608382,0.009332131172643754,0.028944174065200556,74.97649925025274,0.009166601645320922,-1.6777823524380628,0.0020584145662012943,0.0004865800822997368,1
2017-12-27,234.68136596679688,267.32000732421875,267.7300109863281,267.010009765625,267.3800048828125,57751000,0.0004865800822997368,0.0005615607015763135,0.022126534768707184,0.003774138482481658,0.008720710318632863,0.028389152399754147,75.16295662561146,0.008858183122485683,-1.1071049807465172,0.0026934056597936284,0.002057141712805466,1
2017-12-28,235.1641387939453,267.8699951171875,267.9200134277344,267.45001220703125,267.8900146484375,45116100,0.002057141712805466,0.003145660114444837,0.02485307697970285,0.003757593309522363,0.009558467699891438,0.029419665722727917,74.50982990870038,0.008665366135897381,-1.4182551281662583,0.001754587035765276,-0.0037702483117227903,0
2017-12-29,234.2775115966797,266.8599853515625,268.54998779296875,266.6400146484375,268.5299987792969,96007400,-0.0037702483117227903,-0.002690802411894233,0.012127711946718689,0.0034711026184433844,0.005146514585468331,0.024558853511563505,63.40933336555624,0.00815979961455347,0.3618585302005567,0.007157210707386659,0.0071572739468259705,1
2018-01-02,235.9542999267578,268.7699890136719,268.8099975585937,267.3999938964844,267.8399963378906,86655700,0.0071572739468259705,0.004710153143326012,0.02149225915878228,0.003701622694939141,0.011263642522618689,0.03076159552827229,67.05419910567045,0.008157582414236229,0.2228056543992689,0.005246135058768015,0.006325281706904606,1
2018-01-03,237.44677734375,270.4700012207031,270.6400146484375,268.9599914550781,268.9599914550781,90070400,0.006325281706904606,0.012275999151217132,0.029198464851073913,0.0038382851097801896,0.016193237981151132,0.03611578453961806,70.32501658962175,0.00855875704338093,0.3930161059297655,0.006211495492206097,0.00421481170739324,1
2018-01-04,238.44757080078125,271.6099853515625,272.1600036621094,270.5400085449219,271.20001220703125,80636400,0.00421481170739324,0.016048163084738665,0.0372673899551621,0.0036926906309637593,0.01860898142429468,0.03914508731909527,72.98142313010491,0.009113516965306769,-0.05489134637677113,0.0059644166435583535,0.006663957662748299,1
2018-01-05,240.0365753173828,273.4200134277344,273.5599975585937,271.95001220703125,272.510009765625,83524000,0.006663957662748299,0.020719300776156135,0.04398123107867291,0.0038221440730996543,0.023186951426559244,0.04461796889393055,81.96628939408723,0.009937816888012345,0.06266365970137076,0.005888322992083995,0.0018283600756898721,1
2018-01-08,240.47544860839844,273.9200134277344,274.1000061035156,272.9800109863281,273.3099975585937,57319200,0.0018283600756898721,0.02645553544374679,0.04260256766649739,0.00381552502237022,0.022915431513794493,0.0449367396048046,79.52186004254565,0.010644042521236616,-1.085322931227959,0.004088767020606829,0.0022637344549889526,1
2018-01-09,241.0198211669922,274.5400085449219,275.25,274.0799865722656,274.3999938964844,57254000,0.0022637344549889526,0.02146823025393796,0.039295574207848016,0.0037335702918760844,0.023247791947712315,0.04568903346893416,77.61335489301914,0.011245389504680629,-1.0153780493266409,0.004261722850288797,-0.0015298685224723885,0
2018-01-10,240.65109252929688,274.1199951171875,274.4200134277344,272.9200134277344,273.67999267578125,69574300,-0.0015298685224723885,0.013494877552741036,0.03458778545231933,0.0038021249027730512,0.019940485757302007,0.04268173968949651,81.96886452743567,0.011502770083278293,-0.43887254169072043,0.005472056131325785,0.0072961599258400955,1
2018-01-11,242.40692138671875,276.1199951171875,276.1199951171875,274.5599975585937,274.75,62361500,0.0072961599258400955,0.01660470086837451,0.04030083790475869,0.004002342977741041,0.02534168560417771,0.04863990683663921,85.70347988623843,0.012053918822577066,-0.6974814861452482,0.00564970877220149,0.006518665674621893,1
2018-01-12,243.98709106445312,277.9200134277344,278.1099853515625,276.0799865722656,276.4200134277344,90816100,0.006518665674621893,0.016457974131012465,0.04720002252896838,0.004093072943354369,0.029630826303159274,0.05370865295629068,86.98167396061272,0.012849885081004554,0.5784844126079974,0.007304255473579709,-0.0034180870494932014,0
2018-01-16,243.1531219482422,276.9700012207031,280.0899963378906,276.17999267578125,279.3500061035156,106555100,-0.0034180870494932014,0.011134913586144046,0.04790225662252934,0.004040476942995561,0.02371054279050311,0.048454169716083406,81.83101622792555,0.01316054718779793,1.2458541147499549,0.014117065548169943,0.009531741607601285,1
2018-01-17,245.4707946777344,279.6099853515625,280.04998779296875,276.9700012207031,278.0299987792969,113258800,0.009531741607601285,0.018467250905718435,0.04915382847006322,0.004141947121094348,0.03097235740312354,0.056581536776317165,86.14709417377902,0.013847808925302787,1.959519350919991,0.011015295352893282,-0.0016810907869838632,0
2018-01-18,245.05813598632807,279.1400146484375,279.9599914550781,278.5799865722656,279.4800109863281,100728000,-0.0016810907869838632,0.018312999998097546,0.04079028912933125,0.004129657267136265,0.02716752651117238,0.0530541168562384,83.73300581750605,0.014215599222778336,1.1994971187509205,0.004943773054359639,0.004549900903666693,1
2018-01-19,246.17312622070312,280.4100036621094,280.4100036621094,279.1400146484375,279.79998779296875,140920100,0.004549900903666693,0.015536705026570008,0.04955656091170613,0.003925261074161667,0.0293335755944919,0.05602268786688214,84.3752531148006,0.014619919180077753,2.514918685151217,0.004529043176370399,0.008130871974453724,1
2018-01-22,248.1747283935547,282.69000244140625,282.69000244140625,280.1099853515625,280.1700134277344,91322400,0.008130871974453724,0.01716335610557085,0.05864526375007495,0.004057463988514557,0.03472887877005082,0.06258138800593627,90.56887507839632,0.01534438400932642,0.42466567392208326,0.009126665490685386,0.002122491120011505,1
2018-01-23,248.70147705078125,283.2900085449219,283.6199951171875,282.3699951171875,282.739990234375,97084700,0.002122491120011505,0.022818358481615952,0.058711392425454756,0.004056837336276385,0.03395230222970902,0.06279950276718971,89.89005154102564,0.01596493270974667,0.6002224991997362,0.00441243941648505,-0.00038843112111863753,0
2018-01-24,248.60487365722656,283.17999267578125,284.70001220703125,281.8399963378906,284.0199890136719,134816100,-0.00038843112111863753,0.012767624692814117,0.05857719381194504,0.004062072558429345,0.030603551935350026,0.06029252188720524,88.25978630184531,0.016269977286310248,1.8415980724425887,0.010099639604183187,0.0004241197321306345,1
2018-01-25,248.71031188964844,283.29998779296875,284.2699890136719,282.3999938964844,284.1600036621094,84587300,0.0004241197321306345,0.014903304020577934,0.060294362735563656,0.003992523364417413,0.028026947554134374,0.05863960921798839,87.4917639294107,0.016345599462124594,-0.10855358317584324,0.006600759610883088,0.011577793376094991,1
2018-01-26,251.5898284912109,286.5799865722656,286.6300048828125,283.9599914550781,284.25,107743100,0.011577793376094991,0.022003629533678293,0.07204859429191446,0.0043849294333032605,0.03630785512600365,0.06853540110355683,88.56953941952632,0.016951302960244954,0.7305142563834405,0.009316817477975173,-0.00663001781092909,0
2018-01-29,249.9217834472656,284.67999267578125,286.42999267578125,284.5,285.92999267578125,90118300,-0.00663001781092909,0.007039617067457593,0.06275465608406883,0.004930984986539179,0.02631776197819291,0.05921874688736106,79.14394044246312,0.016962825918798226,-0.08791603741395661,0.006779516388351521,-0.010257176409074198,0
2018-01-30,247.35829162597656,281.760009765625,284.739990234375,281.2200012207031,282.6000061035156,131796400,-0.010257176409074198,-0.005400793918608038,0.05583455253620784,0.005575134499830427,0.013069688760568576,0.046281234035590924,67.38905112422378,0.016036154161413352,1.58838114959679,0.012492862335573772,0.000496888724006439,1
2018-01-31,247.481201171875,281.8999938964844,283.29998779296875,280.67999267578125,282.7300109863281,108364800,0.000496888724006439,-0.004519913342088677,0.048852261851957124,0.00549543013781917,0.011186213760508767,0.044892490200061363,68.99400329623501,0.015021824534912725,0.5584728202188602,0.009294058793593235,-0.001135093515428287,0
2018-02-01,247.2002868652344,281.5799865722656,283.0599975585937,280.67999267578125,281.07000732421875,90102500,-0.001135093515428287,-0.00607142105585079,0.04107661359145043,0.0054682403916732755,0.0080298239358918,0.0417732896109837,64.52118699695097,0.013987501082680225,-0.2014543861569473,0.008452322595028006,-0.021770106363265818,0
2018-02-02,241.81871032714844,275.45001220703125,280.2300109863281,275.4100036621094,280.0799865722656,173174800,-0.021770106363265818,-0.03883749284563709,0.01413786483563606,0.007594976185960001,-0.014592401865541449,0.017703377929928932,44.660774897184616,0.011518469258955555,2.5005689247447536,0.017498664405924874,-0.04182237935273292,0
2018-02-05,231.7052764892578,263.92999267578125,275.8500061035156,263.3099975585937,273.45001220703125,294681800,-0.04182237935273292,-0.0728888322848078,-0.03470845564726599,0.01203921519238152,-0.05419899897313707,-0.025238427896966398,30.653012343972648,0.006128962486287316,3.5262751986670993,0.047512631731575945,0.019702289826491803,1
2018-02-06,236.27040100097656,269.1300048828125,269.70001220703125,258.70001220703125,259.94000244140625,355026800,0.019702289826491803,-0.04482522316965898,-0.01748639053074219,0.01294391194609613,-0.034736133072987285,-0.006817704511456468,35.5489928871049,0.002956121639369335,3.097080067763241,0.04087244008630602,-0.0054251370928216636,0
2018-02-07,234.9886016845703,267.6700134277344,272.3599853515625,267.5799865722656,268.5,167376100,-0.0054251370928216636,-0.050478983567841196,-0.025023748890109387,0.012962269603958302,-0.03878860627979541,-0.012834928633484344,34.60419163939797,9.712242505360169e-05,0.5045149375011903,0.017857804533593674,-0.03750896172669815,0
2018-02-08,226.17442321777344,257.6300048828125,268.1700134277344,257.5899963378906,268.010009765625,246449500,-0.03750896172669815,-0.08505598401236314,-0.06015625842114569,0.01529869529216201,-0.07209529666246928,-0.04977298834728905,25.249976867107634,-0.0053493925036057245,1.4102305215450448,0.041066711521650034,0.015021689562948248,1
2018-02-09,229.5719451904297,261.5,263.6099853515625,252.9199981689453,260.79998779296875,283565300,0.015021689562948248,-0.05064440679610982,-0.05294805991043905,0.015665071349752667,-0.05567032853295317,-0.0354966112118984,27.74643074618102,-0.008236570100470969,1.6617133352012543,0.04087949209413838,0.014684258336547629,1
2018-02-12,232.9430389404297,265.3399963378906,267.010009765625,261.6600036621094,263.8299865722656,143736000,0.014684258336547629,0.005341969202972585,-0.045264903466167294,0.016017628094882174,-0.039622096830619236,-0.02161982512238836,32.35007101022511,-0.009160851605565207,-0.11828377760579191,0.020162833260549205,0.0024876597938381373,1
2018-02-13,233.52252197265625,266.0,266.6199951171875,263.3099975585937,263.9700012207031,81223600,0.0024876597938381373,-0.011630229671929837,-0.03960714095883955,0.01604819863816612,-0.035317865631703804,-0.019355001027406393,33.28807779849123,-0.009651539499387352,-0.8833760259303368,0.01244359984433762,0.013496289760177138,1
2018-02-14,236.67420959472656,269.5899963378906,270.0,264.29998779296875,264.3099975585937,120735700,0.013496289760177138,0.007173147540232128,-0.0358355668932282,0.016220325003996405,-0.02051858119233274,-0.006594200765150271,37.50684211193187,-0.008749095484008668,-0.3943766069760204,0.021143263045588456,0.012759723444766946,1
2018-02-15,239.6941070556641,273.0299987792969,273.0400085449219,268.7699890136719,271.57000732421875,111200300,0.012759723444766946,0.059775476137163164,-0.021888801647308886,0.016539310053314393,-0.006918390707392974,0.005323210724298422,37.688432529405134,-0.006936664567897974,-0.5226574585940517,0.01563937864095901,0.00029296067445372387,1
2018-02-16,239.7643280029297,273.1099853515625,275.32000732421875,272.2699890136719,272.32000732421875,160420100,0.00029296067445372387,0.0443973361119776,-0.026033703662794228,0.01649180175706194,-0.005306881159249932,0.004784672412276425,39.127884092434705,-0.005498999629966237,0.08496555505835982,0.011167729025435376,-0.006260852741915457,0
2018-02-20,238.26319885253903,271.3999938964844,273.6700134277344,270.5,272.0299987792969,86369700,-0.006260852741915457,0.02283888772254694,-0.03993770681315301,0.01637741665708396,-0.009498073298934151,-0.002203522120603263,40.038445314531586,-0.00484130090996649,-0.842624296218714,0.01168022659920715,-0.0049745059452184215,0
2018-02-21,237.0779571533203,270.04998779296875,274.7200012207031,269.94000244140625,271.8999938964844,98883700,-0.0049745059452184215,0.015225234596774273,-0.04673683500113501,0.01636240212054677,-0.01203836573056527,-0.007701365653147496,38.86479499758771,-0.004663720980545645,-0.6870810038011577,0.017700422126889395,0.0012961200519450156,1
2018-02-22,237.3852386474609,270.3999938964844,273.04998779296875,269.6400146484375,271.1000061035156,110511300,0.0012961200519450156,0.003004252360034876,-0.04513039042523015,0.016376880490460127,-0.008439831350731009,-0.00687067194059332,39.50030214182803,-0.004343456914131029,-0.5223843008707834,0.012610847712654423,0.015939869690580366,1
2018-02-23,241.16912841796875,274.7099914550781,274.7099914550781,271.25,271.7900085449219,92766400,0.015939869690580366,0.006153765649157705,-0.03032115320986639,0.016866764550204187,0.008954591211919105,0.008237261799971307,49.280512434825965,-0.002732654750964967,-0.7525380954046563,0.012595069574103638,0.011611767221798353,1
2018-02-26,243.9695281982422,277.8999938964844,278.010009765625,275.260009765625,275.92999267578125,86491400,0.011611767221798353,0.017538890085689207,-0.030288586540512474,0.016868142172251053,0.022299896907076455,0.019011429904261634,66.21014070099606,-0.0005600827331444405,-0.8101472073574155,0.00989564613313505,-0.012486563239600512,0
2018-02-27,240.92318725585935,274.42999267578125,278.9200134277344,274.3599853515625,278.1099853515625,99099200,-0.012486563239600512,0.011164075762143177,-0.036005649716824295,0.017013921736583334,0.011441786666091636,0.005621044348385951,56.407002285656134,0.00012941935240507274,-0.661746026520083,0.016616361906037037,-0.010129872794861106,0
2018-02-28,238.482666015625,271.6499938964844,276.19000244140625,271.2900085449219,275.67999267578125,121907800,-0.010129872794861106,0.005925092653789932,-0.035881657946490564,0.017010572421014822,0.003064798992340023,-0.005101031082552776,54.66262088378175,-0.00013575500033002972,-0.3700374801635119,0.01803789437356505,-0.014540859416988683,0
2018-03-01,235.01492309570312,267.70001220703125,273.1700134277344,266.0,271.4100036621094,176855100,-0.014540859416988683,-0.009985100865003371,-0.05037262635360362,0.01723979739967244,-0.008922340915292426,-0.019653166304576364,63.76062440355371,-0.001525134633472425,0.27361324948313587,0.026783762049996843,0.005155065550841664,1
2018-03-02,236.2264404296875,269.0799865722656,269.7200012207031,264.82000732421875,265.79998779296875,139083200,0.005155065550841664,-0.020494696069536356,-0.04439253115239905,0.017321999275464767,-0.0015028664907700273,-0.01466292066879571,61.114370398309816,-0.00217230142466493,-0.23458865994265407,0.018210175936545937,0.01155772344195638,1
2018-03-05,238.9566802978516,272.19000244140625,272.8900146484375,267.6099853515625,267.7300109863281,97307400,0.01155772344195638,-0.02054702461168556,-0.011835436660070253,0.016931186094450004,0.010648799025245292,-0.0036409765582942066,60.26373028820015,-0.001718863800417618,-0.7096678297815537,0.019398321942451287,0.0025352699970273562,1
2018-03-06,239.5625,272.8800048828125,273.3900146484375,271.17999267578125,273.29998779296875,79213200,0.0025352699970273562,-0.005647805308230058,0.03391042115998788,0.013852857743071429,0.01153033212123078,-0.0015425626483712707,60.299421015985295,-0.001158283754707164,-0.8640744899414702,0.00809887838284574,-0.0003664338678907031,0
2018-03-07,239.47471618652344,272.7799987792969,273.17999267578125,270.20001220703125,270.4200134277344,87063500,-0.0003664338678907031,0.004159841834514788,0.013562067749373519,0.01319612766793263,0.010476090001461547,-0.0022880931947139027,55.33266776922514,-0.000738790542960814,-0.7697124288524733,0.010924483034260395,0.004838980477838595,1
2018-03-08,240.63352966308597,274.1000061035156,274.239990234375,272.4200134277344,273.54998779296875,66901200,0.004838980477838595,0.02390744593310279,0.024022135278259027,0.013142515810841804,0.014157949173623674,0.0020567550810830504,51.92528760793506,-1.5286341807279928e-05,-1.026753831458169,0.006639827676447768,0.01740242441436357,1
2018-03-09,244.82113647460935,278.8699951171875,278.8699951171875,275.3399963378906,275.70001220703125,113625300,0.01740242441436357,0.03638329405162444,0.08244395184720688,0.009966844299666273,0.027768285247006474,0.01862507092477772,58.867135973115175,0.0019040411073983703,-0.08761696861863909,0.012658223692418001,-0.0012550641655214578,0
2018-03-12,244.5138702392578,278.5199890136719,279.9100036621094,278.0799865722656,279.20001220703125,71924800,-0.0012550641655214578,0.023256056011823345,0.06508602362729388,0.009681330820050717,0.02326905248503386,0.01651491837233099,61.43954059092741,0.0032898943051787284,-1.1978546545420157,0.006570505392896302,-0.006463181507321947,0
2018-03-13,242.93353271484372,276.7200012207031,280.4100036621094,276.0299987792969,279.8399963378906,91968900,-0.006463181507321947,0.014071621037698767,0.04288814046496969,0.009514687551347918,0.014534627798917121,0.00929300236306263,60.563696653814965,0.003845583706852069,-0.44771992472970473,0.01582829164314417,-0.005131056727223582,0
2018-03-14,241.68702697753903,275.29998779296875,278.0199890136719,274.6700134277344,277.8099975585937,105895100,-0.005131056727223582,0.009238181075001073,0.034962387935493444,0.009651765581091752,0.007611194422763701,0.0034964377798372137,57.50623029735026,0.0038307014990228375,-0.0005769778000310437,0.012168455265086137,-0.0010895751622823635,0
2018-03-15,241.42369079589844,275.0,276.6099853515625,274.42999267578125,275.8800048828125,83433000,-0.0010895751622823635,0.003283670126597915,0.02006759084272325,0.009261779670513146,0.005517816372478057,0.0019479846385814792,50.50640573046211,0.0036769363486642472,-0.734953933742241,0.00792724609375,0.0010842536848980622,1
2018-03-16,241.6854553222656,274.20001220703125,275.3900146484375,274.1400146484375,274.5,100343700,0.0010842536848980622,-0.01280804916396161,0.00830787327674698,0.00884229886716195,0.006190792102584997,0.002681582786092429,44.94575658838815,0.0035938854890614803,-0.11281521583147734,0.0045587160625514605,-0.013530315930869286,0
2018-03-19,238.41537475585935,270.489990234375,274.3999938964844,268.6199951171875,273.3500061035156,109208400,-0.013530315930869286,-0.024941306918217165,-0.005626163234148218,0.00937923778093334,-0.007144493617664449,-0.010882373440996185,44.50507125433301,0.002444717677335965,0.33504438216018456,0.021368623564548928,0.0017006948573390357,1
2018-03-20,238.8208465576172,270.95001220703125,271.6700134277344,270.17999267578125,270.94000244140625,59757300,0.0017006948573390357,-0.01692926501856795,0.002340469311936433,0.009278678620351234,-0.005571415680835412,-0.009100229897469725,50.81354859597436,0.0016108207918811832,-1.5229047625463354,0.005499245930332748,-0.0019193216590784878,0
2018-03-21,238.3624725341797,270.42999267578125,273.2699890136719,270.19000244140625,270.8999938964844,78709600,-0.0019193216590784878,-0.013755618102200828,0.005418113924563039,0.009214665682418747,-0.007745402987001326,-0.010828643556412665,59.416497767613826,0.0007907872801884325,-0.7482984299094706,0.011389219597244243,-0.024997178536030562,0
2018-03-22,232.40408325195312,263.6700134277344,268.8699951171875,263.3599853515625,267.9100036621094,148785900,-0.024997178536030562,-0.03736007644573114,-0.020983425186370863,0.010805045800293853,-0.03154489637434943,-0.03486498543582639,41.514090900468005,-0.0019048198990457045,1.6774613189912078,0.02089736976152262,-0.021314656833631096,0
2018-03-23,227.45046997070312,258.04998779296875,264.5400085449219,257.8299865722656,264.1700134277344,183534800,-0.021314656833631096,-0.058898808505383204,-0.05688397406939205,0.010940633545895338,-0.04947022540102042,-0.054399751673102514,26.750586884495704,-0.005835639028815161,2.298406020867834,0.026002799031479288,0.02735936483853596,1
2018-03-26,233.67337036132807,265.1099853515625,265.42999267578125,259.4100036621094,262.1300048828125,141956100,0.02735936483853596,-0.0198896753172364,-0.042202638636689827,0.012493888123044963,-0.021358871836308024,-0.027822758186165975,40.30188660280816,-0.006457158089343643,0.9805589384196213,0.02270751516842628,-0.017011929854072072,0
2018-03-27,229.69813537597656,260.6000061035156,266.7699890136719,258.8399963378906,266.1700134277344,129941400,-0.017011929854072072,-0.038198973469595,-0.04659182873901557,0.01273101058581848,-0.035740890589660346,-0.043223801992689714,35.727492083179555,-0.008493849200481025,0.5864065209135559,0.03042974861877515,-0.0029549280144008927,0
2018-03-28,229.01939392089844,259.8299865722656,262.6400146484375,258.5799865722656,260.75,146452300,-0.0029549280144008927,-0.039196936136587146,-0.039681173700509276,0.0125993420949493,-0.0366767456617475,-0.04492646284097124,32.8038710855142,-0.010170973347263298,0.9970855785909998,0.0156257102181802,0.012777653963301328,1
2018-03-29,231.9457244873047,263.1499938964844,265.260009765625,259.8399963378906,261.1199951171875,111601600,0.012777653963301328,-0.001972249188718078,-0.013059590293117651,0.01264291368593821,-0.023737559185424195,-0.031630480038221,30.196759677573,-0.010199700190749398,0.1316064682096325,0.020596669403178676,-0.021584528967070526,0
2018-04-02,226.9392852783203,257.4700012207031,263.1300048828125,254.6699981689453,262.54998779296875,186286300,-0.021584528967070526,-0.0022474549841495772,-0.0393146302102092,0.013395819528649867,-0.04293916059443659,-0.05109666708602689,26.383019907875152,-0.012191498405531626,2.108088780327079,0.03285822299202646,0.012816777701254445,1
2018-04-03,229.8479156494141,260.7699890136719,261.3099975585937,256.8399963378906,258.8699951171875,119956900,0.012816777701254445,-0.016370948499603077,-0.03811889517833833,0.013465259694385173,-0.02880735566269199,-0.037620929588801255,33.021485395071,-0.012257277942624576,0.2516357960432657,0.017141547758659878,0.010699107161883825,1
2018-04-04,232.3070831298828,263.5599975585937,264.3599853515625,256.6000061035156,256.75,123715300,0.010699107161883825,0.011358158174143762,-0.03028611268507042,0.013726563038865517,-0.01690953984009891,-0.026030156048110986,38.2008755618137,-0.011315448679245367,0.299538148436871,0.029442932614695085,0.00789209376453437,1
2018-04-05,234.14047241210935,265.6400146484375,266.6400146484375,264.32000732421875,265.54998779296875,82652600,0.00789209376453437,0.02236089443577738,-0.022274768123158872,0.01388409182976784,-0.008031274589918702,-0.017143458017906177,41.18649807541102,-0.009843005488932665,-0.8435267942993024,0.00873365154451288,-0.0222858420176959,0
2018-04-06,228.9224548339844,259.7200012207031,265.1099853515625,258.0,263.4200134277344,179521200,-0.0222858420176959,-0.013034384056886394,-0.04866767671778072,0.014587218908373743,-0.0277261353436552,-0.03745671176320664,36.209550415080614,-0.010662029734167643,1.6497593947777587,0.027375578770002486,0.004928258731683677,1
2018-04-09,230.05064392089844,261.0,264.8399963378906,259.94000244140625,261.3699951171875,105442900,0.004928258731683677,0.013710092718245415,-0.06033177023194958,0.01394912233146973,-0.019860168675779222,-0.03119284101802522,40.523245743083415,-0.010561244390607419,-0.33982802634259246,0.01877392297503592,0.01590066831385517,1
2018-04-10,233.70860290527344,265.1499938964844,266.0400085449219,262.9800109863281,264.2699890136719,103529000,0.01590066831385517,0.01679670335470007,-0.044190815528834304,0.014576361639130526,-0.0019780300149806473,-0.014303645666093101,44.60567364193505,-0.008991491382640307,-0.45127088215667877,0.011540628433083748,-0.0052425101657859186,0
2018-04-11,232.4833831787109,263.760009765625,265.6400146484375,263.3900146484375,263.4700012207031,91140200,-0.0052425101657859186,0.0007589094850350975,-0.04301649681437447,0.014559924683856444,-0.004990004809912851,-0.01802671134123024,43.89530830521488,-0.008250128545457017,-0.7964726728600924,0.008530481940758691,0.008227273887799536,1
2018-04-12,234.3960876464844,265.92999267578125,267.0,265.0599975585937,265.260009765625,68890500,0.008227273887799536,0.0010917174281819264,-0.030166862583535403,0.014718856766380866,0.004763879099790813,-0.008862446312840944,52.25817365872293,-0.0068256805608145395,-1.3065658373153195,0.007295162241332948,-0.0029330043351569746,0
2018-04-13,233.70860290527344,265.1499938964844,267.5400085449219,264.010009765625,267.4100036621094,85079200,-0.0029330043351569746,0.02090728965299604,-0.03195663136948479,0.014722402500345665,0.0034762279355580183,-0.010617081979164333,57.85400200154657,-0.005936002006808129,-0.8776236294400089,0.013313214635316947,0.008221618668757813,1
2018-04-16,235.63006591796875,267.3299865722656,268.20001220703125,266.07000732421875,267.0,63405300,0.008221618668757813,0.024253016214067946,-0.02505483582461565,0.01487455431450777,0.013043386617658026,-0.0015045984805918122,52.75288718902992,-0.004463033548592254,-1.3447617594961658,0.007967699060339829,0.010698374822532442,1
2018-04-17,238.1509246826172,270.19000244140625,270.8699951171875,268.75,269.3299865722656,64682000,0.010698374822532442,0.01900795144945655,-0.0011091989076331688,0.014800715967130016,0.023939512835952748,0.009491478878637771,62.39972100952292,-0.002416775069287984,-1.2046465505206154,0.007846312217444999,0.0007402870640249581,1
2018-04-18,238.3272247314453,270.3900146484375,271.29998779296875,269.8699951171875,270.69000244140625,57303900,0.0007402870640249581,0.025136598895079798,-0.002066912638854501,0.014796632154161174,0.02480627173567651,0.00967197066862635,63.858299558350446,-0.000763432912152264,-1.3768662517525505,0.005288629750771432,-0.005547597661900938,0
2018-04-19,237.0050811767578,268.8900146484375,269.8800048828125,267.7200012207031,269.6499938964844,77655900,-0.005547597661900938,0.011130704255645663,-0.005694652111091991,0.014843581533041597,0.019418564867167865,0.004008217925714375,57.91069175667602,9.72159463078039e-05,-0.8770482583203513,0.008033037838662362,-0.008479326876492999,0
2018-04-20,234.9954376220703,266.6099853515625,269.0599975585937,265.6099853515625,268.8099975585937,99953100,-0.008479326876492999,0.005506150397546428,0.011150210159207363,0.013813929881583146,0.01021158727897764,-0.004505672503378633,63.898942247447756,9.816111303486247e-05,-0.2781887237690297,0.012940296300162465,-0.00014999356196454539,0
2018-04-23,234.96018981933597,266.57000732421875,267.8900146484375,265.3500061035156,267.260009765625,65558000,-0.00014999356196454539,-0.0028429143624905118,0.033016945841440215,0.012817877550369,0.008432290700131961,-0.0053953443750388574,59.79070718877852,8.517909863412491e-05,-1.0557425507160263,0.00952848585787283,-0.01346715632082951,0
2018-04-24,231.7959442138672,262.9800109863281,267.9800109863281,261.2799987792969,267.7300109863281,112885500,-0.01346715632082951,-0.026684676858673817,-0.008034403511867128,0.011720998484935212,-0.004747448370326257,-0.01897455528139036,49.04684021470423,-0.0010139320847239873,0.2484496087134395,0.025477267956230985,0.002471730097184821,1
2018-04-25,232.36888122558597,263.6300048828125,264.1300048828125,260.8500061035156,262.9100036621094,103840900,0.002471730097184821,-0.025000683461880557,0.011627198650253856,0.011052834790557488,-0.0028591768245671556,-0.01650192722655963,46.533417174100485,-0.0016631294506689626,0.037743885478272066,0.012441674765946629,0.010165789508072676,1
2018-04-26,234.7310943603516,266.3099975585937,267.25,264.2900085449219,264.7900085449219,67731900,0.010165789508072676,-0.009594675376222384,0.02493981117348487,0.011216624627471191,0.00604463737244143,-0.00660552237506129,62.79627145877656,-0.0013302958238933895,-0.8714181004679573,0.011114834148976573,0.0009384829832432828,1
2018-04-27,234.95138549804688,266.5599975585937,267.3399963378906,265.5,267.0,57053600,0.0009384829832432828,-0.00018745948631682108,0.012958466974918093,0.01088612969364691,0.006340604192095034,-0.005528223032424284,61.246056395729475,-0.0009916861914196513,-1.0653103905617463,0.006902747429258089,-0.007690722048524834,0
2018-04-30,233.1444396972656,264.510009765625,267.8900146484375,264.42999267578125,267.260009765625,82182300,-0.007690722048524834,-0.007727905410131464,0.02734279528260264,0.009775872753401797,-0.0027241532603652363,-0.012628979548571229,48.5851847146529,-0.0013398792297467069,-0.2849920324273738,0.013080873482716512,0.0017771039272995726,1
2018-05-01,233.5587615966797,264.9800109863281,265.1000061035156,262.1099853515625,263.8699951171875,74203400,0.0017771039272995726,0.007605039806848568,0.01614478833441213,0.00940152873686643,-0.0017441637473519789,-0.010354147139357006,52.811182183560554,-0.0014470542113255102,-0.4878108659309268,0.011283948328115202,-0.006717469896952877,0
2018-05-02,231.9898376464844,263.20001220703125,265.67999267578125,262.760009765625,264.760009765625,86368900,-0.006717469896952877,-0.0016312148903173673,-0.0013656298341150341,0.009245895767401108,-0.008382688494346646,-0.016479188832621894,43.594613652389526,-0.002066140577775171,-0.003070918732196496,0.011094159478455542,-0.002203807681900427,0
2018-05-03,231.47857666015625,262.6199951171875,263.3599853515625,259.04998779296875,262.260009765625,136311500,-0.002203807681900427,-0.013856356393934677,-0.011368798074635755,0.009064573061591301,-0.010004813753687891,-0.01818053973119471,44.007495397383195,-0.002701723077391331,1.5806775200288523,0.01641153620717464,0.012946451525295055,1
2018-05-04,234.47540283203125,266.0199890136719,266.7900085449219,261.1499938964844,261.5199890136719,91222100,0.012946451525295055,-0.0020258772469319286,0.024256895209663343,0.0079722021315872,0.0016227324919153574,-0.005223909017232797,47.0667266200994,-0.0021053008287324347,0.30972436491347105,0.021201469368332452,0.0033833162616536683,1
2018-05-07,235.26870727539065,266.9200134277344,268.0199890136719,266.1099853515625,266.8900146484375,55304900,0.0033833162616536683,0.009111379970645705,0.022682237552381856,0.007941901000029526,0.003892684701042537,-0.001358289052181938,41.973598442388116,-0.0013665626688365393,-1.2591169102906532,0.007155715442920458,0.0,0
2018-05-08,235.26870727539065,266.9200134277344,267.3299865722656,265.1499938964844,266.5,67499200,0.0,0.007321265393861687,0.006675425511612598,0.007143504893906438,0.0035586515730769985,-0.0006201020892927511,41.39817477871371,-0.000777767647654934,-0.6150791476643527,0.008167213270320994,0.009665876926329586,1
2018-05-09,237.54278564453125,269.5,269.8699951171875,267.0899963378906,267.67999267578125,59666100,0.009665876926329586,0.023936169163188303,0.021762426185664818,0.007304479467547375,0.012166731741601211,0.009329647334712643,51.435391301868414,0.00045903259451860395,-0.8990404927619244,0.010315394357316791,0.009350507631103788,1
2018-05-10,239.7639312744141,272.0199890136719,272.3900146484375,270.2200012207031,270.3399963378906,72063900,0.009350507631103788,0.035793181096071436,0.022900739009029225,0.0073662010533648995,0.02046398594966159,0.018656477492124512,62.58726274120608,0.0021428436255076506,-0.32617281286238853,0.007977404291510757,0.0030510077247942746,1
2018-05-11,240.49545288085935,272.8500061035156,273.1499938964844,271.5799865722656,272.1600036621094,59871500,0.0030510077247942746,0.025674548272940356,0.029039795245948907,0.007312598800334561,0.022101226756746195,0.021288802810270457,64.09323409456258,0.003673158989371784,-0.8261915233656429,0.005754104046540172,0.00047699686126190244,1
2018-05-14,240.61016845703125,272.9800109863281,274.0799865722656,272.3599853515625,273.3399963378906,54790600,0.00047699686126190244,0.02270366188304096,0.021135259287311303,0.007138555485647851,0.02150773771659309,0.02139566926258807,76.56729611467847,0.004871098842113737,-1.0231085890617568,0.006300832117664723,-0.00688753644261253,0
2018-05-15,238.9529571533203,271.1000061035156,271.6099853515625,270.0299987792969,271.5899963378906,87036100,-0.00688753644261253,0.015659753141828103,0.0033677487155341357,0.006971337594049204,0.014299380475707446,0.01436109000438246,68.62775232645072,0.005242189334368942,0.39318060672326016,0.005828058047561717,0.004205166774680524,1
2018-05-16,239.95779418945312,272.239990234375,272.760009765625,271.1099853515625,271.1400146484375,53942600,0.004205166774680524,0.010166625512827876,0.006841725530287945,0.007028519320860325,0.018212306522936483,0.018592462913972874,66.01770408091679,0.005757963592047847,-1.101027624575179,0.006060918576444159,-0.0008443409886152997,0
2018-05-17,239.75518798828125,272.010009765625,273.2300109863281,271.1300048828125,271.94000244140625,56536400,-0.0008443409886152997,-3.646622778652464e-05,0.011603577433314305,0.006897766666587359,0.01675933340054092,0.017708190497471632,64.73767093660992,0.006051395854722878,-0.913869820798862,0.007720326561971291,-0.002500350674070617,0
2018-05-18,239.1557159423828,271.3299865722656,272.0299987792969,270.92999267578125,271.6199951171875,64368000,-0.002500350674070617,-0.005570737086410649,0.01770365570672583,0.006607013188540085,0.0133231752591767,0.015290941440057937,69.91778173482466,0.006024123166456694,-0.4996648546060955,0.004054126554208379,0.00751864204297914,1
2018-05-21,240.95384216308597,273.3699951171875,273.9800109863281,272.57000732421875,273.010009765625,58025900,0.00751864204297914,0.0014283424023955327,0.025509224981298262,0.006763623983098721,0.01964726095216518,0.02326054589281812,72.44466221210368,0.0064733275967143,-0.7610794741158192,0.005157858167663713,-0.002780101336501861,0
2018-05-22,240.28396606445312,272.6099853515625,274.25,272.239990234375,273.9599914550781,52966400,-0.002780101336501861,0.005570171329910778,0.03661850891901053,0.005904673926561672,0.014989674447149826,0.0207825076103616,76.62644677003117,0.0065832472323640815,-0.9088012246767236,0.007373206682186851,0.002750956516217151,1
2018-05-23,240.94497680664065,273.3599853515625,273.3900146484375,270.989990234375,271.1700134277344,64694200,0.002750956516217151,0.004113984380136992,0.03690724651176036,0.005906634915480639,0.015941666079041683,0.02376360794488086,80.10035554313475,0.00678099999565959,-0.2745507702090905,0.008779721036990398,-0.002048247783329016,0
2018-05-24,240.4514617919922,272.79998779296875,273.2200012207031,270.7799987792969,272.9100036621094,76043800,-0.002048247783329016,0.0029041031793854977,0.024369875014764286,0.0056241114366132605,0.012639529522036508,0.021773969748728916,72.59991298115688,0.00672318590681359,0.28108834012876094,0.008944290874594899,-0.0023828188285394125,0
2018-05-25,239.8785095214844,272.1499938964844,272.8599853515625,271.5799865722656,272.1499938964844,56374800,-0.0023828188285394125,0.0030222718125445525,0.020970823444999453,0.005681589749044508,0.00917956232216488,0.019473146549351616,67.72855201293831,0.0064155730382369205,-0.7149266075167788,0.004703284247670196,-0.011501094291226144,0
2018-05-29,237.11964416503903,269.0199890136719,271.1700134277344,267.760009765625,270.3099975585937,115908600,-0.011501094291226144,-0.015912582939647923,0.017050393622662252,0.006042653179263857,-0.0032605736148225706,0.008139338502993754,55.87228649465579,0.005231575122953685,1.98173839930031,0.01267565162950057,0.013344832354807545,1
2018-05-30,240.28396606445312,272.6099853515625,273.1099853515625,270.4200134277344,270.5,69678400,0.013344832354807545,0.0,0.028794485900669464,0.00665712569788042,0.00861508989758164,0.021430493582184962,58.23168552382445,0.005181242319480498,-0.10215567492236832,0.009867473931151463,-0.0061260855069933395,0
2018-05-31,238.8119659423828,270.94000244140625,272.489990234375,270.260009765625,272.1499938964844,93519900,-0.0061260855069933395,-0.008852688661650676,0.029407013536059567,0.0066201896995612,0.0010029645126243825,0.015173889513206529,47.00659252079948,0.004676699209814265,0.9485982220377749,0.0082305324007379,0.009817912601294498,1
2018-06-01,241.15660095214844,273.6000061035156,273.94000244140625,272.3299865722656,272.4100036621094,71258400,0.009817912601294498,0.0029325634159222957,0.041809589602760155,0.006811958247373717,0.008784588441330898,0.02489731049604771,51.8874688863198,0.004937801211528143,0.13409809434598027,0.005884560793947793,0.004751260073198482,1
2018-06-04,242.30239868164065,274.8999938964844,275.19000244140625,274.260009765625,274.5299987792969,45385200,0.004751260073198482,0.010104653247143602,0.03338088240844761,0.006354527200639651,0.011921011747042742,0.028901206537056856,54.562441376359686,0.0054747269846770535,-1.2951395397638847,0.0033830218131305073,0.0007277293471530388,1
2018-06-05,242.47872924804688,275.1000061035156,275.5299987792969,274.17999267578125,275.04998779296875,51135000,0.0007277293471530388,0.022600763854376593,0.03064590295987224,0.006344409866758032,0.011135100827713629,0.028337495347899644,60.33081499272566,0.005905054507951049,-0.9239397244955595,0.00490732851168182,0.008360473286721959,1
2018-06-06,244.50596618652344,277.3999938964844,277.5199890136719,275.0899963378906,275.7900085449219,62732200,0.008360473286721959,0.0175708774547938,0.03926259049963754,0.0065115560555284585,0.01762875025336408,0.035983014483427445,62.573217821489706,0.006788210513446364,-0.21375152393848035,0.008759887271980385,-0.00010796343946051223,0
2018-06-07,244.4795684814453,277.3699951171875,278.2799987792969,276.3399963378906,277.95001220703125,72969400,-0.00010796343946051223,0.0237324897715967,0.029202245894744072,0.0062638597539533755,0.016052174340186243,0.03457526525913046,63.18882930008464,0.007433332150538033,0.36002247666323833,0.006994276509925337,0.002956083532281051,1
2018-06-08,245.2022705078125,278.19000244140625,278.25,276.6600036621094,276.8500061035156,72139700,0.002956083532281051,0.01677610954745057,0.022682057324018956,0.005997375837785326,0.017905393458923502,0.036214319480066814,66.76453491569636,0.008065455509238187,0.31002322995048803,0.0057155049568164045,0.0013302155576475627,1
2018-06-11,245.5284423828125,278.5599975585937,279.3699951171875,278.3099975585937,278.44000244140625,58892500,0.0013302155576475627,0.013314122017465069,0.020927586952949495,0.005980824575136455,0.018195748903320208,0.03640291763923664,63.81068643212819,0.008580659768224879,-0.480618423721784,0.003805275588325785,0.0012922168930711297,1
2018-06-12,245.84571838378903,278.9200134277344,279.3299865722656,278.19000244140625,279.0299987792969,72329000,0.0012922168930711297,0.01388570925863708,0.02175947076689222,0.0059794695429600635,0.018405917689401585,0.036088450161648744,67.15614518486981,0.008986389580823689,0.2748276430343327,0.004087136368773819,-0.003190653774622021,0
2018-06-13,245.06130981445312,278.0299987792969,279.4800109863281,277.79998779296875,279.19000244140625,79070600,-0.003190653774622021,0.0022712886584781433,0.025562992540048235,0.005773342454599034,0.013873803984333355,0.03146000747698996,62.601576645172514,0.008984678000669837,0.7252757054036012,0.006042596844713131,0.0025174439043560426,1
2018-06-14,245.67823791503903,278.7300109863281,279.3299865722656,278.0599975585937,279.010009765625,77097600,0.0025174439043560426,0.004902943182692576,0.023839374523794143,0.005740557504664377,0.01522482013061599,0.03289404480407221,65.88104170568823,0.00903648433852776,0.5369831215148217,0.004556341131612934,-0.001275777573108372,0
2018-06-15,245.36480712890625,277.1300048828125,277.510009765625,275.3500061035156,276.6000061035156,120041600,-0.001275777573108372,0.0006628675205866408,0.023397279482015643,0.005749425293049745,0.01275579326203724,0.03060361868538508,66.93667365707788,0.008901354676512407,2.4970547810175976,0.00779418909555736,-0.002056562879581225,0
2018-06-18,244.86019897460935,276.5599975585937,276.70001220703125,274.95001220703125,275.489990234375,52917600,-0.002056562879581225,-0.0027216537592058554,0.023852589137367097,0.005735342384379335,0.009484554064903339,0.02710895904790922,77.75935490013899,0.008538503718008813,-0.9240112326765522,0.006327740871595988,-0.0038328282179310724,0
2018-06-19,243.92169189453125,275.5,275.75,273.5299987792969,274.0,97531500,-0.0038328282179310724,-0.007826154150279652,0.012317088222384642,0.005637445108922798,0.005000536617591811,0.021982954717720382,65.52403600712655,0.007866941833727456,1.2002879585909145,0.008058080655909709,0.0017059047701024621,1
2018-06-20,244.3377990722656,275.9700012207031,276.7200012207031,275.5899963378906,276.2699890136719,53785500,0.0017059047701024621,-0.0029523662577961574,0.016871009223832667,0.00558372308966429,0.005874940045622834,0.02281535505233956,75.9172345483929,0.0073489454054074844,-0.9559094554629592,0.004094665644142946,-0.006268749701022647,0
2018-06-21,242.8061065673828,274.239990234375,275.9800109863281,273.67999267578125,275.9599914550781,71061400,-0.006268749701022647,-0.011690621733657425,0.00772429367654226,0.005782943503949236,-0.0008134158441750472,0.015525930535356336,58.37516966958606,0.006409966896759892,-0.12044487154609522,0.008386881536063357,0.0018234045712750557,1
2018-06-22,243.24884033203125,274.739990234375,275.7900085449219,274.489990234375,275.6600036621094,54898500,0.0018234045712750557,-0.008623758319844743,0.011633859570622906,0.005761413427838018,0.0004326731383657023,0.01662480904704089,55.17490522212725,0.005699993898159306,-0.8512446234655177,0.0047318131934046305,-0.013613476626748389,0
2018-06-25,239.9373779296875,271.0,273.6199951171875,269.1000061035156,273.44000244140625,137854200,-0.013613476626748389,-0.020104619148138103,0.00024540926288274534,0.0065589389306732635,-0.013198639580917493,0.0022631866161146874,39.65219444306362,0.004057187706955675,2.466303167073449,0.016678926249711717,0.0022143737659412466,1
2018-06-26,240.46868896484372,271.6000061035156,272.5599975585937,270.7900085449219,271.6400146484375,68547400,0.0022143737659412466,-0.01415619456747852,0.01412386060040527,0.005981106717556197,-0.011694127364739737,0.004076687355093478,31.28071394308614,0.002832591648208673,-0.24202473907431787,0.006516896074726956,-0.008284158312052758,0
2018-06-27,238.4766082763672,269.3500061035156,273.8699951171875,269.17999267578125,272.260009765625,105110700,-0.008284158312052758,-0.023988064139699117,-0.007521757767229187,0.005515201506486821,-0.01951725412286298,-0.004268324619391639,26.45790896012865,0.0011969646479662883,1.2117903827672476,0.017412297513012882,0.00571732844799433,1
2018-06-28,239.84005737304688,270.8900146484375,271.75,268.489990234375,269.2900085449219,76650500,0.00571732844799433,-0.012215710866039564,0.004305024777996769,0.005499638837258363,-0.014119874950034195,0.0012981032441052864,29.977049426919066,0.00033746532730047525,0.06656365509221876,0.012034440508469307,0.0014399269939899817,1
2018-06-29,240.18540954589844,271.2799987792969,273.6600036621094,271.1499938964844,272.1199951171875,97592500,0.0014399269939899817,-0.012593814556119853,-0.004027222984631096,0.005029845584474988,-0.012503167602353926,0.002473694160816331,30.07720799503832,-0.00021926444985928821,0.8747993102869651,0.009252468950602763,0.002137757880147362,1
2018-07-02,240.6988677978516,271.8599853515625,272.0400085449219,269.239990234375,269.510009765625,63554800,0.002137757880147362,0.003173702549951418,-0.006617891083678162,0.00492763469116148,-0.01006581918101912,0.0041386760438724135,31.085445891446412,-0.0004810081734699434,-0.5886978441318635,0.010299486726323338,-0.0035312186339916396,0
2018-07-03,239.84890747070312,270.8999938964844,272.9800109863281,270.4200134277344,272.8699951171875,42187100,-0.0035312186339916396,-0.0025773895836859184,-0.010845577199695478,0.004971784768042565,-0.013027748554132579,0.0001848759839035985,30.936393629987293,-0.000966066974612649,-1.447424552022813,0.009449972743712832,0.008157970442665308,1
2018-07-05,241.8055877685547,273.1099853515625,273.17999267578125,270.9599914550781,272.1700134277344,56925900,0.008157970442665308,0.013959354404812663,-0.011044223010528653,0.004952889400301951,-0.004422915988607556,0.007503274045137953,37.10048284625161,-0.0006774491249660423,-0.81254485743855,0.008128597780287728,0.008458209458451105,1
2018-07-06,243.850830078125,275.4200134277344,275.8399963378906,272.7099914550781,273.1400146484375,66493700,0.008458209458451105,0.01672269740512844,-0.0025717421182703815,0.0053472187056914115,0.0041278518577829715,0.015053734133232188,45.478680259486,0.0002231132879833813,-0.40158451116582866,0.011364478724178702,0.009004062822570491,1
2018-07-09,246.0464782714844,277.8999938964844,277.9599914550781,276.5,276.54998779296875,50550400,0.009004062822570491,0.02440226796734679,0.0034429035339826886,0.005690068106119559,0.012993010007348538,0.02322943034523961,53.21769433890437,0.0016253261392899742,-0.9874040109746862,0.005253657744310569,0.0035989676092293976,1
2018-07-10,246.93199157714844,278.8999938964844,279.010009765625,278.0799865722656,278.4100036621094,51966800,0.0035989676092293976,0.025895941415610135,0.005716442383272291,0.00573647894272118,0.016345090304976218,0.02588973057940569,58.18875524345489,0.002983323861125313,-0.9063211602835347,0.003334611737942739,-0.007314309796090712,0
2018-07-11,245.1258544921875,276.8599853515625,278.0400085449219,276.5199890136719,277.1499938964844,77054700,-0.007314309796090712,0.022001130116170886,-0.0029281123801300213,0.005975997595573672,0.00906071380085538,0.017373213228481177,51.992985998237316,0.003459678154629179,0.07976328542380613,0.0054902102567109794,0.009065665506847065,1
2018-07-12,247.34808349609372,279.3699951171875,279.42999267578125,277.6000061035156,278.2799987792969,60124700,0.009065665506847065,0.022921288869651946,0.009331434992214893,0.0062669175629696035,0.0177295006156164,0.025422651757530224,61.09896796969902,0.004459004665507313,-0.5501864049007954,0.006550404854673099,0.0007876520246137275,1
2018-07-13,247.54290771484372,279.5899963378906,279.92999267578125,278.6600036621094,279.1700134277344,48216000,0.0007876520246137275,0.015140722037057852,0.0075898859240821626,0.006249276932969219,0.01814054317574776,0.02490865004960563,60.62186061468913,0.005274168736137903,-0.9388166705436712,0.004542326371852967,-0.0008944723568529156,0
2018-07-16,247.3214874267578,279.3399963378906,279.79998779296875,278.8399963378906,279.6400146484375,48201000,-0.0008944723568529156,0.005181984981986076,0.007974575982380383,0.006244485783125207,0.016820686184319644,0.022650286050077684,71.561576306393,0.005789299520349533,-0.8682359077519265,0.003436641611167332,0.004045171222610167,1
2018-07-17,248.3219451904297,280.4700012207031,280.9100036621094,278.4100036621094,278.4700012207031,52315500,0.004045171222610167,0.0056288924104310745,0.014137643562804225,0.0062663553895059895,0.020207900271501877,0.02561267083931651,72.31995795094114,0.006419939625292844,-0.6951043252081712,0.008913609259882087,0.0021035973456353663,1
2018-07-18,248.8443145751953,281.0599975585937,281.17999267578125,280.0599975585937,280.5599975585937,44593500,0.0021035973456353663,0.0151695955969684,0.020181159955189765,0.0061792983207652336,0.021321239558651728,0.02661890447966453,82.15242944483353,0.007012200727619134,-0.9211591186165897,0.003984896914951645,-0.0037712788629025162,0
2018-07-19,247.9058532714844,280.0,280.739990234375,279.4599914550781,280.3099975585937,61412100,-0.0037712788629025162,0.0022549993818710146,0.014602956287428581,0.006267927247858921,0.01672509533285238,0.021681927714656046,75.69092351239556,0.007132927945778812,-0.2277783555516289,0.004571424211774554,-0.0011428741660337582,0
2018-07-20,247.62252807617188,279.67999267578125,280.4800109863281,279.5,279.7699890136719,82337700,-0.0011428741660337582,0.00032164266818690557,0.019836492487277813,0.00606769299161014,0.014561056373511239,0.01966711123791387,73.78245208611666,0.007042309471808729,0.6320498866929473,0.0035040439502020504,0.0018593570817200256,1
2018-07-23,248.08294677734372,280.20001220703125,280.42999267578125,279.0599975585937,279.45001220703125,47047600,0.0018593570817200256,0.003078824078362352,0.019873091434738033,0.006067955058199816,0.015441878271343024,0.020863616716627176,73.69321414337841,0.007019935833957507,-0.8278552169974458,0.004889347100296731,0.00503224063626595,1
2018-07-24,249.33135986328125,281.6099853515625,282.5599975585937,280.6300048828125,281.7900085449219,68026900,0.00503224063626595,0.004064943483257144,0.03915180708670829,0.005051483870998289,0.018593528085106836,0.02525528575394742,79.66763419710897,0.007297357527977161,0.26462580996513774,0.006853424154586657,0.008522488736354195,1
2018-07-25,251.45628356933597,284.010009765625,284.3699951171875,281.2799987792969,281.3299865722656,78882900,0.008522488736354195,0.010496398113814864,0.045692412811792815,0.0052624276545891234,0.024974047386281617,0.033071524329654656,79.87945568924187,0.008070167170233615,0.8465812584817056,0.010879885326719992,-0.002359546341353158,0
2018-07-26,250.8629608154297,283.3399963378906,284.1099853515625,283.0899963378906,283.20001220703125,57919500,-0.002359546341353158,0.01192834902815676,0.05193948634453971,0.0047831877513584975,0.019980700867059387,0.029626341236398623,73.85490021417901,0.00846373564564421,-0.2497023263761774,0.0035998765682749233,-0.006776109443993872,0
2018-07-27,249.1630859375,281.4200134277344,283.82000732421875,280.3800048828125,283.7099914550781,76768700,-0.006776109443993872,0.0062213962247175125,0.03887185763115508,0.005149015180778135,0.011152742500882828,0.021877316705386507,60.97266423271388,0.008175533978504602,1.0273372953992714,0.012223730641991478,-0.005223786268876651,0
2018-07-30,247.86151123046875,279.95001220703125,281.69000244140625,279.3599853515625,281.510009765625,63742500,-0.005223786268876651,-0.0008925867325887404,0.03195906736834253,0.0053916760713961145,0.004306432759399348,0.015863780526426563,53.17942064052928,0.0074334450809363595,0.31577367505644754,0.008322975489354985,0.0049298651575993,1
2018-07-31,249.08343505859372,281.3299865722656,282.0199890136719,280.3800048828125,280.8099975585937,68570500,0.0049298651575993,-0.0009943586912752878,0.034834261321843085,0.005442568130465573,0.007546044572327659,0.020041764598019984,64.1004368806417,0.007091992011748124,0.6861208540542367,0.005829396826271521,-0.0016707984326324032,0
2018-08-01,248.66726684570312,280.8599853515625,282.1300048828125,280.1300048828125,281.5599975585937,53853300,-0.0016707984326324032,-0.011091457664305304,0.036766310374280575,0.005363278427201502,0.004071856517640526,0.017694544344223573,55.39433948136884,0.006650049518766425,-0.5941644009466751,0.007120985915799035,0.005447988170335094,1
2018-08-02,250.02200317382807,282.3900146484375,282.5799865722656,279.1600036621094,279.3900146484375,63426400,0.005447988170335094,-0.003352259093443277,0.03397942736185966,0.00522725073404365,0.007870155626085618,0.0224239816015519,59.25906929456225,0.006617261653314382,0.2029329954963942,0.012110849296190485,0.00428471810525477,1
2018-08-03,251.09327697753903,283.6000061035156,283.6600036621094,282.3299865722656,282.5299987792969,53935400,0.00428471810525477,0.0077466974402589095,0.029700316776013036,0.005021904614326605,0.010713195687937382,0.02595324286696643,63.24620707098847,0.006856815168096076,-0.5605429214362521,0.004689763967629416,0.0036668866721696336,1
2018-08-06,252.01400756835935,284.6400146484375,284.989990234375,283.20001220703125,283.6400146484375,39400900,0.0036668866721696336,0.01675329226097344,0.024253666781974603,0.0047344180131620155,0.013202469897842795,0.028743259801320642,63.039230373765726,0.007254392536165252,-1.6575762357698847,0.006288567788174739,0.003302436002928122,1
2018-08-07,252.8462677001953,285.5799865722656,286.010009765625,285.239990234375,285.3900146484375,43196600,0.003302436002928122,0.015106715710406116,0.02395103236835583,0.00472699991557686,0.015341372876975123,0.03104903613779464,63.83092720875486,0.007740719682910377,-1.269477789874094,0.0026963357639039165,-0.00042044513595307365,0
2018-08-08,252.73995971679688,285.4599914550781,285.9100036621094,284.94000244140625,285.3900146484375,42114600,-0.00042044513595307365,0.01637808193557233,0.031062024201335525,0.004306510366502597,0.013365267044636031,0.029304284016151927,67.72649955237229,0.008022073032199683,-1.2315289462186003,0.0033980286195579557,-0.0013658290732803113,0
2018-08-09,252.39476013183597,285.07000732421875,285.9700012207031,284.9200134277344,285.5299987792969,35717000,-0.0013658290732803113,0.00949019257460404,0.020403136197422622,0.003965179142357766,0.010958359434517284,0.026885465182221235,67.42055689546666,0.008050576686155277,-1.5317318337603356,0.0036832629388982583,-0.006700222593113425,0
2018-08-10,250.7036590576172,283.1600036621094,284.0599975585937,282.3599853515625,283.45001220703125,77076000,-0.006700222593113425,-0.0015516859894130208,0.012768498891571944,0.004325217990293381,0.003549452608681447,0.01901905687257255,58.77795256917811,0.00748825028459444,1.3528871437403518,0.006003715867512816,-0.003743491752796757,0
2018-08-13,249.76515197753903,282.1000061035156,284.1600036621094,281.7699890136719,283.4700012207031,65732900,-0.003743491752796757,-0.008923534102406205,0.00988051857606953,0.0044243168958336505,-0.0006960770767504565,0.014494411580846744,51.483769816043555,0.006646052032200266,0.49274592550078467,0.008472224731397178,0.006380749885344761,1
2018-08-14,251.3588409423828,283.8999938964844,284.1700134277344,282.4800109863281,282.9200134277344,43842000,0.006380749885344761,-0.005882731714182077,0.012229671242403706,0.0045517752282704296,0.005069624307031173,0.02021706490320163,49.654131787379235,0.006356870621318734,-1.010112257442902,0.0059528090092966284,-0.007467286118729932,0
2018-08-15,249.48187255859372,281.7799987792969,282.5400085449219,280.1600036621094,282.3800048828125,102925400,-0.007467286118729932,-0.012891064641515126,0.0025620757479905,0.00487871520068008,-0.002562656710101141,0.012023488800178006,45.50728723758044,0.005536537024106844,2.433575578256443,0.00844632299355154,0.008091170886145527,1
2018-08-16,251.5004730224609,284.0599975585937,285.0400085449219,283.3599853515625,283.3999938964844,69967900,0.008091170886145527,-0.0035432079053777654,0.014499939003215001,0.005094580342272288,0.0047857695282571555,0.019633338074080298,57.449107515388484,0.005395057992790996,0.47884404719903934,0.005914325170029732,0.0035206783504886374,1
2018-08-17,252.38592529296875,285.0599975585937,285.5599975585937,283.3699951171875,283.8299865722656,65618500,0.0035206783504886374,0.006710178230645347,0.019236526069758897,0.005110931848548819,0.007364761478220405,0.022567592369440836,64.81188419523515,0.005518967497745028,0.2857210769033996,0.007682601768619047,0.0021397352561285388,1
2018-08-20,252.92596435546875,285.6700134277344,285.9700012207031,285.0599975585937,285.57000732421875,39807500,0.0021397352561285388,0.012655137647921144,0.019521767380777266,0.005113896188770648,0.008545483115319774,0.02411465689889436,63.167433212233796,0.005726420821187994,-1.2224575429878175,0.003185506421168823,0.002345654701963573,1
2018-08-21,253.5192413330078,286.3399963378906,287.3099975585937,285.7099914550781,286.25,67272000,0.002345654701963573,0.008594885234691985,0.016796448998725788,0.005036539762261412,0.010067814814528564,0.025853040693054608,66.4271655068734,0.0060059593784560555,0.4006374045198658,0.005587784186556698,-0.0005938739438005047,0
2018-08-22,253.36868286132807,286.1700134277344,286.760009765625,285.5799865722656,285.8800048828125,44993300,-0.0005938739438005047,0.015579529938879455,0.007605295301617687,0.004706901270674419,0.009083533599384186,0.024619997950311667,62.33665718708356,0.00612328816938542,-0.826986370110156,0.004123503994094624,-0.0013281725672802391,0
2018-08-23,253.03216552734372,285.7900085449219,286.94000244140625,285.42999267578125,285.9700012207031,49204900,-0.0013281725672802391,0.006090217193134295,0.008646970859560232,0.004680775823291449,0.007308178492356099,0.022599875117715218,57.55654009693427,0.0060447125589386174,-0.5440288350275531,0.005283633858696111,0.006018676313337412,1
2018-08-24,254.5550842285156,287.510009765625,287.6700134277344,286.3800048828125,286.44000244140625,57487400,0.006018676313337412,0.008594611339871161,0.02164043791128889,0.0045138513729481335,0.012284392431410218,0.02801697602849229,59.45946560029071,0.006349789543864259,0.0057296104924013476,0.004486830027147492,0.007894969357750803,1
2018-08-27,256.5647888183594,289.7799987792969,289.8999938964844,288.67999267578125,288.8599853515625,57072400,0.007894969357750803,0.014386915444460024,0.0351134693913735,0.004502654217051888,0.018513800436974925,0.03519667972256291,62.72695463257437,0.007118379671429163,0.0007199404904107224,0.004210094643668992,0.0004836379661750101,1
2018-08-28,256.6888732910156,289.9200134277344,290.4200134277344,289.3999938964844,290.29998779296875,46943500,0.0004836379661750101,0.012502530148567281,0.030533697395946247,0.0044461050738637126,0.017470411176396805,0.034709673473160896,63.49906631753534,0.007713249747389886,-0.5611788074643097,0.003518279125301747,0.005380813942774454,1
2018-08-29,258.070068359375,291.4800109863281,291.739990234375,289.8900146484375,290.1600036621094,61485500,0.005380813942774454,0.018555511458454577,0.037812783455356325,0.004459803741741693,0.021042462229280634,0.03909202522674571,68.1173737048995,0.008477733360236925,0.3175226476385464,0.006346835172941836,-0.004048512139860239,0
2018-08-30,257.0252685546875,290.29998779296875,291.3599853515625,289.6300048828125,290.94000244140625,61229500,-0.004048512139860239,0.015781009576477212,0.028010596235365837,0.004562816683759873,0.015501878033112204,0.03382899036267273,71.04914191415764,0.008724782570456092,0.30929455025913843,0.005959285365122916,3.4314058410256365e-05,1
2018-08-31,257.0340881347656,290.3099975585937,290.8099975585937,289.2900085449219,289.8399963378906,66140800,3.4314058410256365e-05,0.009738575498356994,0.023659777867163,0.004519779903500451,0.014346285687078186,0.03268247746275432,75.80084512137907,0.008794347529334919,0.5715954996522196,0.0052357446400551075,-0.0017219367234855287,0
2018-09-04,256.59149169921875,289.8099975585937,290.2099914550781,288.67999267578125,289.8399963378906,57594400,-0.0017219367234855287,0.00010407850969085253,0.018163609931950875,0.00452432075387169,0.011685873124074764,0.0298001819549345,70.22588213644919,0.008626355621242008,-0.011251234311910758,0.005279316766798358,-0.002691428034524379,0
2018-09-05,255.90089416503903,289.0299987792969,289.6400146484375,287.8900146484375,289.4100036621094,72452400,-0.002691428034524379,-0.0030697829472461358,0.012080963237573572,0.004555922340446062,0.008355774422617257,0.025714245407432168,77.31693664747576,0.008191894182596452,0.8452391787465772,0.006054734828187502,-0.003010425133182837,0
2018-09-06,255.13052368164065,288.1600036621094,289.489990234375,287.0,289.1499938964844,65909900,-0.003010425133182837,-0.011390490561039801,0.009458591223653334,0.0046230815861002346,0.004846921271300486,0.021425860856755463,67.28442331975683,0.0075224078032182055,0.3617502096718682,0.008640998760170451,-0.0019432742388654223,0
2018-09-07,254.63473510742188,287.6000061035156,288.70001220703125,286.7099914550781,286.9800109863281,73524800,-0.0019432742388654223,-0.009300772101934363,0.00887488700009409,0.004637004447111055,0.0024520326975498996,0.018123707027572378,61.120316546241405,0.006750876065142419,0.78655581932581,0.006919404414883283,0.0017386414531097572,1
2018-09-10,255.07745361328125,288.1000061035156,289.0400085449219,287.8800048828125,288.739990234375,50210900,0.0017386414531097572,-0.007612354204390548,0.017446073871059342,0.004325404340762868,0.0033311265668294343,0.018652636223632335,60.74246427559214,0.0061859312718804335,-0.7656626376437521,0.0040263923552038405,0.0032972904551575866,1
2018-09-11,255.91851806640625,289.04998779296875,289.54998779296875,286.9800109863281,287.3699951171875,50530500,0.0032972904551575866,-0.002622743366726188,0.024636607789947362,0.004214919339110872,0.005422644330740578,0.020728777569647194,61.69040598471696,0.0059254893928302145,-0.6820691037267486,0.00889111543046099,0.00024213153018770583,1
2018-09-12,255.98048400878903,289.1199951171875,289.79998779296875,288.2300109863281,289.0599975585937,59810800,0.00024213153018770583,0.0003110182323109445,0.018386634220141085,0.004039662887580608,0.004753924562245659,0.01973286173809985,62.836748376723385,0.00568777857764775,-0.08770950857223998,0.005430191038860091,0.005914483345997423,1
2018-09-13,257.4944763183594,290.8299865722656,291.0400085449219,290.0,290.32000732421875,51034200,0.005914483345997423,0.009265659798780135,0.032116977789172996,0.003668689468226198,0.009109678491098894,0.024323988219598913,69.65668917047788,0.005874907334745849,-0.768048754546899,0.00357600176370896,0.00017208727764206344,1
2018-09-14,257.5387878417969,290.8800048828125,291.2699890136719,290.0,291.0599975585937,55079900,0.00017208727764206344,0.01140477842958032,0.024009158896479255,0.00334276887849436,0.008090566026827117,0.023219449681548987,65.11193683807036,0.005993465404916727,-0.2804351659687919,0.0043660237635911705,-0.005294091229194442,0
2018-09-17,256.17535400390625,289.3399963378906,290.8599853515625,289.0299987792969,290.82000732421875,68244000,-0.005294091229194442,0.0043041843764424215,0.015014421689873325,0.00359146972226438,0.002010498697015972,0.016806649665094042,47.88941116539699,0.005626308660483592,1.1140980877987046,0.006324692733211245,0.005425789762976363,1
2018-09-18,257.5653076171875,290.9100036621094,291.5799865722656,289.54998779296875,289.5799865722656,61930400,0.005425789762976363,0.006434819813835979,0.01834269278577705,0.0037307829245071715,0.006533946616724684,0.021389663282467275,54.17683520996891,0.005651702390482436,0.3602087290598492,0.0069780989094301105,0.001065652436639919,1
2018-09-19,257.8397827148437,291.2200012207031,291.69000244140625,290.8299865722656,290.9700012207031,49080600,0.001065652436639919,0.007263439294031615,0.01704226219326954,0.003715913387100504,0.006756650399837527,0.02159431908079701,48.77310388782633,0.005709903663469047,-1.0586521999106304,0.002953148360468744,0.008103782577932872,1
2018-09-20,259.92926025390625,293.5799865722656,293.94000244140625,291.239990234375,292.6400146484375,100360600,0.008103782577932872,0.009455674429833527,0.02589340291976372,0.004033219801099675,0.013616930908019409,0.02866641002991499,63.92192090263229,0.006290624219498285,3.249835333805475,0.009196853772478232,-0.000913780581358381,0
2018-09-21,259.6917419433594,291.989990234375,293.2200012207031,291.8099975585937,293.0899963378906,105479700,-0.000913780581358381,0.008359727556398466,0.02631909031065849,0.004020122606729881,0.011377453947721383,0.026723328913197397,62.46757337151038,0.006643054228501255,2.7142765857365405,0.004828945201092845,-0.0033217859543932526,0
2018-09-24,258.8291015625,291.0199890136719,291.5,290.3699951171875,291.3399963378906,53409600,-0.0033217859543932526,0.010359105656015943,0.016790147197168537,0.003986411948092902,0.007179634591309103,0.022400355908086755,60.0990595404034,0.006595886900603491,-0.6410234353560283,0.00388291157127153,-0.0009274508472274512,0
2018-09-25,258.58905029296875,290.75,291.6499938964844,290.4800109863281,291.5299987792969,44370000,-0.0009274508472274512,0.003974691643265915,0.00788986471577946,0.003637560162503711,0.005849371580219476,0.020543683090144427,62.64685908562962,0.006398368700787271,-1.143211858084785,0.004024016887897678,-0.0029925251190602298,0
2018-09-26,257.8152160644531,289.8800048828125,292.239990234375,289.4100036621094,290.9100036621094,79739700,-0.0029925251190602298,-9.527874299264383e-05,0.004387968823878596,0.0037155306566793514,0.002619708036846191,0.01672782596807898,62.62644819786184,0.00594497537409117,0.9571641326996061,0.009762613925060755,0.002794241395894348,1
2018-09-27,258.5356140136719,290.69000244140625,291.9100036621094,290.1000061035156,290.4100036621094,59249500,0.002794241395894348,-0.005361636619413357,0.0018039505985969484,0.0035687590948552113,0.005330263801121449,0.018790068245012836,67.9667382577504,0.0057138936680794635,-0.3122591980076974,0.0062265559303457205,0.00010340315603896144,1
2018-09-28,258.5623474121094,290.7200012207031,291.2799987792969,289.95001220703125,289.989990234375,70091400,0.00010340315603896144,-0.0043489813068308125,0.005980263598459601,0.0034331557645373985,0.005133832997022081,0.01804039945049629,66.69034443850063,0.005488390914360657,0.3339239039177329,0.004574802444555412,0.003474034032880935,1
2018-10-01,259.4606018066406,291.7300109863281,292.92999267578125,290.9800109863281,292.1099853515625,62078900,0.003474034032880935,0.002439834780279204,0.009440435272549452,0.0035043663882600535,0.008150217377074886,0.02062567553537531,66.87182200618082,0.005507629287496239,-0.15079776951140822,0.006684199828671417,-0.0005828037033617228,0
2018-10-02,259.30938720703125,291.5599975585937,292.3599853515625,291.1400146484375,291.5599975585937,47258200,-0.0005828037033617228,0.0027856435268485136,0.010592305652123768,0.0034759091045781666,0.0070309236198145,0.019130738097777433,65.72271156831468,0.0054314978180352224,-1.0135725820854615,0.004184286984979231,0.0005487786937818928,1
2018-10-03,259.4516906738281,291.7200012207031,293.2099914550781,291.32000732421875,292.739990234375,64694600,0.0005487786937818928,0.0063474710079403085,0.013875670580889343,0.003392229951283862,0.006889332781688795,0.01887950381275605,60.62018122565774,0.005348279121044311,0.06650947915211265,0.00647876087669934,-0.007815719020390355,0
2018-10-04,257.42388916015625,289.44000244140625,291.239990234375,287.6600036621094,291.17999267578125,111545900,-0.007815719020390355,-0.004300083985554259,0.008988989029698802,0.0038125974027440838,-0.001424606074503565,0.010442631825157589,49.48697194901605,0.004637231391617324,2.330399586362129,0.01236866549913173,-0.005597096760196929,0
2018-10-05,255.98306274414065,287.82000732421875,290.2699890136719,286.2200012207031,289.69000244140625,105951700,-0.005597096760196929,-0.009975484419074143,0.005295144184276124,0.004015670973647135,-0.007273342596257892,0.004383375319598093,49.14730360646876,0.0035677660816312686,1.787545015697651,0.014071251788992508,0.0,0
2018-10-08,255.98306274414065,287.82000732421875,288.2200012207031,285.5,287.04998779296875,87742200,0.0,-0.013402956126231325,0.0035503299802905897,0.004001036699617309,-0.007447636692939241,0.0038461353332435166,41.997166045645926,0.002668758009029248,0.8516711601326048,0.009450354914483561,-0.0014589202047244898,0
2018-10-09,255.60960388183597,287.3999938964844,288.8599853515625,286.7699890136719,287.3900146484375,74339000,-0.0014589202047244898,-0.014267834130668788,-0.0012070802336004993,0.003947290486412924,-0.008836331180352763,0.001772838505766039,38.83180890814524,0.0018202682855397018,0.17830694878088127,0.0072720820538479175,-0.031663364600139854,0
2018-10-10,247.51614379882807,278.29998779296875,286.9100036621094,277.8800048828125,286.8299865722656,214731000,-0.031663364600139854,-0.046002964343774266,-0.03306634973653044,0.008092464420038204,-0.0386422371049816,-0.029827475356128064,11.18109755282859,-0.0014397410807272825,3.557606083696814,0.03244699667760825,-0.022026521066420224,0
2018-10-11,242.0642242431641,272.1700134277344,278.8999938964844,270.3599853515625,277.0799865722656,274840500,-0.022026521066420224,-0.05966682022831282,-0.05992459448379672,0.009070817405712759,-0.05699181339510795,-0.05070561754689629,8.43134446832903,-0.005911414273941316,3.2107195681103966,0.03137747776607796,0.013888117571942082,1
2018-10-12,245.4260406494141,275.95001220703125,277.0899963378906,272.3699951171875,276.7699890136719,183186500,0.013888117571942082,-0.041241096116107046,-0.0470327102720679,0.009814859337794695,-0.04163405737468706,-0.037174629777432466,21.725972244307286,-0.008101688599441489,1.4370251094992614,0.01710455159234401,-0.005616615667472402,0
2018-10-15,244.04757690429688,274.3999938964844,277.0400085449219,274.29998779296875,275.54998779296875,102263700,-0.005616615667472402,-0.04662607639699001,-0.047341701338780795,0.009820198250526463,-0.04475491307779356,-0.042052880820986016,20.730294493797714,-0.010294700088384652,0.07694249951455306,0.009985498589284882,0.02186583361583705,1
2018-10-16,249.3838806152344,280.3999938964844,280.82000732421875,276.07000732421875,276.6000061035156,118255800,0.02186583361583705,-0.024356374612119813,-0.0317644758824156,0.011110835247549843,-0.022302215617969967,-0.020904406819726606,35.66243476744626,-0.009898968042990232,0.29728997492516174,0.016940085960749213,0.0001783570373812271,1
2018-10-17,249.4283599853516,280.45001220703125,281.1499938964844,277.5599975585937,280.44000244140625,110626000,0.0001783570373812271,0.007725622083372796,-0.03262267226929316,0.011101593767985678,-0.02051282911674135,-0.020466893013635246,34.14863583609325,-0.009632755168691614,0.12112741833036982,0.012800842152363706,-0.014441346200727567,0
2018-10-18,245.82627868652344,276.3999938964844,280.07000732421875,274.9700012207031,279.3999938964844,134557500,-0.014441346200727567,0.015541554953532488,-0.05425699882193569,0.011208725535683318,-0.03197742060511377,-0.03408816414958027,30.286178021501527,-0.01062119239785298,0.4960432071818251,0.018451542026537267,-0.0005426284557417116,0
2018-10-19,245.69288635253903,276.25,279.29998779296875,275.4700012207031,277.1300048828125,139901600,-0.0005426284557417116,0.0010872754269222185,-0.053905663253141056,0.011212189251229169,-0.02982865559011849,-0.03410359043702993,28.172483347791797,-0.01121335479284636,0.5525692913106172,0.0138642047864819,-0.004488399972450097,0
2018-10-22,244.59011840820312,275.010009765625,277.3599853515625,274.4100036621094,277.0,82415800,-0.004488399972450097,0.0022230972779500036,-0.05501306873276213,0.011218590401974544,-0.03146033179943608,-0.03797648937173781,27.347356101153338,-0.011956709761117257,-0.44311145213099107,0.010726815696516729,-0.0050907522886924905,0
2018-10-23,243.344970703125,273.6099853515625,274.8699951171875,268.6099853515625,270.95001220703125,146352700,-0.0050907522886924905,-0.024215317755146404,-0.05895098641095964,0.011221324304393125,-0.033473746357221335,-0.04239028345502349,26.02590075767216,-0.01283467950929601,0.5747255331118392,0.022879317644717862,-0.030299119831530885,0
2018-10-24,235.97183227539065,265.32000732421875,273.760009765625,264.70001220703125,273.3299865722656,177806700,-0.030299119831530885,-0.05394946954208102,-0.0847249596920675,0.012777174296383932,-0.058675252862653626,-0.0702791068815648,22.453044762269087,-0.01623735152857277,1.0186483741044914,0.03414743445081588,0.0179409168652378,1
2018-10-25,240.20538330078125,270.0799865722656,271.8099975585937,266.2300109863281,267.3800048828125,138061500,0.0179409168652378,-0.02286531535918468,-0.07090021536422164,0.013641835027072726,-0.03827085252373097,-0.05290675449616633,31.09551063033122,-0.0166736983494429,0.2770708183179288,0.020660496333268753,-0.017587551851404815,0
2018-10-26,235.9807586669922,265.3299865722656,271.0,262.2900085449219,265.9200134277344,201574600,-0.017587551851404815,-0.03952954369061845,-0.08733517842458915,0.013960182029338847,-0.05089480403977342,-0.0684237081487834,28.236888302579175,-0.018783110433081528,1.2530416380240548,0.03282701502231396,-0.005540103334996216,0
2018-10-29,234.67340087890625,263.8599853515625,270.25,259.8500061035156,268.79998779296875,160749100,-0.005540103334996216,-0.04054422800820834,-0.09553358296072512,0.013835306614415944,-0.05142462232989253,-0.07228736135254055,27.674481798049698,-0.02054362348196317,0.47897287743927164,0.039414820260175495,0.01481824312743485,1
2018-10-30,238.15084838867188,267.7699890136719,268.1199951171875,263.1199951171875,263.6700134277344,157116000,0.01481824312743485,-0.021344687336028123,-0.08159573028286282,0.014501753777679274,-0.033234264356206134,-0.057439207394497815,38.922707075228274,-0.020126522699198166,0.3385773757613043,0.018672742298035158,0.010681242437107441,1
2018-10-31,240.6945953369141,270.6300048828125,273.2300109863281,270.1199951171875,270.6499938964844,128296300,0.010681242437107441,0.02001409666562126,-0.07229513628606365,0.014847287927178298,-0.019173812160818482,-0.0464034381570092,48.260316771197544,-0.018753025106850552,-0.2866695904564019,0.011491762971690134,0.010641580239988624,1
2018-11-01,243.25596618652344,273.510009765625,273.7300109863281,270.3800048828125,271.6000061035156,99495000,0.010641580239988624,0.012699893915043114,-0.05503732780922377,0.015144709149963714,-0.005866504745323353,-0.03548279435620527,47.18638938766011,-0.0166042653917365,-0.847192813106158,0.012248202931901094,-0.00592283676921046,0
2018-11-02,241.8152008056641,271.8900146484375,275.2300109863281,269.5899963378906,274.75,122634100,-0.00592283676921046,0.024724228244834334,-0.055346872510223744,0.015148144366386484,-0.008885272054583893,-0.040341844848329256,47.11028065441921,-0.015450233554366668,-0.4057124114088989,0.020743735865880252,0.005517049552168585,1
2018-11-05,243.14930725097656,273.3900146484375,274.010009765625,271.3500061035156,272.44000244140625,65622500,0.005517049552168585,0.03611788272691352,-0.05013517439625148,0.015250424582039148,-0.0007892682443814136,-0.03417300951848867,40.996740141649745,-0.01377638550474124,-1.4879312222830055,0.009729703060040337,0.006327567693145131,1
2018-11-06,244.68785095214844,275.1199951171875,275.29998779296875,273.25,273.32000732421875,60085900,0.006327567693145131,0.027448999689507314,-0.04272825732610763,0.015376126155644437,0.007794919749511742,-0.02714374408139686,43.43747782032515,-0.011794990231602813,-1.5497048903138873,0.007451249743209528,0.021409013035344593,1
2018-11-07,249.92637634277344,281.010009765625,281.1000061035156,277.0799865722656,277.5599975585937,102752100,0.021409013035344593,0.0383547498976331,0.009737678144760897,0.014557566831193082,0.028860138791052536,-0.005781219373537261,55.42994764533332,-0.008290728312421251,-0.6543870364820856,0.01430560973469549,-0.0018149876291082556,0
2018-11-08,249.47276306152344,280.5,281.2200012207031,279.2200012207031,280.1099853515625,65584900,-0.0018149876291082556,0.02555660595898024,0.030605674347470524,0.01357350688513481,0.025429073949716496,-0.00690642859630497,54.963763353296535,-0.005799750302717593,-1.4844699859668593,0.0071301247771836,-0.009768281459305639,0
2018-11-09,247.0358428955078,277.760009765625,279.239990234375,276.17999267578125,279.0299987792969,98812600,-0.009768281459305639,0.021589387567241047,0.006559215321381817,0.013476372382062384,0.015076560788098714,-0.01582451952401409,53.103013552876284,-0.004594339420084802,-0.5768685279395959,0.011016695892168884,-0.018684919048427062,0
2018-11-12,242.4199981689453,272.57000732421875,277.4599914550781,271.989990234375,277.19000244140625,99673600,-0.018684919048427062,-0.002999428993965658,-0.006669104262362002,0.01408710541682298,-0.0035568638304812605,-0.03308785471635245,48.91890821839484,-0.0051393099048923484,-0.5496758039687487,0.02006824329060029,-0.0018713763758924085,0
2018-11-13,241.96633911132807,272.0599975585937,275.3299865722656,271.25,273.0899963378906,98176600,-0.0018713763758924085,-0.011122382375055473,-0.029743468124752592,0.01309138392293241,-0.00390308094654912,-0.033770037304706735,58.35819015661277,-0.005598936755754397,-0.5578602894440272,0.014996642684990527,-0.0068365731660449125,0
2018-11-14,240.31211853027344,270.20001220703125,274.6099853515625,268.45001220703125,274.1600036621094,125335900,-0.0068365731660449125,-0.03846835997539555,-0.036548536243487084,0.013139993881468921,-0.008853152310192014,-0.03917952260991864,50.160355822578374,-0.006477338906071191,0.13309216672673874,0.02279782704010904,0.010436472698907462,1
2018-11-15,242.82012939453125,273.0199890136719,273.5400085449219,267.010009765625,268.7799987792969,135101400,0.010436472698907462,-0.02666677350004565,-0.01222875482659691,0.013055348366493077,0.002112164426027574,-0.028195308148497467,60.83408626274846,-0.0061646575153092515,0.38783422457827477,0.023917658201099246,0.002600691490097118,1
2018-11-16,243.45162963867188,273.7300109863281,274.75,271.2099914550781,271.7900085449219,126668000,0.002600691490097118,-0.014508879419380505,-0.009122188058189207,0.013074142942191455,0.005183226463096435,-0.0247950074870672,64.20964543687828,-0.005679609597112825,0.18568985970130827,0.012932482383521645,-0.01691417140597906,0
2018-11-19,239.33384704589844,269.1000061035156,273.3800048828125,268.07000732421875,273.04998779296875,103061700,-0.01691417140597906,-0.012730596264158511,-0.02149012150005325,0.013565814783730222,-0.01074514836823759,-0.0400790462132814,51.87607168317235,-0.006710165313635301,-0.47292262311105726,0.019732431951529333,-0.018506299943072957,0
2018-11-20,234.9046630859375,264.1199951171875,267.0,263.1499938964844,265.3599853515625,136021300,-0.018506299943072957,-0.02918453885497485,-0.03468453690577589,0.014099998518929555,-0.027355968768134953,-0.056252805049060384,41.336080587335076,-0.009007533541636116,0.43083779625551477,0.01457673093552578,0.003407338831671325,1
2018-11-21,235.7050628662109,265.0199890136719,267.1499938964844,265.010009765625,265.8599853515625,75563700,0.003407338831671325,-0.01917113332543885,-0.001130513784664,0.01241104409276794,-0.023987936679445765,-0.05149186644494075,38.07240206400252,-0.01029878724403854,-1.1105769723421564,0.008074802730253593,-0.006678635635906538,0
2018-11-23,234.13087463378903,263.25,264.82000732421875,263.07000732421875,263.17999267578125,42807900,-0.006678635635906538,-0.035784738202754296,-0.025288811530863264,0.011742607348996006,-0.02928552509184157,-0.05605164011398278,37.91259432784797,-0.011828821761718582,-1.7504082086473187,0.006647673314339981,0.016144420219993627,1
2018-11-26,237.9107818603516,267.5,267.75,265.3399963378906,265.7799987792969,79981400,0.016144420219993627,-0.022759542774652752,0.008178731199364409,0.011689489267433439,-0.014008395028947462,-0.03929163807190572,42.348563461243636,-0.011367124517937725,-0.7448342603286982,0.009009359484521027,0.003364541989944403,1
2018-11-27,238.71124267578125,268.3999938964844,268.3999938964844,265.6600036621094,266.3399963378906,75502400,0.003364541989944403,-0.002601405433464654,0.017206218436995213,0.01161779706740592,-0.011518064138407502,-0.03469779574716558,41.078148966983846,-0.010718639009359624,-0.808834413759397,0.01020860766275483,0.023025048292719674,1
2018-11-28,244.20758056640625,274.5799865722656,274.5799865722656,268.3299865722656,269.6000061035156,127629600,0.023025048292719674,0.0396029493763832,0.025432335088093172,0.01226169978171169,0.009975251662578843,-0.011403664085298137,41.52821937699963,-0.008095133442677895,1.047236832500553,0.02276203767806321,-0.0021850257566861098,0
2018-11-29,243.67398071289065,273.9800109863281,275.54998779296875,272.42999267578125,273.7099914550781,82346400,-0.0021850257566861098,0.0338088531055567,0.012378281165001503,0.012081332935429633,0.007147930073018838,-0.0124311155338932,41.430037231391665,-0.006324559207250707,-0.5078386920819157,0.01138767425388267,0.006095275356935215,1
2018-11-30,245.15924072265625,275.6499938964844,276.2799987792969,273.45001220703125,273.8099975585937,98204200,0.006095275356935215,0.04710342498022535,0.007824163846708698,0.011925897039042904,0.01288837604520121,-0.005220654294545879,47.14631711671409,-0.004338715439577019,0.07827241772454736,0.01026659399574802,0.013241440898212442,1
2018-12-03,248.40550231933597,279.29998779296875,280.3999938964844,277.510009765625,280.2799987792969,103176300,0.013241440898212442,0.04411200020831574,0.027253462527230488,0.012154014400496587,0.024905162529361036,0.008875707507463249,59.497552164796744,-0.001684824065935974,0.304569676915661,0.0103472404481506,-0.032402094830536354,0
2018-12-04,240.3566436767578,270.25,278.8500061035156,269.8999938964844,278.3699951171875,177986000,-0.032402094830536354,0.006892850887678437,-0.011485385690760741,0.014256281796919486,-0.007732248888213111,-0.022347026988374763,47.9418803058628,-0.0022897628955035497,2.4620674830484877,0.033117528980689176,-0.0015175203321632358,0
2018-12-06,239.9918975830078,269.8399963378906,269.9700012207031,262.44000244140625,265.9200134277344,204185400,-0.0015175203321632358,-0.017262703203646423,-0.019191608209673583,0.014166747133855524,-0.008276739618122031,-0.022351568567234414,49.576612105996674,-0.0028187532557246106,2.566529712572073,0.027905421292208642,-0.023235851175751665,0
2018-12-07,234.4154815673828,263.57000732421875,271.2200012207031,262.6300048828125,269.4599914550781,161018900,-0.023235851175751665,-0.03799543602653532,-0.062061855984809955,0.01398722730944382,-0.028205868992335237,-0.04324404777455737,39.721575422859985,-0.00517210577274226,1.27672206815868,0.032590947752731324,0.001897133262073858,1
2018-12-10,234.86019897460935,264.07000732421875,265.1600036621094,258.6199951171875,263.3699951171875,151445900,0.001897133262073858,-0.04200960044454538,-0.05857378540081515,0.0140298111734511,-0.023404238667134702,-0.039572830533061376,39.44492934891822,-0.006740298257623312,0.9362426221551239,0.02476619215938526,0.00022706898830149314,1
2018-12-11,234.9135284423828,264.1300048828125,267.8699951171875,262.4800109863281,267.6600036621094,121504400,0.00022706898830149314,-0.0543143116838396,-0.04907107531862309,0.01395080558685651,-0.02071434084775048,-0.037493096090319034,43.966863043688335,-0.007879896575852455,0.13557364106973013,0.020406557495240906,0.005035435181389714,1
2018-12-12,236.09642028808597,265.4599914550781,269.0,265.3699951171875,267.4700012207031,97976700,0.005035435181389714,-0.017724591771222986,-0.026085215446839394,0.013496122632407922,-0.014484245296460085,-0.030790814158341395,51.78474229631073,-0.00824095976162838,-0.4710653232534127,0.013674395387851805,-0.00033911088576976667,0
2018-12-13,236.016357421875,265.3699951171875,267.489990234375,264.1199951171875,266.5199890136719,96662700,-0.00033911088576976667,-0.016565309917422333,-0.024590121548747734,0.013496660913906522,-0.013593501848490841,-0.02926302322921359,50.476465843044,-0.008490792406749277,-0.5026002032387252,0.012699231937278021,-0.018464635164364585,0
2018-12-14,231.6584014892578,260.4700012207031,264.0299987792969,259.8500061035156,262.9599914550781,116961100,-0.018464635164364585,-0.011761510202697445,-0.03601032313285302,0.013995436980787387,-0.030053118258477896,-0.045003938980977876,46.51281106562038,-0.010249799990210574,0.03289615477070034,0.016047885192888033,-0.01961854081471004,0
2018-12-17,227.1136016845703,255.3600006103516,260.6499938964844,253.52999877929688,259.3999938964844,165492300,-0.01961854081471004,-0.032983865822563296,-0.06468379598151497,0.014230948763440205,-0.04594499587950063,-0.061393952133543817,35.09323207911578,-0.013210165387696532,1.2068074722724367,0.027882186325851988,-0.0010964036361714724,0
2018-12-18,226.86459350585935,255.0800018310547,257.95001220703125,253.27999877929688,257.20001220703125,134515100,-0.0010964036361714724,-0.03426339466225181,-0.06813277921955507,0.014174973069888037,-0.04365920359721798,-0.06016104540073863,33.3914204985941,-0.01532256011995501,0.42130314945523534,0.018308034319473747,-0.014975855873209931,0
2018-12-19,223.46710205078125,251.25999450683597,259.3999938964844,249.3500061035156,255.1699981689453,214992800,-0.014975855873209931,-0.05349220552304168,-0.06629544960297373,0.014084235368260057,-0.054820271307229995,-0.07173510200453648,19.10437678600495,-0.018259703969839294,2.0191957598667254,0.039998360314758945,-0.016277754941229627,0
2018-12-20,219.82955932617188,247.1699981689453,251.6199951171875,244.6499938964844,249.8600006103516,252053400,-0.016277754941229627,-0.06858337393441549,-0.06417541295998264,0.013966162187485351,-0.06723192300986325,-0.08412267918336624,17.48725221187756,-0.02182403764336234,2.2864331457792626,0.028199220262723677,-0.020489562184392573,0
2018-12-21,215.32534790039065,240.6999969482422,249.7100067138672,239.97999572753903,246.7400054931641,255345600,-0.020489562184392573,-0.07050490499747553,-0.08646277987413464,0.014385470892714188,-0.08237640207737384,-0.10047577970523924,12.414744722438925,-0.026304641891125403,1.983318149261825,0.040423810177365314,-0.02642294311572324,0
2018-12-24,209.6358184814453,234.33999633789065,240.83999633789065,234.2700042724609,239.0399932861328,147311600,-0.02642294311572324,-0.07695612712531086,-0.10462121320247553,0.015203401275935172,-0.10193538915128875,-0.12186463611411358,3.9897375498618146,-0.03211400706178494,0.07479672719907363,0.02803615331612701,0.050524747878127885,1
2018-12-26,220.2276153564453,246.17999267578125,246.17999267578125,233.75999450683597,235.97000122070312,218485400,0.050524747878127885,-0.029255240083299383,-0.07432688155464051,0.0191888432739131,-0.052973878673435615,-0.07554549471920746,27.471456266642292,-0.030184664685955598,1.2400738530528208,0.05045088365609957,0.007677561937406985,1
2018-12-27,221.91842651367188,248.07000732421875,248.2899932861328,238.9600067138672,242.57000732421875,186267300,0.007677561937406985,-0.00693021712322317,-0.07034782264075201,0.019296123488322093,-0.0422449219125135,-0.06671404123706304,30.355163859139253,-0.02870632793507669,0.5800769145536991,0.03761029667754902,-0.0012901166598802138,0
2018-12-28,221.6321258544922,247.75,251.3999938964844,246.4499969482422,249.5800018310547,153100200,-0.0012901166598802138,0.008199836882017086,-0.09244370981258387,0.018278416218823607,-0.038797989236548536,-0.06573731422210516,34.29966266866569,-0.02753957674849479,-0.07360359935100777,0.019979806047395424,0.008758762463009218,1
2018-12-31,223.57334899902344,249.9199981689453,250.19000244140625,247.47000122070312,249.55999755859372,144299400,0.008758762463009218,0.038304831173189724,-0.08248985654956253,0.018519285733959605,-0.026134214497987918,-0.05549552513595535,36.62915864537302,-0.025361719022367207,-0.31862447200691374,0.01088348767858269,0.0010404649762563167,1
2019-01-02,223.80596923828125,250.17999267578125,251.2100067138672,245.9499969482422,245.97999572753903,126925200,0.0010404649762563167,0.0675941299510805,-0.08709959869932671,0.018406489062613808,-0.020565937857114358,-0.05275041209707454,36.89721274738331,-0.02344634598178623,-0.7209934406971631,0.021024901749204492,-0.02386273237670522,0
2019-01-03,218.46534729003903,244.2100067138672,248.57000732421875,243.6699981689453,248.22999572753903,144140700,-0.02386273237670522,-0.008002030370051427,-0.12052935522663089,0.01840613392533646,-0.03763315540539991,-0.07321833946680112,31.059769085462207,-0.024179729829799882,-0.4201811690857243,0.020064735353021862,0.033495735417425676,1
2019-01-04,225.7830047607422,252.38999938964844,253.1100006103516,247.1699981689453,247.58999633789065,142628800,0.033495735417425676,0.017414409014080867,-0.06063339333201412,0.019350625371296618,-0.0021950822790535174,-0.04064427715466146,40.48619017774637,-0.02066547038833325,-0.41378951272255227,0.023535015078929085,0.007884481326006165,1
2019-01-07,227.5631866455078,254.3800048828125,255.9499969482422,251.69000244140625,252.69000244140625,103139100,0.007884481326006165,0.02676083518194261,-0.051788043940946715,0.01950079553793707,0.008441591087489764,-0.031781737439917856,46.00106326802341,-0.017523489310836297,-1.1426794651495908,0.01674657765966483,0.009395328995765562,1
2019-01-08,229.7012176513672,256.7699890136719,257.3099975585937,254.0,256.82000732421875,102512600,0.009395328995765562,0.027408761732018894,-0.02011071915768714,0.01903196255461676,0.018980616156203167,-0.02216323997576164,52.65140736506562,-0.01410676092647164,-1.0593523931703759,0.012890905091005204,0.004673668578068391,1
2019-01-09,230.77476501464844,257.9700012207031,258.9100036621094,256.19000244140625,257.5599975585937,95006600,0.004673668578068391,0.03113766715018973,-0.01739517371524746,0.01906311896006307,0.024671522883345842,-0.016803725358482735,53.939991986467426,-0.010972754887047456,-1.115625511648982,0.010543866371408282,0.0035272947632098983,1
2019-01-10,231.5887756347656,258.8800048828125,259.1600036621094,255.5,256.260009765625,96823900,0.0035272947632098983,0.06007098383115017,-0.014153092117181632,0.019085892598849574,0.029045398169101455,-0.01296632130897779,58.63308255652206,-0.008133636556125161,-1.0330559602536005,0.014137838353974665,0.00038662743465600613,1
2019-01-11,231.6783142089844,258.9800109863281,259.010009765625,257.0299987792969,257.67999267578125,73858100,0.00038662743465600613,0.02611051019756494,-0.018713143018901257,0.019042661221829814,0.030454723207955503,-0.012332553745843744,63.62236445175475,-0.005813692447188344,-1.4152751652282154,0.007645420118669514,-0.00610112314409228,0
2019-01-14,230.2648162841797,257.3999938964844,258.29998779296875,256.4100036621094,256.8599853515625,70908200,-0.00610112314409228,0.01187199774487424,-0.024369247964515117,0.01907929312771709,0.025479462488167126,-0.017697955573721558,68.4897301833764,-0.00444610788122348,-1.4036308270016529,0.0073425958650933315,0.011460617793750849,1
2019-01-15,232.9037933349609,260.3500061035156,260.70001220703125,257.8099975585937,257.82000732421875,85208300,0.011460617793750849,0.013942353968948051,0.005375983938837869,0.0188142475773949,0.036944529037790996,-0.00577930277983274,81.14954822747295,-0.002354785464224566,-1.0840315823377833,0.011100497717247918,0.0024198774298276327,1
2019-01-16,233.46739196777344,260.9800109863281,261.9700012207031,260.6000061035156,260.8299865722656,77636700,0.0024198774298276327,0.011667770316889259,0.0279762649003632,0.01821375194658101,0.037985648361033464,-0.00253982297035793,74.23037569729739,-0.0005345873146130693,-1.1056145343455228,0.005249425471360217,0.00758686682458265,1
2019-01-17,235.2386779785156,262.9599914550781,263.9200134277344,259.9599914550781,260.010009765625,96118400,0.00758686682458265,0.015760273069132635,0.03691225829137568,0.018251143275022752,0.0439174128348776,0.005592864845277212,74.3060590569552,0.0014870702648135555,-0.7398796722917116,0.015059408660395955,0.013309936910870679,1
2019-01-18,238.36968994140625,266.4599914550781,266.9800109863281,263.0,264.9800109863281,127900300,0.013309936910870679,0.028882184140833767,0.06668806170511177,0.01796249664065147,0.05432559495124378,0.019393803392312225,77.6692333576666,0.0040586308518488975,-0.12726020181400868,0.014936617555957198,-0.013510418392353896,0
2019-01-22,235.1492156982422,262.8599853515625,265.0599975585937,261.0599975585937,264.82000732421875,115531200,-0.013510418392353896,0.021212096111263623,0.0696887917122182,0.017813098926988822,0.03656932347282771,0.00644246678528182,68.35978830856914,0.005032676991944822,-0.26059857235325634,0.015217226747731093,0.0020925018586066546,1
2019-01-23,235.64126586914065,263.4100036621094,264.7900085449219,260.6600036621094,264.010009765625,86030300,0.0020925018586066546,0.011753662295412859,0.09434986715148885,0.016903374952846578,0.034107855015858224,0.009783222643237055,68.6180406600391,0.00584959971253728,-0.8650979680023247,0.015678997856551743,0.0005312444108929171,1
2019-01-24,235.76644897460935,263.54998779296875,264.20001220703125,262.0799865722656,263.2099914550781,59204100,0.0005312444108929171,0.009847443737039052,0.12464773759774661,0.015293170971900884,0.028758633574722747,0.011507884043675531,82.55875591320836,0.00647015148140434,-1.3823210489061186,0.008044112058282498,0.008461548916297135,1
2019-01-25,237.7613983154297,265.7799987792969,266.70001220703125,263.6600036621094,265.6099853515625,96883400,0.008461548916297135,0.010724088226445883,0.07961664085861986,0.011189483998811967,0.03350993373793698,0.020879225492990594,78.18931341568506,0.007496600756700338,-0.37770915602601945,0.011438063657477444,-0.007600213349680307,0
2019-01-28,235.9543609619141,263.760009765625,263.8299865722656,261.7900085449219,263.3900146484375,85613700,-0.007600213349680307,-0.010132701771294328,0.06324817036938346,0.011436567341621889,0.02253569481440021,0.013683154718619361,69.72241349629888,0.007710215460248755,-0.6756949537479214,0.007734220320800177,-0.0013269307314220935,0
2019-01-29,235.64126586914065,263.4100036621094,264.54998779296875,262.4800109863281,263.9200134277344,66136300,-0.0013269307314220935,0.0020925018586066546,0.06320897731155584,0.01143731964669272,0.01808844113232677,0.012888534568881616,65.27141502054438,0.007649028413515041,-1.287444456868916,0.007858383424556263,0.015830876230801483,1
2019-01-30,239.3716735839844,267.5799865722656,268.5199890136719,264.25,265.1000061035156,92473700,0.015830876230801483,0.015830876230801483,0.07066282567082705,0.011726140918544528,0.03068810556994439,0.029006641567025815,69.44551630069012,0.008632103262465876,-0.19827579446927265,0.015957804125678415,0.00878223641274789,1
2019-01-31,241.4738922119141,269.92999267578125,270.4700012207031,267.2699890136719,267.510009765625,104012100,0.00878223641274789,0.024208038345266747,0.07894303728254082,0.011768908216464128,0.03579994588000446,0.03816378198055004,71.12807015827363,0.010010007295991542,0.34384951164920047,0.011854970895638315,0.00048157268837667466,1
2019-02-01,241.59017944335935,270.0599975585937,271.20001220703125,269.17999267578125,270.1499938964844,85782500,0.00048157268837667466,0.01610345983434258,0.10585125943392448,0.009852305200045758,0.031184406646816765,0.03883000625070032,71.1610455169142,0.011067451426907148,-0.3665928597108593,0.007479891688926367,0.007035434041140043,1
2019-02-04,243.2898712158203,271.9599914550781,272.0299987792969,269.3599853515625,270.1099853515625,60744800,0.007035434041140043,0.03108868267575815,0.07753845987491315,0.007276977491844657,0.034573814064097874,0.04578283467255195,77.471752957942,0.012248640162111447,-1.5960678143351175,0.009817669920670678,0.00419179459422514,1
2019-02-05,244.3096923828125,273.1000061035156,273.44000244140625,271.8800048828125,272.44000244140625,79552800,0.00419179459422514,0.0367865385619075,0.07359057492630372,0.00721355365538239,0.03522444292161997,0.04931811388431728,75.82025850068507,0.01337339555036992,-0.47545676168727824,0.005712184268507302,-0.0013180247678482582,0
2019-02-06,243.98768615722656,272.739990234375,273.3399963378906,271.9200134277344,272.7900085449219,58347800,-0.0013180247678482582,0.019283871412724363,0.062195876242775894,0.007156654470172761,0.0307401114638417,0.04719002897410651,74.0788367135398,0.014055653607252165,-1.4880949267109402,0.005206361226808027,-0.009532971811028745,0
2019-02-07,241.6617584228516,270.1400146484375,271.54998779296875,268.2900085449219,270.94000244140625,95482000,-0.009532971811028745,0.0007779980237889728,0.04717584007728104,0.007672986122825425,0.0185717500482514,0.036537128693068466,64.33712961089705,0.013787147246971873,0.5313576206176641,0.012067739214012553,0.0012217171285069384,1
2019-02-08,241.95700073242188,270.4700012207031,270.5799865722656,267.8299865722656,268.75,75788900,0.0012217171285069384,0.0015183617558780504,0.044769981054728625,0.007671456559919671,0.017592682411750715,0.03744338586099727,59.167958745004626,0.013394764827322913,-0.4843071404402564,0.010167486181789174,0.0005543960879097476,1
2019-02-11,242.0911407470703,270.6199951171875,271.489990234375,270.0299987792969,271.20001220703125,68021400,0.0005543960879097476,-0.004927169646477436,0.04494519296567856,0.007669437604392835,0.015932297096607817,0.03771776726475573,71.0641481758599,0.012984903118701277,-0.8815133562780886,0.005394987367603417,0.012859451073180983,1
2019-02-12,245.2042999267578,274.1000061035156,274.5199890136719,272.3399963378906,272.4200134277344,72270200,0.012859451073180983,0.0036617767196216455,0.06487957597543104,0.007756975603670164,0.025781146089005613,0.05097244434944859,75.03521258976924,0.013375449382933374,-0.6578342476545312,0.007953274816630109,0.0032472274389039324,1
2019-02-13,246.0005340576172,274.989990234375,275.92999267578125,274.5599975585937,275.0299987792969,65277200,0.0032472274389039324,0.00824979297968964,0.056232406244326905,0.0075087646628158615,0.02630061429905317,0.054174949164649044,75.88258039718741,0.013872160999564238,-0.9568658844997048,0.004981981766026847,-0.0022182881648312724,0
2019-02-14,245.454833984375,274.3800048828125,275.6400146484375,272.8699951171875,273.7799987792969,83234400,-0.0022182881648312724,0.015695803863540636,0.05134525175257121,0.007591186775519415,0.02146975043259247,0.051809838960263255,70.99625796317609,0.013991233004876924,-0.02566274517424586,0.010095559012884607,0.010897090959365752,1
2019-02-15,248.12957763671875,277.3699951171875,277.4100036621094,276.1300048828125,276.3599853515625,97088700,0.010897090959365752,0.025511049011237574,0.05479923526598163,0.007741746636575807,0.029838464753100924,0.06329665081007829,81.72500634170126,0.014610982124370921,0.702240204027708,0.004614770169196137,0.0017305376775214043,1
2019-02-19,248.55897521972656,277.8500061035156,278.5799865722656,276.4700012207031,276.4800109863281,59120800,0.0017305376775214043,0.026716526894363435,0.04274572526744036,0.007328429792083729,0.029443896893820876,0.06438848147151144,83.45693981287913,0.015160011254749306,-1.2747948996892395,0.007593972665872122,0.002015339762685864,1
2019-02-20,249.05990600585935,278.4100036621094,278.9200134277344,277.25,277.8099975585937,76610800,0.002015339762685864,0.015724055737412534,0.05915686457346392,0.006341357803810653,0.028555657533455125,0.065705929631801,80.1335327908999,0.015566570386634657,-0.12284055952838335,0.005998395911668378,-0.0035557292773912286,0
2019-02-21,248.17431640625,277.4200134277344,278.1000061035156,276.3500061035156,277.70001220703125,64214700,-0.0035557292773912286,0.008836494428600128,0.05318699375884939,0.006502780681379611,0.022252883837483806,0.06066767681729113,72.54688120962312,0.015503068659936186,-0.8928540458587823,0.006308124559498879,0.0061999395979626115,1
2019-02-22,249.7129821777344,279.1400146484375,279.3599853515625,277.3999938964844,278.1099853515625,78114600,0.0061999395979626115,0.017347990765708365,0.05915401985219293,0.00653068325438105,0.025644776339616815,0.06589051823631009,74.94526751439565,0.01563079500754056,-0.00884316394441529,0.007021535259094378,0.0013611818744543314,1
2019-02-25,250.05288696289065,279.5199890136719,281.3099975585937,279.42999267578125,280.7300109863281,69030700,0.0013611818744543314,0.0077512295974153655,0.05169673771498551,0.006404079692717522,0.024454897201981574,0.06596369954514869,72.66203971191145,0.015714772613511997,-0.5816160159782788,0.006725833416945678,-0.00071524175854909,0
2019-02-26,249.87403869628903,279.32000732421875,280.29998779296875,278.8999938964844,279.1300048828125,56844100,-0.00071524175854909,0.005290750315493309,0.058993093739097,0.006002613611488631,0.020811409158932204,0.06395148931462646,69.75906473814418,0.015572209727800573,-1.3280312711482654,0.005012150435966951,-0.0004295377095819841,0
2019-02-27,249.76670837402344,279.20001220703125,279.5899963378906,277.4800109863281,278.5199890136719,56921600,-0.0004295377095819841,0.002837880972088147,0.05994468945319231,0.005972735568574526,0.01743728340033357,0.06225062214013466,70.8391015835636,0.015246525458481062,-1.2479419003099872,0.007557253794093362,-0.0018628833999205785,0
2019-02-28,249.30142211914065,278.67999267578125,279.45001220703125,278.32000732421875,278.9599914550781,69268300,-0.0018628833999205785,0.004541588868711255,0.041482554666905314,0.005225204654162648,0.013492162354315607,0.0586830020254856,81.81821648230567,0.014691129114910547,-0.3254434899620179,0.004054847540229261,0.00624425503442283,1
2019-03-01,250.85812377929688,280.4200134277344,280.8800048828125,278.82000732421875,280.44000244140625,78880500,0.00624425503442283,0.00458583126746448,0.038862303006849785,0.00508188378467453,0.017879062419040803,0.06314966776025632,83.54703361466335,0.014474012836083003,0.528567665560916,0.007346114613622688,-0.003637842712495898,0
2019-03-04,249.94554138183597,279.3999938964844,281.8699951171875,276.8399963378906,281.6000061035156,106494600,-0.003637842712495898,-0.0004292915085224447,0.034584857537371505,0.00522474057617242,0.012459926215493855,0.0572138004629692,77.96140616953761,0.01397101381604131,2.3599227136632948,0.018002859302711553,-0.0013600985224382356,0
2019-03-05,249.6055908203125,279.0199890136719,279.760009765625,278.4100036621094,279.5400085449219,59114600,-0.0013600985224382356,-0.0010743328013472775,0.025959648763550724,0.005110747847503874,0.009791195201994451,0.05344650529730033,69.52334668538401,0.013285880753564214,-1.0236876465795222,0.004838384906715322,-0.00605691889890736,0
2019-03-06,248.09375,277.3299865722656,279.1600036621094,276.9700012207031,279.1499938964844,75039800,-0.00605691889890736,-0.0066980839236516765,0.015488774023988405,0.005314700247713695,0.0029073173003444364,0.04457377454159284,58.73084770961714,0.012173341619605411,0.12752199331495956,0.007896738713595933,-0.0083650530608389,0
2019-03-07,246.0184326171875,275.010009765625,276.989990234375,274.07000732421875,276.8299865722656,94885100,-0.0083650530608389,-0.013168755613372385,0.008323151434176612,0.005682163772805742,-0.005890097828522456,0.033165536843152044,52.084763212079615,0.010520239618956755,1.384339113348529,0.010617733196856294,-0.0020000540840129366,0
2019-03-08,245.52638244628903,274.4599914550781,274.6499938964844,272.4200134277344,272.94000244140625,85795800,-0.0020000540840129366,-0.021254011042905918,0.015991872477710167,0.005217694659046218,-0.00865242307454861,0.028000262694715783,38.51639246053153,0.008882948510438075,0.8154683091512988,0.008124974634472322,0.014501128190072654,1
2019-03-11,249.0867919921875,278.44000244140625,278.6199951171875,275.2300109863281,275.260009765625,65098900,0.014501128190072654,-0.003435745982508176,0.029467183169667344,0.006051604355158376,0.004277700845118471,0.04039318766724498,51.82441020880691,0.008515719815046553,-0.6457548094003787,0.012174917760147445,0.0037708543757739577,1
2019-03-12,250.02606201171875,279.489990234375,280.07000732421875,278.8500061035156,279.0599975585937,79667500,0.0037708543757739577,0.001684542361508834,0.032776586702685684,0.006068693814255222,0.006454744669364132,0.0418700310470721,53.24131901074203,0.008499198571340917,0.3620038482209274,0.004365098083405617,0.006619610211533011,1
2019-03-13,251.6811370849609,281.3399963378906,282.3800048828125,280.29998779296875,280.4800109863281,80639200,0.006619610211533011,0.014459804347997096,0.026414043963085998,0.005603647913386012,0.011798110042648746,0.046146926167971225,61.18729196299303,0.008883715056519312,0.40044641679258935,0.007393250575526559,-0.0006400441367938603,0
2019-03-14,251.52005004882807,281.1600036621094,281.8399963378906,280.6700134277344,281.3699951171875,67518400,-0.0006400441367938603,0.022362622886071604,0.022437008164860828,0.005600671587927359,0.010029920225639977,0.043054033767055966,56.32033985142143,0.009082280461650464,-0.5534999979659672,0.0041612707885802435,0.00494054157285162,1
2019-03-15,252.7626953125,281.3099975585937,282.2099914550781,280.3299865722656,280.5400085449219,81309000,0.00494054157285162,0.029472648902787446,0.02977273337623565,0.005604521284546221,0.013532847971541306,0.04569586736001874,58.914784717913356,0.009477187043548526,0.4515542598734214,0.0066830361491895295,0.0036258253518732797,1
2019-03-18,253.67916870117188,282.3299865722656,282.6600036621094,281.29998779296875,281.54998779296875,62199800,0.0036258253518732797,0.018436853565195976,0.022365697460615452,0.005181563562696753,0.01607720987875272,0.04643843533677816,61.93877150432367,0.009966669690091533,-0.8538949833089402,0.0048171144895107106,0.00024787793987379736,1
2019-03-19,253.74205017089844,282.3999938964844,284.3599853515625,281.4100036621094,283.510009765625,90268100,0.00024787793987379736,0.014862403260206936,0.0208524956565741,0.005182964204143287,0.015275212372569458,0.04428901779369698,62.50770545478982,0.010280637625976046,1.1719491822770156,0.010446111024118722,-0.003009999435331867,0
2019-03-20,252.9782867431641,281.54998779296875,283.5,280.32000732421875,282.1600036621094,84609200,-0.003009999435331867,0.005153940709371918,0.015732683755259158,0.005254770181303145,0.01142636408203046,0.038972236543886485,61.35532326576693,0.01020199483160062,0.7006481877141073,0.011294593548764718,0.01129482540908966,1
2019-03-21,255.83563232421875,284.7300109863281,285.17999267578125,280.5899963378906,280.6400146484375,79550400,0.01129482540908966,0.017158004996233434,0.030870704224797985,0.005642708731902046,0.021286121942226233,0.04845656572714829,64.22902108578253,0.01077906448969526,0.2670647744247168,0.016120521760212423,-0.01924618004867329,0
2019-03-22,250.91177368164065,279.25,283.79998779296875,279.17999267578125,283.2200012207031,122659300,-0.01924618004867329,-0.007322764257482572,0.004800677535671705,0.007191939155058402,0.0013906561004326523,0.026583410513762118,52.24684615510168,0.009851921713375334,2.6544358037714404,0.01654429764435989,-0.0007521396878111819,0
2019-03-25,250.7230529785156,279.0400085449219,280.19000244140625,277.6400146484375,278.8699951171875,85575200,-0.0007521396878111819,-0.011652969921777556,0.002680097093717526,0.0071904969723645875,0.0005036712236452523,0.02420764969411171,52.616916873564335,0.00879414366119314,0.38806496481276476,0.009138430744271692,0.007454575043152278,1
2019-03-26,252.5920867919922,281.1199951171875,282.17999267578125,279.5599975585937,280.989990234375,68125900,0.007454575043152278,-0.004532017370127428,0.010877673046325587,0.007368119652600045,0.007415664366268837,0.030082619596967453,60.36104427579211,0.008391484076722246,-0.7209673774399209,0.00931984619626714,-0.00522953085002742,0
2019-03-27,251.27114868164065,279.6499938964844,281.760009765625,277.92999267578125,281.1099853515625,72224700,-0.00522953085002742,-0.006748160419224436,0.006023382048837123,0.0074796166477723025,0.0018467902659122792,0.022943165733754656,62.53418991386619,0.007654219985250345,-0.5398603237337354,0.013695752452837436,0.003790419635124165,1
2019-03-28,252.22357177734372,280.7099914550781,281.2099914550781,279.07000732421875,280.3500061035156,56238500,0.003790419635124165,-0.014118676566122312,0.0117213517410526,0.007499301865357166,0.005058715835648986,0.02520785198927933,65.63746318716986,0.0072297672269420795,-1.4730083073907276,0.007623469758830567,0.006305247443938011,1
2019-03-29,253.81390380859372,282.4800109863281,282.8399963378906,281.1400146484375,282.3900146484375,82186800,0.006305247443938011,0.011566336981202463,0.011782676138873294,0.007501725826063654,0.01080059060010119,0.029968431387466188,62.155803470530564,0.007294462489585895,0.1391807160966619,0.006018060122262609,0.011859361349452424,1
2019-04-01,256.823974609375,285.8299865722656,286.1600036621094,284.3999938964844,284.70001220703125,77617900,0.011859361349452424,0.024333309435978334,0.02751972765551769,0.007832642595112757,0.021389094462559877,0.040360645058441724,65.79833530025873,0.008146941609921467,-0.06097991627631744,0.006157540665104504,0.0004899230097219487,1
2019-04-02,256.9497985839844,285.9700012207031,286.2300109863281,285.0899963378906,286.0400085449219,40070400,0.0004899230097219487,0.01725197272541923,0.029423250254674294,0.007809375884554861,0.020399309488754236,0.03930586182678608,63.18127783423418,0.008823737237266722,-2.264927588240374,0.003986483349900994,0.00157368447994366,1
2019-04-03,257.3541564941406,286.4200134277344,287.760009765625,285.75,287.32000732421875,68243200,0.00157368447994366,0.024208938608415886,0.03732623854547179,0.007605513241966388,0.02012933649355597,0.03907492891296971,64.42039185158714,0.009367355247523716,-0.5384969806223551,0.007017700130553686,0.002653391487541512,1
2019-04-04,258.0370178222656,287.17999267578125,287.4599914550781,286.010009765625,286.7799987792969,48997500,0.002653391487541512,0.02304878169774649,0.04885237694274491,0.007214773727421437,0.020405501498489187,0.03995128072704279,63.40778265659186,0.00988282194624132,-1.501897697375802,0.005049034495554558,0.004840481602373492,1
2019-04-05,259.2860412597656,288.57000732421875,288.6300048828125,287.6000061035156,287.9200134277344,58621700,0.004840481602373492,0.02155964416866052,0.05604146762715656,0.007156489585447664,0.022562747302855568,0.043007819531680536,64.01617620806617,0.010528646396455621,-0.8574525821404065,0.0035693202798433394,0.0007618623904448452,1
2019-04-08,259.48358154296875,288.7900085449219,288.9100036621094,287.3699951171875,288.1000061035156,53566300,0.0007618623904448452,0.01035575801534483,0.041739626046118694,0.006607970777273737,0.021248114336538393,0.04198148171334348,64.2568156897455,0.011004340263297538,-1.0845396564794945,0.005332624049845975,-0.005124690129955534,0
2019-04-09,258.15380859375,287.3099975585937,288.0799865722656,286.70001220703125,287.7200012207031,66142300,-0.005124690129955534,0.004685779153752012,0.03250759747457965,0.006784310256616727,0.014392098854874691,0.034796730390409536,62.499990786691214,0.010904986560843273,-0.3449476198961087,0.004803085089139457,0.003411085513685519,1
2019-04-10,259.0343933105469,288.2900085449219,288.3900146484375,287.3099975585937,287.7699890136719,52601500,0.003411085513685519,0.006528889369014301,0.029216556754126932,0.006697309992520352,0.0163839094054532,0.036382874137895316,58.54126194604884,0.010893412220152998,-1.000203912587741,0.003746286925776398,-0.0002775670564190147,0
2019-04-11,258.9624938964844,288.2099914550781,288.8399963378906,287.5799865722656,288.8299865722656,55093100,-0.0002775670564190147,0.003586601961336422,0.02958986309922995,0.006691809447026708,0.01462033623874115,0.03447352975680773,79.01498670268327,0.010770094411512212,-0.81554375984546,0.004371846233586914,0.006765748850151576,1
2019-04-12,260.7145690917969,290.1600036621094,290.4700012207031,288.260009765625,290.0,69727800,0.006765748850151576,0.005509466784600514,0.03145983931476004,0.006753640507173032,0.019896228473626376,0.03987401438935678,82.36278519900931,0.011013574935028093,0.0006403346265640527,0.007616457910069696,-0.0006549148756979095,0
2019-04-15,260.5438232421875,289.9700012207031,290.3500061035156,289.0799865722656,290.239990234375,49596700,-0.0006549148756979095,0.004085968341095869,0.02706037936091632,0.00675294779492901,0.01786159927493447,0.037624147050010937,78.9397165365526,0.011090551107575024,-1.0290962852437398,0.004379830761470245,0.0006553440702781188,1
2019-04-16,260.7145690917969,290.1600036621094,291.010009765625,289.5,290.95001220703125,52153200,0.0006553440702781188,0.009919514695507337,0.027478767970079643,0.0067500374027540675,0.017143329778173344,0.036865094862525316,87.50884865645877,0.01106384468400763,-0.807496003536386,0.005204058955635397,-0.002447005447089312,0
2019-04-17,260.0765991210937,289.45001220703125,291.42999267578125,288.989990234375,291.3999938964844,58268300,-0.002447005447089312,0.004023426376810635,0.028058978773684906,0.0067319244182598124,0.013251369680185032,0.03303235063721632,81.99100917978623,0.010753639320113705,-0.41639562225481186,0.008429788697542084,0.001969564161324877,1
2019-04-18,260.5888366699219,290.0199890136719,290.32000732421875,288.6600036621094,290.1000061035156,68708500,0.001969564161324877,0.0062802251745675,0.018579133416722016,0.006321399288629927,0.014307867601076385,0.033703719737494975,80.25682751777896,0.010503218502915997,0.18851045727229343,0.005723756034040539,0.0008619301496959331,1
2019-04-22,260.8134460449219,290.2699890136719,290.44000244140625,289.07000732421875,289.1700134277344,40160100,0.0008619301496959331,0.00037925365455970805,0.0394627650109578,0.004177331105343786,0.013229588033482953,0.033025103022446434,73.71791847946352,0.01026379772791528,-1.6361622056869651,0.0047197270439245185,0.008991690590177015,1
2019-04-23,263.1585998535156,292.8800048828125,293.1400146484375,290.4200134277344,290.67999267578125,52246600,0.008991690590177015,0.010035841874084905,0.04959873744065191,0.004408003395618295,0.01987669029474315,0.04056611632441265,79.20530561855787,0.010588415822780795,-0.6260999318746285,0.009287084045875563,-0.0022193666119265654,0
2019-04-24,262.5745544433594,292.2300109863281,293.1600036621094,292.07000732421875,292.7900085449219,50392900,-0.0022193666119265654,0.007134182635216035,0.039520112360398985,0.004358411917845663,0.01564857681921561,0.03657758114391818,74.14779304230942,0.01064031355062182,-0.710083894516202,0.0037299260750519566,-0.0006157570342221197,0
2019-04-25,262.4128723144531,292.04998779296875,292.7799987792969,290.7300109863281,292.1199951171875,57770900,-0.0006157570342221197,0.008983019622890609,0.04434143629808052,0.004071099706695782,0.012840683569121936,0.03453367888015513,71.26661129568083,0.010498609100700745,-0.013367129452264311,0.007019304498043552,0.004656260884582597,1
2019-04-26,263.6347351074219,293.4100036621094,293.489990234375,291.239990234375,292.1000061035156,50916400,0.004656260884582597,0.011688522334355023,0.04524225570856499,0.004093672681419454,0.015320798834839833,0.03790761248593677,71.1905540850011,0.01058496172138048,-0.5975785824753668,0.0076684501956896375,0.0015678134292758106,1
2019-04-29,264.0480651855469,293.8699951171875,294.45001220703125,293.4100036621094,293.510009765625,57197700,0.0015678134292758106,0.012402041342868042,0.04032151597443989,0.003980515444343597,0.014912533229812786,0.03801520422456228,71.78394470158817,0.010678438632168934,0.08187657800922112,0.003539008957029272,0.0005108452327333701,1
2019-04-30,264.1829528808594,294.0199890136719,294.3399963378906,291.9200134277344,293.489990234375,81111700,0.0005108452327333701,0.0038925310740898222,0.028653782352980217,0.003238726371614282,0.013996928308907641,0.03723630313485571,82.47820954998694,0.010678261787197284,2.426344084452261,0.008230674786004843,-0.007516911375601065,0
2019-05-01,262.1971130371094,291.8099975585937,294.95001220703125,291.79998779296875,294.7200012207031,71671900,-0.007516911375601065,-0.0014374637597697193,0.020421555035428085,0.0038049257068164455,0.005362381260918259,0.02833821936942371,65.22428929028905,0.010036509238307094,1.3702546739274062,0.010794778932925332,-0.002158950379291591,0
2019-05-02,261.63104248046875,291.17999267578125,292.70001220703125,289.5199890136719,291.67999267578125,65030200,-0.002158950379291591,-0.002979388271195371,0.01661867849577736,0.003867275909071651,0.002369951001689685,0.02510724935793629,62.26213480593553,0.009203617694548187,0.7238874400695606,0.010921159672190183,0.009788144954360867,1
2019-05-03,264.1919250488281,294.0299987792969,294.3399963378906,291.29998779296875,292.82000732421875,56543700,0.009788144954360867,0.0021134921435113085,0.023852807161187872,0.004343882514715466,0.010989291779896604,0.03384348297628392,64.8731269252857,0.009120715265438529,-0.19309771530274977,0.010339110150470562,-0.0041153784532150794,0
2019-05-06,263.10467529296875,292.82000732421875,293.3099975585937,288.8999938964844,289.25,107198100,-0.0041153784532150794,-0.003572796081331653,0.014727495605432184,0.0044087045698266965,0.006093593275859899,0.028510848481324347,60.156817367559675,0.008729352047572336,3.2068811961218158,0.01506045882044677,-0.016699696824673982,0
2019-05-07,258.7109069824219,287.92999267578125,290.8099975585937,285.8099975585937,290.1499938964844,144729900,-0.016699696824673982,-0.020713092342885875,-0.002977739693402981,0.0058858041153128675,-0.010561692383406651,0.010650912630599807,44.04720457248967,0.007079779836809511,3.3678277921564477,0.017365332293222284,-0.0013889807995079995,0
2019-05-08,258.3515625,287.5299987792969,289.42999267578125,286.8699951171875,287.5299987792969,91568300,-0.0013889807995079995,-0.014666639508594037,0.000766031333518713,0.005777318597591665,-0.01197336584823916,0.00857910876485235,44.78871265732711,0.005487365778867295,1.026709850943819,0.008903410320530625,-0.0030263426471922594,0
2019-05-09,257.5697021484375,286.6600036621094,287.3299865722656,283.29998779296875,285.2300109863281,103471100,-0.0030263426471922594,-0.015523159230367067,-0.005654427365378467,0.005759750391770738,-0.014687512050022833,0.004914566216660754,41.02547820391634,0.00394000483685783,1.3513239180156134,0.014058462038000591,0.005023670492713128,1
2019-05-10,258.8636474609375,288.1000061035156,288.94000244140625,282.29998779296875,285.6199951171875,112429300,0.005023670492713128,-0.02016820758963711,-0.0003817017439845527,0.005879996713647608,-0.00971890406790965,0.009209908766107944,44.550567451984506,0.0030551349202330652,1.501522717008422,0.02304760328971223,-0.025129903598538617,0
2019-05-13,252.35842895507807,280.8599853515625,283.489990234375,279.92999267578125,282.4200134277344,127290500,-0.025129903598538617,-0.04084399612406986,-0.03205091363258883,0.00791938375870161,-0.03305909366291182,-0.016266518327220925,25.509802998889967,0.0003465177444774698,1.770333015633074,0.012675346237512522,0.009043289253322317,1
2019-05-14,254.6405792236328,283.3999938964844,285.1000061035156,281.8500061035156,281.989990234375,77003200,0.009043289253322317,-0.015733112323190968,-0.022657393850658902,0.008269313343902972,-0.023210068172759613,-0.007733541272644362,33.29555274985471,-0.0011098307416749882,0.024507051899558416,0.01146789015523799,0.00585763829070074,1
2019-05-15,256.1321716308594,285.0599975585937,285.7699890136719,281.3599853515625,281.5899963378906,73956400,0.00585763829070074,-0.008590584270767199,-0.01757629992409071,0.008408496789764314,-0.016624103246244637,-0.0024286148750558567,37.47766977058889,-0.001758188902201751,-0.1205665780833292,0.015470440257766805,0.009260999037405071,1
2019-05-16,258.50421142578125,287.70001220703125,289.2099914550781,285.760009765625,285.8399963378906,76749600,0.009260999037405071,0.003628180137449588,-0.00604586379792027,0.008694333009667012,-0.0072173928002073895,0.005994108611107052,40.2194439434752,-0.0014985420334883259,-0.055500698067473694,0.011991593823675232,-0.0064651350909128436,0
2019-05-17,256.8329467773437,285.8399963378906,288.6000061035156,285.1199951171875,285.1400146484375,100353000,-0.0064651350909128436,-0.00784467306828096,-0.014413088221947201,0.008784241351333384,-0.012923964818270184,-0.001350357115859957,36.87497571239027,-0.0018181695343925087,0.7208544538556969,0.012174681748226774,-0.006611887828541718,0
2019-05-20,255.13479614257807,283.95001220703125,285.9599914550781,283.1199951171875,284.0599975585937,62877600,-0.006611887828541718,0.011001682008387359,-0.021772841808799015,0.008873324078015344,-0.018379230076091102,-0.008694032705672039,34.426246730189405,-0.002584764352309748,-0.6686379875732895,0.010001747546395422,0.009015751549264817,1
2019-05-21,257.4350280761719,286.510009765625,286.92999267578125,285.54998779296875,285.8299865722656,46847100,0.009015751549264817,0.010974090858020258,-0.021749514477314102,0.008874760473222333,-0.008437410696433889,-0.00040512972863793184,41.89122337329769,-0.0024055425292085087,-1.2344799916197737,0.004816602686731229,-0.003071495185126061,0
2019-05-22,256.6443176269531,285.6300048828125,286.69000244140625,285.1000061035156,285.45001220703125,49482500,-0.003071495185126061,0.001999537944932017,-0.022584963836187244,0.008882655290218516,-0.010352739254596233,-0.003987291948500893,41.57317856785556,-0.0025085321481604,-1.1346605477393479,0.005566629243111082,-0.012218657432273905,0
2019-05-23,253.5084686279297,282.1400146484375,283.2099914550781,280.57000732421875,283.1600036621094,98733800,-0.012218657432273905,-0.01932557605269758,-0.033932800658700746,0.009221542883060182,-0.020763732134942092,-0.016296752664149095,32.290681798292,-0.00357319549281578,0.5863223507197841,0.009357000048890425,0.0022684577178031518,1
2019-05-24,254.0835418701172,282.7799987792969,284.20001220703125,282.0899963378906,283.739990234375,55268100,0.0022684577178031518,-0.01070503197399375,-0.03622888779588518,0.009150318946984893,-0.016728548138523203,-0.014261371454370342,34.78791141100278,-0.004151923925233655,-1.0263643486403744,0.00746168710039299,-0.009300777299792728,0
2019-05-28,251.72036743164065,280.1499938964844,284.1499938964844,280.1300048828125,283.0899963378906,70029400,-0.009300777299792728,-0.013382842178176757,-0.04668732469311421,0.009261632951536864,-0.023544566313118742,-0.023350519424019,37.34542666218834,-0.005356122921570669,-0.5127715524111537,0.014349416745506922,-0.0067105355201567685,0
2019-05-29,250.03118896484372,278.2699890136719,279.3599853515625,276.7099914550781,278.9100036621094,104972900,-0.0067105355201567685,-0.028760029925443797,-0.05356804351565325,0.009285098924849432,-0.027427564121566772,-0.029629672074526603,35.62997023131875,-0.006788876779871301,0.749147176129923,0.009523103464650571,0.002731348701370706,1
2019-05-30,250.714111328125,279.0299987792969,280.0400085449219,277.8099975585937,279.1099853515625,62523800,0.002731348701370706,-0.023106711863568385,-0.04379530184742786,0.009288516798569162,-0.022588245135294005,-0.02675051103091175,38.11917842704628,-0.0075671344777374595,-0.8018041058411433,0.007992011597620526,-0.0134755459259438,0
2019-05-31,247.33560180664065,275.2699890136719,277.1199951171875,275.239990234375,276.20001220703125,86862800,-0.0134755459259438,-0.024349746005325135,-0.054639696185498576,0.00962477871158822,-0.0330649925407025,-0.03944477164740301,31.367951284042135,-0.009305502694347758,0.05283185592419792,0.006829676164658565,-0.002542909398295601,0
2019-06-03,246.70664978027344,274.57000732421875,276.54998779296875,273.0899963378906,275.3099975585937,96428000,-0.002542909398295601,-0.029033333035064057,-0.0661839882703571,0.009162418976094754,-0.03221607939974502,-0.04120752720270082,38.72341487859566,-0.01071053225097827,0.3450183142639519,0.012601490923196448,0.02170685149404994,1
2019-06-04,252.06187438964844,280.5299987792969,280.67999267578125,276.6199951171875,277.1199951171875,77231900,0.02170685149404994,0.0013566917984915161,-0.04197113141765374,0.010737060961897249,-0.009062223956268434,-0.020482724602645996,45.41691887470741,-0.00972793139387019,-0.3386211456814254,0.01447259678558619,0.008662080023962737,1
2019-06-05,254.2452545166016,282.9599914550781,282.989990234375,280.32000732421875,282.3299865722656,71169700,0.008662080023962737,0.016854159551872527,-0.017261168142878924,0.010413150443341752,0.00039950615899342345,-0.012268455980884552,46.72690496243363,-0.008262943247634739,-0.5080413882996923,0.009435902568508977,0.006502736100483908,1
2019-06-06,255.89854431152344,284.79998779296875,285.54998779296875,282.57000732421875,283.2900085449219,69430400,0.006502736100483908,0.020678664459429896,-0.009494884276059157,0.010539157750321822,0.007391011598994579,-0.006100839870444963,45.3645567819739,-0.006525278914444196,-0.5354245670464182,0.010463415015720625,0.010006876929086639,1
2019-06-07,258.45928955078125,287.6499938964844,288.8500061035156,285.739990234375,285.92999267578125,74272200,0.010006876929086639,0.04497406626012834,0.0034537734637403172,0.010770186236802601,0.017293720217885333,0.003284783861128737,52.80448490244935,-0.004290124242905825,-0.25464605461440626,0.010811805788738573,0.004588984500768278,1
2019-06-10,259.6453552246094,288.9700012207031,290.82000732421875,288.8699951171875,289.3699951171875,60799100,0.004588984500768278,0.052445710141415525,0.0030197664729645357,0.010760432616959685,0.021804871097276024,0.007308434940239694,57.91789924582769,-0.002164690080472273,-0.8067425518356713,0.006748147554395838,-0.00024212337972739917,0
2019-06-11,259.5824890136719,288.8999938964844,291.3999938964844,288.17999267578125,290.989990234375,58641300,-0.00024212337972739917,0.029836383000142908,0.028626188903243532,0.008965661330591372,0.020107412610006037,0.006613990784652524,54.091034351247096,-0.0005095871944285368,-0.8955893891915764,0.011145729625238006,-0.0017655774471641017,0
2019-06-12,259.1241760253906,288.3900146484375,289.260009765625,287.82000732421875,288.6400146484375,47096300,-0.0017655774471641017,0.01918982329902419,0.017607550279015838,0.008808265624735587,0.017410013995799556,0.004657509636874169,54.78486930817831,0.0006536741612253403,-1.410762074476543,0.004993246535119076,0.004126496102158317,1
2019-06-13,260.1934509277344,289.5799865722656,289.9800109863281,288.6199951171875,289.3999938964844,48945200,0.004126496102158317,0.016783630511717273,0.015856185777115783,0.00876548763868867,0.02079447457131023,0.00854955345716335,64.01641887979214,0.0018797405713389082,-1.1875267292416567,0.00469651195595048,-0.001105087849323394,0
2019-06-14,259.9059143066406,289.260009765625,289.92999267578125,288.4100036621094,289.260009765625,52324700,-0.001105087849323394,0.005597108768555792,0.00542235994194562,0.008543981444287689,0.01938611762615894,0.00723576616060817,62.35677539571148,0.002735885255221673,-0.9193425136868003,0.00525474992171734,0.00038043364033790716,1
2019-06-17,260.0047912597656,289.3699951171875,290.2200012207031,289.17999267578125,289.5199890136719,39205700,0.00038043364033790716,0.0013843345468103063,0.01234983487212693,0.008394298604505938,0.019140000797982726,0.007465296304127289,69.45144662001508,0.00340289980990088,-1.4725289585999752,0.003594044173448937,0.010470857599740535,1
2019-06-18,262.7272644042969,292.3999938964844,293.57000732421875,290.989990234375,291.3900146484375,85434800,0.010470857599740535,0.012114743958939966,0.029758654548538654,0.008485396713279712,0.02828117922412532,0.01774290957405511,78.43029120162701,0.004673867907472649,0.9250953931363637,0.008823588042745066,0.002257160403468683,1
2019-06-19,263.3202819824219,293.0599975585937,293.6499938964844,291.4700012207031,292.54998779296875,78674400,0.002257160403468683,0.016193417462599502,0.022861123252072124,0.008303008549803998,0.02941658864399277,0.019737002468310783,78.34309027434708,0.005810946289906869,0.5009483756579239,0.007438724813834026,0.009554406981809871,1
2019-06-20,265.8361511230469,295.8599853515625,296.3099975585937,293.1300048828125,296.0400085449219,116570000,0.009554406981809871,0.02168655734874614,0.035815456898035114,0.008442876387551803,0.03738816362444197,0.028867793576161427,93.27434702225001,0.00733592931427734,2.1164414837800245,0.010748302687849095,-0.0014536927734031257,0
2019-06-21,265.44970703125,294.0,295.5199890136719,293.760009765625,294.1300048828125,83309500,-0.0014536927734031257,0.021329998354976842,0.04710390334472914,0.007822851577430644,0.033472181327611095,0.02686221172794201,94.34468089100554,0.008386430466315334,0.5684005615564559,0.005986323972948554,-0.001224383370643456,0
2019-06-24,265.12469482421875,293.6400146484375,294.5799865722656,293.4700012207031,294.2300109863281,47582700,-0.001224383370643456,0.019691573911566618,0.04345481361301862,0.00786325263133174,0.02999303110772189,0.025116208852993926,90.55979274866701,0.009018904514999447,-1.177479029739153,0.0037800888713734656,-0.009807995436257322,0
2019-06-25,262.5243530273437,290.760009765625,293.7300109863281,290.6400146484375,293.70001220703125,82028700,-0.009807995436257322,-0.0007723270647729263,0.04292058567186485,0.007902874521877348,0.01775496210230121,0.014919833519648984,75.05761257196346,0.008706588308389005,0.48055203046845424,0.010627308550379402,-0.0009971638140897632,0
2019-06-26,262.2625732421875,290.4700012207031,292.3099975585937,290.3500061035156,291.75,51584900,-0.0009971638140897632,-0.0040168145509770214,0.048919434123330996,0.007666092618805343,0.014335173139893964,0.013773067991915022,71.03308323306125,0.008221337253918203,-0.9209802699418513,0.006747655340796585,0.0035456874824002504,1
2019-06-27,263.1924743652344,291.5,292.0599975585937,290.8900146484375,291.3099975585937,40355200,0.0035456874824002504,-0.00994476013380452,0.04977128319984425,0.007670002261242705,0.01548124515700744,0.01717273444475187,67.53320747464926,0.007995154053974371,-1.3691352421362182,0.004013663499678193,0.005145930256759579,1
2019-06-28,264.5468444824219,293.0,293.54998779296875,292.010009765625,292.5799865722656,59350900,0.005145930256759579,-0.0034012565277453666,0.06958659630907671,0.006703127951679807,0.0173289773867904,0.022053886685434287,67.93305196400259,0.008118315258379371,-0.38170275286016464,0.00525589770424488,0.009078554255894655,1
2019-07-01,266.94854736328125,295.6600036621094,296.9200134277344,294.3299865722656,296.67999267578125,78705600,0.009078554255894655,0.0068792254160696675,0.08204844742140538,0.006665317766522919,0.02258488710996276,0.030826106420015043,73.01186578675906,0.008798697498932747,0.6581979909800725,0.008760152957410916,0.0026042113229463038,1
2019-07-02,267.64373779296875,296.42999267578125,296.489990234375,294.67999267578125,295.6099853515625,61504500,0.0026042113229463038,0.019500609016230408,0.061817613000977545,0.005197094183541142,0.0221972394910932,0.03296570021854017,76.22728579454389,0.009471791914706786,-0.20300161746173845,0.006105986584742878,0.00799553029309652,1
2019-07-03,269.78369140625,298.79998779296875,298.82000732421875,297.0199890136719,297.17999267578125,40898900,0.00799553029309652,0.028677817315233556,0.0611159367327887,0.005160996529191404,0.027321921817181627,0.04069261085551901,77.69749424902388,0.010463270796162874,-1.1674818484439198,0.006024157911927573,-0.001138200272570833,0
2019-07-05,269.47662353515625,298.4599914550781,298.6400146484375,296.010009765625,297.44000244140625,51677300,-0.001138200272570833,0.0238766293948105,0.053060400402681784,0.005169545330996458,0.02350662358497857,0.03895485528596665,77.60993775696163,0.011101533644218746,-0.5697803735972649,0.00881191770458235,-0.0054947730574923526,0
2019-07-08,267.99591064453125,296.82000732421875,298.260009765625,296.2200012207031,297.010009765625,45841800,-0.0054947730574923526,0.013037638641494098,0.03689796219097108,0.005162825898510224,0.01604256760058509,0.03280141003091708,71.3508312745122,0.011088341089870979,-0.786393600013714,0.006872880852312487,0.001246343243726411,1
2019-07-09,268.3299255371094,297.19000244140625,297.5199890136719,295.4800109863281,295.5400085449219,41101300,0.001246343243726411,0.0051746982235802985,0.03344781694626242,0.0051226209425657195,0.015636888952545114,0.0337145481987593,67.15936068791476,0.010989312717155628,-0.9500431024970247,0.006864221577392902,0.004777976112962712,1
2019-07-10,269.61199951171875,298.6099853515625,299.6600036621094,297.7799987792969,298.3699951171875,58448500,0.004777976112962712,0.007354036133931485,0.03863708425077417,0.005147503394646231,0.018556256078508415,0.03820854183774913,68.4893521233873,0.011125298794533696,-0.10181701683653786,0.006295854040510781,0.002344632710806982,1
2019-07-11,270.244140625,299.3099975585937,299.5799865722656,298.20001220703125,299.32000732421875,50826100,0.002344632710806982,0.0017067348153994022,0.04291365155569182,0.005074574019741986,0.018804414836771866,0.04015721162673613,64.56637011070929,0.01130652522692335,-0.48608076126144517,0.004610518781499197,0.00447661077584649,1
2019-07-12,271.45391845703125,300.6499938964844,300.7300109863281,299.510009765625,299.8500061035156,40326000,0.00447661077584649,0.007337537838850938,0.043277290374323485,0.005082474768181325,0.02119764747342079,0.04406960714608643,68.8172125283579,0.011645029701243006,-0.964229755939181,0.0040578787476150055,0.0003326587222802768,1
2019-07-15,271.5442199707031,300.75,301.1300048828125,300.19000244140625,301.1300048828125,33900000,0.0003326587222802768,0.013240162201125338,0.04477891815240298,0.005044290839723743,0.01930595476383279,0.04362109827954441,70.41920747984337,0.011839610023892102,-1.186093796015085,0.0031255276522236075,-0.0032252332865922995,0
2019-07-16,270.6684265136719,299.7799987792969,300.8800048828125,299.44000244140625,300.6499938964844,36650100,-0.0032252332865922995,0.0087150211512248,0.04101322595725709,0.0051756464155544345,0.01398903243723204,0.039737574126099684,79.09682258968459,0.01164042822885488,-1.0455562374368623,0.004803530746780756,-0.006804849512298872,0
2019-07-17,268.8265686035156,297.739990234375,299.92999267578125,297.739990234375,299.75,36036300,-0.006804849512298872,-0.0029131897305223475,0.02321534543835102,0.005133232440098628,0.00593973064928921,0.0322085593912278,71.07240617842021,0.010852719567707269,-0.9745872107710986,0.007355419202110955,0.003660612227916138,1
2019-07-18,269.8106384277344,298.8299865722656,299.25,296.70001220703125,297.19000244140625,51392600,0.003660612227916138,-0.0016041132150471649,0.024648144823670615,0.005158541026579421,0.008397554010997954,0.03510476295919984,71.17266642193809,0.010303702594499297,-0.19418698551433994,0.008533239325204367,-0.005554477893442655,0
2019-07-19,268.3119812011719,297.1700134277344,300.07000732421875,296.9800109863281,300.0400085449219,58678600,-0.005554477893442655,-0.011574477442500841,0.009313368658347088,0.00497861379682086,0.0023326911385326277,0.028569217152748294,61.935146848276126,0.009396251082100926,0.4143066839097068,0.0103980758430125,0.002456424539131863,1
2019-07-22,268.9710693359375,297.8999938964844,298.5,297.0400085449219,297.6099853515625,43638100,0.002456424539131863,-0.009475991184946797,0.013265647734442387,0.004975645572784199,0.004134389004432526,0.030195286172932212,57.20748741729344,0.0087076792565869,-0.5255991823704531,0.004900944897586837,0.007149710153938615,1
2019-07-23,270.8941345214844,300.0299987792969,300.0299987792969,298.2200012207031,299.1400146484375,44564500,0.007149710153938615,0.0008338911587129072,0.021761230884549843,0.005156806735740337,0.01022571035795905,0.036605581759193484,60.65104911468761,0.008595895416997337,-0.4416128158790657,0.006032721947664942,0.004699628542675693,1
2019-07-24,272.167236328125,301.44000244140625,301.44000244140625,299.0899963378906,299.19000244140625,47213200,0.004699628542675693,0.012426851043642273,0.036731385829858354,0.004524851533804564,0.013151723792539594,0.03990074228910334,58.28095710662697,0.008792365738561616,-0.13099942584045102,0.00779593313588968,-0.0047769907884575025,0
2019-07-25,270.8670959472656,300.0,301.0,299.1099853515625,300.94000244140625,55394100,-0.0047769907884575025,0.0039155517576605625,0.03280880912097306,0.004723084398878349,0.006699646337233522,0.033651448750447344,54.51898224462389,0.008537312174263146,0.6005086251522992,0.006300048828125,0.00670014882084069,1
2019-07-26,272.68194580078125,302.010009765625,302.2300109863281,300.6199951171875,300.760009765625,45084100,0.00670014882084069,0.016286878357224532,0.0360552537014347,0.004841744237243992,0.011660701360782566,0.039264365819932756,64.90570360217288,0.008683432337898186,-0.3684124443217601,0.005331001679017455,-0.00182143919549127,0
2019-07-29,272.1852722167969,301.4599914550781,302.010009765625,300.8500061035156,301.8800048828125,38126500,-0.00182143919549127,0.011949994803511554,0.028873630110082704,0.004837750640548696,0.008389192589825845,0.03629071922739002,62.137784200089165,0.008613864621111742,-0.9163817709431731,0.003847952282192751,-0.0024545443435322056,0
2019-07-30,271.5171813964844,300.7200012207031,301.1700134277344,299.489990234375,299.9100036621094,45849000,-0.0024545443435322056,0.00229996443481717,0.01711428692281225,0.004558017644558772,0.005063480006296084,0.03259250909833167,56.239293688248196,0.008273285003571829,-0.06363194829167973,0.005586669282188449,-0.010940674322740929,0
2019-07-31,268.5466003417969,297.42999267578125,301.20001220703125,295.20001220703125,300.989990234375,104245200,-0.010940674322740929,-0.013302982516099293,0.0033733744576773805,0.005240229866890706,-0.006098677460955937,0.020254474525667643,45.179099174055104,0.007100484538097897,3.7302930804784604,0.020172814268063426,-0.00870787586217081,0
2019-08-01,266.2081298828125,294.8399963378906,300.8699951171875,293.9599914550781,297.6000061035156,142646600,-0.00870787586217081,-0.017200192028344996,-0.013253438355742886,0.0052603302018853085,-0.01410111244986978,0.010696484535730022,35.999837107020696,0.005381219176272099,3.467777171928853,0.023436452814869856,-0.0075293118003353365,0
2019-08-02,264.2037658691406,292.6199951171875,294.1199951171875,290.8999938964844,293.8500061035156,116749700,-0.0075293118003353365,-0.03109182717155279,-0.019567031814645364,0.0054808143112371885,-0.02056793655576805,0.0025111840231151206,32.22547367798765,0.003348607864190255,2.045056987253189,0.011004036888913177,-0.030073246918917884,0
2019-08-05,256.25830078125,283.82000732421875,288.2099914550781,281.7200012207031,288.0899963378906,178745400,-0.030073246918917884,-0.05851518454995963,-0.043797720028832754,0.008481890067342963,-0.04795133344003777,-0.027840455211557535,24.00628000867576,-0.0007351533659816284,2.8927718700840055,0.02286657059719271,0.014022983249399212,1
2019-08-06,259.851806640625,287.79998779296875,288.0400085449219,284.2799987792969,285.9100036621094,120711700,0.014022983249399212,-0.042963670644565743,-0.03159587541163711,0.009205572075276135,-0.03307797339197016,-0.01463912918137189,34.77311771948591,-0.0028490538786935166,1.285090104679023,0.01306466270015895,0.0005908519072150842,1
2019-08-07,260.0053405761719,287.9700012207031,288.82000732421875,282.0400085449219,284.3999938964844,140572300,0.0005908519072150842,-0.03180550323390419,-0.035631422017362135,0.009100780903171261,-0.03077432620377607,-0.01467603953608887,32.881565795951246,-0.004430989534596067,1.5522044945617632,0.023544114840283712,0.019619934846309084,1
2019-08-08,265.10662841796875,293.6199951171875,293.6199951171875,289.010009765625,289.6199951171875,87713900,0.019619934846309084,-0.004137745399919401,-0.019010633108083708,0.010258324737846514,-0.010810974844953414,0.003509335918676637,45.02926135314946,-0.003978048249605189,0.322733895638521,0.01570051572857835,-0.006811661636553112,0
2019-08-09,263.3008117675781,291.6199951171875,293.239990234375,289.6499938964844,292.5799865722656,93730000,-0.006811661636553112,-0.0034176428128951386,-0.030034956709397043,0.01025695578297417,-0.01605233343218415,-0.004275046375751823,41.50878036430309,-0.0042167507298845105,0.4027101881948827,0.012310528763461453,-0.012173265594486504,0
2019-08-12,260.0955810546875,288.07000732421875,291.6099853515625,287.0199890136719,289.9599914550781,65527600,-0.012173265594486504,0.01497426722076467,-0.042161232219381506,0.010518914980367538,-0.025946531593720623,-0.017344620137012212,34.427160213466564,-0.005370805621438405,-0.28368919409005955,0.01593361412569636,0.015551909393284546,1
2019-08-13,264.1405639648437,292.54998779296875,294.1499938964844,287.3599853515625,287.739990234375,94299800,0.015551909393284546,0.01650462769400729,-0.024117561966535694,0.011227195360118954,-0.009587522852279373,-0.0033753319850615693,39.28147607202346,-0.00485691871048501,0.3290324090444168,0.02320973791913817,-0.02956781221527749,0
2019-08-14,256.3305053710937,283.8999938964844,288.739990234375,283.760009765625,288.07000732421875,135622100,-0.02956781221527749,-0.014133691242398161,-0.0464837359541348,0.012864044224640133,-0.03661489149860375,-0.03315478137053873,33.46344972292977,-0.007029935625623082,1.1885459122117394,0.017541319393496714,0.0026416053074029833,1
2019-08-15,257.00762939453125,284.6499938964844,285.6400146484375,282.3900146484375,284.8800048828125,99556600,0.0026416053074029833,-0.030549968032744013,-0.047451831802518996,0.012841199846872318,-0.03174045053719554,-0.030802725393748398,31.69537722884627,-0.008303725116253467,0.280296797769952,0.011417530545185583,0.014755345345423887,1
2019-08-16,260.79986572265625,288.8500061035156,289.3299865722656,284.7099914550781,286.4800109863281,83018300,0.014755345345423887,-0.009498436514998376,-0.027997689275318982,0.013366665333628937,-0.01606110373735914,-0.01686531623023857,37.65428135942982,-0.007927551700120107,-0.1498674962735959,0.015994443550511214,0.012047662677614701,1
2019-08-19,263.94189453125,292.3299865722656,293.0799865722656,291.44000244140625,292.19000244140625,53571800,0.012047662677614701,0.014788076986797405,-0.018697828049328957,0.013678215191511304,-0.0032613368972389534,-0.00543195031207544,42.20403850949389,-0.006596545412331993,-0.8931208290557229,0.005610044149384455,-0.007662523378836106,0
2019-08-20,261.91943359375,290.0899963378906,292.3599853515625,289.95001220703125,291.7699890136719,51596400,-0.007662523378836106,-0.00840889539173284,-0.03312991971416268,0.013622946446417034,-0.009219910648877505,-0.013221965831984206,43.04403394076063,-0.00621134772969342,-0.9598627501230044,0.008307674083749392,0.008135436260628515,1
2019-08-21,264.0502624511719,292.45001220703125,292.8599853515625,291.7200012207031,292.4800109863281,49524700,0.008135436260628515,0.030116419693793972,-0.029823479072871528,0.013727754916272194,0.0003763262540625867,-0.005528880316327034,47.72515669326855,-0.005108323470777206,-1.0177633933958259,0.0038980478142444297,-0.000307891487667189,0
2019-08-22,263.9689636230469,292.3599853515625,293.92999267578125,290.3999938964844,293.2300109863281,51666400,-0.000307891487667189,0.02708609952519847,-0.02546685229556911,0.013706637840719346,0.0013768253372352657,-0.006197738387871299,49.74200877720074,-0.004251057300487009,-0.9550983137762917,0.012074151580805615,-0.02568702971825143,0
2019-08-23,257.1883850097656,284.8500061035156,292.760009765625,283.4700012207031,290.9200134277344,149161500,-0.02568702971825143,-0.013847709249709461,-0.056819166173674995,0.014607807804027342,-0.02146989392127696,-0.03150642348782284,51.04878644702385,-0.005725921993301241,1.3280512595135965,0.03261368560949179,0.011057782043153885,1
2019-08-26,260.0323181152344,288.0,288.0,285.5799865722656,287.2699890136719,72423800,0.011057782043153885,-0.014812261702367713,-0.04464956535885822,0.014934309275340545,-0.008356911763575448,-0.020806354502014845,50.207049411125574,-0.005782339194532265,-0.6288874739475007,0.008402824401855469,-0.0039232512579017165,0
2019-08-27,259.0121459960937,286.8699951171875,289.95001220703125,286.0299987792969,289.5400085449219,66668900,-0.0039232512579017165,-0.0110999308366162,-0.04605614766650856,0.014939368313583024,-0.00988652911455512,-0.024575055100072518,48.88299774643202,-0.006146790429229039,-0.8290241885894681,0.013664773222912471,0.0070415714755325265,1
2019-08-28,260.83599853515625,288.8900146484375,289.07000732421875,285.25,286.1400146484375,59696700,0.0070415714755325265,-0.012172924526481,-0.02871234190575056,0.014929795601850695,-0.001442953261047597,-0.017566584971795973,44.81475552947002,-0.005742281168071225,-0.9324731964634586,0.013223050747764607,0.012772792185957504,1
2019-08-29,264.1676025390625,292.5799865722656,293.1600036621094,290.6099853515625,291.7200012207031,57899400,0.012772792185957504,0.0007525086028647987,-0.007665157877215334,0.015143655156228225,0.011706567807239221,-0.005081671079051775,51.014825607777034,-0.004319508587347921,-0.8873012945868282,0.008715627956722989,-0.00044418803351664593,0
2019-08-30,264.0502624511719,292.45001220703125,294.239990234375,291.4200134277344,294.2200012207031,62901200,-0.00044418803351664593,0.02668035510680511,-0.0005810038985014643,0.015047587394996976,0.01128690592344217,-0.0053898052691554454,54.99095299021196,-0.003249191895348861,-0.6833092461445062,0.009642594251780393,-0.005847280043373204,0
2019-09-03,262.5062866210937,290.739990234375,291.5799865722656,289.2699890136719,290.57000732421875,69101400,-0.005847280043373204,0.009514080879604148,0.024381593965134396,0.013374698816428086,0.004172177339475169,-0.010986263406954744,47.79850789218807,-0.0028552380223768625,-0.4493796684390525,0.007945235042250589,0.011350523366837395,1
2019-09-04,265.4858703613281,294.0400085449219,294.0599975585937,292.3099975585937,293.1400146484375,46887300,0.011350523366837395,0.02499390266173873,0.02168183394043144,0.013253600171476646,0.01447685017395961,0.00021233917863106022,64.1780901547381,-0.0015757333688381492,-1.0476583523415797,0.005951571041845635,0.012855423699063007,1
2019-09-05,268.8988037109375,297.82000732421875,298.8299865722656,294.0,296.7900085449219,83258100,0.012855423699063007,0.030911397280519726,0.034204924849073226,0.013507330198347016,0.02577539383241456,0.012584136141875257,66.97631985277448,0.00043943313980113663,0.23687439235332391,0.016217804222291583,0.0007723058499131685,1
2019-09-06,269.1064758300781,298.04998779296875,298.760009765625,297.4200134277344,298.1700134277344,49584300,0.0007723058499131685,0.018695984078082928,0.015087692963312804,0.012837311074836145,0.02578501816470835,0.012844102898713627,63.210987711724876,0.002057609638584958,-0.8926467355548613,0.004495877848588983,0.0005032841045573555,1
2019-09-09,269.2419128417969,298.20001220703125,299.239990234375,297.1600036621094,299.1400146484375,51260300,0.0005032841045573555,0.019661599054782375,0.02256392995652101,0.012711788991972978,0.02514049245679484,0.012892611284339939,59.32062396889808,0.003340695584932035,-0.7554650680487317,0.006975139125150516,-0.00023462686790476361,0
2019-09-10,269.1787414550781,298.1300048828125,298.20001220703125,295.9700012207031,297.3599853515625,57947100,-0.00023462686790476361,0.02541826681513193,0.03492239415817222,0.012325501403409765,0.023130759134760037,0.012302166602209619,63.71109704685116,0.004290992785827958,-0.503359352135684,0.007479995135694869,0.007110635751082617,1
2019-09-11,271.0927734375,300.25,300.3399963378906,297.75,298.4700012207031,68821100,0.007110635751082617,0.02111940295933956,0.02632011292889347,0.011968835166797948,0.029046247455966512,0.019182594945664544,63.41145333895888,0.005514035088766811,-0.07809361652034379,0.008626132682400083,0.0034638543366509733,1
2019-09-12,272.03179931640625,301.2900085449219,302.4599914550781,300.4100036621094,301.25,72908700,0.0034638543366509733,0.011651206930755498,0.061254098190855366,0.009499552932239613,0.029542633360726933,0.022375571009731532,64.86877693598606,0.006686315935439024,0.2138487599845582,0.006804035098505764,-0.000663904101643964,0
2019-09-13,271.8511962890625,301.0899963378906,302.1700134277344,300.67999267578125,301.7799987792969,62104800,-0.000663904101643964,0.010199384650696697,0.05775535508226093,0.009535172376721931,0.0259772703815071,0.021538058696779938,85.73970403804888,0.0074955001269489795,-0.17423899688440567,0.004948755422219299,-0.0030885651356866717,0
2019-09-16,271.0115661621094,300.1600036621094,301.1400146484375,299.45001220703125,299.8399963378906,58191200,-0.0030885651356866717,0.006572725998096551,0.03915531325584576,0.009191675142455833,0.020841343884352437,0.01826550740607824,79.65916135755046,0.007818343522948542,-0.2978671693294726,0.005630338555394904,0.002532062640117294,1
2019-09-17,271.6977844238281,300.9200134277344,301.0199890136719,299.75,299.94000244140625,41475500,0.002532062640117294,0.009358253757830282,0.029384838304477023,0.008883276493697086,0.021933402064138408,0.02055992081118241,84.89844029410908,0.0081453550033283,-1.0064891001406349,0.004220354104087735,0.000597776500554259,1
2019-09-18,271.8601989746094,301.1000061035156,301.2200012207031,298.239990234375,300.489990234375,73375800,0.000597776500554259,0.0028308594411363686,0.037953523510889875,0.008623736217788384,0.02063620668738042,0.02089923432904084,83.37907188622073,0.00836689129719292,0.36276133727956494,0.009897080458057587,-6.634251258519352e-05,0
2019-09-19,271.8421630859375,301.0799865722656,302.6300048828125,300.7099914550781,301.5299987792969,76560500,-6.634251258519352e-05,-0.0006971105251124543,0.02950915694017353,0.008505810343496213,0.019077946473949448,0.02066054893782976,79.07014380172907,0.00844419090296563,0.4481811795436341,0.006377087529441386,-0.0047250004602746865,0
2019-09-20,270.5577087402344,298.2799987792969,300.6700134277344,297.4100036621094,300.3599853515625,89565000,-0.0047250004602746865,-0.004758071939667818,0.024960302252034383,0.008611630503010677,0.013011743747272986,0.015814008507523347,72.64690388798242,0.008069292552731153,0.9362621644368371,0.010929360932568409,-0.00023416258395481115,0
2019-09-23,270.4943542480469,298.2099914550781,299.0,297.2699890136719,297.54998779296875,43476800,-0.00023416258395481115,-0.0019084495964025727,0.051736275873329296,0.00585926389663711,0.010257996929262436,0.01564932450906209,80.99377881766758,0.00763531114028162,-1.5233762302631202,0.005801317983635471,-0.007847412083565986,0
2019-09-24,268.3716735839844,295.8699951171875,299.8399963378906,294.8099975585937,299.4100036621094,94869400,-0.007847412083565986,-0.01224195054404742,0.03207045773846606,0.005937489799473392,0.0007715691250149703,0.007919237313526839,61.99453052858027,0.006632850705514907,2.0844419946794535,0.017000705925941093,0.00591539484350867,1
2019-09-25,269.9591979980469,297.6199951171875,298.1099853515625,294.3299865722656,295.9599914550781,71854000,0.00591539484350867,-0.0069925681792797345,0.042264628015237005,0.00586322885103527,0.004640949855906795,0.013935492720557052,55.19584416205855,0.006159988613970146,0.4929688971712388,0.012700755464391783,-0.0020836482111792343,0
2019-09-26,269.3966979980469,297.0,297.8599853515625,295.45001220703125,297.6300048828125,56179700,-0.0020836482111792343,-0.008995900636346588,0.03282023766261988,0.005812313045625053,0.0009532003727033,0.011779476567647773,51.37427745664739,0.0055953146613409825,-0.5552892042362114,0.00811438769202441,-0.005386973637541703,0
2019-09-27,267.9454650878906,295.3999938964844,297.95001220703125,293.69000244140625,297.8299865722656,84746600,-0.005386973637541703,-0.009655033170212879,0.014301006302502639,0.005382890077582801,-0.005137141946910173,0.006470055167142386,44.541216500991986,0.004674516325614509,1.2327626117551622,0.014421157256752738,0.004637793667612078,1
2019-09-30,269.1881408691406,296.7699890136719,297.54998779296875,295.9200134277344,295.9700012207031,51662400,0.004637793667612078,-0.004828985738121627,0.019457956111362806,0.005444441032867151,-0.0014755950618308145,0.011071305397192699,50.03600099119612,0.004226444072980828,-0.8607225443578754,0.005492382739412656,-0.01189478408712541,0
2019-10-01,265.9862060546875,293.239990234375,298.4599914550781,293.0,297.739990234375,88242400,-0.01189478408712541,-0.0088886710636783,0.013256518456705724,0.005984598747297348,-0.013989217662876086,-0.0007311103355434057,32.197511319919656,0.0029301140248071023,1.3365397938166295,0.018619532249725464,-0.01766474265922402,0
2019-10-02,261.2876281738281,288.0599975585937,291.510009765625,286.6400146484375,291.5,122539500,-0.01766474265922402,-0.03212177947084238,-0.01581342985141232,0.006730987501736893,-0.03065255237203124,-0.01767389212388082,20.322981450230216,0.00043983396489663453,2.6107801464010203,0.01690618328980894,0.008192950304215074,1
2019-10-03,263.4283447265625,290.4200134277344,290.45001220703125,284.82000732421875,287.8099975585937,85278800,0.008192950304215074,-0.02215451531454049,-0.020343932025282174,0.006301067793102692,-0.02171803594620303,-0.008974552732090468,29.007894856934243,-0.0008966195744388571,0.7538236109880799,0.019385733153729167,0.013532058544813319,1
2019-10-04,266.9930725097656,294.3500061035156,294.6300048828125,291.0799865722656,291.1400146484375,65091200,0.013532058544813319,-0.003554426934647359,-0.007853409375577325,0.007087699268515372,-0.008090619546531785,0.00472892392549884,41.182505095850196,-0.0008398351773012603,-0.29030622258960503,0.01206053418357471,-0.004314748865248186,0
2019-10-07,265.841064453125,293.0799865722656,295.260009765625,292.7699890136719,293.4700012207031,59610500,-0.004314748865248186,-0.012433966835272758,-0.012631199774123414,0.007138147287478152,-0.011746153011046312,0.000909101151965297,37.40644058854333,-0.0011442880909367605,-0.6005503688941548,0.008496044991250718,-0.015524596261313195,0
2019-10-08,261.7139892578125,288.5299987792969,291.8500061035156,288.489990234375,291.0400085449219,95708100,-0.015524596261313195,-0.01606179831745347,-0.02773158146484378,0.007876315862302995,-0.02573660809937517,-0.013852029494253792,31.360870447591168,-0.0026464421666099244,1.1404252516234614,0.011645291246511865,0.009496441399820199,1
2019-10-09,264.1993408203125,291.2699890136719,292.29998779296875,290.0599975585937,290.75,62359400,0.009496441399820199,0.01114370652309371,-0.02542831566396131,0.00802821094214323,-0.015221019037290673,-0.003937826837783209,37.126713765225475,-0.002993072580483078,-0.5231330461939702,0.007690425786605548,0.006763322076531075,1
2019-10-10,265.9862060546875,293.239990234375,294.2099914550781,291.0,291.17999267578125,55296300,0.006763322076531075,0.009709894091997073,-0.02222384764174934,0.008163079867530525,-0.007442307096409806,0.00299249985012362,42.42808400940178,-0.0026923117029888934,-0.8176321475166501,0.010946636072769295,0.010366991760744515,1
2019-10-11,268.7436828613281,296.2799987792969,298.739990234375,296.1400146484375,296.2699890136719,98720400,0.010366991760744515,0.0065567631965375295,-0.011430935269566067,0.008556648775927642,0.0034293205933648707,0.013196767803325349,47.33789593264134,-0.0015981798567415726,1.1880688530177248,0.008775400285708312,-0.0011136480883396915,0
2019-10-14,268.44439697265625,295.95001220703125,296.6700134277344,295.57000732421875,295.92999267578125,40394800,-0.0011136480883396915,0.00979281558658629,-0.009472544754483003,0.008537060528104953,0.002792453791234495,0.01174491365034891,50.11707691899535,-0.0008341515026574302,-1.4706225763914615,0.0037168645316565077,0.009899974830572145,1
2019-10-15,271.1019897460937,298.8800048828125,299.70001220703125,296.9700012207031,297.1000061035156,46754500,0.009899974830572145,0.03587122153807809,-0.0021928580646982665,0.008826186913687343,0.012832783490456023,0.02061919923055866,51.77849693808046,0.0005595502518364049,-1.2145812505212992,0.009134137251498413,-0.0016057914306006893,0
2019-10-16,270.6666564941406,298.3999938964844,299.1600036621094,297.9200134277344,298.3699951171875,48928200,-0.0016057914306006893,0.024478924337009156,-0.004390280316760253,0.008831129510824353,0.011431886857040663,0.018151222692834423,51.98425716476382,0.001513030894927574,-1.026740552001422,0.004155463336923376,0.0029488550552163595,1
2019-10-17,271.4648132324219,299.2799987792969,300.239990234375,298.5199890136719,299.67999267578125,45736600,0.0029488550552163595,0.020597335700212716,-0.0013881211407088534,0.008858916201269862,0.014485978590476734,0.020273995469303863,55.613393250026306,0.0024700647076920943,-1.066576219863349,0.005747130539022538,-0.0043770015352949665,0
2019-10-18,270.276611328125,297.9700012207031,299.3999938964844,297.0299987792969,298.69000244140625,64304000,-0.0043770015352949665,0.005704053953848209,-0.0010389554724506977,0.00884955044615239,0.010098626515830267,0.01541364709170745,51.73914273092269,0.0028585634222246087,-0.21112345720677142,0.007953804434937296,0.006779259890899558,1
2019-10-21,272.10888671875,299.989990234375,300.2099914550781,298.94000244140625,299.4200134277344,39048600,0.006779259890899558,0.01365083342181661,0.005968821327866136,0.008978414025403083,0.016639629708855574,0.02162126193670133,60.23050610991113,0.003637991537391122,-1.2997256544796585,0.00423343796464563,-0.00326687799109604,0
2019-10-22,271.2199401855469,299.010009765625,300.8999938964844,298.9100036621094,300.5799865722656,48594700,-0.00326687799109604,0.00043507773426387786,0.010613141705773765,0.008815626141749418,0.01277951481473516,0.017433868404154174,69.01720688462375,0.0039746557589171345,-0.7977569408071054,0.006655262932283863,0.0029098711818560385,1
2019-10-23,272.0091552734375,299.8800048828125,299.94000244140625,298.5,298.7300109863281,34352200,0.0029098711818560385,0.0049599710458829716,0.0075935818841981195,0.00874495381533275,0.015337958481633107,0.019792432674064386,67.32621164430671,0.004403100790642459,-1.2859497437533305,0.004801928831396999,0.0016337574086779938,1
2019-10-24,272.4535522460937,300.3699951171875,301.07000732421875,299.4599914550781,300.9100036621094,35453100,0.0016337574086779938,0.003642236361680151,0.011347036807663358,0.00872854743730222,0.016416886944680575,0.020225133359255132,62.61536357239647,0.004820087865885304,-1.1545007099489841,0.00536010885012828,0.004094981069155512,1
2019-10-25,273.5692443847656,301.6000061035156,302.20001220703125,299.67999267578125,299.739990234375,45205400,0.004094981069155512,0.012182456485823279,0.02098852203014645,0.008643304219824762,0.01950962388624289,0.023133915271264183,67.88444887645299,0.0054020281360686335,-0.6796347328228481,0.008355502255477657,0.005636458416184986,1
2019-10-28,275.1112060546875,303.29998779296875,303.8500061035156,302.9100036621094,302.94000244140625,42147000,0.005636458416184986,0.011033521808645252,0.022003440294296794,0.008667821856770584,0.024125747141203968,0.027800534829453216,85.21736898176098,0.006226341475592171,-0.7767077143449801,0.003099249849122617,-0.00029695466721335606,0
2019-10-29,275.0295104980469,303.2099914550781,304.2300109863281,302.8599853515625,303.0,44284900,-0.00029695466721335606,0.014046055426064186,0.03399914821710737,0.008121711332982263,0.022101201976452156,0.026644796029064333,82.58743198000423,0.006803268931935526,-0.6146347431907757,0.00451840530779013,0.003067852604151655,1
2019-10-30,275.8732604980469,304.1400146484375,304.54998779296875,301.989990234375,303.42999267578125,49643900,0.003067852604151655,0.014205791054073158,0.05582213144250092,0.006721840625214301,0.022465716809000558,0.02872271724295139,81.53970463683204,0.007398330456912196,-0.30455416037129235,0.00841716786774312,-0.0026637713271786545,0
2019-10-31,275.1383972167969,303.3299865722656,304.1300048828125,301.7300109863281,304.1300048828125,69053800,-0.0026637713271786545,0.009854321768130614,0.0444525151702615,0.0066967293007970715,0.017534011151365103,0.025134703998730856,73.42151620287594,0.007604299072434916,0.8212941219195551,0.00791215508761643,0.009264136534625322,1
2019-11-01,277.68731689453125,306.1400146484375,306.19000244140625,304.739990234375,304.9200134277344,71141500,0.009264136534625322,0.015053126746856549,0.04005438899308689,0.006376927464082733,0.024933772333621596,0.03357510853679191,79.06395621099199,0.008325421852459302,0.9099061534433875,0.0047364347607299975,0.004017580334572335,1
2019-11-04,278.8029479980469,307.3699951171875,308.0,306.9599914550781,307.8500061035156,60606900,0.004017580334572335,0.013419089670325901,0.04875801852353545,0.006213793125470161,0.026595814464107637,0.03606053357050287,76.81571547893093,0.009134008707686039,0.31895142376873725,0.003383572116482491,-0.0011059768613965737,0
2019-11-05,278.4945983886719,307.0299987792969,307.9200134277344,306.7099914550781,307.5899963378906,42933200,-0.0011059768613965737,0.012598967595695898,0.06411812061879862,0.004668904411250142,0.022302081661602857,0.03349655734746748,77.50109358515812,0.009611931034858806,-0.6087602040147876,0.003941054546679828,0.00022770828486673445,1
2019-11-06,278.5580139160156,307.1000061035156,307.3999938964844,306.0599975585937,307.0299987792969,46487100,0.00022770828486673445,0.009731836326296595,0.0543478763085512,0.004458176516281647,0.01984716162169664,0.03223443195606435,76.27634077959664,0.009884824398734154,-0.3276523637951805,0.004363387532590941,0.003517171573532263,1
2019-11-07,279.5377502441406,308.17999267578125,309.6499938964844,307.6600036621094,308.57000732421875,54272300,0.003517171573532263,0.01598960040418218,0.050948296870202636,0.004358873462720525,0.020901565360191388,0.03443121714444053,84.84552726036803,0.010232279992176081,0.18940496073399013,0.006457233700010358,0.0024656401554032925,1
2019-11-08,280.2269897460937,308.94000244140625,309.0,307.0299987792969,307.79998779296875,49032100,0.0024656401554032925,0.009145800679571714,0.042729588143253006,0.003946578396895612,0.02127721195202037,0.03575070324905916,83.41934803037225,0.010585628089264061,0.01104028209946285,0.006376646614666732,-0.0019095063445834226,0
2019-11-11,279.69189453125,308.3500061035156,308.5400085449219,307.2699890136719,307.4200134277344,35797300,-0.0019095063445834226,0.0031884402212609686,0.0418987979836265,0.003984534058881492,0.01724218276377565,0.03257899587416535,85.92258261537978,0.010629523466109127,-1.2257640076372114,0.00411875954633075,0.002107814297610533,1
2019-11-12,280.28143310546875,309.0,309.989990234375,308.1499938964844,308.75,46484600,0.002107814297610533,0.006416048020806198,0.033859741745061456,0.003533181296048399,0.017687528523649743,0.033399183947584676,85.68009982730332,0.010672562263389281,-0.2082490357008109,0.005954680705147653,0.00032381480406362684,1
2019-11-13,280.3721923828125,309.1000061035156,309.5400085449219,307.6600036621094,307.9100036621094,53917700,0.00032381480406362684,0.0065127491443985885,0.03585789256196015,0.0034646374786802907,0.01622646434836872,0.03260030890084842,85.22950677224239,0.0106245653672275,0.4716816015794704,0.006082189730474798,0.0014558241455864263,1
2019-11-14,280.7803649902344,309.54998779296875,309.6400146484375,308.0899963378906,308.7900085449219,51219900,0.0014558241455864263,0.004445248432487059,0.03431587190578811,0.0034539400381990515,0.015990675415120226,0.0331993508004087,84.2371712394667,0.010569337080990863,0.19120380898323958,0.005007327965341573,0.007235823794745855,1
2019-11-15,282.8120422363281,311.7900085449219,311.8399963378906,310.260009765625,311.0199890136719,62023600,0.007235823794745855,0.009224851940837997,0.04638000619663196,0.0033542912837563965,0.021026574184388025,0.03962677033394524,84.93759882148065,0.010915950383890299,1.2430389034261307,0.005067470184946561,0.0007379803036196009,1
2019-11-18,283.020751953125,312.0199890136719,312.2799987792969,311.0299987792969,311.5299987792969,49228000,0.0007379803036196009,0.01190187305017898,0.04010109837262843,0.0031955568813832654,0.01977139069556033,0.03934111099315096,85.84205008034682,0.011173227925893021,-0.0360992460721189,0.004006153592759816,-0.00028833222773627654,0
2019-11-19,282.93914794921875,311.92999267578125,312.69000244140625,311.2200012207031,312.67999267578125,67804700,-0.00028833222773627654,0.009482307887122454,0.04320924101544499,0.0030020676608871004,0.017329455944933514,0.0379923877132351,84.01734842897437,0.011234013519303152,1.5799885421539854,0.00471259979873445,-0.0037187680327028794,0
2019-11-20,281.886962890625,310.7699890136719,311.8500061035156,309.0599975585937,311.2799987792969,79406200,-0.0037187680327028794,0.005402713068435316,0.03631424687620477,0.0032648631398299838,0.011749557746387085,0.03331395772896428,81.52641588517271,0.010894951776973354,2.217702034005184,0.008977728363594303,-0.0016088779838022704,0
2019-11-21,281.4334411621094,310.2699890136719,311.010009765625,309.3900146484375,310.8900146484375,54664700,-0.0016088779838022704,0.002325932484266602,0.03295933872759571,0.0033523799044867806,0.008496551439657551,0.03094088236758763,71.76047224832065,0.010360618347404517,0.07952510279553941,0.005221243351112878,0.0022237015332122745,1
2019-11-22,282.05926513671875,310.9599914550781,311.239990234375,309.8500061035156,311.0899963378906,44850200,0.0022237015332122745,-0.002661757588739211,0.03103426619116667,0.003305692553349372,0.009203976940555636,0.03246123056703687,70.05657788387464,0.009965385172062934,-0.7880502659067106,0.004469977389551655,0.007750485311470268,1
2019-11-25,284.245361328125,313.3699951171875,313.3699951171875,311.9800109863281,311.9800109863281,48647200,0.007750485311470268,0.004326924321093051,0.03320168380062927,0.003473308454944532,0.015366593303248743,0.03945624928844049,78.7665440334624,0.01010016544443282,-0.49198448246459303,0.004435600576052529,0.002265692035088085,1
2019-11-26,284.8893737792969,314.0799865722656,314.2799987792969,313.0599975585937,313.4100036621094,37569000,0.002265692035088085,0.006892739460812036,0.03585020117802973,0.0034452411309181218,0.015878094563359424,0.04080716015093677,79.93219067405389,0.010308092511442084,-1.4133851409887352,0.003884364725106341,0.004456868076983422,1
2019-11-27,286.1590881347656,315.4800109863281,315.4800109863281,314.3699951171875,314.6099853515625,44444600,0.004456868076983422,0.015155455223369918,0.03728461257227056,0.0034865692432305,0.018537837226616283,0.044354775692568627,80.46772753059892,0.010679352786624968,-0.7790678174951855,0.003518498258162954,-0.0037079572790936766,0
2019-11-29,285.0980224609375,314.3099975585937,315.1300048828125,314.0599975585937,314.8599853515625,36592700,-0.0037079572790936766,0.013021129556232358,0.03619860166697442,0.0035644723260338787,0.012965675738036309,0.03947659568612072,71.67219738978872,0.01062797539476059,-1.3187977868818925,0.0034043057253351798,-0.008494992342186314,0
2019-12-02,282.6761169433594,311.6400146484375,314.6600036621094,311.1700134277344,314.5899963378906,75767800,-0.008494992342186314,0.002186958142791795,0.017965530815809316,0.003807156988496173,0.0034711924824251117,0.02973629038457748,61.36865136848861,0.009841405382955637,1.9705281866151685,0.011198787287672521,-0.0067064454316982935,0
2019-12-03,280.7803649902344,309.54998779296875,309.6400146484375,307.1300048828125,308.6499938964844,73941700,-0.0067064454316982935,-0.012190159662414768,0.007092525406873884,0.004089338557807704,-0.0036082472496297147,0.022064484697977838,51.728680941052076,0.008564099804719673,1.648127910455545,0.008108576529176698,0.006169916324035407,1
2019-12-04,282.51275634765625,311.4599914550781,312.1199951171875,310.32000732421875,310.70001220703125,49080000,0.006169916324035407,-0.008342246676711018,0.014428136065233632,0.004271509560686835,0.0018251530665887028,0.02731292357380255,56.65903377459804,0.00785741351199279,-0.31398878639522193,0.005779194254002162,0.0017981333375389763,1
2019-12-05,283.020751953125,312.0199890136719,312.25,310.5799865722656,312.2300109863281,40709000,0.0017981333375389763,-0.010967102956949026,0.016020856748551138,0.0042763150009123,0.0028330555238482713,0.028183471519622083,56.926551923900675,0.007385504283033238,-0.9350105861876163,0.005352264234780162,0.009134222641649314,1
2019-12-06,285.6059265136719,314.8699951171875,315.3099975585937,314.1099853515625,314.1199951171875,48927000,0.009134222641649314,0.0017815067545898788,0.021707895496159146,0.00463344622202906,0.01090635630095016,0.03635458535717406,58.35194389099322,0.007601877839472477,-0.2768628005610015,0.00381113547063948,-0.0031443352119704393,0
2019-12-09,284.7078857421875,313.8800048828125,315.17999267578125,313.79998779296875,314.44000244140625,34838500,-0.0031443352119704393,0.007187621015875445,0.0159902370580145,0.0047145359972480035,0.006929223059245482,0.03184071711935976,54.84383104593947,0.0075099292955131194,-1.2558731806167478,0.0043966001699526115,-0.0011148736862369724,0
2019-12-10,284.3904724121094,313.5299987792969,314.54998779296875,312.8099975585937,313.82000732421875,52649800,-0.0011148736862369724,0.012857406970037122,0.016799120649291455,0.0046937665653832405,0.004971618003682732,0.029555848268013607,54.111146266107184,0.007252670240236969,0.0008834227533722122,0.0055496770361674,0.0028387449300653067,1
2019-12-11,285.1977844238281,314.4200134277344,314.70001220703125,313.44000244140625,314.0299987792969,53429100,0.0028387449300653067,0.009504095004006619,0.01754076702080143,0.004706953586938856,0.006949775382372625,0.031044309503322154,59.510455548795775,0.007167999882857357,0.03441984170121153,0.004007409553509856,0.00861903569054201,1
2019-12-12,287.6559143066406,317.1300048828125,317.989990234375,314.1700134277344,314.42999267578125,96389600,0.00861903569054201,0.01637746462592715,0.025978760097160825,0.005010988612789762,0.014324458204567625,0.037952033080037806,66.02835608297408,0.007657618133796859,2.5581056503561506,0.01204546005683758,0.0005990934136961279,1
2019-12-13,287.8282470703125,317.32000732421875,318.6700134277344,316.0199890136719,316.8699951171875,81503900,0.0005990934136961279,0.0077810729762088915,0.025101050354155774,0.005013203676885321,0.013672541271591232,0.036748306319587476,65.21569751156643,0.00804491762256787,1.45139744092894,0.00835126797206601,0.006870022295366818,1
2019-12-16,289.8056335449219,319.5,320.1499938964844,317.25,319.2200012207031,82749700,0.006870022295366818,0.017905186536879336,0.024728760675436945,0.004990841796390135,0.019381126063855003,0.042158104992889855,64.8284786483385,0.00874820516598585,1.3872178722805488,0.009076663212783647,0.00021892619596708407,1
2019-12-17,289.8690795898437,319.57000732421875,320.25,319.4800109863281,319.9200134277344,61097700,0.00021892619596708407,0.019264383687915165,0.024197263237619282,0.004994904602126825,0.0183777228925599,0.04058799653153011,63.704560992120236,0.009257962950269531,0.15811959688073457,0.002409453315469261,6.243137023709266e-05,1
2019-12-18,289.8871765136719,319.5899963378906,320.25,319.5299987792969,320.0,48133000,6.243137023709266e-05,0.016442596492527217,0.024556617968257033,0.004989987470671853,0.017199806915619398,0.03855222702067396,61.01912620553545,0.00955772574996623,-0.5082115659156544,0.002252890356248493,0.004099368956154814,1
2019-12-19,291.0755310058594,320.8999938964844,320.9800109863281,319.5199890136719,319.79998779296875,85310500,0.004099368956154814,0.011887872034410663,0.03259664094078607,0.00488744846438504,0.019725772459702196,0.040805318174830685,67.53579748213483,0.009970258921021772,1.5075954116778567,0.004549772516129192,0.0043840597829956085,1
2019-12-20,292.35162353515625,320.7300109863281,321.9700012207031,319.3900146484375,320.4599914550781,147142100,0.0043840597829956085,0.01571554046861401,0.038794900591638815,0.004862947771342435,0.022241290036939754,0.04340092978108445,80.4301046371676,0.010514050587544517,3.127013881791157,0.008044107142738205,0.0015273840375007453,1
2019-12-23,292.79815673828125,321.2200012207031,321.6499938964844,321.0599975585937,321.5899963378906,52990000,0.0015273840375007453,0.010325966257986874,0.03807317443146996,0.004863122263378623,0.021884069096498537,0.043203418189480924,91.5877960946658,0.010959479627477434,-0.35636762778280134,0.001836735992928748,3.137243457396188e-05,1
2019-12-24,292.8073425292969,321.2300109863281,321.5199890136719,320.8999938964844,321.4700012207031,20270000,3.137243457396188e-05,0.010136517298122039,0.03012179745402488,0.0046754943219933735,0.020391568421197936,0.04142818201744114,90.44866890973144,0.011198282109942429,-1.4386832165500578,0.0019300659838220645,0.005323453723619087,1
2019-12-26,294.3660888671875,322.94000244140625,322.95001220703125,321.6400146484375,321.6499938964844,30911200,0.005323453723619087,0.015450536334105092,0.033264543925152656,0.004751389013165827,0.02413247736726043,0.04524243753293011,91.17717425014399,0.01162083170727438,-1.0407205358685832,0.004056473489472504,-0.0002478802146594905,0
2019-12-27,294.2931213378906,322.8599853515625,323.79998779296875,322.2799987792969,323.739990234375,42528800,-0.0002478802146594905,0.011054142273355438,0.028424864141635364,0.004721385983393458,0.02243191444911674,0.0432329346288538,88.56163641289623,0.01184907962859775,-0.6321290357628188,0.004707889124187247,-0.0055130987555526145,0
2019-12-30,292.670654296875,321.0799865722656,323.1000061035156,320.54998779296875,322.95001220703125,49729100,-0.0055130987555526145,0.0010912570207786132,0.02656150249858391,0.004840192920359093,0.0154593701848742,0.03592403673952371,83.2101273298408,0.01151430482725499,-0.41127823886426823,0.00794200329260616,0.0024292425876661916,1
2019-12-31,293.3816223144531,321.8599853515625,322.1300048828125,320.1499938964844,320.5299987792969,57077300,0.0024292425876661916,0.0019927228459071245,0.03787198397535252,0.004254976661440208,0.016039171233082294,0.03674481722977885,86.30728506854244,0.011235826515291897,-0.12032944851502943,0.006151777407699161,0.009351612711627544,1
2020-01-02,296.1252136230469,324.8699951171875,324.8900146484375,322.5299987792969,323.5400085449219,59151200,0.009351612711627544,0.011331242806583708,0.05465071830555601,0.004062355011263177,0.02282301887925886,0.044666871005899944,88.15896603023987,0.011549454985071712,-0.020687968884033063,0.00726449319608392,-0.00757216699948704,0
2020-01-03,293.8829040527344,322.4100036621094,323.6400146484375,321.1000061035156,321.1600036621094,77709700,-0.00757216699948704,-0.0016414418396920594,0.04024649312148654,0.004569998157302627,0.01308869367851484,0.035101349374958346,72.07764385103114,0.011226075297328646,0.5872430360041451,0.00787819396442749,0.003815074940640928,1
2020-01-06,295.00408935546875,323.6400146484375,323.7300109863281,320.3599853515625,320.489990234375,55653900,0.003815074940640928,0.0024158499333792882,0.04234084362947521,0.004587882733278089,0.01485753529694267,0.03736997064741332,73.83790008961844,0.01103796725380454,-0.22500329449738718,0.010412883086865523,-0.0028115092915944606,0
2020-01-07,294.1746826171875,322.7300109863281,323.5400085449219,322.239990234375,323.0199890136719,40496400,-0.0028115092915944606,0.005138978911042091,0.030002024846306652,0.004395499462077328,0.010514866979401516,0.032875544122101585,65.71221616163834,0.010603760406140288,-0.7477659022422708,0.004028191572806496,0.00532941695412914,1
2020-01-08,295.7424621582031,324.45001220703125,325.7799987792969,322.6700134277344,322.94000244140625,68296000,0.00532941695412914,0.008046992940885733,0.038757537000600584,0.004333411056932044,0.013978594249218101,0.03676587648710772,69.05991336538072,0.01048759277355144,0.18748287667435648,0.00958540679473922,0.006780595670840883,1
2020-01-09,297.7477722167969,326.6499938964844,326.7300109863281,325.5199890136719,326.1600036621094,48473300,0.006780595670840883,0.005479299023201101,0.04696816912112123,0.00440224310151455,0.018521728606701426,0.0421417710729417,72.59454452311945,0.010788849871378197,-0.5267032358564029,0.00370433796193398,-0.0028775396016583743,0
2020-01-10,296.8909912109375,325.7099914550781,327.4599914550781,325.20001220703125,327.2900085449219,53029300,-0.0028775396016583743,0.010235665691064932,0.04100034230887384,0.0045490038813550335,0.01356378582044071,0.037555154983097694,67.04081869901687,0.010758678254826669,-0.3601428378919698,0.006938624258809607,0.006877096669546168,1
2020-01-13,298.9327392578125,327.95001220703125,327.9599914550781,325.9200134277344,326.3900146484375,47086800,0.006877096669546168,0.013317272689091109,0.03920247903942209,0.004431175321839535,0.018573497478405088,0.043009467152035796,68.45623224127897,0.011060575692366712,-0.5042904842695233,0.006220393204486098,-0.0015244867299315512,0
2020-01-14,298.4770202636719,327.45001220703125,328.6199951171875,326.8399963378906,327.4700012207031,62832800,-0.0015244867299315512,0.014625111883210806,0.03699697059530793,0.004489895139613481,0.015178944024760499,0.03972609345265532,65.91773435000624,0.011123977701411363,0.12651817773360446,0.005435940488441531,0.0022599060681489647,1
2020-01-15,299.15155029296875,328.19000244140625,329.0199890136719,327.260009765625,327.3500061035156,72056600,0.0022599060681489647,0.011527219019844326,0.03224891329311652,0.004332999756898125,0.015858583121246994,0.04051979762710567,67.14325532760591,0.011188643881773286,0.5084076399631525,0.005362683917713474,0.00831850903199327,1
2020-01-16,301.6400451660156,330.9200134277344,330.9200134277344,329.45001220703125,329.70001220703125,54050300,0.00831850903199327,0.013072383112189057,0.04060786887938339,0.004569461814714388,0.02226591968611613,0.04751123549991809,68.71522592255833,0.011697730941063538,-0.17882480137253629,0.004442164755998177,0.0031122583135954063,1
2020-01-17,302.5788269042969,331.95001220703125,332.17999267578125,330.8500061035156,331.70001220703125,95846000,0.0031122583135954063,0.0191579935455779,0.04378134467092032,0.004552179650910365,0.023246863620927538,0.04901661289956927,70.40907450838895,0.012245758930484248,1.2959950502490816,0.00400658690573006,-0.001957961666392505,0
2020-01-21,301.98638916015625,331.29998779296875,332.17999267578125,330.82000732421875,330.8999938964844,77742400,-0.001957961666392505,0.01021517385457793,0.037484628531270214,0.004617024174779713,0.019362771896533015,0.0452646606774465,74.17280110483237,0.012432158801295118,0.6435409477541957,0.004104996684794213,0.00012066102840790904,1
2020-01-22,302.0228271484375,331.3399963378906,332.95001220703125,331.1700134277344,332.239990234375,48914900,0.00012066102840790904,0.01187966457730405,0.03308072483516833,0.004592308930425384,0.017824405275425725,0.04376610851890317,73.2358999187599,0.012425825593574453,-0.39866252810947655,0.005372121684584331,0.0011465456510484362,1
2020-01-23,302.3691101074219,331.7200012207031,332.1700134277344,329.4100036621094,330.6300048828125,51963000,0.0011465456510484362,0.010755618051459415,0.03268788805148004,0.00459358373618056,0.017350688171464013,0.04336603843176867,69.27461139896373,0.01235772759319544,-0.21755094101031658,0.008320299516062897,-0.008892786064153446,0
2020-01-24,299.6802062988281,328.7699890136719,332.5299987792969,327.3599853515625,332.44000244140625,87578400,-0.008892786064153446,-0.006497276799268592,0.02347230677401324,0.005155090392193022,0.007139130339133493,0.03266310224671032,67.41580244378272,0.011568172116119366,1.738365370654707,0.01572532043829396,-0.01602955868993239,0
2020-01-27,294.87646484375,323.5,325.1199951171875,322.6600036621094,323.0299987792969,84062500,-0.01602955868993239,-0.025455720545122795,0.0017338137641009777,0.006328062861842563,-0.009089847257940042,0.015088935547495241,49.68606149050978,0.009606142167504385,1.4050793204783376,0.007604301252173493,0.010479159042700248,1
2020-01-28,297.9665222167969,326.8900146484375,327.8500061035156,323.6000061035156,325.0599975585937,63834000,0.010479159042700248,-0.01331141762560517,0.012482116001238941,0.0067378485181756416,0.0006764309797937518,0.024485212173631643,58.39385189919082,0.00855808155435565,0.06915354713923923,0.01300131484459926,-0.0008258083176299058,0
2020-01-29,297.720458984375,326.6199951171875,328.6300048828125,326.3999938964844,328.3800048828125,53888900,-0.0008258083176299058,-0.014245175454728032,0.01725422283840472,0.006592434584759147,-0.0009970415518018028,0.022448146566180327,54.65076396951297,0.007657921112298317,-0.6028031235574656,0.006827539708731006,0.0032455884270370383,1
2020-01-30,298.6867370605469,327.67999267578125,327.9100036621094,323.5400085449219,324.3599853515625,75491800,0.0032455884270370383,-0.012178403559698237,0.018082641660518206,0.006605070112678622,0.0013540383320671534,0.02464936069511947,52.321153213614295,0.007095733295359782,0.7583869083188737,0.013336167037550369,-0.018158101152230266,0
2020-01-31,293.2631530761719,321.7300109863281,327.1700134277344,320.7300109863281,327.0,113845600,-0.018158101152230266,-0.021413003220698057,-0.00966503497577298,0.007552630497970487,-0.01635674069758275,0.005337189098960193,42.68376293513568,0.005240467005039098,2.5035296661270716,0.020016791164937105,0.007428368596682056,1
2020-02-03,295.4416198730469,324.1199951171875,326.1600036621094,323.2200012207031,323.3500061035156,69083000,0.007428368596682056,0.0019165823545679306,0.005303866944341928,0.007553816100147298,-0.009308849515053952,0.011937775297725661,42.998094011622,0.004185858807411204,0.15368229696473637,0.009070722219230179,0.015241351876675191,1
2020-02-04,299.9445495605469,329.0599975585937,330.010009765625,327.7200012207031,328.07000732421875,62573200,0.015241351876675191,0.006638421420748664,0.01674709057719226,0.008235644330314085,0.0049581846959203535,0.026091793216031833,52.532232143045206,0.004489578176514903,-0.21484659509709333,0.006959243183347156,0.011548053264646585,1
2020-02-05,303.4083251953125,332.8599853515625,333.0899963378906,330.6700134277344,332.2699890136719,65951100,0.011548053264646585,0.019104720684432364,0.03138829791869213,0.008519472916078944,0.01499344593580787,0.0363829598782206,56.70015640070861,0.005582352497200161,-0.1073323281985871,0.007270272837392259,0.0033648880858379027,1
2020-02-06,304.42926025390625,333.9800109863281,334.19000244140625,332.79998779296875,333.9100036621094,50359700,0.0033648880858379027,0.01922590621154807,0.029372847011249537,0.008485237533880037,0.01693118474651656,0.03828353674169338,54.602866360403176,0.006661064815658291,-0.9241140139853723,0.004161969587139159,-0.005329436868467652,0
2020-02-07,302.80682373046875,332.20001220703125,333.989990234375,331.6000061035156,332.82000732421875,64139400,-0.005329436868467652,0.032543026814616516,0.01699106420177765,0.008519309483511654,0.010657533024577281,0.03144414746283686,50.367946542110204,0.007057439587747225,-0.205337461768401,0.007194413133765651,0.007464846618359777,1
2020-02-10,305.0672302246094,334.67999267578125,334.75,331.19000244140625,331.2300109863281,42070000,0.007464846618359777,0.03258041421414726,0.02753953220447425,0.008592965356212814,0.016814530115822013,0.03771724497973805,54.717936974534645,0.007796884556341844,-1.3891773605833249,0.010637019351325465,0.0017333165406934192,1
2020-02-11,305.59600830078125,335.260009765625,337.0199890136719,334.67999267578125,336.1600036621094,54864500,0.0017333165406934192,0.0188416783986054,0.022290194976676947,0.0084966698086579,0.01744715558184562,0.03814316620821834,55.390610468703095,0.008451958532648378,-0.7174377519759751,0.006979646452693477,0.00644262850055477,1
2020-02-12,307.5648498535156,337.4200134277344,337.6499938964844,336.42999267578125,336.8299865722656,43992700,0.00644262850055477,0.013699441686471303,0.030447334209567023,0.008551893486405018,0.022455373375295684,0.04323908929471609,57.47261641206967,0.009333255627804442,-1.2266647955349672,0.003615675336828869,-0.001067046625492285,0
2020-02-13,307.2366638183594,337.0599975585937,338.1199951171875,335.5599975585937,335.8599853515625,54501900,-0.001067046625492285,0.009221858510287895,0.02702681472809565,0.008569402803635943,0.019993606404934194,0.040392450345752895,61.6595876929452,0.009885185471499636,-0.6044949659982124,0.007595079739917173,0.0016023789745469585,1
2020-02-14,307.7289733886719,337.6000061035156,337.7300109863281,336.20001220703125,337.510009765625,64582200,0.0016023789745469585,0.016255081697182483,0.020186073832819673,0.008412915419010241,0.020596474974348578,0.04016113851714875,72.87489150543206,0.01030845352128973,-0.09148296215355188,0.004531986823565825,-0.0025772380532749217,0
2020-02-18,306.9358825683594,336.7300109863281,337.6700134277344,335.2099914550781,336.510009765625,57226200,-0.0025772380532749217,0.006125378797238179,0.014399737445742078,0.008435086726106432,0.017231186860322323,0.03577027430066604,67.38512172211534,0.01035608725328561,-0.41563638135722064,0.0073056213951661455,0.004781224288913588,1
2020-02-19,308.4034118652344,338.3399963378906,339.0799865722656,337.4800109863281,337.7900085449219,48814700,0.004781224288913588,0.00918664998297336,0.021249377241551404,0.008455840507243866,0.021009108911083096,0.03894271075092437,69.77039706950438,0.010585317817184052,-0.8215538787188201,0.004728898750532732,-0.004108052009531571,0
2020-02-20,307.136474609375,336.95001220703125,338.6400146484375,333.67999267578125,337.739990234375,74163400,-0.004108052009531571,-0.0013927964926572223,0.016931327705320243,0.008533757496667908,0.015954775822973888,0.03317592113006573,65.46539568771274,0.010397900302399116,0.5899483712340327,0.014720349585886578,-0.010298235894028007,0
2020-02-21,303.9735107421875,333.4800109863281,335.8099975585937,332.5799865722656,335.4700012207031,113788200,-0.010298235894028007,-0.01062097549041563,0.005306099668036968,0.00889080707703192,0.00522549317272758,0.021212385161557767,71.37148682173753,0.009373376162167605,2.3275427077694935,0.009685770900554789,-0.033165559036379744,0
2020-02-24,293.8920593261719,322.4200134277344,333.5599975585937,321.239990234375,323.1400146484375,161088400,-0.033165559036379744,-0.04496461256192319,-0.019314411999852177,0.011489058981369949,-0.027182331367431645,-0.013286632022530442,47.64937243762338,0.005930088726883064,3.1346467902867774,0.03821105021751399,-0.030302001348873953,0
2020-02-25,284.9865417480469,312.6499938964844,324.6099853515625,311.69000244140625,323.94000244140625,218913200,-0.030302001348873953,-0.07151115938822838,-0.03353920802375199,0.01284120780366615,-0.055114025493450236,-0.04317244968504541,29.982945579409233,0.0005110939197898856,3.2208723261654244,0.04132411054654919,-0.003678344956796309,0
2020-02-26,283.9382629394531,311.5,318.1099853515625,310.70001220703125,314.17999267578125,194773800,-0.003678344956796309,-0.07932839905309474,-0.047079984600206015,0.0125251746761223,-0.05639522601199776,-0.04645395164078436,22.143970519532118,-0.004194424426165775,2.172576012702797,0.023788035776986356,-0.04491175869018449,0
2020-02-27,271.18609619140625,297.510009765625,311.5599975585937,297.510009765625,305.4599914550781,284353500,-0.04491175869018449,-0.11705017602904855,-0.0891250903061429,0.015718298024164176,-0.09478303040465075,-0.08826025518144076,14.391654146840878,-0.011954358403731625,2.808639645566467,0.04722526077034219,-0.004201221080805229,0
2020-02-28,270.0467834472656,296.260009765625,297.8900146484375,285.5400085449219,288.70001220703125,384975800,-0.004201221080805229,-0.11161080191522521,-0.09588625827559139,0.015612076884945968,-0.09425659668783681,-0.09088281987974756,14.542164687136449,-0.018154728313908935,2.945318333722076,0.04168637580646092,0.0433063209149438,1
2020-03-02,281.74151611328125,309.0899963378906,309.1600036621094,294.4599914550781,298.2099914550781,238703600,0.0433063209149438,-0.04134355736166906,-0.0392877074464858,0.01862560174719015,-0.05320278785094268,-0.05099297282961779,29.03498680938533,-0.018509929812343947,1.2470837798257983,0.04755900346564924,-0.028632578525419894,0
2020-03-03,273.6745300292969,300.239990234375,313.8399963378906,297.57000732421875,309.5,300139100,-0.028632578525419894,-0.03969314357570897,-0.07367645036980053,0.019410437200246183,-0.0769359876765695,-0.07715756180841737,24.73299421855849,-0.022084098707678062,1.635680023718313,0.054189946519020024,0.042033094749228006,1
2020-03-04,285.17791748046875,312.8599853515625,313.1000061035156,303.3299865722656,306.1199951171875,176613400,0.042033094749228006,0.004365929861591011,-0.04923120657372482,0.02158476115655425,-0.03573545792221122,-0.037985006134170884,34.60381383412101,-0.020011037990161365,0.40330099630227384,0.03122808920505246,-0.03324180204629146,0
2020-03-05,275.6980895996094,302.4599914550781,308.4700012207031,300.010009765625,304.9800109863281,186366800,-0.03324180204629146,0.016637996827899793,-0.09132984593572135,0.022381242135609606,-0.06340157800283841,-0.06891797696169322,30.73497655662797,-0.022248067870716412,0.44222581793301924,0.02797061328468171,-0.016530635399861104,0
2020-03-06,271.140625,297.4599914550781,298.7799987792969,290.2300109863281,293.1499938964844,228667200,-0.016530635399861104,0.004050563160838294,-0.10934768631025216,0.02245346903916555,-0.0736461804635068,-0.08296789455605513,28.70781039384957,-0.024939037921491363,0.7695206296494779,0.028743320239958906,-0.07809461080216673,0
2020-03-09,249.96600341796875,274.2300109863281,284.19000244140625,273.45001220703125,275.29998779296875,309417300,-0.07809461080216673,-0.11278250054754568,-0.17450340009356635,0.027700720402675297,-0.13821043365505215,-0.15212610851608566,23.20355228711354,-0.03546993685498218,1.3847770173115839,0.039164168049099654,0.05174458538429172,1
2020-03-10,262.900390625,288.4200134277344,288.5199890136719,273.5,284.6400146484375,276444100,0.05174458538429172,-0.039368440326337684,-0.13822146537523394,0.030706850431088607,-0.08698095810139206,-0.1063456257338734,30.681081714205902,-0.03568688887451037,0.9742894497162037,0.0520767918812792,-0.04874813110582832,0
2020-03-11,250.08448791503903,274.3599853515625,281.94000244140625,270.8800048828125,280.70001220703125,255316300,-0.04874813110582832,-0.12305801892193557,-0.181650017925317,0.032002246557068396,-0.12303568121086916,-0.14734696526369995,27.941034008702616,-0.04279218306744573,0.694800359761793,0.04031199208740868,-0.09567744348116713,0
2020-03-12,226.15704345703125,248.1100006103516,266.6600036621094,247.67999267578125,256.0,392220700,-0.09567744348116713,-0.17969310637779734,-0.2646850133728109,0.03707268524216268,-0.19545773144733902,-0.22541348307483466,24.07526022444678,-0.05979160898468948,1.7760319743917654,0.07649837144668584,0.08548656715128944,1
2020-03-13,245.4904327392578,269.32000732421875,271.4800109863281,248.5200042724609,263.0899963378906,329566100,0.08548656715128944,-0.0946010663682072,-0.20097286017793237,0.04326836896142399,-0.11698202809146119,-0.15642937297298098,34.81121328854658,-0.05717463442664105,1.0879979558989374,0.08525176774641549,-0.10942382866826106,0
2020-03-16,218.6279296875,239.8500061035156,256.8999938964844,237.3600006103516,241.17999267578125,297240000,-0.10942382866826106,-0.12536934343854866,-0.2895438889617791,0.048475247080680815,-0.20079833151591375,-0.24471342411526542,31.285334658071022,-0.0751097590657829,0.7026505577914715,0.08146755384154387,0.05399197375767728,1
2020-03-17,230.4320831298828,252.8000030517578,256.1700134277344,237.07000732421875,245.0399932861328,262070500,0.05399197375767728,-0.12350041556777236,-0.24925010004797332,0.05087889235888548,-0.14570211542263323,-0.20042866765546563,35.773135252670826,-0.07447362250525529,0.2737359781549574,0.07555382069993537,-0.050632923127269414,0
2020-03-18,218.7646331787109,240.0,248.3699951171875,228.0200042724609,236.25,327597100,-0.050632923127269414,-0.12523709486119106,-0.29065430289627814,0.051367062399357455,-0.1752535432430382,-0.23687573843009246,35.98068444107031,-0.08445637961744981,0.9216706443831396,0.08479162851969413,0.002124997358226466,1
2020-03-19,219.22950744628903,240.50999450683597,247.3800048828125,232.22000122070312,239.25,289322000,0.002124997358226466,-0.030631528891818083,-0.28621467793718924,0.051460264509993796,-0.15957465791446346,-0.23123447468780212,36.36049697452916,-0.08784706295458267,0.3840651141598321,0.06303273879821442,-0.04309401301903426,0
2020-03-20,209.7820281982422,228.8000030517578,244.47000122070312,228.5,242.52999877929688,347158800,-0.04309401301903426,-0.14545741820799396,-0.30986740362331444,0.05180905081509862,-0.1810055491125535,-0.2599018383752433,30.450027638126997,-0.09727234161864466,1.1184218956216683,0.06979895545320637,-0.02556844404116143,0
2020-03-23,204.4182281494141,222.9499969482422,229.67999267578125,218.25999450683597,228.19000244140625,326025200,-0.02556844404116143,-0.06499490508096017,-0.30444453443859987,0.05171268590630156,-0.18775985801438577,-0.2740444207409102,30.90394621174326,-0.1051776152608288,0.7249309685189411,0.051222239628899546,0.09060344696957534,1
2020-03-24,222.9392242431641,243.1499938964844,244.1000061035156,233.8000030517578,234.4199981689453,235494500,0.09060344696957534,-0.03251656099682687,-0.21772016714999143,0.05685093695346125,-0.10311215348931779,-0.20408979648451642,33.478291900339826,-0.09255908845926962,-0.7653095659322309,0.04236069632040697,0.014969872787086391,1
2020-03-25,226.27659606933597,246.7899932861328,256.3500061035156,239.75,244.8699951171875,299430300,0.014969872787086391,0.034338104754293,-0.20307818422631163,0.05712369204031912,-0.07900350592596139,-0.18796246569632113,36.438451492638876,-0.08598248915823913,0.21026142543458928,0.06726369202607528,0.05838995505036215,1
2020-03-26,239.48887634277344,261.20001220703125,262.79998779296875,249.0500030517578,249.5200042724609,257632800,0.05838995505036215,0.09241168824615431,-0.11688364666845075,0.05842996200089329,-0.018897726667659542,-0.1368934026617935,41.70841315484652,-0.07205445203868803,-0.4910637394427639,0.05264159302685056,-0.029785647700055984,0
2020-03-27,232.3555450439453,253.4199981689453,260.8099975585937,251.0500030517578,253.2700042724609,224341200,-0.029785647700055984,0.10760462676226656,-0.1395729951757807,0.05870113350665439,-0.04071443280386133,-0.1585503541633848,45.02038110953281,-0.06845245019156737,-0.9862750858644233,0.038513118843641024,0.032475785992759354,1
2020-03-30,239.90147399902344,261.6499938964844,262.42999267578125,253.52999877929688,255.6999969482422,171369500,0.032475785992759354,0.17358161339542488,-0.14850506482486225,0.05827228937761883,-0.0009320479977871221,-0.12732135728441862,43.292308724768894,-0.058622696440954816,-1.754373224969542,0.03401488287443052,-0.014905563686671286,0
2020-03-31,236.3256072998047,257.75,263.3299865722656,256.2200012207031,260.5599975585937,194881100,-0.014905563686671286,0.06004498805486014,-0.13647204482453656,0.0580769155781929,-0.008109822881513962,-0.13616533220283422,45.75858624496155,-0.053933128549226134,-1.2186472152290158,0.027584812227206594,-0.04500480538435492,0
2020-04-01,225.6898193359375,246.1499938964844,257.6600036621094,243.8999938964844,247.97999572753903,189554600,-0.04500480538435492,-0.002593183491317208,-0.20859994585171715,0.057571143322633356,-0.04077470248219117,-0.1704148694841826,49.843113577571984,-0.05501546708111825,-1.3376841895240585,0.0559009145107336,0.023075480392957592,1
2020-04-02,230.8977203369141,251.8300018310547,252.67999267578125,244.58999633789065,245.19000244140625,177660400,0.023075480392957592,-0.035872881183688365,-0.16249793144289804,0.057753880471741806,-0.00920726493937074,-0.14681063869887567,44.58645857249537,-0.050244980024273043,-1.511499027451277,0.032124831350785345,-0.014454095075816742,0
2020-04-03,227.560302734375,248.19000244140625,253.32000732421875,245.22000122070312,250.75999450683597,135561200,-0.014454095075816742,-0.020637520437325474,-0.16072959286578692,0.057738144972924704,-0.014311838381317998,-0.1544681832886633,54.01438230059754,-0.04876490757531762,-1.9215105484666157,0.03263631098689364,0.06716614167990764,1
2020-04-06,242.8446502685547,264.8599853515625,267.0,248.1699981689453,257.8399963378906,188061200,0.06716614167990764,0.012268270888336597,-0.028489286751152476,0.05747677699250044,0.053517898079983084,-0.093849850856626,55.40924096008359,-0.03852657606009792,-1.0325538053068857,0.0710941737992647,0.0010195998546533858,1
2020-04-07,243.09225463867188,265.1300048828125,275.0299987792969,264.8900146484375,274.2099914550781,201427200,0.0010195998546533858,0.0286327301394933,-0.07534464265814789,0.056184270132292644,0.05914279938242695,-0.08940690737462875,61.773520049400005,-0.03235636289338457,-0.7712720011494691,0.038245328495887326,0.03356845966184552,1
2020-04-08,251.2524871826172,274.0299987792969,276.0,265.25,267.9599914550781,153774500,0.03356845966184552,0.11326460325899701,0.004670418694561196,0.055622542902549275,0.09441812118633619,-0.05553435505546955,64.42342135047218,-0.02371041381290555,-1.3151791540081574,0.03922928164028503,0.015216794425243707,1
2020-04-09,255.07574462890625,278.20001220703125,281.20001220703125,275.4700012207031,277.5799865722656,189999200,0.015216794425243707,0.1047131355680464,0.12787000011065053,0.05071350341426364,0.10411761916089146,-0.03807864248649584,71.48941191630885,-0.016031826230136405,-0.7547247294715309,0.020596731613598773,-0.009129643485857541,0
2020-04-13,252.7469940185547,275.6600036621094,277.510009765625,271.4100036621094,277.1400146484375,114839100,-0.009129643485857541,0.1106813929386421,0.029559446363452757,0.047332602144945224,0.09232189142415259,-0.04354663959650151,73.60931052167066,-0.01093974492808429,-1.6763158466139456,0.022128731127032546,0.029493009157736783,1
2020-04-14,260.2012634277344,283.7900085449219,284.8999938964844,275.510009765625,280.9800109863281,134143400,0.029493009157736783,0.0714720836550673,0.19015563930764934,0.03960032547690555,0.1145253223119842,-0.012867873397425345,70.40987320998171,-0.004232281783517959,-1.2521769755933063,0.03308778973229077,-0.021248317700285346,0
2020-04-15,254.67242431640625,277.760009765625,283.94000244140625,275.4599914550781,277.57000732421875,121775000,-0.021248317700285346,0.04763693394899371,0.10519516578279764,0.0387126997768293,0.08520971447110148,-0.03084484149237865,65.1888637194294,-0.0008883578222143945,-1.2800472776882292,0.030529992396974612,0.004824204749466432,1
2020-04-16,255.9010162353516,279.1000061035156,280.0299987792969,275.760009765625,279.1499938964844,131798300,0.004824204749466432,0.018501425020146067,0.16975496686570724,0.036380178375871805,0.0818848184399763,-0.022894032100370443,60.06977029839714,0.0021879179274120805,-1.0488388159301314,0.015299136224626865,0.027015343220917698,1
2020-04-17,262.81427001953125,286.6400146484375,287.29998779296875,282.3999938964844,285.3800048828125,146684800,0.027015343220917698,0.030338146819421485,0.19880883317643927,0.03657629738542388,0.10096878762222583,0.006623356226657107,68.73874558905945,0.006548003924810946,-0.7507372414037695,0.017094591285498614,-0.017617835232140444,0
2020-04-20,258.1840515136719,281.5899963378906,286.7900085449219,281.3500061035156,282.6099853515625,100109300,-0.017617835232140444,0.021511858197285072,0.2307253091751511,0.03505160917897585,0.07071698966171991,-0.007595535388072228,61.666304133404964,0.008682043067609073,-1.399646469267708,0.019318876778841896,-0.03036314260638817,0
2020-04-21,250.3447723388672,273.0400085449219,278.0400085449219,272.0199890136719,276.7300109863281,126385700,-0.03036314260638817,-0.03788025837777931,0.22466951506831534,0.03533020890610642,0.028412961542580106,-0.033831438980031936,58.48414868923984,0.007983334512092988,-0.9344135613487116,0.022048122410088324,0.022194367569870588,1
2020-04-22,255.9010162353516,279.1000061035156,281.0,276.9100036621094,278.3500061035156,92951600,0.022194367569870588,0.004824204749466432,0.1478510213000268,0.03012148573060946,0.044168571091524056,-0.00862567882366383,69.48098806003925,0.00870912963965526,-1.415386747656473,0.014654232348435287,-7.155324017227294e-05,0
2020-04-23,255.88270568847656,279.0799865722656,283.94000244140625,278.75,280.489990234375,104709700,-7.155324017227294e-05,-7.155324017227294e-05,0.1308403526190074,0.030108862523937175,0.037825205349417024,-0.004863508081507262,67.2666015686787,0.00930928743837872,-1.1958645182341898,0.018596827759493742,0.01393879339127535,1
2020-04-24,259.44940185546875,282.9700012207031,283.70001220703125,278.5,280.7300109863281,85063200,0.01393879339127535,-0.012803217130532674,0.08334635753239072,0.02762203809917686,0.0480488835398698,0.012797841256830145,71.96827310959348,0.010636584902441824,-1.5783159267796585,0.018376549403113188,0.014418045087311482,1
2020-04-27,263.1901550292969,287.04998779296875,288.2699890136719,284.6199951171875,285.1199951171875,77896600,0.014418045087311482,0.019389669835434775,0.13270442923804482,0.026490501573982753,0.05657949333363543,0.030945660188643753,66.66672499890626,0.012623690591409647,-1.6166637427782105,0.012715534059234616,-0.004598215605710165,0
2020-04-28,261.9799499511719,285.7300109863281,291.3999938964844,285.3999938964844,291.0199890136719,105270000,-0.004598215605710165,0.04647661504413314,0.09203143100420608,0.025873034659934534,0.04708075157926195,0.029896383034400342,65.23228226306617,0.013852010492789177,-0.8385119819259366,0.020998844256115236,0.02617851423701545,1
2020-04-29,268.83819580078125,293.2099914550781,294.8800048828125,290.4100036621094,291.5299987792969,118745600,0.02617851423701545,0.05055540519437152,0.13757539384943085,0.025863214488844,0.06755552937416742,0.06003275683388076,64.48649302270859,0.016273131762605073,-0.4263487827484081,0.015245050820131964,-0.009310625487411572,0
2020-04-30,266.33514404296875,290.4800109863281,293.32000732421875,288.5899963378906,291.7099914550781,122901700,-0.009310625487411572,0.04084855334935167,0.18009374470955208,0.02319559210676685,0.049149157881286154,0.05365871778902309,59.48132660655325,0.017683348084169128,-0.2419190209719402,0.016283430210110913,-0.026473341606252587,0
2020-05-01,259.28436279296875,282.7900085449219,290.6600036621094,281.5199890136719,285.3099975585937,125180000,-0.026473341606252587,-0.0006361127114563603,0.12294033225895151,0.02418908774985685,0.01569587505552672,0.02966335339640347,55.099451886854204,0.01679978941523024,-0.10899573645776499,0.032320854246113105,0.002758046804288483,1
2020-05-04,259.9994812011719,283.57000732421875,283.8999938964844,279.1300048828125,280.739990234375,80873200,0.002758046804288483,-0.012123074389958965,0.14255200963000236,0.023721425126892196,0.012066835225423178,0.03612194211826303,49.824107676321944,0.015716013603231924,-1.2783509021981485,0.016821204254574517,0.009239215213090013,1
2020-05-05,262.40167236328125,286.19000244140625,289.25,283.7099914550781,286.6400146484375,79569900,0.009239215213090013,0.0016097507163734814,0.08053305713384673,0.01906052801261382,0.017544401943563992,0.048326028424589884,57.125971734928434,0.015319495124300885,-1.2212332167960123,0.01935779900646991,-0.006778836659658394,0
2020-05-06,260.6228942871094,284.25,288.4599914550781,283.7799987792969,288.0400085449219,73632600,-0.006778836659658394,-0.03055853536437103,0.07211517156107972,0.01920505794713421,0.007223056887517121,0.04325050750817261,54.30960984238774,0.014504535400766797,-1.3830513324529343,0.01646435418040897,0.012066967436295428,1
2020-05-07,263.767822265625,287.67999267578125,289.7799987792969,287.1300048828125,287.75,75250400,0.012066967436295428,-0.009639440512325126,0.04981178583880563,0.018007324185424712,0.016917884957695195,0.057547115040509356,50.93458391185251,0.014407573728046968,-1.2070974703637969,0.009211603044883797,0.016546293802347956,1
2020-05-08,268.1322021484375,292.44000244140625,292.95001220703125,289.8599853515625,291.0899963378906,76452400,0.016546293802347956,0.03412407620791802,0.05118658984422941,0.018058779746080663,0.031148847510495514,0.07530892715301651,59.80133402127072,0.015368550888551363,-1.2155108539555823,0.010566361748296978,0.00020532301042686107,1
2020-05-11,268.187255859375,292.5,294.0,289.8800048828125,290.3399963378906,79514200,0.00020532301042686107,0.03149150383060917,0.061089794166599765,0.017857704329290517,0.028307613210347027,0.07569014965543674,70.7641019029831,0.016143111730601175,-0.9855450884315099,0.014085453392094016,-0.019931815802529784,0
2020-05-12,262.841796875,286.6700134277344,294.239990234375,286.5199890136719,293.7900085449219,95870800,-0.019931815802529784,0.0016772930894641824,0.010148042374894084,0.01743083286156553,0.007301650471613685,0.055850490825146704,58.117121705343045,0.015283083272149119,-0.22790694637444497,0.026929922416350786,-0.017685770016719338,0
2020-05-13,258.1932373046875,281.6000061035156,287.19000244140625,278.9599914550781,286.0599975585937,144721100,-0.017685770016719338,-0.009322500193499117,0.013824869330599343,0.017212109201783746,-0.011180361342286504,0.038468593239687765,52.43808227744769,0.012996916212803583,1.752580525997393,0.02922589065322246,0.011967411762647595,1
2020-05-14,261.2831420898437,284.9700012207031,285.1099853515625,272.989990234375,278.95001220703125,121977900,0.011967411762647595,-0.009419951813830929,0.021032061277717506,0.017372766397067804,-0.0003769751370347185,0.05292021795368784,51.95463813431073,0.011657224393361719,0.8547908002242229,0.042530775398357895,0.004596853484916785,1
2020-05-15,262.4842224121094,286.2799987792969,286.3299865722656,281.3399963378906,282.3699951171875,111146300,0.004596853484916785,-0.02106416048155757,-0.0012558207261628151,0.016309095948457964,0.004281550949424062,0.05888803914795271,49.204452753462895,0.010911723673257614,0.5248430944458304,0.01743045359666204,0.03045965258095995,1
2020-05-18,270.4794006347656,295.0,296.75,292.70001220703125,293.04998779296875,119703800,0.03045965258095995,0.008546807222609143,0.04762241915799614,0.017090206538268767,0.03244316731026853,0.09119961527036358,58.307918280462864,0.012300251877962706,0.8606152045718394,0.013728772179555085,-0.01027116002368933,0
2020-05-19,267.7012634277344,291.9700012207031,296.2099914550781,291.95001220703125,294.3500061035156,95189300,-0.01027116002368933,0.01848818038268618,0.06933035160555856,0.015582806963464358,0.018465050649741466,0.07844847698719337,48.79236292322404,0.012812912418018204,-0.19682429943221327,0.01459046898734885,0.01698796231433164,1
2020-05-20,272.2489624023437,296.92999267578125,297.8699951171875,295.57000732421875,295.82000732421875,85861700,0.01698796231433164,0.05443878098584509,0.06388386575204885,0.015294403333016137,0.03255568111205642,0.09594362785112809,56.02010346237336,0.014084442676291574,-0.6181907281249615,0.007745892465232078,-0.006903892746305318,0
2020-05-21,270.369384765625,294.8800048828125,297.6700134277344,293.69000244140625,296.7900085449219,78293900,-0.006903892746305318,0.03477546466682102,0.05661452984159543,0.015447148292300495,0.02261771912083188,0.08660277055825949,62.61208146530895,0.014638158579565724,-0.8940294661949102,0.013497052768667075,0.0018992119613556735,1
2020-05-22,270.88287353515625,295.44000244140625,295.6300048828125,293.2200012207031,294.57000732421875,63958200,0.0018992119613556735,0.03199678459096367,0.04406821367835234,0.015226122680673177,0.022349322182718456,0.084766698064072,62.43975060990629,0.01495156003589398,-1.4324728497337231,0.008157336996324132,0.012320237396479916,1
2020-05-26,274.22021484375,299.0799865722656,302.19000244140625,295.4599914550781,301.92999267578125,88951400,0.012320237396479916,0.01383031092277398,0.04190908969685947,0.015145031026774053,0.03279519867736336,0.09561027911787168,63.22589238145981,0.01583616014135484,-0.3654797636660154,0.022502378254928724,0.014878949186525103,1
2020-05-27,278.3003234863281,303.5299987792969,303.57000732421875,296.8699951171875,302.1199951171875,104817400,0.014878949186525103,0.039592865281545375,0.062296269383202985,0.015312631913130974,0.0449505862146955,0.10663508305541525,68.81342280135377,0.01741906626694741,0.34265859563581785,0.022073640938215705,-0.0018447596839465952,0
2020-05-28,277.78692626953125,302.9700012207031,306.8399963378906,302.239990234375,304.6499938964844,90405200,-0.0018447596839465952,0.020341542602477558,0.03328667804102259,0.014344858524672734,0.041273547053130466,0.10044926946327437,65.80530401034932,0.018529649766793766,-0.24256842523251101,0.015183041505699043,0.004455688214760611,1
2020-05-29,279.024658203125,304.32000732421875,304.9599914550781,299.4700012207031,302.4599914550781,119090800,0.004455688214760611,0.03201277187875018,0.047644910722367984,0.014115332092885397,0.04343153612354511,0.10010022519611383,63.21171525319336,0.019432233751539404,1.0885725600538256,0.018040188296019697,0.004041635860125847,1
2020-06-01,280.1523742675781,305.54998779296875,306.2099914550781,303.0599975585937,303.6199951171875,55758300,0.004041635860125847,0.03421958949065429,0.08048310839042738,0.0123684110860743,0.043576808685042545,0.09926559431306492,64.14471097129379,0.020223010796790564,-1.634618989288438,0.010309258786875719,0.008280471322924532,1
2020-06-02,282.47216796875,308.0799865722656,308.1300048828125,305.1000061035156,306.54998779296875,74267200,0.008280471322924532,0.030092431842422496,0.0864335831123837,0.01240198975968689,0.04783233583178248,0.10208126336225676,74.99428811227946,0.021158734861721984,-0.7783062322120554,0.009835104230589593,0.01330827152149583,1
2020-06-03,286.2313842773437,312.17999267578125,313.2200012207031,309.94000244140625,310.239990234375,92567600,0.01330827152149583,0.028498209027073562,0.09081387210471537,0.012521352701931358,0.05710495570800522,0.10966399415003347,86.52667519051444,0.02254247426324059,0.008815097162967906,0.010506755257385638,-0.002626654853330024,0
2020-06-04,285.47955322265625,311.3599853515625,313.0,309.0799865722656,311.1099853515625,75794400,-0.002626654853330024,0.027692544989179835,0.09537404226723112,0.012359096513345096,0.04951103985719474,0.10140841021830327,83.56668817324504,0.02343945843089919,-0.7532045272072262,0.01258997177594357,0.02562911869825668,1
2020-06-05,292.796142578125,319.3399963378906,321.2699890136719,317.1600036621094,317.2300109863281,150524700,0.02562911869825668,0.04935579695244918,0.11005254569402068,0.013135831568066384,0.07069600562406597,0.12386796998846439,85.95054244632563,0.02522654857039088,2.1498323286771432,0.012870249260019917,0.012087642469354787,1
2020-06-08,296.3353576660156,323.20001220703125,323.4100036621094,319.6300048828125,320.2200012207031,73641200,0.012087642469354787,0.057764933960477105,0.10518376864694878,0.012972014217643435,0.07807890922493321,0.132510621666885,84.29004366147726,0.02743078951897966,-0.8852682618328929,0.011695540335795323,-0.007456502192461856,0
2020-06-09,294.125732421875,320.7900085449219,323.2799987792969,319.3599853515625,320.29998779296875,77479200,-0.007456502192461856,0.04125562010914385,0.09671778205635895,0.0132344268691407,0.06501519660610877,0.11878386493797133,85.58052572968953,0.028700392758796905,-0.7278697889715837,0.012219873821866355,-0.0055798392846915235,0
2020-06-10,292.48455810546875,319.0,322.3900146484375,318.2200012207031,321.4200134277344,95000800,-0.0055798392846915235,0.021846569494510915,0.11277795838751636,0.012174659773983207,0.05341914475915588,0.10810849843178194,79.56103371780355,0.028922841318753698,-0.03759570193257722,0.01307214240669083,-0.05764934004470301,0
2020-06-11,275.6230163574219,300.6099853515625,312.1499938964844,300.010009765625,311.4599914550781,209243600,-0.05764934004470301,-0.03452624453824504,0.06750672184401907,0.01803623947873221,-0.010415855457317269,0.0411266667762864,55.33810488609733,0.025513367771702926,3.1945994273397846,0.040384500590230556,0.011976041937128645,1
2020-06-12,278.92388916015625,304.2099914550781,309.0799865722656,298.6000061035156,308.239990234375,194678900,0.011976041937128645,-0.04737853885580923,0.0675158256641244,0.018036454608500074,-0.001725914735219214,0.04937499062256201,57.73231757062115,0.021858678878573345,2.2783210659741173,0.03444982335597465,0.009335456506711415,1
2020-06-15,281.5277709960937,307.04998779296875,308.2799987792969,296.739990234375,298.0199890136719,135782700,0.009335456506711415,-0.049969017489336576,0.07255121244615337,0.018083658350463567,0.0041713524303457206,0.055151642698588965,57.12755748385496,0.019545021314491418,0.774742892311919,0.03758348478653199,0.01924791725880115,1
2020-06-16,286.94659423828125,312.9599914550781,315.6400146484375,307.6700134277344,315.4800109863281,137627500,0.01924791725880115,-0.024408398831614164,0.06088150729730302,0.01736902210298336,0.020502535199918848,0.07069487797711727,58.21866825090812,0.018840789721293175,0.7872761820549383,0.025466517888268567,-0.004154140963850028,0
2020-06-17,285.75457763671875,311.6600036621094,314.3900146484375,310.8599853515625,314.07000732421875,83398900,-0.004154140963850028,-0.02300969498130978,0.06743828541495778,0.017173829778341324,0.013011196354356436,0.06284359164408526,57.47714619561483,0.018107345727261095,-0.5021128549336982,0.0113265393550535,0.0003848944519877495,1
2020-06-18,285.86456298828125,311.7799987792969,312.29998779296875,309.510009765625,310.010009765625,80828700,0.0003848944519877495,0.03715780621738185,0.050011579349256374,0.016881835214946045,0.010961253012997885,0.05988037815765579,56.55762742213532,0.017288831728563138,-0.5558975506228926,0.008948547175146801,-0.005714721886239338,0
2020-06-19,284.2309265136719,308.6400146484375,314.3800048828125,306.5299987792969,314.1700134277344,135549600,-0.005714721886239338,0.0190268297545082,0.05126890294943354,0.01684873056522807,0.002726138565519065,0.051252683488605566,53.87266560958422,0.016092066813491526,0.6809597566458959,0.025434181347021155,0.006415509918261009,1
2020-06-22,286.0544128417969,310.6199951171875,311.04998779296875,306.75,307.989990234375,74649400,0.006415509918261009,0.016078846607875175,0.056007746479666665,0.016868518997862673,0.006465683648418485,0.05557810003388042,53.43377557641083,0.015306769948413842,-0.7924058594417765,0.013843242098263812,0.004603330413377904,1
2020-06-23,287.3712158203125,312.04998779296875,314.5,311.6099853515625,313.489990234375,68471200,0.004603330413377904,0.001479793071454516,0.04795781005443356,0.016728579644025982,0.008764948279930795,0.057734384883004086,51.14626247845584,0.014896087873180043,-0.9008854368099383,0.009261383629198844,-0.025508730345836783,0
2020-06-24,280.0407409667969,304.0899963378906,310.510009765625,302.1000061035156,309.8399963378906,132813500,-0.025508730345836783,-0.019995608529449038,0.006253738618288818,0.017569734180882954,-0.017267561147962907,0.02924973205942205,45.16963296918814,0.012749873437116395,0.5854110842582398,0.027656298343877683,0.010720573211099094,1
2020-06-25,283.0429382324219,307.3500061035156,307.6400146484375,301.2799987792969,303.4700012207031,89468000,0.010720573211099094,-0.009870495056692463,0.018921019910745684,0.017707044947023694,-0.007647286014991539,0.03811894915006886,40.61898446814993,0.01135108277845188,-0.43092911955642543,0.020693072207060795,-0.023751473220143815,0
2020-06-26,276.3202514648437,300.04998779296875,306.3900146484375,299.4200134277344,306.1600036621094,127961000,-0.023751473220143815,-0.027831858924921238,-0.009692357498786164,0.018529107376691074,-0.030757622143290253,0.011946365041716867,31.859597647643213,0.00853989194373316,0.4601218475982284,0.023229466769758213,0.014697946714007148,1
2020-06-29,280.381591796875,304.4599914550781,304.6099853515625,298.92999267578125,301.4100036621094,79773300,0.014697946714007148,-0.019831265627282102,0.0008181887799314502,0.0188121976420703,-0.016551285001922933,0.025500378249049938,37.94773698937487,0.007091951942828008,-0.714844411478774,0.01865595754842984,0.01280929919900231,1
2020-06-30,283.9730834960937,308.3599853515625,310.20001220703125,303.82000732421875,303.989990234375,113394800,0.01280929919900231,-0.011824887591886046,0.005313498806401862,0.01894123934700893,-0.00421611218766571,0.036680645904862086,42.783123152464576,0.006906973524474265,0.04819228830118918,0.020690119295273122,0.007004877901997331,1
2020-07-01,285.9622802734375,310.5199890136719,311.8900146484375,309.07000732421875,309.57000732421875,72396500,0.007004877901997331,0.021145277955619823,-0.0009401624653621043,0.01876747322313992,0.0028065469707900803,0.041234708457144054,61.723347315198176,0.00726153605966325,-0.9173354103412358,0.009081564549761039,0.005507121778636881,1
2020-07-02,287.537109375,312.2300109863281,315.70001220703125,311.510009765625,314.239990234375,69344200,0.005507121778636881,0.015878054300325628,0.007207367845146528,0.01879285153459383,0.007965481295425514,0.044562407857670516,60.1640872135568,0.007890080434539684,-0.9759457336822317,0.013419601876738624,0.015437248249206892,1
2020-07-06,291.97589111328125,317.04998779296875,317.67999267578125,315.5599975585937,316.3699951171875,61713800,0.015437248249206892,0.05665759047859509,-0.002801442183019476,0.018205444190242663,0.023672868275661063,0.05791332583896436,61.817603176729044,0.00940997134388196,-1.0473937905500843,0.00668662734209565,-0.010314016271393056,0
2020-07-07,288.9644470214844,313.7799987792969,317.5199890136719,313.3699951171875,315.3800048828125,82910000,-0.010314016271393056,0.030611336391967114,-0.024873544293147143,0.018112844119929753,0.014425456628677447,0.04476740928508294,52.41379360697521,0.009866503151806632,-0.5575511842122014,0.013225807612432786,0.007648498165604423,1
2020-07-08,291.1745910644531,316.17999267578125,316.29998779296875,312.70001220703125,314.6099853515625,54638600,0.007648498165604423,0.025359824528786712,-0.010033604789087103,0.018148703111746208,0.022714061055785217,0.05063226569909518,56.32935165868263,0.010564249570440188,-1.177319727925146,0.01138584246103454,-0.005692674796244579,0
2020-07-09,289.5170288085937,314.3800048828125,317.1000061035156,310.67999267578125,316.8399963378906,83354200,-0.005692674796244579,0.012430830149197103,-0.010145934937888179,0.018150433807460464,0.01742231583617815,0.04257952693061107,54.11646793540986,0.01065574525252183,-0.48962835929898235,0.020421188777980593,0.010210401844903183,1
2020-07-10,292.4731140136719,317.5899963378906,317.8800048828125,312.760009765625,314.3099975585937,57550400,0.010210401844903183,0.017166496002553933,0.06113458113526771,0.012263258425118754,0.02477651458979646,0.05143489496669229,59.02037064745737,0.011258164435058325,-1.0791078006750894,0.016121399213532627,-0.00865902408439112,0
2020-07-13,289.9405822753906,314.8399963378906,322.7099914550781,314.1300048828125,320.1300048828125,102997500,-0.00865902408439112,-0.006970811289008005,0.03949713001781885,0.012339959486156508,0.01394600201389573,0.04056442667020721,54.18808253688439,0.011091520662220734,0.38069536563054734,0.027251895159652668,0.012959050805655403,1
2020-07-14,293.69793701171875,318.9200134277344,319.760009765625,312.0,313.29998779296875,93657000,0.012959050805655403,0.016380873283980302,0.043229007115585416,0.012478971846135984,0.024904778864986987,0.05145193137426296,56.477501809078724,0.01164043757731575,0.1339410986215761,0.02433215050451319,0.009187341423336548,1
2020-07-15,296.396240234375,321.8500061035156,323.0400085449219,319.2699890136719,322.4100036621094,87196500,0.009187341423336548,0.017933052299766272,0.03293172383236831,0.011946705596409674,0.03261834713117118,0.0583538657412801,68.50004314882884,0.012665549388423852,-0.017035315210636084,0.011713591610240517,-0.00329365448721175,0
2020-07-16,295.4200134277344,320.7900085449219,321.2799987792969,319.0899963378906,319.7900085449219,54622500,-0.00329365448721175,0.020389075708024285,0.033824255313604557,0.011926084352506758,0.027487303087448067,0.05238648841802851,64.67243764507027,0.013188084022600717,-1.2621469346434626,0.006826903529009298,0.002898973515656378,1
2020-07-17,296.27642822265625,321.7200012207031,322.57000732421875,319.739990234375,321.8800048828125,62774900,0.002898973515656378,0.013003978918918913,0.03642237122899994,0.011924381059679879,0.02860351810266759,0.05276310004449347,77.47898495791944,0.013606207375177046,-0.8813489473697669,0.00879652206610036,0.008081672895988934,1
2020-07-20,298.6708374023437,324.32000732421875,325.1300048828125,320.6199951171875,321.42999267578125,56308800,0.008081672895988934,0.030110497324796537,0.05080344727362829,0.011862122961640128,0.03432371713490867,0.05864529441171462,76.3953877594164,0.014337429034006971,-1.0700314215671607,0.0139060485439506,0.002127549570106746,1
2020-07-21,299.3062744140625,325.010009765625,326.92999267578125,323.94000244140625,326.45001220703125,57292200,0.002127549570106746,0.019095596855077668,0.04632636651403321,0.01182724342124939,0.03415130901832453,0.05855826072541359,74.19345208286782,0.014970264114086343,-0.9669393188247849,0.009199686608209934,0.005692076852519934,1
2020-07-22,301.00994873046875,326.8599853515625,327.20001220703125,324.5,324.6199951171875,57792900,0.005692076852519934,0.015566015589284943,0.04746033060835253,0.011840737491195191,0.037593000318778325,0.06211775367231631,73.95881518337828,0.015684115478749455,-0.9086423665855542,0.00826045502060212,-0.011931471748246603,0
2020-07-23,297.41845703125,322.9599914550781,327.2300109863281,321.4800109863281,326.4700012207031,75738000,-0.011931471748246603,0.006764753614109775,0.06205424255220615,0.010466630380211955,0.022151559828660794,0.0468906241782403,64.78364572432517,0.015362547456859794,-0.0625008369723393,0.017804062893653477,-0.006440512679913302,0
2020-07-24,295.5029296875,320.8800048828125,321.989990234375,319.25,320.95001220703125,73766600,-0.006440512679913302,-0.002610732618171574,0.04402155917716821,0.010509513721825719,0.013398601110684583,0.037423271600400376,55.707809012070065,0.014365899727035562,-0.12040003411729495,0.008538987137499149,0.007292544490160147,1
2020-07-27,297.65789794921875,323.2200012207031,323.4100036621094,320.7699890136719,321.6300048828125,48293000,0.007292544490160147,-0.0033914909869837695,0.0772207117330661,0.008590875768840664,0.01706763961316593,0.042326604068883,64.46972890877777,0.013824242253421553,-1.3569593603156727,0.008167856687293397,-0.006342238508768139,0
2020-07-28,295.77008056640625,321.1700134277344,323.6400146484375,320.8500061035156,322.42999267578125,57495000,-0.006342238508768139,-0.011814633203326208,0.05488409089523816,0.008468488881970973,0.007967160705355969,0.033307093328674764,57.73187936245174,0.012899690665450445,-0.7644778734784862,0.008687014441806373,0.01229834228833182,1
2020-07-29,299.4075622558594,325.1199951171875,325.7300109863281,322.0799865722656,322.1199951171875,48454200,0.01229834228833182,-0.005323367155695591,0.05435190747568863,0.008437127595728934,0.017686979173155093,0.04390503559793246,65.60133093154624,0.012783044972844796,-1.2515797053904707,0.011226699276821997,-0.0035678367528160226,0
2020-07-30,298.3393249511719,323.9599914550781,324.4100036621094,319.6400146484375,321.8999938964844,61861700,-0.0035678367528160226,0.0030962030033836463,0.04328208834360758,0.008483219772992549,0.01192746883391771,0.03796301324066187,59.83937510877243,0.01242849357346687,-0.35499648321200344,0.014724006480699346,0.00790232552572978,1
2020-07-31,300.6968994140625,326.5199890136719,326.6300048828125,321.3299865722656,325.8999938964844,84986800,0.00790232552572978,0.017576711445992155,0.04576727528376101,0.008549680395219816,0.017652838037768293,0.044098557737164645,68.14804593250588,0.012504783391570372,1.0473562596194426,0.016231834156790186,0.006952030784607155,1
2020-08-03,302.787353515625,328.7900085449219,329.6199951171875,327.7300109863281,328.32000732421875,53077900,0.006952030784607155,0.01723272119351371,0.03702861342804886,0.008058565137412802,0.022856307601921033,0.04899558664332182,66.24966174044363,0.01296285474087552,-0.8965389890103312,0.005748301595974899,0.0038625297024632577,1
2020-08-04,303.9568786621094,330.0599975585937,330.0599975585937,327.8599853515625,327.8599853515625,41917900,0.0038625297024632577,0.02767960193953778,0.051883308812417095,0.007539000124346802,0.024213481844779672,0.05063964039206348,64.29813899748488,0.013497644847710924,-1.4057203845021522,0.006665491799383042,0.006210906983583175,1
2020-08-05,305.8447265625,332.1099853515625,332.3900146484375,331.17999267578125,331.4700012207031,42697700,0.006210906983583175,0.02149967174556444,0.050382608744866664,0.007494646812319971,0.02803386195368618,0.05485890245414726,69.05737682053662,0.014209103413283719,-1.2781571298170362,0.0036434374936825643,0.006684747034500393,1
2020-08-06,307.88922119140625,334.3299865722656,334.4599914550781,331.1300048828125,331.4800109863281,43679400,0.006684747034500393,0.03201018250543197,0.06345807173559681,0.007291915288583613,0.03172034836878024,0.05974737739069469,70.3455222827226,0.015102164297159791,-1.1045301293059522,0.00996017918226981,0.0007178175966213729,1
2020-08-07,308.1102294921875,334.57000732421875,334.8800048828125,332.29998779296875,333.2799987792969,57308300,0.0007178175966213729,0.024653829462726762,0.053465138261511,0.007111885671145316,0.029763000637324177,0.05829894528114421,67.90100307195132,0.01574963158402711,-0.3289539688395138,0.007711441651563095,0.0029888603147574244,1
2020-08-10,309.0311279296875,335.57000732421875,335.7699890136719,332.9599914550781,335.0599975585937,44282100,0.0029888603147574244,0.020620988101275772,0.06584295825192332,0.0065969046016758634,0.02955631573303541,0.059278532287852626,68.24481850452307,0.01627569262924089,-1.0350842377696283,0.008373804265167255,-0.008254519010437389,0
2020-08-11,306.480224609375,332.79998779296875,337.5400085449219,332.010009765625,336.8500061035156,69601100,-0.008254519010437389,0.008301657650823246,0.043521884177028625,0.006652764488062523,0.018888356452127164,0.0486420027047989,59.94659634964076,0.016012839886181744,0.7946052243527874,0.01661658347997605,0.013942205437079691,1
2020-08-12,310.75323486328125,337.44000244140625,338.2799987792969,335.4100036621094,335.44000244140625,53774400,0.013942205437079691,0.016049020546961,0.04843851803772359,0.006993589699955773,0.03063431969424668,0.061208617117828545,73.6602143830261,0.016401805499082364,-0.3012190630399604,0.008505201210356948,-0.001807662793257836,0
2020-08-13,310.1914978027344,336.8299865722656,338.25,335.8299865722656,336.6099853515625,41816100,-0.001807662793257836,0.007477613546909012,0.05000163734205976,0.00693768638745534,0.026257430148704186,0.057559661350425895,77.37752735107783,0.01657791090896668,-1.2201608470106673,0.00718467334919176,2.95149077338408e-05,1
2020-08-14,310.2006530761719,336.8399963378906,337.4200134277344,335.6199951171875,336.4100036621094,47260400,2.95149077338408e-05,0.006784661409748427,0.04699741028014337,0.006957889555819748,0.023929211844963216,0.05581112510989805,75.41061852139,0.01650555918874872,-0.7035857361905764,0.00534383781651999,0.003176694142595027,1
2020-08-17,311.1860656738281,337.9100036621094,338.3399963378906,336.8500061035156,337.94000244140625,35481000,0.003176694142595027,0.006973206092788509,0.04190308093128281,0.006829446674777822,0.025064598166227192,0.05784085257589977,82.41684196475899,0.016462275053141694,-1.4818462882038064,0.004409429191877092,0.0021603529292348878,1
2020-08-18,311.8583374023437,338.6400146484375,339.1000061035156,336.6099853515625,338.3399963378906,38733900,0.0021603529292348878,0.017547992859321848,0.0419371862913791,0.00682946346984992,0.025159724785796644,0.0590085149682813,79.91172826381806,0.01641857462624511,-1.1215386774002278,0.007353002138681587,-0.004163529528502408,0
2020-08-19,310.5599060058594,337.2300109863281,339.6099853515625,336.6199951171875,339.04998779296875,68054200,-0.004163529528502408,-0.0006221298307865775,0.03172638417988605,0.006910080186834418,0.01929150083529363,0.0534235301253434,79.03754452321024,0.01595934766293029,0.9834990914219601,0.00886632309393193,0.0031135682494454198,1
2020-08-20,311.52685546875,338.2799987792969,338.79998779296875,335.2200012207031,335.3599853515625,42207800,0.0031135682494454198,0.004304946059046522,0.04743619000087018,0.006136783423080001,0.02010332480033794,0.05534011114085735,77.55419591278978,0.015563816644220357,-0.799859122801972,0.010582909380348279,0.00354737487206247,1
2020-08-21,312.6319580078125,339.4800109863281,339.7200012207031,337.54998779296875,337.9200134277344,55106600,0.00354737487206247,0.007837845947550548,0.057965680199606684,0.005780904895880227,0.020859041159572378,0.0564348324794226,76.36936135706735,0.015343923538657152,0.27015290669788555,0.006392168485648387,0.010133025859002442,1
2020-08-24,315.79986572265625,342.9200134277344,343.0,339.45001220703125,342.1199951171875,48588700,0.010133025859002442,0.014826499505489199,0.06094905560521213,0.005929116036295637,0.028158015906491585,0.06448680009951491,78.65451779873162,0.015689239502101694,-0.2643908995166399,0.010352232748051202,0.0034994728516166695,1
2020-08-25,316.9049987792969,344.1199951171875,344.2099914550781,342.2699890136719,343.5299987792969,38463400,0.0034994728516166695,0.016182544353278594,0.07145725548850912,0.005508232710879822,0.028218466274879894,0.06567035553831224,77.8142061405328,0.016124318193140252,-0.9930077100346157,0.005637575464760763,0.010025381480561757,1
2020-08-26,320.08209228515625,347.57000732421875,347.8599853515625,344.1700134277344,344.760009765625,50790200,0.010025381480561757,0.030661350983012037,0.06905146240638182,0.005337321256078463,0.03505518234251492,0.0739607601773482,79.00990386570257,0.016954079315078273,-0.015568823184701671,0.010616485444861936,0.0021867864174400786,1
2020-08-27,320.78204345703125,348.3299865722656,349.8999938964844,346.5299987792969,348.510009765625,58034100,0.0021867864174400786,0.029709117611562252,0.07522547860404427,0.005093884806610597,0.033568148194326186,0.0737853186572659,79.47761935727547,0.01767216109144822,0.5871872383493224,0.009674720084681399,0.006459091122712035,1
2020-08-28,322.85400390625,350.5799865722656,350.7200012207031,348.1499938964844,349.44000244140625,48588900,0.006459091122712035,0.03269674016557844,0.07368584290480817,0.005040347031630441,0.03654407500183088,0.07805134407739445,80.52078616555636,0.01845838332113641,-0.041130455109348533,0.007330730283113267,-0.0036224582391239935,0
2020-08-31,321.6844787597656,349.3099975585937,351.29998779296875,349.0599975585937,350.3500061035156,66099200,-0.0036224582391239935,0.01863399474107874,0.06241054992795614,0.00521872923412016,0.029665722363000135,0.07146614847922295,85.751764937203,0.01873175820630486,1.6360315422566376,0.006412614153705458,0.009418784271674863,1
2020-09-01,324.71435546875,352.6000061035156,352.7099914550781,349.239990234375,350.2099914550781,54908700,0.009418784271674863,0.02464257969907191,0.06829086052602706,0.005408989601233468,0.035922499284241294,0.0787798003866016,84.86704916833345,0.019249941096213318,0.46510576098407147,0.00984118309880122,0.014463959459561027,1
2020-09-02,329.4110107421875,357.70001220703125,358.75,353.42999267578125,354.6700134277344,69540000,0.014463959459561027,0.0291453932659258,0.07705309960566442,0.005930619656312095,0.04697034678760059,0.09133477194343254,89.7830138024701,0.02043178701995472,1.679295185604989,0.014872818402755915,-0.034414321103858225,0
2020-09-03,318.0745544433594,345.3900146484375,356.3800048828125,342.5899963378906,355.8699951171875,148011100,-0.034414321103858225,-0.008440276096796318,0.0330811621548166,0.010337676555194556,0.009305903099596335,0.05112826628046885,61.09540052532992,0.01925735381120902,3.8156413905647244,0.03992590393488453,-0.008164800813457829,0
2020-09-04,315.4775390625,342.57000732421875,347.8299865722656,334.8699951171875,346.1300048828125,139156300,-0.008164800813457829,-0.022847679615247918,0.023911278708451,0.010569402691512842,-0.00010364516480321218,0.04031588135848185,55.78454093641585,0.01703498854496011,2.5932412140292045,0.037831658282951756,-0.027322577225126876,0
2020-09-08,306.8578796386719,333.2099914550781,342.6400146484375,332.8800048828125,336.7099914550781,114465300,-0.027322577225126876,-0.04609050202936982,-0.0070324575571885095,0.01233119091182306,-0.027088317632485648,0.009857904279700014,44.44908183128304,0.013155345478915722,1.556345113512052,0.029290867668776976,0.019747255104588968,1
2020-09-09,312.91748046875,339.7900085449219,342.4599914550781,336.6099853515625,337.54998779296875,91462300,0.019747255104588968,-0.03633000759381366,0.021003821266379008,0.012952102817163028,-0.008887398661639123,0.027599234438530296,52.36690542121314,0.010949964339616954,0.7931612435700136,0.017216533613118958,-0.01736381474748583,0
2020-09-10,307.4840393066406,333.8900146484375,342.5299987792969,332.8500061035156,341.82000732421875,90569500,-0.01736381474748583,-0.06656417278263949,-0.01052023016937842,0.013210137461045815,-0.025592413358241806,0.008199363649584734,46.27523268021857,0.008051565474374082,0.7023474690565796,0.02899156084668658,0.0005091489500861357,1
2020-09-11,307.6405944824219,334.0599975585937,336.9700012207031,331.0,335.82000732421875,84680200,0.0005091489500861357,-0.03280350413190791,-0.008223640358881568,0.013207716218912409,-0.024702092257797292,0.007280730650148559,45.31949952410033,0.005575164679044092,0.46420964024990274,0.017871044915085933,0.01317122000736659,1
2020-09-14,311.6925964355469,338.4599914550781,340.3800048828125,334.2200012207031,337.489990234375,65605700,0.01317122000736659,-0.011997502700828666,0.0048096074092036645,0.013548985604174944,-0.012089861537386448,0.018936089546761403,46.21135049406397,0.004565206442486493,-0.14938344522544125,0.018200094007054766,0.005052311426113398,1
2020-09-15,313.2673645019531,340.1700134277344,342.0199890136719,338.4700012207031,341.1199951171875,52920900,0.005052311426113398,0.020887470352165982,0.006688277714550717,0.01357620452170784,-0.0074260164876440715,0.02266047310655739,46.673375843391526,0.004160699775738969,-0.5832633515812627,0.010435922194308608,-0.003968380378455483,0
2020-09-16,312.0242004394531,338.82000732421875,343.0599975585937,338.5199890136719,341.510009765625,82096000,-0.003968380378455483,-0.0028546824164592532,0.0005318537849301475,0.013604036641154995,-0.011390904784991718,0.017070895854960355,42.36083103566995,0.003511712979956366,0.28169719717400876,0.0133994700631048,-0.008795422796564534,0
2020-09-17,309.2798156738281,335.8399963378906,337.70001220703125,332.989990234375,333.5599975585937,91523300,-0.008795422796564534,0.005840226280482419,-0.004121878926660605,0.013719649789298847,-0.01988738253290301,0.006936827587101568,39.502405585570834,0.0022685641359808262,0.5470469146145666,0.014024601071986283,-0.011512676376817077,0
2020-09-18,305.7191772460937,330.6499938964844,335.489990234375,327.9700012207031,335.3699951171875,105877900,-0.011512676376817077,-0.0062456557125070145,-0.018642624610701986,0.0139266846428231,-0.03027873414869986,-0.005704693696724772,34.775469121648925,0.0003297264869087039,0.9161144523537061,0.022743049001918737,-0.01112948284284987,0
2020-09-21,302.3166809082031,326.9700012207031,327.1300048828125,321.7300109863281,325.70001220703125,99450800,-0.01112948284284987,-0.030080648801302345,-0.0329949540838419,0.014068874112327765,-0.039499881664714076,-0.017399833108859397,33.448226219363335,-0.002125238775166727,0.6364518900050637,0.016515257902327884,0.010184212834785322,1
2020-09-22,305.3955383300781,330.29998779296875,330.8999938964844,325.8599853515625,328.57000732421875,63612100,0.010184212834785322,-0.0251281399337272,-0.03294595255374644,0.01407112178144508,-0.028111610520253683,-0.008389040562032823,33.503895498795316,-0.00318250567631425,-0.5753989135544528,0.015258882019944065,-0.023190900232742395,0
2020-09-23,298.3131408691406,322.6400146484375,331.20001220703125,322.1000061035156,330.8999938964844,93112200,-0.023190900232742395,-0.043942295344405746,-0.05866697585008507,0.014810393376073556,-0.04783375598421524,-0.03167560674722825,24.48544740448959,-0.0059800360843285235,0.33950898275959845,0.02820482795176967,0.0026654390608815692,1
2020-09-24,299.1082763671875,323.5,326.79998779296875,319.79998779296875,321.2200012207031,76681300,0.0026654390608815692,-0.03288782129050316,-0.06552636471547268,0.014561324400027761,-0.042089450997837785,-0.029265509817370305,31.184291233906407,-0.007811039978922166,-0.29883946387144944,0.021638330757341576,0.01616703294909394,1
2020-09-25,303.9439697265625,328.7300109863281,329.5799865722656,321.6400146484375,322.5799865722656,71069400,0.01616703294909394,-0.005806660660028551,-0.05249069913330173,0.015160852276860568,-0.023971269524730165,-0.014117080457048403,39.04461094993936,-0.007753990578938816,-0.5392083733805455,0.024153474457670823,0.016609241542562492,1
2020-09-28,308.99224853515625,334.19000244140625,334.9599914550781,332.1499938964844,333.2200012207031,64584600,0.016609241542562492,0.0220813737664054,-0.04293505796235664,0.015641703727354902,-0.005546865749183394,0.0014315968692655279,52.174935208145584,-0.006288886101814335,-0.8415416985990013,0.008408383069707266,-0.005445894729689593,0
2020-09-29,307.3095092773437,332.3699951171875,334.7699890136719,331.6199951171875,333.9700012207031,51304000,-0.005445894729689593,0.006267186998642149,-0.04468654980757458,0.015656506567774016,-0.00866940432009955,-0.004579481741227576,43.72577539230543,-0.005633708613409924,-1.2877465301718818,0.009477371431719478,0.007581888948847704,1
2020-09-30,309.6394958496094,334.8900146484375,338.2900085449219,332.8800048828125,333.0899963378906,104081100,0.007581888948847704,0.03796800552422597,-0.046424986654436395,0.015590218297589019,0.0012813221539356157,0.002296732256644063,52.59149674989689,-0.0043910953747666555,0.6221764053859713,0.01615456844178742,0.006420095193631292,1
2020-10-01,311.6274108886719,337.0400085449219,338.739990234375,335.010009765625,337.69000244140625,88698700,0.006420095193631292,0.04185485829257285,-0.05398605169101012,0.015235858346406887,0.0106155083551418,0.008038676974477132,54.59115394563713,-0.0028701397866496467,-0.009783633088571084,0.011066877445360779,-0.009494480045697862,0
2020-10-02,308.6686706542969,333.8399963378906,337.010009765625,331.19000244140625,331.70001220703125,89431100,-0.009494480045697862,0.015544644402667007,-0.02957131797456447,0.013412132284570983,0.0025493035636303674,-0.002258316399138316,46.42774739853719,-0.002448386612148846,0.1595383977177957,0.017433523208909115,0.017733135398793065,1
2020-10-05,314.142333984375,339.760009765625,339.9599914550781,336.010009765625,336.0599975585937,45713100,0.017733135398793065,0.016667361312893147,-0.004232330079956936,0.013964855128036658,0.02054893774536737,0.014212644207157066,50.94644315498217,-0.0006424940989581452,-1.849272802717069,0.011625799316929386,-0.01421610800115336,0
2020-10-06,309.67645263671875,334.92999267578125,342.1700134277344,334.3800048828125,339.9100036621094,90128900,-0.01421610800115336,0.007702148120769303,0.009185271700911768,0.01288702883177636,0.0055803164314180975,-0.0009807923715552391,47.62598648499358,-0.00039336368443608933,0.5624090683609996,0.023258617368623523,0.017406689622781135,1
2020-10-07,315.06689453125,340.760009765625,341.6300048828125,338.0899963378906,338.1199951171875,56999600,0.017406689622781135,0.01752812142633342,0.006868948514094475,0.012712839671636,0.02272723107620256,0.015144934801784915,55.554579171741416,0.0011815666906343804,-1.170753833012024,0.01038856803460211,0.008862360268854008,1
2020-10-08,317.859130859375,343.7799987792969,343.8500061035156,341.8599853515625,342.8500061035156,45242500,0.008862360268854008,0.019997342188005973,0.03374188649313181,0.012120822098724955,0.030056485385906884,0.022925238030972794,61.82667380187898,0.0030764528280329577,-1.5870413234456107,0.005788646108032298,0.008930347609088285,1
2020-10-09,320.6977233886719,346.8500061035156,347.3500061035156,344.8900146484375,345.5599975585937,59528600,0.008930347609088285,0.03897076016453682,0.04244280221931529,0.012222009904113816,0.037061188227876185,0.030577250115151555,68.10563438708797,0.00520007691858593,-0.7794409191699209,0.00709237829548705,0.016087455035735942,1
2020-10-12,325.85693359375,352.42999267578125,354.0199890136719,349.0599975585937,349.5899963378906,80388500,0.016087455035735942,0.03729073843946695,0.045443290344985954,0.012376812370515881,0.05133708376602519,0.04546603490610024,69.3613192329616,0.007980896786043608,0.24305209200847408,0.014073692813202584,-0.006526324070397327,0
2020-10-13,323.73028564453125,350.1300048828125,352.4700012207031,349.0899963378906,352.2799987792969,73255500,-0.006526324070397327,0.04538231075741184,0.03339933337522272,0.012511233309104319,0.0427157527481874,0.0372490787163724,76.53968737512747,0.009675684363006526,-0.17916254125363368,0.009653571061251314,-0.006283091789079043,0
2020-10-14,321.6962585449219,347.92999267578125,351.92999267578125,347.1400146484375,350.75,57727900,-0.006283091789079043,0.021041131673116276,0.03099778187668356,0.012577140453426044,0.03455279676643919,0.029561584807304087,72.99075540303542,0.01041640095010666,-0.9169140804223521,0.013767074205089568,-0.0012357059247574131,0
2020-10-15,321.2987365722656,347.5,348.0199890136719,343.1300048828125,343.7099914550781,60357700,-0.0012357059247574131,0.010821163776516984,0.03886099347366678,0.012359916681197826,0.03128133871842276,0.02727318627105002,69.41862378924057,0.010744800450476513,-0.7039088015885459,0.01407189677945144,-0.0006043701001784418,0
2020-10-16,321.10455322265625,347.2900085449219,350.75,347.1000061035156,348.9599914550781,89501900,-0.0006043701001784418,0.0012685772436598075,0.050325190964968014,0.011967600837096496,0.028119488975869356,0.02578548784996615,65.2043199244871,0.010827880755012514,0.9111436437752244,0.01050993062477422,-0.015203830011041641,0
2020-10-19,316.2225341796875,342.010009765625,349.3299865722656,341.0400085449219,348.6499938964844,68425600,-0.015203830011041641,-0.02956634774595235,0.04599763807180324,0.012243776505419062,0.010239137578184065,0.009666305850091428,60.35650001914841,0.009699109135192438,-0.18064678808226922,0.024238992399739305,0.004005991132968845,1
2020-10-20,317.48931884765625,343.3800048828125,346.8800048828125,342.6400146484375,343.4599914550781,60051900,0.004005991132968845,-0.019278291446997442,0.039600383763651825,0.012112213405063169,0.012330520652153565,0.013163787234593771,59.352182914086136,0.008857325458089066,-0.6593441470100299,0.012347807601150243,-0.001892826349619181,0
2020-10-21,316.88836669921875,342.7300109863281,345.6700134277344,342.3999938964844,343.3299865722656,63575000,-0.001892826349619181,-0.014945439115300552,0.06226754133578849,0.010624519665849227,0.007430947070358851,0.010574735562512094,56.48205872510349,0.00799132177321144,-0.3828111928484308,0.00954109481641059,0.005485179892752212,1
2020-10-22,318.6265563964844,344.6099853515625,345.239990234375,340.6499938964844,342.9599914550781,55399300,0.005485179892752212,-0.008316808849885504,0.065254897879643,0.010637452997838952,0.009823845438795775,0.01560791270842321,62.64964024314601,0.007604451906597042,-0.8065881293486725,0.013319394483616095,0.003395252546391614,1
2020-10-23,319.7083740234375,345.7799987792969,345.989990234375,343.1300048828125,345.92999267578125,49143900,0.003395252546391614,-0.004348051702183886,0.05186615253810478,0.010193354326233205,0.010727545793635995,0.01843827934201947,57.95864722022467,0.007494245217639757,-1.0814911204216024,0.008271112735436037,-0.01848016705287525,0
2020-10-26,313.80010986328125,339.3900146484375,342.9800109863281,335.6199951171875,342.1300048828125,91473000,-0.01848016705287525,-0.007660505038612264,0.015559812101817005,0.010660762587527807,-0.008704232818895097,-0.0006118129157497432,55.66267039473244,0.00597894716347245,1.2530105323121143,0.021686011819660084,-0.003447084697044578,0
2020-10-27,312.7184143066406,338.2200012207031,340.1199951171875,337.989990234375,339.760009765625,65994100,-0.003447084697044578,-0.015026976524224134,0.017600838457671797,0.010608107694754095,-0.012964574765415349,-0.004153987438899609,46.34217523525962,0.004353085629900823,-0.21559331268384851,0.0062976904828954215,-0.03417904107451464,0
2020-10-28,302.0299987792969,326.6600036621094,338.25,326.1300048828125,332.1000061035156,127094300,-0.03417904107451464,-0.04688833507739654,-0.024575343818568962,0.013056536419721177,-0.045554309503666235,-0.03758861504281896,30.212754594041954,0.0002970718777027279,2.761197623384197,0.03710278265264511,0.010163364982576972,1
2020-10-29,305.0996398925781,329.9800109863281,333.3999938964844,325.0899963378906,326.9100036621094,90597700,0.010163364982576972,-0.04245382637558304,-0.020947358184822185,0.013197016292736908,-0.034858462148731784,-0.027468855336755693,30.613562366677897,-0.0021719689326849963,0.9586869198396706,0.025183336208016712,-0.010424800987846483,0
2020-10-30,301.9190368652344,326.5400085449219,329.69000244140625,322.6000061035156,328.2799987792969,120287300,-0.010424800987846483,-0.0556423872616455,-0.02186692214261665,0.013230224752267837,-0.04389915859057747,-0.037017457878627535,18.709255856665195,-0.0049626518375706,2.083108129945164,0.021712488982541505,0.011208817133806948,1
2020-11-02,305.3031921386719,330.20001220703125,332.3599853515625,327.239990234375,330.20001220703125,86068300,0.011208817133806948,-0.027077484862294554,-0.0281373787913054,0.01281745983852942,-0.031827377841148974,-0.02576810175584965,26.679447894225817,-0.0061119449388695795,0.518353126894404,0.015505738727766392,0.017655628774986498,1
2020-11-03,310.6935119628906,336.0299987792969,338.25,330.2900085449219,333.69000244140625,93294200,0.017655628774986498,-0.006475161842450561,0.003284264326564701,0.013111222572438425,-0.014892543918384793,-0.008244221088829162,37.165684408074696,-0.005480644131894486,0.8319607746644673,0.023688335815238375,0.022349313241929236,1
2020-11-04,317.6372985839844,343.5400085449219,347.94000244140625,339.5899963378906,340.8599853515625,126959700,0.022349313241929236,0.051674667641515404,0.008158280344110924,0.013492732548058568,0.006713699885990465,0.0138734398147351,46.294903198949534,-0.003153330048672417,1.9692151143850751,0.024305774861223373,0.01950253541895597,1
2020-11-05,323.83203125,350.239990234375,352.19000244140625,348.8599853515625,349.239990234375,82039700,0.01950253541895597,0.06139761870586713,0.01879102976993763,0.014038802425244159,0.02537663006206503,0.033399156808970654,52.46111735289582,0.0001646767872941263,0.08429082759917123,0.009507815163012526,-0.00022843512140990896,0
2020-11-06,323.758056640625,350.1600036621094,351.510009765625,347.6499938964844,349.92999267578125,74973000,-0.00022843512140990896,0.07233402703632352,0.00954273457140875,0.013916215448410405,0.024645947286265013,0.032966891901249795,57.44567806678447,0.002697511154482727,-0.2541500729639291,0.011023577304006967,0.012566048293018772,1
2020-11-09,327.826416015625,354.5599975585937,364.3800048828125,354.0599975585937,363.9700012207031,172304200,0.012566048293018772,0.0737732996473972,0.006044009560129071,0.013730556365554538,0.037198448725278555,0.045615435429508855,59.678040562934726,0.005583413559794789,2.8197059768155337,0.029106519052571205,-0.0014667364722511511,0
2020-11-10,327.3455810546875,354.0400085449219,355.17999267578125,350.510009765625,353.489990234375,85552000,-0.0014667364722511511,0.05359644939668318,0.011167615667957653,0.013642723064425289,0.03508517089661023,0.04370488392091176,59.81256972937557,0.007701338719291062,-0.015941025186867772,0.01319055134291046,0.0074286390850288875,1
2020-11-11,329.7773132324219,356.6700134277344,357.5599975585937,355.0599975585937,356.3999938964844,58649000,0.0074286390850288875,0.03821973899966169,0.025120138866556285,0.013620788724200871,0.04144385731513611,0.05111883339376111,60.32891932323285,0.00978639006076568,-0.8956837416998269,0.00700928002321824,-0.009700778529397547,0
2020-11-12,326.5782165527344,353.2099914550781,356.7200012207031,351.260009765625,355.5799865722656,67546200,-0.009700778529397547,0.008480276926695618,0.016431686089998898,0.013834553031150913,0.03048199465551793,0.041110168833017324,56.12333330250509,0.010682723432705219,-0.6226050329754558,0.015458202166323872,0.013844560224607783,1
2020-11-13,331.0995483398437,358.1000061035156,358.8999938964844,354.7099914550781,355.2699890136719,62892200,0.013844560224607783,0.022675857939707722,0.031126918061036735,0.014125696046264432,0.043103688302546184,0.05464804172095161,65.81050642217798,0.012124678649312413,-0.7216507868996107,0.011700648896931462,0.01248245305991924,1
2020-11-16,335.23248291015625,362.5700073242188,362.7799987792969,359.5899963378906,360.9800109863281,74541100,0.01248245305991924,0.02259142806288761,0.060115730777322574,0.01374062883838148,0.05297109168273262,0.06647047854734867,69.48935291124687,0.014050896129697276,-0.3549822940407226,0.008798307573614807,-0.005378475066404764,0
2020-11-17,333.429443359375,360.6199951171875,361.9200134277344,358.3399963378906,359.9700012207031,66111000,-0.005378475066404764,0.018585441981790796,0.0502068056008127,0.013864622862211545,0.04469241895652032,0.05894420554261259,82.12249480337755,0.015169567553602723,-0.6448395894044503,0.009927394870826238,-0.012034799048418865,0
2020-11-18,329.41668701171875,356.2799987792969,361.5,356.239990234375,360.9100036621094,70591300,-0.012034799048418865,-0.0010935446625127687,0.03953543780416369,0.014216454596304691,0.030098012860281242,0.04510475276688841,74.406052345437,0.01503451404686096,-0.5129421224701721,0.014763696484919419,0.0042100822228270385,1
2020-11-19,330.8035583496094,357.7799987792969,358.17999267578125,354.1499938964844,355.6000061035156,59940900,0.0042100822228270385,0.012938223012779249,0.038217159582808025,0.014203030218906855,0.03246909589933655,0.04795410722531379,80.07305318597298,0.014885770299610331,-0.8798835592316941,0.011263901819684598,-0.006847746137810473,0
2020-11-20,328.5382995605469,355.3299865722656,357.7200012207031,355.25,357.5,70417300,-0.006847746137810473,-0.007735585240569165,0.027618687074058457,0.014333139042638837,0.0239880038222835,0.039401775346946666,74.7682474248268,0.014199956915029972,-0.5858265479765717,0.00695128841933746,0.005994309808618148,1
2020-11-23,330.5076599121094,357.4599914550781,358.82000732421875,354.8699951171875,357.2799987792969,63230600,0.005994309808618148,-0.014094168193459766,0.05324265200578604,0.013565205309939515,0.027450926892828464,0.04438891591219796,72.78322616686528,0.013815764997315533,-0.772749543069313,0.011050221847072491,0.016113923495451044,1
2020-11-24,335.8334350585937,363.2200012207031,363.80999755859375,359.2900085449219,360.2099914550781,62415900,0.016113923495451044,0.007209896267701854,0.07391640432560931,0.013802911923850289,0.04026961881574409,0.05970681306492098,71.73137046083909,0.014475786058325425,-0.790649591074659,0.012444218375863606,-0.0015418111896943199,0
2020-11-25,335.3156433105469,362.6600036621094,363.1600036621094,361.4800109863281,363.1300048828125,45330900,-0.0015418111896943199,0.017907278323815667,0.11020641878548254,0.010666478311793149,0.03333861008037675,0.056519965137414196,65.86611235026504,0.014899565351302758,-1.2458914110520165,0.00463241785368342,0.0027853158048833926,1
2020-11-27,336.2496032714844,363.6700134277344,364.1799926757813,362.5799865722656,363.8399963378906,28514100,0.0027853158048833926,0.016463078417431554,0.10209767336950559,0.01061670557027087,0.031266986147869824,0.05766516254125986,66.8580960029654,0.015224063814776844,-1.594507484087632,0.004399609658313559,-0.004427481844402004,0
2020-11-30,334.7608642578125,362.05999755859375,363.1199951171875,359.1700134277344,362.8299865722656,83872700,-0.004427481844402004,0.01894015006953209,0.10877693481526807,0.010238260591936015,0.02155626498385632,0.05106208010696345,60.05882269614061,0.015050677996754086,0.23801593287172595,0.010909743457129318,0.010937564383390885,1
2020-12-01,338.4223327636719,366.0199890136719,367.6799926757813,364.9299926757813,365.5700073242188,74231400,0.010937564383390885,0.023947017910771695,0.10847950980465648,0.010230094101511968,0.027537129980054642,0.06015450694575586,64.71011632308496,0.01539440718432579,-0.06507250274519759,0.007513250867556525,0.0021035359549363974,1
2020-12-02,339.1342163085937,366.7900085449219,366.9599914550781,364.2000122070313,364.8200073242188,45927000,0.0021035359549363974,0.00982862605512791,0.09153942148975425,0.00981720655359709,0.025271811894915786,0.06014362621980651,63.02092048076929,0.015750526107891943,-0.9216865025324134,0.007524684925295055,-0.00027247980922795456,0
2020-12-03,339.04180908203125,366.6900024414063,368.1900024414063,365.5,366.6799926757813,62882000,-0.00027247980922795456,0.011112412575495112,0.06738664065419075,0.008905367273755044,0.02168676852730944,0.057162819682094135,68.98573119380282,0.015857945970294565,-0.27963287370785544,0.007335903415681873,0.008617677382026345,1
2020-12-04,341.96356201171875,369.8500061035156,369.8500061035156,367.2200012207031,367.3200073242188,50749900,0.008617677382026345,0.01699320589419706,0.05599054142893323,0.00816511749278373,0.02768377908345543,0.06343105362906254,67.3968966366549,0.016304965255685772,-0.6577547025760246,0.007111004027066043,-0.0020551584575451143,0
2020-12-07,341.2607727050781,369.0899963378906,369.6199951171875,367.7200012207031,369.0199890136719,48944300,-0.0020551584575451143,0.019416572070562577,0.05406109811154858,0.008210388852900959,0.02288155147724913,0.0587881504344534,60.84464545116172,0.01644539004069492,-0.6683226886515087,0.005147779444948675,0.0029261968303320174,1
2020-12-08,342.2593688964844,370.1700134277344,370.7799987792969,367.6700134277344,367.7200012207031,42458900,0.0029261968303320174,0.011338011003818593,0.04402620464902207,0.007874832923902043,0.023660487569825417,0.05969886131124724,66.35812973702761,0.01652675808494972,-1.3149570316261043,0.008401505359022388,-0.008968846172879519,0
2020-12-09,339.189697265625,366.8500061035156,371.0499877929688,365.9500122070313,370.8800048828125,74098300,-0.008968846172879519,0.00016359586960934536,0.03618230059124827,0.008228704567845269,0.012685741779043358,0.04812543867381214,68.760823258964,0.015866603233995424,0.9976587653178423,0.013902073057342182,-0.0003270482487488513,0
2020-12-10,339.0787658691406,366.7300109863281,367.8599853515625,364.4299926757813,365.3699951171875,57735400,-0.0003270482487488513,0.00010900362763344162,0.02820525325270995,0.008132207806054007,0.010950817032612248,0.04587977981566693,66.70383256373248,0.0150302157560919,-0.2142454477589851,0.00935290969658075,-0.001172628797239672,0
2020-12-11,338.68115234375,366.2999877929688,366.739990234375,363.260009765625,364.8999938964844,57698600,-0.001172628797239672,-0.009598711771098722,0.037059837973183685,0.007731973252405256,0.007946786415922169,0.042912801073360374,72.14331685048332,0.014122592532889403,-0.18159609659791615,0.009500356496645232,-0.004476881400307664,0
2020-12-14,337.1649169921875,364.6600036621094,369.7999877929688,364.4700012207031,368.6400146484375,69216200,-0.004476881400307664,-0.012002128695964509,0.018318867188904298,0.007309838720300652,0.0025294899706012064,0.03642488893964102,64.82710714232326,0.012937515207116775,0.648381212999364,0.014616317991386844,0.013519100814429752,1
2020-12-15,341.7230834960937,369.5899963378906,369.5899963378906,365.9200134277344,367.3999938964844,63865300,0.013519100814429752,-0.0015668976487620556,0.01936149065744619,0.007399170072638658,0.015103252378334986,0.0486582833231024,63.58188031685814,0.012718347760750712,0.3007293291754588,0.009929876204768914,0.0015693566700383244,1
2020-12-16,342.2593688964844,370.1700134277344,371.1600036621094,368.8699951171875,369.8200073242188,58420500,0.0015693566700383244,0.009050014359532454,0.02648214101354074,0.007246188305973609,0.015364677058334664,0.04820782967845738,65.99899870900973,0.012642252445444993,-0.08467559287037899,0.006186369672996046,0.005592076079198094,1
2020-12-17,344.1733093261719,372.239990234375,372.4599914550781,371.0499877929688,371.9400024414063,64119500,0.005592076079198094,0.015024660845313287,0.0447962197917684,0.006575703988286283,0.01881260621664116,0.052193601702284154,67.46811734217454,0.012828529162751174,0.3823175239586011,0.0037878887252858883,-0.003993040885110322,0
2020-12-18,342.79901123046875,369.1799926757813,371.1499938964844,367.0199890136719,370.9700012207031,136542300,-0.003993040885110322,0.012158512093815244,0.03626155940010167,0.006699314393541221,0.012946030137098719,0.046396494231104146,67.81027366507817,0.01261519915523199,3.4100792521273866,0.011186968321004125,-0.0035754989077559918,0
2020-12-21,341.5733337402344,367.8599853515625,378.4599914550781,362.0299987792969,364.9700012207031,96386700,-0.0035754989077559918,0.01307495687088056,0.03967584356868947,0.006514306931263123,0.007384143071963001,0.041327974824455715,57.8265325304566,0.012021761799556486,1.4076142857230072,0.04466371263533642,-0.0016852986439792605,0
2020-12-22,340.9976806640625,367.239990234375,368.3299865722656,366.0299987792969,368.2099914550781,47949000,-0.0016852986439792605,-0.002122779721550394,0.031739115380087446,0.00649074331145983,0.004133123350892776,0.03861421049811353,54.660054581753734,0.011268903579965793,-0.6771495171044644,0.00626290124749454,0.000898619020975211,1
2020-12-23,341.3041076660156,367.5700073242188,369.6199951171875,367.2200012207031,368.2799987792969,46201400,0.000898619020975211,-0.002791044796081721,0.016289839058065914,0.0055165952281784475,0.004226579804355701,0.03843585170689323,55.59752150859966,0.010596898757546994,-0.7077855004870512,0.0065293518205021455,0.0038903408333426093,1
2020-12-24,342.63189697265625,369.0,369.0299987792969,367.4500122070313,368.0799865722656,26457900,0.0038903408333426093,-0.0044785935217737105,0.021819004893051108,0.005527767827653855,0.007049437191474217,0.041149342850728354,51.79524089017716,0.010228113312352861,-1.4439082612971057,0.004281806428903979,0.008590887155860871,1
2020-12-28,345.5754089355469,372.1700134277344,372.5899963378906,371.0700073242188,371.739990234375,39000400,0.008590887155860871,0.008099199863827788,0.027734770757581906,0.005768437323469198,0.014310771311252468,0.048546732709818796,60.34446932115838,0.010450328543579905,-0.9789518800411577,0.004084125423412062,-0.001907925906595942,0
2020-12-29,344.91607666015625,371.4599914550781,374.0,370.8299865722656,373.80999755859375,53680500,-0.001907925906595942,0.009786311136524617,0.030335721664653148,0.005661345345486804,0.010868996544635579,0.04503612588180661,56.474868836583845,0.010441315281711144,-0.3060512108774899,0.008533929630797762,0.0014267121209037281,1
2020-12-30,345.4081726074219,371.989990234375,373.1000061035156,371.5700073242188,372.3399963378906,49455300,0.0014267121209037281,0.01293408194088097,0.0206423724660878,0.0052092073059634356,0.011275978655632235,0.04467952481849813,67.33328683154386,0.010398589105383566,-0.4356273200269666,0.00411301061712126,0.0050811360504881,1
2020-12-31,347.1632385253906,373.8800048828125,374.6600036621094,371.2300109863281,371.7799987792969,78520700,0.0050811360504881,0.017166892304467885,0.023675057928955745,0.005283376152152763,0.01522116233073012,0.048106371951846194,70.64251495326229,0.010609689869568983,0.7394712792891777,0.009174046835845991,-0.013613933734153427,0
2021-01-04,342.4369812011719,368.7900085449219,375.4500122070313,364.8200073242188,375.30999755859375,110210800,-0.013613933734153427,-0.0005688780677063354,0.010014021953024477,0.006233700386101679,0.0009031295454431376,0.03224512254169665,57.85385452842157,0.009741975821010043,1.8043707209060098,0.028824004545984525,0.006887280294270326,1
2021-01-05,344.7954406738281,371.3299865722656,372.5,368.0499877929688,368.1000061035156,66426200,0.006887280294270326,-0.0022570132062383896,0.008281229279078373,0.0061264330367105935,0.007379713301689961,0.03771730399505846,65.41335585405096,0.009321608528061858,0.08013211522925133,0.011983982893784322,0.00597844428569827,1
2021-01-06,346.8567810058594,373.5499877929688,376.9800109863281,369.1199951171875,369.7099914550781,107997700,0.00597844428569827,0.005626598691760298,0.016398041463785207,0.006217582717055432,0.012574511844387182,0.04221809848250335,61.53321934102951,0.009359199555357578,1.4980005431320533,0.021041403094615684,0.014857639183082805,1
2021-01-07,352.01025390625,379.1000061035156,379.8999938964844,375.9100036621094,376.1000061035156,68766800,0.014857639183082805,0.0191138537602924,0.02848975337389459,0.006957481497008841,0.02615846610256889,0.05527982423513289,68.14231448412136,0.010356744298620067,0.004877400306869215,0.010524901530298336,0.005697517883473502,1
2021-01-08,354.0158386230469,381.260009765625,381.489990234375,377.1000061035156,380.5899963378906,71677200,0.005697517883473502,0.01973884137837678,0.04371047079832513,0.00656581378684452,0.029779655709038177,0.058670942277883276,68.25058737782767,0.011516509911818566,0.11929981530419997,0.011514410162130733,-0.006740721067074351,0
2021-01-11,351.6295166015625,378.6900024414063,380.5799865722656,377.7200012207031,377.8500061035156,51034700,-0.006740721067074351,0.026844458703454865,0.03701426333864122,0.006844485319249917,0.020974497377873824,0.048424575241448276,65.7817289337333,0.011882258781094973,-0.6426877574229163,0.007552312797074747,0.000211070875725472,1
2021-01-12,351.7037353515625,378.7699890136719,379.8599853515625,376.3599853515625,378.8900146484375,52547700,0.000211070875725472,0.020035922355102986,0.03845086423526456,0.006819365402813719,0.019262989815067133,0.045739640233916745,68.88201506452079,0.011986477717140202,-0.5735073959475899,0.009240436416607616,0.0026930153407120905,1
2021-01-13,352.65087890625,379.7900085449219,380.8599853515625,377.8500061035156,378.6900024414063,45303600,0.0026930153407120905,0.01670458303737976,0.045929932604528156,0.006652331210209109,0.01971965815507648,0.0454019867271811,71.4236662806668,0.012115696911630142,-0.7853842317476057,0.007925377656929203,-0.003502005596562885,0
2021-01-14,351.4158935546875,378.4599914550781,381.1300048828125,378.1000061035156,380.5899963378906,49989100,-0.003502005596562885,-0.0016884745400649326,0.028364516553663233,0.006211470921018521,0.014726577941595265,0.03890069140582808,67.97613764473172,0.011866282411058523,-0.5828065747775897,0.008006127061535183,-0.007292711300789012,0
2021-01-15,348.8531188964844,375.7000122070313,377.5799865722656,373.7000122070313,376.7200012207031,107160000,-0.007292711300789012,-0.014583301545611715,0.01926536013100133,0.006509054352838859,0.00636842229047585,0.02900260518196318,60.59452003820861,0.011000755381110621,1.3367356738993716,0.010327320306543509,0.007852268423866215,1
2021-01-19,351.5924072265625,378.6499938964844,379.2300109863281,376.75,378.3399963378906,51233300,0.007852268423866215,-0.000105535437862736,0.021556284869724163,0.006612243168243339,0.013186458651969879,0.035009352283842166,60.31850700495606,0.010671568926013595,-0.5685328285435247,0.006549613168635392,0.013838579704156917,1
2021-01-20,356.4579467773437,383.8900146484375,384.7900085449219,380.6900024414063,381.1099853515625,61836100,0.013838579704156917,0.013517659745720056,0.039845317808375524,0.007076969579067258,0.02518989236159741,0.04732064713248674,67.29764439858614,0.011306660205394024,-0.09281918449687403,0.010680158240818822,0.0009115259099550244,1
2021-01-21,356.7828674316406,384.239990234375,384.9500122070313,383.25,384.489990234375,47840100,0.0009115259099550244,0.01171693811796537,0.04452787202344388,0.006961792014799065,0.02388497222502073,0.04624493760056292,67.13295199430749,0.011851423340225927,-0.5930544034356656,0.004424350016234255,-0.0035396274127729166,0
2021-01-22,355.5199890136719,382.8800048828125,384.1300048828125,381.8399963378906,382.25,52860500,-0.0035396274127729166,0.011678741725281938,0.042587704178305597,0.0070283399871580885,0.018139218031366644,0.04085107446461089,62.77666108631994,0.011911037697454148,-0.39033699392320914,0.005981008450997002,0.0039438854924671585,1
2021-01-25,356.922119140625,384.3900146484375,384.7699890136719,378.4599914550781,383.6700134277344,70402000,0.0039438854924671585,0.02313007912804399,0.04575981104186555,0.007033679095119673,0.019873852303095463,0.04314952821751583,74.65214767324578,0.0120560866421099,0.31728103356802567,0.016415612576109354,-0.0015607546891042157,0
2021-01-26,356.36505126953125,383.7900085449219,385.8500061035156,383.5400085449219,385.4100036621094,42665300,-0.0015607546891042157,0.01357436606955309,0.04008136550687502,0.007072813673483404,0.01628805660384125,0.03990529031157264,70.97641271931523,0.01196316438946617,-0.9733122419686544,0.0060189100996967965,-0.02444043478968294,0
2021-01-27,347.65533447265625,374.4100036621094,380.3200073242188,372.010009765625,380.2200012207031,123351100,-0.02444043478968294,-0.02469467263745939,0.00601873131978925,0.009034881249934441,-0.008844420699686162,0.013243163941583536,51.1665874586164,0.010034856242275144,2.2319280961616133,0.02219491326971397,0.008600356215825666,1
2021-01-28,350.6452941894531,377.6300048828125,381.9299926757813,375.8900146484375,376.3599853515625,94198100,0.008600356215825666,-0.017202544747649484,0.0166104682181627,0.009201348944948222,-0.0011358938779437722,0.02079440110869646,47.87140987507436,0.008785411292785057,0.9555432867402021,0.015994433570547854,-0.0200197651076659,0
2021-01-29,343.6254577636719,370.0700073242188,376.6700134277344,368.2699890136719,375.6300048828125,126765100,-0.0200197651076659,-0.033456715845990304,-0.005161183159890559,0.010314703046928731,-0.020884305396416725,-0.0001302699327946355,35.988022374914806,0.006302580678033741,1.909607260818579,0.022698473931455968,0.016645412813360405,1
2021-02-01,349.3452453613281,376.2300109863281,377.3399963378906,370.3800048828125,373.7200012207031,75817600,0.016645412813360405,-0.021228367122609226,0.00628524738162306,0.010932427909157853,-0.004895865625577089,0.015572325759807049,47.17364856139312,0.0053831391112008214,0.0693421548786952,0.018499298970945318,0.01414057146001979,1
2021-02-02,354.2851867675781,381.5499877929688,383.2200012207031,376.3200073242188,379.6499938964844,64450700,0.01414057146001979,-0.0058363312972012915,0.03459966714122431,0.010824885269311085,0.007475390146425731,0.028446077710824635,52.85079633837355,0.005729287941711379,-0.2725346409105814,0.01808411510218235,0.0007860995276425253,1
2021-02-03,354.5636901855469,381.8500061035156,383.7000122070313,380.4800109863281,382.4400024414063,52427100,0.0007860995276425253,0.019871277750906913,0.02833056461717942,0.010758495979428436,0.006868934753543332,0.027836684767883257,52.144054873355756,0.006051954622658214,-0.6945149170478289,0.008432633676141077,0.011365734339225497,1
2021-02-04,358.59356689453125,386.1900024414063,386.239990234375,381.9700012207031,382.9599914550781,47142600,0.011365734339225497,0.02266755846089774,0.03383755639614727,0.010943613356521373,0.016618573785001978,0.03771056092735425,57.57103051872301,0.0070656755240749766,-0.8091938369666803,0.011056705214215711,0.003935953126337655,1
2021-02-05,360.0049743652344,387.7099914550781,388.4700012207031,386.1400146484375,388.2000122070313,48669800,0.003935953126337655,0.04766677273610931,0.022711612432499084,0.010517883432228153,0.019464620296615776,0.04001941249645724,62.055837228514044,0.00811470652419005,-0.7006563760032524,0.006009611884184801,0.0072218850735756845,1
2021-02-08,362.6048889160156,390.510009765625,390.55999755859375,388.3500061035156,389.2699890136719,38365200,0.0072218850735756845,0.03795570064499665,0.024261768417978224,0.010557818438305559,0.02557984164008298,0.045912492992963516,61.941149491621665,0.009374229971797132,-1.0048948923878476,0.005659244064971626,-0.0006660586237633437,0
2021-02-09,362.3633728027344,390.25,390.8900146484375,389.1700134277344,389.6099853515625,35551100,-0.0006660586237633437,0.022801365501222026,0.03052603861277836,0.010401991397891344,0.023343346532241238,0.043587490417174246,57.11712215355945,0.010253488997975575,-1.055629208332066,0.004407434261891416,-0.00043540791025842296,0
2021-02-10,362.2055969238281,390.0799865722656,392.2799987792969,387.5,392.1199951171875,59154400,-0.00043540791025842296,0.021552987375222044,0.029859965978945358,0.010407394571217058,0.021383160405122226,0.04157590862452021,56.56182052372849,0.010790588071649709,-0.20571960766209962,0.012253893929037397,0.0016150812136710435,1
2021-02-11,362.7905883789063,390.7099914550781,391.6900024414063,388.1000061035156,391.239990234375,42913300,0.0016150812136710435,0.01170411817680339,0.028752826319630165,0.01040381209476776,0.021572288611155344,0.04157903731191048,58.944593327231246,0.011195679667815945,-0.7946869863512379,0.0091883914320206,0.0049396353710933205,1
2021-02-12,364.5826416015625,392.6400146484375,392.8999938964844,389.7699890136719,389.8500061035156,50593300,0.0049396353710933205,0.012715566623487717,0.03746770788790732,0.010362637300335792,0.024718864886795755,0.045154095000950134,59.334735539378286,0.011735182639186678,-0.5151944203599448,0.007971691030052165,-0.000866017268112973,0
2021-02-16,364.2669067382813,392.2999877929688,394.1700134277344,391.5299987792969,393.9599914550781,50972400,-0.000866017268112973,0.004583550506542133,0.04418417668316921,0.01016050654017371,0.021618463865092696,0.04274641282174829,59.68577926741689,0.012008566759727871,-0.4260569802908146,0.006729581265831528,0.00022946813157642687,1
2021-02-17,364.3504943847656,392.3900146484375,392.6600036621094,389.3299865722656,390.4200134277344,52290600,0.00022946813157642687,0.005483781560651879,0.03628658325941014,0.010080508727066078,0.020028002796059097,0.04147662437778732,75.95246205095177,0.01209346765409459,-0.37686883719942044,0.00848649803901683,-0.004255787129229915,0
2021-02-18,362.7998962402344,390.7200012207031,391.5199890136719,387.739990234375,389.5899963378906,59712800,-0.004255787129229915,0.0016407789428256603,0.01779157827796185,0.00975289548512739,0.014786115097296548,0.03581047324914399,69.77932368838741,0.011734774302249711,-0.08200906526157423,0.009674444019981703,-0.0017661170164399165,0
2021-02-19,362.1591491699219,390.0299987792969,392.3800048828125,389.5499877929688,392.0700073242188,83241000,-0.0017661170164399165,-0.001740506036294831,0.015068777761060304,0.009771488427093921,0.01223278746343004,0.03274871454571837,88.06243293924187,0.011158341570541188,0.7637891317811343,0.0072558959533907345,-0.007691684774653873,0
2021-02-22,359.37353515625,387.0299987792969,389.6199951171875,386.739990234375,387.05999755859375,67414200,-0.007691684774653873,-0.014287861930095125,0.010839182779199374,0.009911502705307877,0.003906376244075194,0.023805830871661104,73.41716585641876,0.010026835209404507,0.12130766916416097,0.007441296261003316,0.0012145090265311964,1
2021-02-23,359.8099975585937,387.5,388.9500122070313,380.2000122070313,384.6600036621094,107284100,0.0012145090265311964,-0.012235284340253894,0.008091060382926063,0.009881581874487353,0.004720362606419171,0.023846347451614403,66.3371036354809,0.00904419693784657,1.5033788082445603,0.02258064516129032,0.01101944029365276,1
2021-02-24,363.77490234375,391.7699890136719,392.2300109863281,385.2699890136719,386.3299865722656,72433900,0.01101944029365276,-0.001579775655272675,0.02079286688697879,0.010143791528465142,0.014742017356514259,0.03367576424573726,72.36253876712767,0.008961082775696112,0.17883026180538594,0.017765582274892836,-0.024096120728418824,0
2021-02-25,355.00933837890625,382.3299865722656,391.8800048828125,380.7799987792969,390.4100036621094,146670500,-0.024096120728418824,-0.021473429132872424,0.021153145592904377,0.010098392509759963,-0.010724020799536937,0.007832980474349105,42.92517728018579,0.0071204535894472286,2.6199373867352675,0.029032528165084354,-0.005152779012298381,0
2021-02-26,353.1800537109375,380.3599853515625,385.5799865722656,378.2300109863281,384.3500061035156,152701600,-0.005152779012298381,-0.024793231041006947,0.007228842261647106,0.010028495367826474,-0.01616900141549449,0.0017289629918741944,36.74708291110354,0.005038785353759217,2.3269871626214376,0.01932373506414982,0.02424037872967122,1
2021-03-01,361.74127197265625,389.5799865722656,390.9200134277344,380.5700073242188,385.5899963378906,105348800,0.02424037872967122,0.006588511909695338,0.05271965100281806,0.010165903800983811,0.005143254098942229,0.02484747999549275,48.63825999085724,0.005130863291326071,1.0413843433579937,0.026567088814239387,-0.007803155479823798,0
2021-03-02,358.9185485839844,386.5400085449219,390.0700073242188,386.0,389.8200073242188,79595300,-0.007803155479823798,-0.002477554766843748,0.02740355951532858,0.009855986425696331,-0.0040247128672007415,0.015891494277826546,44.9771104323743,0.004651787990804204,0.2622979739826611,0.010529330041513178,-0.013245849028865941,0
2021-03-03,354.16436767578125,381.4200134277344,386.8299865722656,381.30999755859375,385.7900085449219,119940200,-0.013245849028865941,-0.026418905224218192,-0.0003410221378410405,0.00989492183982843,-0.017200776247619953,0.0018685135970166744,39.660951241925744,0.0031772541138990816,1.3212045184614114,0.014472206017888251,-0.01237447715509643,0
2021-03-04,349.7817687988281,376.7000122070313,384.0,371.8800048828125,381.2200012207031,183433000,-0.01237447715509643,-0.01472516076323227,-0.01348677690097455,0.010272357416866813,-0.02871796985127728,-0.010919831235629895,34.76193438101211,0.0009616229417277026,2.4373278364123006,0.03217412987639206,0.01839656754451302,1
2021-03-05,356.216552734375,383.6300048828125,384.760009765625,372.6400146484375,380.4599914550781,152039600,0.01839656754451302,0.008597594885476623,-0.006628713896742577,0.010810633362827171,-0.010523159940443838,0.006442379239281593,41.16158685206247,0.0006393517203082687,1.4970928885020942,0.03159292798510324,-0.0049788802813860444,0
2021-03-08,354.4429931640625,381.7200012207031,387.6799926757813,381.4200134277344,384.6600036621094,123149200,-0.0049788802813860444,-0.020175410919507697,-0.015449734301529627,0.010811569325477024,-0.014688506561663428,0.0006711544484605536,39.93159074047887,-4.011892892747576e-06,0.766294424303902,0.016399400681201225,0.01427763563607476,1
2021-03-09,359.50360107421875,387.1700134277344,389.9100036621094,385.30999755859375,385.8500061035156,113633600,0.01427763563607476,0.0016300425055839618,-0.008552802062509413,0.011192845498388577,-0.00018960830470204915,0.013916447607025928,45.492339505966115,0.0006195781109608523,0.48187610942658615,0.011881101180306724,0.006224335143657056,1
2021-03-10,361.74127197265625,389.5799865722656,391.3999938964844,388.1700134277344,389.6900024414063,109899400,0.006224335143657056,0.02139375100493246,-0.0017167872825181174,0.011288884805149583,0.006120581911083667,0.019128892117152185,49.02789181797037,0.0015876866781698558,0.3241328248194407,0.008290930181422065,0.010139335614396394,1
2021-03-11,365.4090881347656,393.5299987792969,395.6499938964844,391.739990234375,392.2300109863281,86245000,0.010139335614396394,0.044677340930611376,0.008844400081457593,0.011514072080012958,0.01586940862570807,0.028312997757776293,52.82716525273893,0.0031084044883002687,-0.292530222007453,0.00993571944766076,0.001346531676650331,1
2021-03-12,365.901123046875,394.05999755859375,394.2099914550781,391.2000122070313,392.0700073242188,64653600,0.001346531676650331,0.027187311308696005,0.008573912244713489,0.011512863800160564,0.01679766802173277,0.028482914736738474,55.914447670399554,0.004378432451209308,-0.8867623745770233,0.007638378081244486,0.005963795370883762,1
2021-03-15,368.0832824707031,396.4100036621094,396.6900024414063,392.0299987792969,394.3299865722656,73427200,0.005963795370883762,0.03848373241878944,0.00960177603015544,0.011535952201644958,0.022364369177030774,0.03329941521539559,57.26630475278664,0.005768190867623944,-0.7117845036490944,0.011755514792915039,-0.001261467100747149,0
2021-03-16,367.6189575195313,395.9100036621094,397.8299865722656,395.0799865722656,397.0700073242188,73722500,-0.001261467100747149,0.02257378346437533,0.0092021831224387,0.011538829381609482,0.020599578608022195,0.030812071138293762,53.59738077368167,0.006719482007692696,-0.7592707892115366,0.006946023021805218,0.0034100555713372227,1
2021-03-17,368.87255859375,397.260009765625,398.1199951171875,393.2999877929688,394.5299987792969,97959300,0.0034100555713372227,0.019713776595645882,0.0124113025196253,0.011556499935667878,0.02343745032189859,0.03279605736693614,65.09609901408624,0.007628525743365341,-0.16413012094309565,0.012133129954516176,-0.014549669667523135,0
2021-03-18,363.5055847167969,391.4800109863281,396.7200012207031,390.75,394.4800109863281,115349100,-0.014549669667523135,-0.00520923939709661,0.0019451176361284794,0.012008309005551998,0.008448049773043254,0.016703994505538722,60.439477031095656,0.007216029569511653,0.2709337528559866,0.015249823881586686,-0.0018502519151689656,0
2021-03-19,362.8330078125,389.4800109863281,391.5700073242188,387.1499938964844,389.8800048828125,113624500,-0.0018502519151689656,-0.008385093789345821,0.0018606699406120697,0.012009036062582334,0.0064880884447944265,0.013916707191143463,51.31326806762299,0.006586960065031489,0.17490825447127462,0.01134849877543417,0.007984734524588033,1
2021-03-22,365.7301330566406,392.5899963378906,394.0700073242188,389.9700012207031,390.0299987792969,73778600,0.007984734524588033,-0.006392980953297656,0.017687996690203933,0.011981054608993104,0.013630960108973245,0.021229495568515278,58.17913313691866,0.0065928708799631785,-1.070671946164698,0.010443480836905807,-0.00787058342014868,0
2021-03-23,362.85162353515625,389.5,393.4599914550781,388.6600036621094,391.9100036621094,90686600,-0.00787058342014868,-0.0129681396643474,0.008453422631946816,0.01214146200688458,0.005229391470208178,0.012692116939748033,60.9234242876812,0.005982482838475331,-0.5158183552560215,0.012323460315709243,-0.005083801222581563,0
2021-03-24,361.0069580078125,387.5199890136719,392.75,387.4700012207031,391.0,97588600,-0.005083801222581563,-0.02132335518782824,-0.00760894805580048,0.011938771085587026,0.0005026077906626902,0.007016683794568657,65.07691614029771,0.00501505542835133,-0.35213593274209415,0.013625100456716296,0.005625946576162777,1
2021-03-25,363.0379638671875,389.7000122070313,390.5499877929688,383.8999938964844,385.9800109863281,116128600,0.005625946576162777,-0.001286419987119869,0.022615251545051507,0.010597133113112703,0.00501326912618083,0.012042162319090055,60.391322619875595,0.004598917846938998,0.2969498070173239,0.017064392322758175,0.016114706522210698,1
2021-03-26,368.8882141113281,395.9800109863281,396.4100036621094,390.2900085449219,390.9299926757813,114409100,0.016114706522210698,0.016688686443757206,0.04447635203444156,0.010988882238192586,0.01899318847044218,0.027420803280955086,69.57382949706279,0.005440291421735989,0.32352344268189315,0.015455313266807307,-0.0005050576497868109,0
2021-03-29,368.701904296875,395.7799987792969,396.75,392.80999755859375,394.3999938964844,108107600,-0.0005050576497868109,0.00812558488248527,0.019242018712050335,0.009698138956247354,0.01750033343290669,0.025914050359216567,64.36111820513901,0.006057402175414778,0.0965216642481509,0.009955031718526425,-0.002653037373121392,0
2021-03-30,367.7237243652344,394.7300109863281,395.4500122070313,393.0199890136719,394.4200134277344,76262200,-0.002653037373121392,0.013427253770041503,0.024532518076840537,0.009518866039744226,0.01356940589373079,0.02211888367180448,59.722653440793586,0.006274718221907341,-1.0137771892687915,0.006156165292037038,0.0040534223168609,1
2021-03-31,369.2142639160156,396.3299865722656,398.0,395.30999755859375,395.3399963378906,112734200,0.0040534223168609,0.02273448122300592,0.042494100518919886,0.008897493509224322,0.015571406628851037,0.025257591583050187,56.655137812506695,0.006657214396636173,0.2779518819799815,0.006787279621890944,0.010799267639483023,1
2021-04-01,373.2015075683594,400.6099853515625,400.6700134277344,398.1799926757813,398.3999938964844,99682900,0.010799267639483023,0.027995815073737162,0.06695528714934484,0.008405851082307625,0.02324301898596981,0.03536684374489396,61.377175735819414,0.007679419668569744,-0.04507714214889327,0.006215573358132612,0.014352934692401398,1
2021-04-05,378.55804443359375,406.3599853515625,406.9400024414063,403.3800048828125,403.4599914550781,91684800,0.014352934692401398,0.026213443401982284,0.06271884764400171,0.008064814412209846,0.03476030313731515,0.04896003206384014,64.85451330313708,0.009457720073716518,-0.3327804460966008,0.00876069910159553,-0.0005906684541769902,0
2021-04-06,378.3344421386719,406.1199951171875,407.239990234375,405.3999938964844,405.760009765625,62021000,-0.0005906684541769902,0.02612554404937617,0.06740561792838329,0.007891951876405163,0.030783311806754643,0.04701665137693323,65.30035095486386,0.010787582626457069,-1.7592591003800202,0.004530671624182619,0.0011572715687326873,1
2021-04-07,378.7722778320313,406.5899963378906,406.9599914550781,405.4500122070313,405.9400024414063,55836300,0.0011572715687326873,0.030045799970804143,0.053598007642306156,0.007464852860902411,0.029274461561811682,0.04696216028774658,64.4727003417477,0.011780867236749164,-1.8071558842759254,0.003713763893964504,0.004746765326979929,1
2021-04-08,380.5702209472656,408.5199890136719,408.5799865722656,406.9299926757813,407.9299926757813,57863100,0.004746765326979929,0.030757091859899388,0.05205087291237431,0.007434767295837818,0.03152125949018525,0.05052612733143347,77.85396907627322,0.012752721675868923,-1.5070935343801484,0.004038955108336444,0.007270343469902185,1
2021-04-09,383.3370971679688,411.489990234375,411.6700134277344,408.260009765625,408.3900146484375,61104600,0.007270343469902185,0.027158490504631372,0.04906284385185078,0.0073075532107487635,0.036502425187963095,0.056083414399394016,81.32631347294728,0.013891396897380896,-1.2349186261581264,0.00828696625200316,0.00036445591540279487,1
2021-04-12,383.476806640625,411.6400146484375,411.9299926757813,410.2000122070313,410.8500061035156,56704900,0.00036445591540279487,0.01299341614676508,0.048033970072014265,0.0073184592220560275,0.03442225435846802,0.054560611458119856,79.60817937519283,0.014721040025716997,-1.3868514227816537,0.004202653792604432,0.002963766321326222,1
2021-04-13,384.61334228515625,412.8599853515625,413.5299987792969,411.1199951171875,411.5299987792969,56551000,0.002963766321326222,0.016596163201506586,0.04490847751491889,0.007271603008358353,0.035180128920440534,0.05530706981388889,88.54738093951025,0.0153980389374617,-1.3047257513599966,0.005837338922679043,-0.003414739812155787,0
2021-04-14,383.2999877929688,411.4500122070313,413.9599914550781,410.8699951171875,412.8299865722656,61659900,-0.003414739812155787,0.011953646626021941,0.04265566275265975,0.0073415289026913565,0.029472801788650527,0.049747466593477174,90.24604976089226,0.01556781592776502,-1.0338496548393692,0.007510016396197885,0.010742219689308108,1
2021-04-15,387.41748046875,415.8699951171875,416.1600036621094,413.6900024414063,413.739990234375,60229800,0.010742219689308108,0.017992105384496693,0.05027460417684271,0.007588452596562538,0.03794671053719223,0.05910203163046024,90.92938898054139,0.01616536187529543,-0.9934790239893714,0.005939359053800094,0.0033422881132700866,1
2021-04-16,388.71234130859375,417.260009765625,417.9100036621094,415.7300109863281,417.25,82037300,0.0033422881132700866,0.014022238338883275,0.06934351947146888,0.00644299541880031,0.03791119073776672,0.06066151944866438,89.29145612534631,0.016789440541063898,-0.01737695301749015,0.005224542550832398,-0.004913119127201271,0
2021-04-19,386.8025512695313,415.2099914550781,416.739990234375,413.7900085449219,416.260009765625,78498500,-0.004913119127201271,0.008672609585025137,0.0660621909829604,0.006608079272477904,0.029517265762756262,0.05382804618800985,83.58128169183172,0.016819956763041367,-0.10059914689846344,0.007104794562180678,-0.007321487941454707,0
2021-04-20,383.9705810546875,412.1700134277344,415.0899963378906,410.5899963378906,413.9100036621094,81851800,-0.007321487941454707,-0.001671188073325336,0.04987406382296089,0.006907307775784433,0.019504873167543346,0.044748155034557646,78.2021467189486,0.016121219206326056,0.03561627992573453,0.010917824813543801,0.009462048325108219,1
2021-04-21,387.6037292480469,416.0700073242188,416.2900085449219,411.3599853515625,411.510009765625,66793000,0.009462048325108219,0.01122812833848208,0.06821550217066186,0.006624622934499075,0.025780715921097208,0.053200848367986,79.71132113428301,0.015897249993463203,-0.603123058476402,0.011849023257083029,-0.009133061108027807,0
2021-04-22,384.063720703125,412.2699890136719,416.7799987792969,411.1300048828125,415.8900146484375,97582800,-0.009133061108027807,-0.008656707388544183,0.0638679177336341,0.006949092903065071,0.013320608678218715,0.04235266648198799,67.80710276932567,0.015068055471988527,0.8150595606674393,0.013704596616410533,0.010842352006356748,1
2021-04-23,388.2278747558594,416.739990234375,418.25,412.7900085449219,412.8699951171875,73209200,0.010842352006356748,-0.001246336947017035,0.06938643722089433,0.007143155856020862,0.020914810283580554,0.052168039655236864,66.49731709882225,0.014835944572545048,-0.2266760162826151,0.013101673904650763,0.0020876549381041443,1
2021-04-26,389.0383605957031,417.6099853515625,418.2200012207031,416.80999755859375,417.4400024414063,52182400,0.0020876549381041443,0.005780234175895682,0.054623990991194527,0.006485779950151748,0.020342810290087554,0.05286666417441044,67.90302295288153,0.01474739580502221,-1.1944897586706618,0.003376364817815292,-0.0002155630734179681,0
2021-04-27,388.9544982910156,417.5199890136719,418.1400146484375,416.2999877929688,417.9299926757813,51303100,-0.0002155630734179681,0.012979945553740935,0.05492945319271647,0.006478610313791588,0.01742074020676654,0.05125292752685695,67.2345199711149,0.014520108102970926,-1.155536153987685,0.004407038953549217,-0.0002872440195614834,0
2021-04-28,388.8427734375,417.3999938964844,419.010009765625,416.8999938964844,417.80999755859375,51238900,-0.0002872440195614834,0.003196677678661386,0.057431837199847235,0.006396864640514391,0.01432677662440418,0.0495566712851192,64.84986069096847,0.014155223123666252,-1.056269193193314,0.005055141111630948,0.006372747535631218,1
2021-04-29,391.3207702636719,420.05999755859375,420.7200012207031,416.4400024414063,420.3200073242188,78544300,0.006372747535631218,0.018895431068732593,0.05987446452687628,0.006441356982718234,0.017856012845872904,0.054709623722680734,64.4814907894023,0.014123127025586794,0.6265552410911354,0.010189017769300457,-0.00657048433809182,0
2021-04-30,388.7496032714844,417.2999877929688,418.5400085449219,416.3399963378906,417.6300048828125,85527000,-0.00657048433809182,0.001343871858642487,0.04166139575488459,0.006495455777452822,0.009127658087184187,0.04631606070130312,58.78900467684786,0.013572296528993227,1.2172255994719874,0.0052720159870283095,0.0021566823908567567,1
2021-05-03,389.5880126953125,418.2000122070313,419.8399963378906,417.6700134277344,419.4299926757813,68128300,0.0021566823908567567,0.0014128480769035612,0.029136795331405452,0.005818097757139987,0.00985831700516715,0.04702670683564203,58.375310072978934,0.013056763770103477,0.08988320348153124,0.005188863813523737,-0.006169346436869172,0
2021-05-04,387.18450927734375,415.6199951171875,416.6000061035156,411.6700134277344,416.0700073242188,101591200,-0.006169346436869172,-0.0045506325841424555,0.023392179386692025,0.006050331498310567,0.0024782873846147524,0.03901406348028469,56.30838157164372,0.012109511354391698,2.146784428262669,0.011861779350608956,0.0003127546353185462,1
2021-05-05,387.30560302734375,415.75,417.6300048828125,415.1499938964844,417.3800048828125,60162200,0.0003127546353185462,-0.003953192691655727,0.02252890640295635,0.006053401899700569,0.0016852530005211364,0.03780753210063459,49.79121247121056,0.011187310029299433,-0.5963360474501365,0.005965149696519844,0.00798559320097425,1
2021-05-06,390.3984680175781,419.0700073242188,419.2099914550781,413.6799926757813,415.8299865722656,74321400,0.00798559320097425,-0.002356895713642504,0.0258250554808237,0.006196819392058468,0.008402688995115204,0.044604612213574146,52.948786509585915,0.01089032491889232,0.29359350999385636,0.013195882985294304,0.007278048824720829,1
2021-05-07,393.2398071289063,422.1199951171875,422.8200073242188,419.1600036621094,419.8900146484375,67733800,0.007278048824720829,0.011550375407807678,0.02583290277433914,0.006197210742381309,0.014444480024443207,0.050058984603563506,60.90257275411215,0.011102755806620023,-0.17386458538049498,0.008670529007026436,-0.00990223101889387,0
2021-05-10,389.3458557128906,417.9400024414063,422.739990234375,417.80999755859375,422.5,81852400,-0.00990223101889387,-0.0006215719542974618,0.015304834531403078,0.006684349383746019,0.0036394391988414654,0.03765687168158394,58.78780682261535,0.01051854851366931,0.7071811246168719,0.011795933978519841,-0.008924772017116944,0
2021-05-11,385.87103271484375,414.2099914550781,415.2699890136719,410.05999755859375,413.1000061035156,116888000,-0.008924772017116944,-0.003392378907285165,0.0032700124811453346,0.007001125281204417,-0.00547902691276414,0.027075018935814876,47.15254784704593,0.00922434589271856,2.4474863561827127,0.01257814046632711,-0.02124543526679601,0
2021-05-12,377.6730346679688,405.4100036621094,412.5899963378906,404.0,411.2300109863281,134811000,-0.02124543526679601,-0.024870717810645426,-0.01468028516619535,0.00846591367452585,-0.025901711281192896,0.004251739916883324,40.89214448005076,0.006473782889598069,2.618033820160667,0.021188417306668123,0.012012679799508375,1
2021-05-13,382.20989990234375,410.2799987792969,412.3500061035156,407.0199890136719,407.0700073242188,106394000,0.012012679799508375,-0.020974898177278933,-0.013441780066571596,0.008560564648834363,-0.013537699644294743,0.014801927750728083,41.513480945925586,0.004986508474381926,1.1727532865741508,0.01299116970289098,0.015355405599407401,1
2021-05-14,388.0788879394531,416.5799865722656,417.489990234375,413.1799926757813,413.2099914550781,82201600,0.015355405599407401,-0.013124101619146122,-0.001629619906093338,0.009248603364899915,0.0016917127555717837,0.028293437653924114,48.81589235165888,0.004973211348488697,0.07531352005910721,0.010346146472511883,-0.0025447115491608052,0
2021-05-17,387.0913391113281,415.5199890136719,416.3900146484375,413.3599853515625,415.3900146484375,65129200,-0.0025447115491608052,-0.00579052420484738,0.0007466027327094338,0.009197958627973677,-0.0008945406820272117,0.02400127734869484,47.750800548779324,0.004774354403130177,-0.6605697747739341,0.007292138469842188,-0.008615594397727078,0
2021-05-18,383.7563171386719,411.9400024414063,416.05999755859375,411.7699890136719,415.7999877929688,59810200,-0.008615594397727078,-0.0054803688198451495,-0.0005580216990246356,0.009257110378380017,-0.009475038691055149,0.013606900849303383,44.30300482289285,0.003900527195578137,-0.8331956495919094,0.010414158662661268,-0.0026218044844315003,0
2021-05-19,382.7501831054688,410.8599853515625,411.0499877929688,405.3299865722656,406.9200134277344,106467100,-0.0026218044844315003,0.0134432378577507,-0.01252192839319155,0.00899865917542051,-0.011452793607345857,0.009709484902122423,40.07337841133624,0.0029375015587571494,1.099912729108564,0.01392202069960335,0.010757969369694864,1
2021-05-20,386.8677978515625,415.2799987792969,416.6300048828125,411.6700134277344,411.7999877929688,78022200,0.010757969369694864,0.01218675379787082,0.007301072705601985,0.009103509166810778,-0.0011797170607850127,0.019220733246213095,47.89583275038747,0.002967743970518359,-0.07610395461382104,0.011943728254810902,-0.0008188132036232032,0
2021-05-21,386.551025390625,414.9400024414063,418.2000122070313,414.4500122070313,416.8699951171875,76578700,-0.0008188132036232032,-0.003936989607810082,-0.004319239998644808,0.00876693190367992,-0.0017814843578324302,0.017252974426198442,46.56406793143879,0.0029191850871592906,-0.14630143814965008,0.009037451144589361,0.01019436775924909,1
2021-05-24,390.4916687011719,419.1700134277344,420.3200073242188,417.0799865722656,417.3399963378906,51376700,0.01019436775924909,0.008784308110974859,0.0037356421696910225,0.009059799132167918,0.008205533431216994,0.02629493662631277,53.615831462061294,0.0036222670786096238,-1.23726892951935,0.007729610058358258,-0.0022188042152825327,0
2021-05-25,389.625244140625,418.239990234375,420.7099914550781,417.6199951171875,420.3299865722656,57451400,-0.0022188042152825327,0.015293369098683396,0.0017244841043271286,0.009075991271482812,0.005881423960020227,0.022859567467955477,52.49547262629699,0.003986762974604008,-1.0029365132644184,0.007388093941373326,0.001984532287322871,1
2021-05-26,390.3984680175781,419.0700073242188,419.6099853515625,417.760009765625,418.8699951171875,43088600,0.001984532287322871,0.019982446122048803,0.004000831920637937,0.009084767495093264,0.007675272794486654,0.02366512762291806,50.0,0.004370230014402238,-1.5753606162424822,0.004414478615994685,0.0005247574433207003,1
2021-05-27,390.6033325195313,419.2900085449219,420.7200012207031,418.989990234375,420.1700134277344,56707700,0.0005247574433207003,0.009655842871166387,-0.001833375068890808,0.00897034631321071,0.008297416719250217,0.023036444333217165,46.82512149444785,0.0046664626677433915,-0.9217393523932378,0.004126048680081474,0.0017890054838978209,1
2021-05-28,391.3021240234375,420.0400085449219,421.25,419.7900085449219,420.9700012207031,58520200,0.0017890054838978209,0.012290999947578207,0.006565976480677138,0.008844576603557227,0.009768596160181664,0.02337657606102228,52.552161591646204,0.004980972228767104,-0.7776744118865497,0.003475839028133873,-0.0008809728885584844,0
2021-06-01,390.9573974609375,419.6700134277344,422.7200012207031,419.2000122070313,422.5700073242188,54216600,-0.0008809728885584844,0.0011926727177424823,0.003514956110048484,0.008838260648344268,0.008700792858813644,0.02097307570168505,57.225849526138305,0.005111374611932471,-0.9088088863024988,0.008387516146130243,0.0015728803271466418,1
2021-06-02,391.57232666015625,420.3299865722656,421.2300109863281,419.2900085449219,420.3699951171875,49097100,0.0015728803271466418,0.004997321269123223,0.011332626377543065,0.008712681942606684,0.00971581322358328,0.021200607561038254,75.16843352401841,0.005269035807403095,-1.0097592156149602,0.004615427172414484,-0.0037115457965144483,0
2021-06-03,390.1189880371094,418.7699890136719,419.989990234375,416.2799987792969,417.8500061035156,58138800,-0.0037115457965144483,-0.0007158839067374911,0.007263992536578501,0.008765965294549816,0.0056034417995896035,0.015965430249633483,66.12189851038929,0.005061510770569122,-0.6380021279835788,0.008859258190435901,0.009145910026104875,1
2021-06-04,393.6869812011719,422.6000061035156,422.9200134277344,418.8399963378906,420.75,55938800,0.009145910026104875,0.007894578527402496,0.008423478709567167,0.00882247912735644,0.014370672194743639,0.023515196856586984,62.614914438855145,0.00550509907686429,-0.6808097905852316,0.009654559940645983,-0.0009700523280984363,0
2021-06-07,393.3050842285156,422.1900024414063,422.7799987792969,421.1900024414063,422.5899963378906,51555000,-0.0009700523280984363,0.005118705169507631,0.00016599819862062049,0.00867842850480684,0.013378157435193216,0.020915635765727858,64.3687845966675,0.005754042283427095,-0.8092083502960639,0.0037660681889577336,0.00021322456294203818,1
2021-06-08,393.3889465332031,422.2799987792969,423.2099914550781,420.3200073242188,423.1099853515625,47134300,0.00021322456294203818,0.006219473241988238,0.010384317082069883,0.008357062898236529,0.013066563264563902,0.019836141512665995,76.21663554755261,0.0058950745112123825,-0.8973051563213836,0.006843762762180356,-0.0014922537554393767,0
2021-06-09,392.8019104003906,421.6499938964844,423.260009765625,421.4100036621094,423.1799926757813,48436300,-0.0014922537554393767,0.003140119095549787,0.01796164287529911,0.008074026592152832,0.010652874131015011,0.017043435439876964,77.99593713610588,0.005829008728597696,-0.775345747043469,0.004387539737448221,0.0046484695874156046,1
2021-06-10,394.6278381347656,423.6099853515625,424.6300048828125,421.5499877929688,422.9599914550781,51020100,0.0046484695874156046,0.011557627892819555,0.04489280915091709,0.00618826921662122,0.013141021965915378,0.020349576189154117,74.77594750965096,0.006046628361326915,-0.6520088878722136,0.007270879337954049,0.001652364655466032,1
2021-06-11,395.2799072265625,424.30999755859375,424.4299926757813,422.8200073242188,424.2000122070313,45570800,0.001652364655466032,0.004046173994706415,0.034195889032592186,0.00574263648612568,0.013115343102171106,0.02065981194097266,77.28504162946344,0.006290769358270124,-0.9272230728162694,0.0037943611058567483,0.002239176093137729,1
2021-06-14,396.1650085449219,425.260009765625,425.3699951171875,423.1000061035156,424.4299926757813,42358500,0.002239176093137729,0.007271516263300137,0.020836280603675483,0.004766945715662639,0.014332784823637645,0.02173358544616688,71.92140067543346,0.0065820585610525595,-1.0389484782436573,0.005337884968123248,-0.001834220683455401,0
2021-06-15,395.4383544921875,424.4800109863281,425.4599914550781,423.5400085449219,425.4200134277344,51508500,-0.001834220683455401,0.005209622631863642,0.021563425831283567,0.004741385471700236,0.011391525562068017,0.01897227441160898,72.70672604686203,0.006612087304842932,-0.37982833395111315,0.004523140926459526,-0.005583465120880815,0
2021-06-16,393.2304382324219,422.1099853515625,424.8699951171875,419.9200134277344,424.6300048828125,80386100,-0.005583465120880815,0.0010909514966321865,0.02468785703487586,0.004454944433488467,0.004527398348118661,0.012505592781394848,59.94713327730804,0.006139662398081102,1.4115238989247767,0.011726758099149056,-0.0003314610556541808,0
2021-06-17,393.10009765625,421.9700012207031,423.0199890136719,419.3200073242188,421.6700134277344,90949700,-0.0003314610556541808,-0.0038713449252252286,0.027040913388483467,0.004379531768177597,0.0028686748584465516,0.011423720797709702,58.815897796187016,0.005645904274454808,2.495658060042069,0.008768352439153288,-0.013490458581810971,0
2021-06-18,387.7969970703125,414.9200134277344,417.8299865722656,414.7000122070313,417.0899963378906,118676300,-0.013490458581810971,-0.018930661588020037,0.002401852063961485,0.0049548874964039594,-0.010777733675098489,-0.002591766691231512,40.66041295325328,0.0041732582333530105,3.1594923758740303,0.007543560840502716,0.01431606571702071,1
2021-06-21,393.3487243652344,420.8599853515625,421.05999755859375,415.9299926757813,416.7999877929688,72822000,0.01431606571702071,-0.007108866555457394,0.017585515308722988,0.005872813711123509,0.0025148523642068987,0.011166449266583278,54.98777229090363,0.003996239011225266,0.7302958505999907,0.012189338643176372,0.005346004977325736,1
2021-06-22,395.4515686035156,423.1099853515625,424.0,420.0799865722656,420.8500061035156,57700300,0.005346004977325736,3.3416362317906234e-05,0.012701679190342485,0.005560208813688916,0.007237670515399364,0.01594667118271098,57.618364384543554,0.004261833527113194,-0.10073229077203182,0.00926476226855585,-0.0012052639893157524,0
2021-06-23,394.9749450683594,422.6000061035156,424.0499877929688,422.510009765625,423.1900024414063,49445400,-0.0012052639893157524,0.004436347409369157,0.013730375554935836,0.005537296112105652,0.005338746287132379,0.014182240974522253,59.916959796176315,0.004347094579339255,-0.5215191925987815,0.003644055856843954,0.005915531720630751,1
2021-06-24,397.3114318847656,425.1000061035156,425.5499877929688,424.6199951171875,424.8900146484375,45110300,0.005915531720630751,0.01071313452635736,0.017707456441340863,0.0056539547563715575,0.01039692621929178,0.019448127044010333,57.7939856255611,0.004803802944207905,-0.7631272547222073,0.0021877032755319354,0.0035523190118886827,1
2021-06-25,398.7228088378906,426.6099853515625,427.0899963378906,425.5499877929688,425.8999938964844,58129500,0.0035523190118886827,0.028174049438544513,0.02078701240459413,0.005684021152699891,0.012940392321840966,0.022476332868143212,61.15627380153386,0.005391132441135056,-0.06506018419373104,0.0036098745875643807,0.0020157900106612114,1
2021-06-28,399.5265502929688,427.4700012207031,427.6499938964844,425.8900146484375,427.1700134277344,53159600,0.0020157900106612114,0.015705722543536638,0.021018097691283488,0.005685810355622483,0.013923029786821584,0.023969501558610995,62.27474302119923,0.005951981695617596,-0.317788320976204,0.004117199436266865,0.0005381277858327316,1
2021-06-29,399.7415466308594,427.7000122070313,428.55999755859375,427.1300048828125,427.8800048828125,35970500,0.0005381277858327316,0.010848301961459583,0.022468302753625657,0.0056691977605456524,0.013339156085207637,0.0238414734753134,64.08839710547184,0.006371560721275803,-1.1508522769351595,0.0033434478255031045,0.0008417609308870588,1
2021-06-30,400.0780334472656,428.05999755859375,428.7799987792969,427.1799926757813,427.2099914550781,64827900,0.0008417609308870588,0.012920030606050403,0.021721930299970937,0.005668527508270564,0.013099930153926964,0.023858510383931275,61.77683933983441,0.006691704619031903,0.3064221374114768,0.003737808047098715,0.005536639618873185,1
2021-07-01,402.2931213378906,430.4299926757813,430.6000061035156,428.7999877929688,428.8699951171875,53441000,0.005536639618873185,0.012538500162184718,0.03120620547601538,0.0056333014645809625,0.017141276786453163,0.028753781270808743,64.1953620416801,0.007271876869549129,-0.27359343875086223,0.0041819072582673636,0.00764333133242423,1
2021-07-02,405.3679809570313,433.7200012207031,434.1000061035156,430.5199890136719,431.6700134277344,57697700,0.00764333133242423,0.016666144930380433,0.029670779867344566,0.005535881607381996,0.023404375805367472,0.035488623558725285,67.11083119138004,0.008219326389374218,-0.057036436073959376,0.008254212579009055,-0.0018211865936698102,0
2021-07-06,404.6297302246094,432.9299926757813,434.010009765625,430.010009765625,433.7799987792969,68710400,-0.0018211865936698102,0.012773068342763372,0.028793540816558494,0.0055589115575671,0.020082329892076922,0.0327374217206573,67.08190361678106,0.008781892565982878,0.46976997956103084,0.009239369107410344,0.0035339262881926015,1
2021-07-07,406.0596618652344,434.4599914550781,434.760009765625,431.510009765625,433.6600036621094,63549500,0.0035339262881926015,0.015805500548106588,0.03220912901517381,0.005570078403294887,0.02205483998749802,0.03548733560400219,74.55273498642659,0.009359654126902619,0.16131393588534382,0.00748055071564867,-0.008147973175232415,0
2021-07-08,402.7510986328125,430.9200134277344,431.7300109863281,427.5199890136719,428.7799987792969,97595200,-0.008147973175232415,0.006681359540073872,0.025328767424477316,0.005950452532131689,0.012459455364954852,0.02632803629774183,66.46699353075695,0.009154492590132174,1.6871218114462894,0.009769845543185184,0.010674871951546594,1
2021-07-09,407.0504150390625,435.5199890136719,435.8399963378906,430.7099914550781,432.5299987792969,76238600,0.010674871951546594,0.011825441323358277,0.03147922093639677,0.006274393696152609,0.02167206068582339,0.0363222824164775,84.01628737555845,0.009578495879610977,0.5861779369709493,0.011779034285958936,0.003581885089983361,1
2021-07-12,408.5084228515625,437.0799865722656,437.3500061035156,434.9700012207031,435.4299926757813,52889600,0.003581885089983361,0.007747138506393414,0.03346619796036787,0.006290546878801798,0.023632200938956238,0.039124857224784204,81.31318543471312,0.010126752059611941,-0.5758195281704377,0.0054452387570461235,-0.0034089336892473288,0
2021-07-13,407.1158447265625,435.5899963378906,437.8399963378906,435.30999755859375,436.239990234375,52911300,-0.0034089336892473288,0.006144171612335825,0.02764210857960947,0.006389468209689958,0.018744968917632887,0.034615839679742466,74.82150905215677,0.010230615064198067,-0.6152587149155386,0.005808211392748182,0.0014922372479568846,1
2021-07-14,407.7233581542969,436.239990234375,437.9200134277344,434.9100036621094,437.3999938964844,64130400,0.0014922372479568846,0.004097172029894125,0.031066798459359113,0.006344431924323327,0.018699369039479885,0.035205522933005495,76.97825929714692,0.010271972438853246,-0.08123543199425945,0.006899894170655554,-0.003415722081851702,0
2021-07-15,406.3306884765625,434.75,435.5299987792969,432.7200012207031,434.80999755859375,55126400,-0.003415722081851702,0.008887846255171805,0.03331443593997063,0.006233701622214314,0.013561028896773353,0.030667493286935743,69.88075970450245,0.009960802619360021,-0.4820743525658434,0.006463479145701553,-0.007843619401314839,0
2021-07-16,403.1435852050781,431.3399963378906,436.05999755859375,430.9200134277344,436.010009765625,75874700,-0.007843619401314839,-0.009597901610318815,0.025549440482741215,0.006576787332345504,0.004352953451949748,0.021762375959758717,59.03707659368462,0.009020966972349484,0.6566805384213523,0.01191631699934676,-0.01476782085733841,0
2021-07-19,397.1900329589844,424.9700012207031,431.4100036621094,421.9700012207031,426.1900024414063,147987000,-0.01476782085733841,-0.027706625517219363,0.024221528169721118,0.006732169798396592,-0.011635581962891162,0.006326731446485212,46.05436883197187,0.007046125700038906,3.511516512235043,0.022213338386922275,0.014330329417555188,1
2021-07-20,402.88189697265625,431.05999755859375,432.4200134277344,424.8299865722656,425.6799926757813,99608200,0.014330329417555188,-0.010399859913951426,0.024235931164658053,0.006733630893211681,0.0013403025577247707,0.020249244573054437,54.47524595739201,0.006364601845323891,1.3362105681502163,0.01760782002147402,0.008096497751717724,1
2021-07-21,406.1438293457031,434.5499877929688,434.7000122070313,431.010009765625,432.3399963378906,64724400,0.008096497751717724,-0.003874020894324093,0.027038104261277285,0.006849433685539309,0.008108127741448978,0.027635402369754036,57.97895230387809,0.006429920441545914,-0.08634269772271615,0.008491548832269954,0.0020939216311113285,1
2021-07-22,406.9942626953125,435.4599914550781,435.7200012207031,433.6900024414063,434.739990234375,47878500,0.0020939216311113285,0.0016330891009928017,0.030430582438268017,0.006824155315961702,0.008714343271849279,0.028687594690441243,56.41416181240551,0.006601083885990017,-0.7635363554278797,0.004661734301958788,0.01028809299789435,1
2021-07-23,411.1814575195313,439.9400024414063,440.2999877929688,436.7900085449219,437.5199890136719,63766600,0.01028809299789435,0.019937988869063394,0.0349097068991171,0.00703897900681121,0.017343472905425816,0.03751341902801486,57.69815175820585,0.007414904104929004,-0.16272121589533906,0.007978313471311149,0.0024548758111606617,1
2021-07-26,412.19085693359375,441.0199890136719,441.0299987792969,439.260009765625,439.30999755859375,43719200,0.0024548758111606617,0.03776737261722385,0.033777972559324576,0.007028383060406113,0.018144564132476226,0.038489163240367,59.940987137378634,0.008196387659241175,-0.9403260281678306,0.0040133986163085325,-0.004557674097316333,0
2021-07-27,410.3122253417969,439.010009765625,439.9400024414063,435.989990234375,439.9100036621094,67397100,-0.004557674097316333,0.01844294425977866,0.0269961409095818,0.007164523096244074,0.012155926192527922,0.03259923667914699,55.52585829489433,0.008404209906225098,-0.012436717759030892,0.008997544746508414,-0.00040974001627791523,0
2021-07-28,410.1441040039063,438.8299865722656,440.2999877929688,437.30999755859375,439.6799926757813,52472400,-0.00040974001627791523,0.009849404002142848,0.026023207897009293,0.007173355915962869,0.010444755730960154,0.030979893296067207,60.46032439639862,0.008412618416368072,-0.6782229222842158,0.0068135504087359616,0.004147072212406178,1
2021-07-29,411.8450012207031,440.6499938964844,441.7999877929688,439.80999755859375,439.8200073242188,47435300,0.004147072212406178,0.01191844448436874,0.029411681696312142,0.007200031304228829,0.013166583666534004,0.03379558614825662,57.322237353668534,0.008615727479457993,-0.8380554984979193,0.0045160337273090646,-0.00485649228322349,0
2021-07-30,409.8448791503906,438.510009765625,440.05999755859375,437.7699890136719,437.9100036621094,68951200,-0.00485649228322349,-0.0032505803574014447,0.01877177961031351,0.007266214661595332,0.007310465567520907,0.027377487158034786,52.00777564334738,0.008357067939065497,0.02167673760684869,0.005222249193686228,-0.002097797904167864,0
2021-08-02,408.985107421875,437.5899963378906,440.9299926757813,437.2099914550781,440.3399963378906,58783300,-0.002097797904167864,-0.007777342601840376,0.008923069000921213,0.007119316308499217,0.004750714162799818,0.02408669822255516,52.853905319599015,0.007875410183094006,-0.40649412902067317,0.008501111204175554,0.008135431944665816,1
2021-08-03,412.3123779296875,441.1499938964844,441.2799987792969,436.1000061035156,438.4400024414063,58053900,0.008135431944665816,0.004874708732415911,0.018986859173233617,0.007296698363038645,0.01196980415846327,0.03108786558491583,56.469063804853896,0.007978601355727978,-0.41276739697266346,0.01174202141550235,-0.004918859578353474,0
2021-08-04,410.2842712402344,438.9800109863281,441.1199951171875,438.7300109863281,439.7799987792969,46732200,-0.004918859578353474,0.0003417511917389593,0.010403912951102434,0.007384414697324287,0.00647027325660865,0.02500141484586882,55.475208969214826,0.007663625654639445,-0.8339673436354968,0.005444403095916388,0.006332770389004372,1
2021-08-05,412.8825073242188,441.760009765625,441.8500061035156,439.8800048828125,440.2200012207031,38969700,0.006332770389004372,0.002519166435043685,0.02515550851580195,0.007194846594338956,0.011586949329687624,0.03029524952831064,63.71079239679913,0.007754684696852296,-1.0459828706264604,0.0044594376520145085,0.0016523355842938958,1
2021-08-06,413.5647277832031,442.489990234375,442.9400024414063,441.7999877929688,442.1000061035156,46930000,0.0016523355842938958,0.009076235478466366,0.016003700041714586,0.006848476099966635,0.012450471800831142,0.030805857772688183,77.07080022844653,0.007894205498192707,-0.651725463956053,0.0025763625699954593,-0.0008135517277587656,0
2021-08-09,413.228271484375,442.1300048828125,442.7999877929688,441.30999755859375,442.4599914550781,41222600,-0.0008135517277587656,0.010374862031646392,0.011553858791615523,0.006825548221163272,0.011042676643202354,0.028806905475281086,70.78520665656322,0.007865076527194325,-0.849699538065317,0.003370027408047056,0.0012441044250119937,1
2021-08-10,413.7423706054688,442.6799926757813,443.4400024414063,441.8800048828125,442.6099853515625,43339300,0.0012441044250119937,0.0034682264038776722,0.01627675749971602,0.0067608231194987,0.011480558863729007,0.02893713341357307,67.15946603447223,0.007837082981575854,-0.7358621333956985,0.0035239847845040255,0.002484748305551454,1
2021-08-11,414.7704162597656,443.7799987792969,443.8800048828125,442.6199951171875,443.8200073242188,44034300,0.002484748305551454,0.010934235928592217,0.017283920492977778,0.006769582068823184,0.0131211298607945,0.030273513511750005,67.42081262349001,0.007912050082848707,-0.6596550776671742,0.002839266684147329,0.002996939857468073,1
2021-08-12,416.0134582519531,445.1099853515625,445.260009765625,442.6600036621094,443.6199951171875,38909400,0.002996939857468073,0.007583152282292449,0.023829777198699498,0.006707039545924347,0.014957145162038499,0.032107978911737556,62.470052499680996,0.008110603262190725,-0.8165210290152207,0.005841266628655959,0.0018199918734904674,1
2021-08-13,416.7705993652344,445.9200134277344,445.9400024414063,445.0700073242188,445.5899963378906,39470300,0.0018199918734904674,0.007751801269937575,0.03380188761585834,0.006360401471195877,0.015116923716968822,0.032620842890312085,61.974959902329324,0.008322296586911148,-0.7209914391995328,0.0019510115962276518,0.00235458845629255,1
2021-08-16,417.7519226074219,446.9700012207031,447.1099853515625,442.8699951171875,444.5299987792969,73740000,0.00235458845629255,0.010947099787720793,0.0517683928150352,0.005046157318932912,0.014965529055007032,0.033819409711127735,70.41085614006899,0.008572501955363394,1.26938234660166,0.00948607338925503,-0.006555167528131234,0
2021-08-17,415.0134887695313,444.0400085449219,444.9599914550781,440.8500061035156,444.239990234375,92673900,-0.006555167528131234,0.003072245567216969,0.030112030071429263,0.004620683253088047,0.006828457435240409,0.025940234091741177,61.70797280956133,0.008217101201285245,2.7124562025100083,0.009255889722708866,-0.010945086175162988,0
2021-08-18,410.47113037109375,439.1799926757813,444.6300048828125,438.9200134277344,442.9599914550781,89351900,-0.010945086175162988,-0.010365459348429695,0.010654602416001024,0.005123194782646305,-0.004713797104797135,0.013854963092941208,47.09376714760659,0.007004243608990533,2.1106879284005586,0.013001483560963235,0.0015482161834390329,1
2021-08-19,411.1066284179688,439.8599853515625,441.1400146484375,436.1199951171875,436.2699890136719,92812200,0.0015482161834390329,-0.011794882441068966,0.01010423511973424,0.005115945478256596,-0.0036696204322655968,0.014507266342431269,52.83259044489735,0.006017124102295085,1.9523109160888792,0.01141276701320694,0.007956934905741342,1
2021-08-20,414.3777770996094,443.3599853515625,443.7099914550781,439.7099914550781,440.2300109863281,72008700,0.007956934905741342,-0.005741341326066185,0.007773501264769944,0.004903723165248773,0.0038692976292633574,0.021583838455530246,60.92368559329892,0.0057724617454851775,0.7710420993595744,0.009022014011544588,0.008796736506128777,1
2021-08-23,418.02294921875,447.260009765625,448.2300109863281,443.4400024414063,445.1600036621094,54973000,0.008796736506128777,0.0006487740610181536,0.014149009341310581,0.00523737551283782,0.011985164814356741,0.029416066940211483,61.42055705151835,0.006199406128124086,-0.1902988608328636,0.010709673210962674,0.0015875569873533557,1
2021-08-24,418.68658447265625,447.9700012207031,448.5400085449219,447.4200134277344,447.9700012207031,38744700,0.0015875569873533557,0.008850545349779582,0.020409723653452838,0.005089899633821026,0.012565344153300684,0.02990792414968335,67.7737882667059,0.006618830224624592,-0.9879103945325346,0.002500156515247787,0.002098105167220865,1
2021-08-25,419.5650329589844,448.9100036621094,449.4599914550781,447.7699890136719,448.1700134277344,40529700,0.002098105167220865,0.02215479217666072,0.022969802230750513,0.005083631868318782,0.013535199362227246,0.030845205001335696,65.24505797317366,0.00703232491456484,-0.8431698154797921,0.003764679841437216,-0.005902981363450799,0
2021-08-26,417.0883483886719,446.260009765625,448.8599853515625,446.1600036621094,448.6099853515625,57829600,-0.005902981363450799,0.014550288312601634,0.012731360469175446,0.005265095051988469,0.006914628190511696,0.023560176197133575,57.430197508809776,0.006856586085350553,0.04959005512960931,0.006050243423942806,0.008940853876568733,1
2021-08-27,420.8174743652344,450.25,450.6499938964844,447.05999755859375,447.1199951171875,77235100,0.008940853876568733,0.015540643397189191,0.026772556576990736,0.005408152569721217,0.014573526888303157,0.031308683186545005,64.00007205998094,0.007256396836841372,1.0453076452666343,0.007973340006420044,0.004397597652738838,1
2021-08-30,422.6680603027344,452.2300109863281,453.0700073242188,450.7099914550781,450.9700012207031,48357400,0.004397597652738838,0.01111209586140105,0.03345587072133949,0.005386092014462525,0.017357131623442434,0.03407653157868418,65.69178587102424,0.007850829984361232,-0.4405438249323796,0.0052186184282494025,-0.001481589838315367,0
2021-08-31,422.0418395996094,451.55999755859375,452.489990234375,450.9200134277344,452.1300048828125,59300200,-0.001481589838315367,0.008013763161719423,0.023597306776904636,0.005203817441420963,0.014661722625534335,0.031096814897767944,62.966707880919834,0.008145856935719217,0.1274454720692106,0.003476784513971274,0.0005314015355761814,1
2021-09-01,422.26611328125,451.7999877929688,453.1099853515625,451.5499877929688,452.55999755859375,48721400,0.0005314015355761814,0.006437810851910752,0.029203756714329066,0.005006611760056335,0.013740803016109915,0.03029482801633887,61.57039868171535,0.008313019898206691,-0.4309740372546974,0.0034528499352428953,0.0030767193839971174,1
2021-09-02,423.5653076171875,453.1900024414063,454.0499877929688,451.9100036621094,453.3200073242188,42501000,0.0030767193839971174,0.015528986253243282,0.025873705239296996,0.004891164063130435,0.015557531077659448,0.03202491312108546,62.326178784372566,0.008571705978635226,-0.772139724435185,0.0047220462043094475,-0.0002427340456221394,0
2021-09-03,423.4624938964844,453.0799865722656,453.6300048828125,451.5499877929688,451.9800109863281,47170500,-0.0002427340456221394,0.006285431790207241,0.02393281014639581,0.0049021073130046935,0.014107716501752465,0.030461236045560725,60.70052883911579,0.008679417751455306,-0.5265699023100675,0.0045908385969106,-0.0035754491255739485,0
2021-09-07,421.9484252929688,451.4599914550781,452.80999755859375,450.739990234375,452.7099914550781,51671500,-0.0035754491255739485,-0.0017026008760873124,0.02110251018709297,0.0049995901929982545,0.009427830929628955,0.02561756479605659,63.619691027128624,0.008408107791578636,-0.3220163784345396,0.004585140130683591,-0.0012183209432734543,0
2021-09-08,421.4343566894531,450.9100036621094,451.6700134277344,448.8599853515625,450.8900146484375,56181900,-0.0012183209432734543,-0.0014393902527117808,0.01859124573760207,0.005024984650419583,0.007271256269113513,0.023278228668965673,75.57803571098,0.007987867202636004,-0.11619039598425455,0.0062319044894767455,-0.004280222955675428,0
2021-09-09,419.6305236816406,448.9800109863281,452.5700073242188,448.7200012207031,450.7000122070313,57970400,-0.004280222955675428,-0.006241537070378,0.011717584551235616,0.005141403674661973,0.002377722001891902,0.0179152240852547,68.85878144525624,0.0072491391584863845,-0.05758063790363169,0.008575005588907872,-0.00788454024023788,0
2021-09-10,416.3219299316406,445.4400024414063,451.489990234375,445.30999755859375,451.0400085449219,89948200,-0.00788454024023788,-0.017100970158050233,0.0007414944722790029,0.005440897813365327,-0.005562203103681274,0.009094193765572856,54.294246117342546,0.00597902598242696,1.524501164781551,0.013873905895091165,0.002559148608085371,1
2021-09-13,417.3873596191406,446.5799865722656,448.9200134277344,444.1099853515625,448.6400146484375,83738600,0.002559148608085371,-0.014346333771955821,0.0014798554764794414,0.005456034698092455,-0.003090721845114497,0.010936895252071421,48.41553983631226,0.005061844291204423,1.0799079828473848,0.010770809755921554,-0.0053963789731175105,0
2021-09-14,415.1349792480469,444.1700134277344,448.3399963378906,443.2200012207031,448.1199951171875,78197100,-0.0053963789731175105,-0.016147580217158564,-0.0062643478527667495,0.005560842714571661,-0.008160450376604511,0.005006003220527466,41.79605716726797,0.0038880282429006718,0.7618311003352614,0.011527106653768993,0.00835262850651497,1
2021-09-15,418.6024475097656,447.8800048828125,448.4100036621094,443.4400024414063,444.6199951171875,78792200,0.00835262850651497,-0.0067196922480011745,0.008647812269608757,0.005676123132605365,-0.0003045890956083763,0.01271530777890506,48.014038109917344,0.0035392906978603126,0.87249004515474,0.011096724940876665,-0.0015852863266229145,0
2021-09-16,417.9388427734375,447.1700134277344,448.3599853515625,444.0199890136719,447.3200073242188,77786700,-0.0015852863266229145,-0.004031358094166104,0.01819302710909887,0.005037435668570295,-0.0027786246015930605,0.010529031563104807,51.89659091373094,0.003129461801036558,0.8842530325677361,0.009705472655965552,-0.009741059158730692,0
2021-09-17,413.86767578125,441.3999938964844,445.3699951171875,441.0199890136719,444.9200134277344,118425000,-0.009741059158730692,-0.0058950873685506,0.006716134385637007,0.005567259844952955,-0.012817794165379093,0.000147756434998092,34.73491160592073,0.002010827547201517,2.707165109832771,0.009855020760457404,-0.01667434028511061,0
2021-09-20,406.9667053222656,434.0400085449219,436.55999755859375,428.8599853515625,434.8800048828125,166445500,-0.01667434028511061,-0.024966386874733515,-0.01788481957024024,0.006450190452573549,-0.028419658555662308,-0.01652506861060854,21.77445546031872,-0.00024689292522369857,3.205041928431406,0.017740328208094947,-0.0009443975978375985,0
2021-09-21,406.5823669433594,433.6300048828125,437.9100036621094,433.0700073242188,436.5299987792969,92526100,-0.0009443975978375985,-0.02060200352227426,-0.027368311468956685,0.006035306427459705,-0.02800982270390795,-0.017362386181266953,21.965475945393734,-0.002116999281692999,0.7128568204111188,0.011161580802505965,0.009754639589860892,1
2021-09-22,410.5484313964844,437.8599853515625,440.0299987792969,433.75,436.0499877929688,102350100,0.009754639589860892,-0.01924025089006043,-0.01943733899767064,0.006503987856252736,-0.017572735211241475,-0.0079417118173718,31.290024237474626,-0.0027528729536782895,0.9343533233849407,0.01434248159090079,0.01215013828667244,1
2021-09-23,415.5366516113281,443.1799926757813,444.8900146484375,439.6000061035156,439.8500061035156,76396000,0.01215013828667244,-0.00574770975142791,-0.009601327639832347,0.0071127133903876455,-0.0051566051067646335,0.00373291971185008,38.531481395910475,-0.00223926652665961,0.027703507153436228,0.011936478704696185,0.0016471428922897324,1
2021-09-24,416.2210998535156,443.9100036621094,444.6700134277344,441.2099914550781,441.4400024414063,62094800,0.0016471428922897324,0.005686416722018972,-0.002079292165572788,0.007008115147215743,-0.0034144956283335137,0.004906059359845338,39.82511719172102,-0.001703039411064252,-0.4652815047279495,0.00779442216690821,-0.0028608962430747287,0
2021-09-27,415.03033447265625,442.6400146484375,444.0499877929688,441.8999938964844,442.80999755859375,61371100,-0.0028608962430747287,0.019813977519377746,-0.01375213779158646,0.006698534065509709,-0.005576660563045732,0.0014563145252333154,40.190264521690295,-0.0014989034593513215,-0.46022699938217576,0.004857206364842644,-0.020151673777845658,0
2021-09-28,406.6667785644531,433.7200012207031,440.0400085449219,432.9400024414063,439.6900024414063,130436300,-0.020151673777845658,0.00020761259699564327,-0.037857797267246585,0.007868055864536063,-0.023744498787590773,-0.019173279991984038,32.87254646566468,-0.0029857672823675125,1.6370949472383398,0.016370022326691484,0.0016829188984828214,1
2021-09-29,407.3511657714844,434.4500122070313,437.0400085449219,433.8500061035156,435.1900024414063,82329200,0.0016829188984828214,-0.007787791598970362,-0.03480857215972244,0.007908590400215484,-0.020374124633616764,-0.017734390643308617,35.378720818852685,-0.003951611149870418,0.06695649213367263,0.007342622515305851,-0.012222279408960812,0
2021-09-30,402.3724060058594,429.1400146484375,436.7699890136719,428.7799987792969,436.0199890136719,140506000,-0.012222279408960812,-0.031680107048130846,-0.047111777738462424,0.008223700093468587,-0.030027126077175614,-0.02956340817718428,34.02539452660302,-0.005712034755961994,1.6950724722949144,0.018618609222261887,0.011884089869509395,1
2021-10-01,407.15423583984375,434.239990234375,436.0299987792969,427.2300109863281,430.9800109863281,129240100,0.011884089869509395,-0.021783768330973285,-0.03874508011448341,0.008750113701474733,-0.01655457219219436,-0.018038229740117595,39.200544161249,-0.0059689274816054246,1.2258668473066183,0.02026526342776279,-0.012895875541444224,0
2021-10-04,401.9036254882813,428.6400146484375,433.9599914550781,426.3599853515625,433.0,128570000,-0.012895875541444224,-0.03162831218362372,-0.05091092769475147,0.009072624893560317,-0.02670280954451265,-0.03026751215754353,36.86745294648967,-0.007277312415891027,1.0956166004263592,0.017730510087232542,0.010405041072690357,1
2021-10-05,406.08544921875,433.1000061035156,435.489990234375,429.3900146484375,430.239990234375,90682500,0.010405041072690357,-0.00142949799773473,-0.03759458531739934,0.009518696294467312,-0.014683032587081035,-0.019888637095402006,37.75018143698086,-0.007252874198150785,-0.1469587796114941,0.014084450473269075,0.004155905096174806,1
2021-10-06,407.7731018066406,434.8999938964844,435.1199951171875,427.5400085449219,429.2699890136719,113032200,0.004155905096174806,0.0010358041675346819,-0.0324160920104557,0.009613475267427682,-0.00894560625220886,-0.015694744426810514,40.2467425312893,-0.006849795751156728,0.5074042666422917,0.017429263459750304,0.00864562092138188,1
2021-10-07,411.2985534667969,438.6600036621094,441.6799926757813,438.2000122070313,438.3900146484375,72437500,0.00864562092138188,0.022183796223858243,-0.019855491306359108,0.009855410108404666,0.0006358218455075892,-0.007240144276445704,47.509038003703374,-0.005740144909674303,-0.918153946233564,0.007933206674184401,-0.001823789711852375,0
2021-10-08,410.5484313964844,437.8599853515625,439.8900146484375,437.1900024414063,439.4800109863281,74557400,-0.001823789711852375,0.008336387682764457,-0.013867870318780118,0.00972345098727205,-0.00048716110312696514,-0.008988700950837702,53.94306632317785,-0.005005963225474838,-0.8047021322344821,0.006166382627687077,-0.007239803666895583,0
2021-10-11,407.5761413574219,434.6900024414063,440.260009765625,434.6199951171875,437.1600036621094,65233300,-0.007239803666895583,0.014114119677942405,-0.023506265907696222,0.009799658598145826,-0.006536935348742223,-0.01605565789971697,51.03505269983344,-0.004979066248042678,-1.0652353325396962,0.012974797250364049,-0.0024613163684801265,0
2021-10-12,406.5729675292969,433.6199951171875,436.1000061035156,432.7799987792969,435.6700134277344,71181200,-0.0024613163684801265,0.0012005313450280664,-0.020624645348505166,0.009754481215235906,-0.007946963629957504,-0.018363130183181697,45.58704365665473,-0.005081501178152866,-0.8467506647054771,0.007656490386983896,0.003597650695814858,1
2021-10-13,408.0356750488281,435.1799926757813,436.0499877929688,431.5400085449219,434.7099914550781,72974000,0.003597650695814858,0.0006439199668251128,-0.025242978209512268,0.009570847237174286,-0.0030927246410797915,-0.014628049604199944,40.96650515124427,-0.0047899975722192735,-0.7723026591646813,0.010363480224163168,0.016820670979490693,1
2021-10-14,414.8991088867188,442.5,442.6600036621094,438.5799865722656,439.0799865722656,70236800,0.016820670979490693,0.008754116418774549,-0.007273154767207246,0.01038553023643048,0.014052474614347998,0.0017232947412550992,48.614165399274874,-0.003126880298714354,-0.8419765442888312,0.009220377604166666,0.007615656279389427,1
2021-10-15,418.058837890625,445.8699951171875,446.260009765625,444.0899963378906,444.75,66260200,0.007615656279389427,0.018293594420989212,0.010126816745143152,0.010280943528912186,0.021252085088496075,0.009099848136091548,53.04889888413705,-0.001233405453659579,-0.8804457252635557,0.004866919621186963,0.0029605184396588324,1
2021-10-18,419.2965087890625,447.1900024414063,447.5499877929688,443.2699890136719,443.9700012207031,62213200,0.0029605184396588324,0.02875626476222637,0.030296835848115045,0.009453340867390863,0.022735292950181618,0.011807335140338715,64.84465963001254,0.0004803706146706072,-0.9866088994656848,0.009570873132070355,0.007714905075203671,1
2021-10-19,422.5313415527344,450.6400146484375,450.7099914550781,448.2699890136719,448.9200134277344,46996800,0.007714905075203671,0.03925094705733856,0.039226921544280424,0.009531733070227004,0.028624807483980774,0.019155745954571035,66.83316277634297,0.002411574872883503,-1.3962584334107517,0.005414526810961948,0.003927700155725633,1
2021-10-20,424.19091796875,452.4100036621094,452.7300109863281,451.010009765625,451.1300048828125,49571600,0.003927700155725633,0.0395927216853984,0.033229907920633295,0.009368893107716002,0.030952950347444608,0.022643228032584117,76.11687752831241,0.0041968624429739925,-1.1736182224335017,0.003801863811101178,0.0026082224547421262,1
2021-10-21,425.29730224609375,453.5899963378906,453.8299865722656,451.30999755859375,451.7699890136719,41305400,0.0026082224547421262,0.025061980458998656,0.023489265259554637,0.009044879052513055,0.032417340826802254,0.024790360111795806,73.81263658444371,0.0057482272072876955,-1.331675032564773,0.005555653859250175,-0.0010361547693757966,0
2021-10-22,424.8566284179688,453.1199951171875,454.6700134277344,451.0499877929688,453.1300048828125,58845100,-0.0010361547693757966,0.01626036794639485,0.02074745506052511,0.009057797293210336,0.030267726149716845,0.023292424663492017,84.47895846703963,0.0068311528697813815,-0.7431683400734818,0.007989110332306886,0.005362850030836697,1
2021-10-25,427.1350708007813,455.5499877929688,455.8999938964844,452.3900146484375,454.2799987792969,45214500,0.005362850030836697,0.018694555874926744,0.029165907459524743,0.009056795072685189,0.03427490706176317,0.028266806835682834,83.5375803487209,0.007982078751414122,-1.1369713399175134,0.007704926664693568,0.000899876696530022,1
2021-10-26,427.5194396972656,455.9599914550781,458.489990234375,455.55999755859375,457.2000122070313,56075100,0.000899876696530022,0.011805273725259857,0.051277021463181915,0.007500307013877616,0.03259867030602859,0.028708341162489548,82.82428187625314,0.008885176019221449,-0.7115059607870652,0.006425986338035795,-0.0044300942604078575,0
2021-10-27,425.62548828125,453.9400024414063,457.1600036621094,453.8599853515625,456.4500122070313,72438000,-0.0044300942604078575,0.003381897753420793,0.044861348255026634,0.007659517270404514,0.025760387698689824,0.023628301975433752,75.18148649967881,0.0091843877202298,-0.13486950311943588,0.00726972351587991,0.009648885314696543,1
2021-10-28,429.7322998046875,458.3200073242188,458.3999938964844,455.4500122070313,455.4599914550781,51437900,0.009648885314696543,0.010427993629800847,0.06799644655162984,0.007023239193053451,0.032254615828471334,0.03254855773833776,80.15947723707137,0.009956810448081282,-0.8041425407343715,0.006436510827174582,0.00202904981213603,1
2021-10-29,430.604248046875,459.25,459.55999755859375,455.55999755859375,455.8699951171875,70162400,0.00202904981213603,0.013528374619712347,0.05759491156627794,0.006730214055269593,0.031444102006623176,0.03367513119758048,88.76302100724229,0.01065752129959934,0.055109717983411896,0.008709853021230268,0.0017204770503840283,1
2021-11-01,431.3450927734375,460.0400085449219,460.7000122070313,458.2000122070313,460.2999877929688,48433600,0.0017204770503840283,0.00985641840358209,0.07325504279635986,0.005638233822153038,0.02958822832988317,0.034610742918259385,92.07025763551665,0.011218798798742904,-0.978310010708545,0.005434309959056269,0.004042997199156906,1
2021-11-02,433.0890197753906,461.8999938964844,462.2300109863281,460.0799865722656,460.2200012207031,48908400,0.004042997199156906,0.013027665085987516,0.06649726211217755,0.005406181379749169,0.03043000721499034,0.03804343570124047,92.1452846655374,0.011819768726049446,-0.8667431819206084,0.0046547400789625,0.006105220597089955,1
2021-11-03,435.7331237792969,464.7200012207031,465.1499938964844,460.8299865722656,461.2999877929688,52509800,0.006105220597089955,0.023747721356780715,0.06856759763893017,0.005441060226527646,0.033284096376979155,0.04352819532620744,90.84577912170903,0.012601401165818406,-0.6610116230501161,0.009295935860025762,0.004712460751963965,1
2021-11-04,437.7864990234375,466.9100036621094,467.0,464.989990234375,465.3599853515625,52847100,0.004712460751963965,0.018742364077381612,0.06440077489545293,0.005308495691123808,0.034903154189120045,0.04753153296802903,90.43065253340491,0.013438972041594333,-0.5579526766871603,0.004304919041913678,0.003469756272887148,1
2021-11-05,439.3055114746094,468.5299987792969,470.6499938964844,466.9200134277344,469.2799987792969,66390600,0.003469756272887148,0.020207100759459307,0.07004552417922416,0.005178414544153787,0.034976124172836354,0.050049777631445025,90.53974676531601,0.014215809538378183,0.7687527440523391,0.007961028063236189,0.0008535505989062386,1
2021-11-08,439.6804809570313,468.9299926757813,470.2300109863281,468.2000122070313,469.7000122070313,50405200,0.0008535505989062386,0.019324175290831302,0.07876893748659275,0.004585165771420594,0.03195688430138088,0.04999921582295541,89.29973634335532,0.014754342424644412,-0.7078400717656166,0.004329001793451846,-0.0033053732617501774,0
2021-11-09,438.2271728515625,467.3800048828125,469.5700073242188,465.8800048828125,469.3200073242188,51149100,-0.0033053732617501774,0.011863965239378826,0.07785614846610445,0.004649343649488869,0.02473926478030508,0.0457514439761062,82.47310734750475,0.014802880309815502,-0.5612424044123169,0.007895079812692269,-0.008044873517983664,0
2021-11-10,434.7016906738281,463.6199951171875,467.3800048828125,462.0400085449219,465.5799865722656,69429700,-0.008044873517983664,-0.0023671211784926927,0.06535216711580172,0.005347902380792623,0.013336031900478273,0.03671211426272247,69.56702287749776,0.014105600516717309,1.3361203264448809,0.011518045800722753,0.0003233572996366174,1
2021-11-11,434.8422546386719,463.7699890136719,465.2900085449219,463.75,465.2099914550781,34848500,0.0003233572996366174,-0.0067252973568926455,0.04806745862979955,0.004304290699352922,0.011312924782338252,0.036425640500426404,71.03910516819873,0.013325978226348381,-1.9476381412401713,0.0033206300135916636,0.0075469627117468185,1
2021-11-12,438.1239929199219,467.2699890136719,467.8599853515625,464.1099853515625,465.1199951171875,53466700,0.0075469627117468185,-0.0026895145265114495,0.04799600728581277,0.004299900421334275,0.016573318340311616,0.04352330250252168,72.21383916288384,0.013070268518733339,-0.06747071893466691,0.00802533885798148,0.00034256386695119545,1
2021-11-15,438.2740783691406,467.4299926757813,468.80999755859375,466.2300109863281,468.6400146484375,46980500,0.00034256386695119545,-0.0031986923431975844,0.04526049986651626,0.004320313015152889,0.014687552269591508,0.04314477011716833,71.94813283176792,0.012822116335612149,-0.6521976772510344,0.005519514392939596,0.003957701792273838,1
2021-11-16,440.0086364746094,469.2799987792969,470.489990234375,467.0700073242188,467.1499938964844,48857500,0.003957701792273838,0.004065160111945687,0.04136331013374961,0.004147234191741365,0.01664654185422454,0.04637364889648765,79.54543459917714,0.012750332947711102,-0.4727804359621556,0.007287723574523398,-0.002429220895280637,0
2021-11-17,438.9397583007813,468.1400146484375,469.1900024414063,467.4800109863281,469.0,47858300,-0.002429220895280637,0.00974937001138354,0.03476934490407424,0.004237304540597981,0.012451795760738849,0.042963422291861564,71.61091612348693,0.012424789636709647,-0.5640271284620963,0.003652735082606315,0.003396398209074336,1
2021-11-18,440.4305725097656,469.7300109863281,470.010009765625,466.3399963378906,469.239990234375,50625600,0.003396398209074336,0.012851368079988656,0.035582803332514734,0.004249658025765549,0.014120531946187231,0.045472335215356985,72.4123625803775,0.012233204225123686,-0.34256644474593295,0.007813027360181152,-0.001788175453361407,0
2021-11-19,439.64300537109375,468.8900146484375,470.9400024414063,468.5,469.6099853515625,57315600,-0.001788175453361407,0.0034670834643140136,0.03480321587116264,0.004278911179459942,0.010586753789884051,0.042448681077001726,68.88603339538244,0.011855195053509756,0.3790973498566498,0.00520378418217279,-0.0028151030853196257,0
2021-11-22,438.4053649902344,467.5700073242188,473.5400085449219,467.3500061035156,470.8900146484375,72762000,-0.0028151030853196257,0.0002995536984122804,0.02638578510615819,0.004303224904079885,0.006438183532852859,0.03847900102545054,62.385428071722096,0.011213764032494567,1.7553119031199085,0.013238664466162018,0.0013259391297320011,1
2021-11-23,438.9866638183594,468.1900024414063,469.1000061035156,464.4500122070313,467.2200012207031,73206500,0.0013259391297320011,-0.0023226195386484294,0.026822696364904308,0.004302132713320176,0.006447918672919162,0.038682270357162096,58.38571851068784,0.010648858142538907,1.59004800118499,0.009931852180176065,0.00266991733934252,1
2021-11-24,440.1587219238281,469.4400024414063,469.5700073242188,465.1900024414063,466.05999755859375,61858800,0.00266991733934252,0.0027770635947075295,0.03414559053139854,0.004089205270635418,0.0074566393196486835,0.04039417876965645,56.40518987404355,0.010282079998606725,0.6250924219581099,0.009330276201502865,-0.022303286507823095,0
2021-11-26,430.34173583984375,458.9700012207031,463.8999938964844,457.7699890136719,462.3399963378906,112669600,-0.022303286507823095,-0.02290675829434652,0.0014181760026723556,0.006402620458128937,-0.015081648215008792,0.016593910524445477,33.2864840873786,0.008305827332413997,3.320297642045386,0.013356003369520416,0.012266763148552684,1
2021-11-29,435.6206359863281,464.6000061035156,466.55999755859375,461.7300109863281,464.0700073242188,86268800,0.012266763148552684,-0.009149171795353461,0.011649648052025396,0.006951485901523294,-0.0035718852094315245,0.028007704702024405,43.600472196860196,0.007367232454464718,1.5586145434317666,0.010396010565676737,-0.019457747381206536,0
2021-11-30,427.1444396972656,455.55999755859375,464.0299987792969,455.2999877929688,462.0,148559600,-0.019457747381206536,-0.025686102845068004,-0.009738497427112858,0.00826174951560491,-0.022490513107890187,0.007045944108170943,35.69702951423483,0.005175280951176704,3.218031215989217,0.019163251894620578,-0.01110714270659674,0
2021-12-01,422.4000854492188,450.5,464.6700134277344,450.2900085449219,461.6400146484375,131939200,-0.01110714270659674,-0.03778378647056946,-0.024680686505779592,0.008518054153029612,-0.03216412129304247,-0.004881662570400347,34.60823253501627,0.002425321242743706,2.1210814683352748,0.03192009962888457,0.015316295415298331,1
2021-12-02,428.8696899414063,457.3999938964844,459.0700073242188,450.30999755859375,450.7300109863281,127637800,0.015316295415298331,-0.025647638954148566,-0.015751462221556878,0.009159480193531841,-0.016567186236152387,0.009488424092609637,43.5488475152174,0.0013980137111266136,1.708867721221944,0.019151748759331122,-0.008701433310358886,0
2021-12-03,425.1379089355469,453.4200134277344,460.2999877929688,448.9200134277344,459.1700134277344,137331600,-0.008701433310358886,-0.012092312854901754,-0.02889214289637898,0.009229023891461163,-0.02370863192250605,0.00025231836335093405,36.108383389919005,-8.903007524487577e-05,1.7318386534377772,0.025098085722341325,0.01184336797881036,1
2021-12-06,430.1729736328125,458.7900085449219,460.7900085449219,453.55999755859375,456.1300048828125,98977500,0.01184336797881036,-0.012505519489867778,-0.02078858016404539,0.009643360764192983,-0.011109100016416185,0.011434656263769494,42.15400039369356,-0.0003142014102079746,0.5895459572863166,0.015758867568320654,0.02068486826105853,1
2021-12-07,439.071044921875,468.2799987792969,468.8800048828125,458.6499938964844,464.4100036621094,95484700,0.02068486826105853,0.027921714802286113,-0.0013860884472964852,0.010795332234327161,0.00941668684041197,0.03119028441330496,49.202582011570776,0.0011386682626004809,0.43238872361275954,0.021845927677875455,0.002647996730490876,1
2021-12-08,440.2337036132813,469.5199890136719,470.0,466.8299865722656,468.7000122070313,72238800,0.002647996730490876,0.04221973143091717,0.004578745650714033,0.010781867482389285,0.011856235334371634,0.03229326922880826,51.09874276876959,0.0024637037332569086,-0.26707278293077175,0.006751604834532546,-0.006751618548664018,0
2021-12-09,437.2614135742188,466.3500061035156,469.6300048828125,466.1400146484375,468.1499938964844,61272600,-0.006751618548664018,0.0195670709066873,0.005888458580464384,0.010733056311586296,0.004729006806261982,0.023887395403670686,47.37497996737151,0.0029574938471057448,-0.57105992716679,0.007483628580891082,0.009413476182812186,1
2021-12-10,441.3775634765625,470.739990234375,470.8999938964844,466.510009765625,469.2300109863281,77159800,0.009413476182812186,0.038198556749917234,0.0150291485433518,0.010922729938137275,0.013426084663588744,0.0316412539664046,51.36165405103939,0.0040107196548326675,-0.18161752057475836,0.009325708930472769,-0.008858291398915585,0
2021-12-13,437.46771240234375,466.5700073242188,470.55999755859375,466.2699890136719,470.1900024414063,87724700,-0.008858291398915585,0.016957687294780976,-0.001497933297841758,0.011005297848110154,0.004524544714050727,0.021055791288268955,49.293566755584905,0.004141844485503916,0.08999361172574377,0.009194779942082206,-0.006880181308023481,0
2021-12-14,434.4578552246094,463.3599853515625,465.739990234375,460.25,463.0899963378906,97264100,-0.006880181308023481,-0.010506704440249481,-0.00870738958309325,0.011110866518597757,-0.0019494749783961485,0.012492118190679191,46.708419171728245,0.003645528430020048,0.3206147699775895,0.011848218249164547,0.015625110852070856,1
2021-12-15,441.2463073730469,470.6000061035156,470.8599853515625,460.739990234375,463.4200134277344,116899300,0.015625110852070856,0.0023001504688406893,0.0028128331942613993,0.011644021783967135,0.013501094918714429,0.026629949543481413,50.73080383910914,0.004370804518095588,0.8658756653695615,0.021504451733817983,-0.00881852999970456,0
2021-12-16,437.3551635742188,466.4500122070313,472.8699951171875,464.7999877929688,472.5700073242188,116568600,-0.00881852999970456,0.0002144026367056906,-0.003610050574358481,0.01180660856938009,0.0047463520864470254,0.016177765318418746,55.1204583048141,0.00426733173324493,0.7732763155800154,0.01730090494806733,-0.010642962576757231,0
2021-12-17,432.7004089355469,459.8699951171875,464.739990234375,458.05999755859375,461.5499877929688,135511600,-0.010642962576757231,-0.01965925606337804,-0.017551378257346872,0.012002607425671564,-0.005063687587968491,0.004363755887343279,47.84835162463056,0.003293203916990054,1.3038828191227179,0.014525828487851234,-0.010633253605912607,0
2021-12-20,428.0993957519531,454.9800109863281,455.3999938964844,451.1400146484375,454.4800109863281,107134800,-0.010633253605912607,-0.02141487562349398,-0.02625677988302555,0.012201598667870841,-0.014334973583429278,-0.007124862914478336,50.74623377540109,0.0016255511719970978,0.23193847295805523,0.009363003088447517,0.017759031408769888,1
2021-12-21,435.7020263671875,463.05999755859375,463.2099914550781,456.30999755859375,458.6099853515625,69806300,0.017759031408769888,0.00286373264429729,-0.006166299135292541,0.012910199747439868,0.003481777324106927,0.009191020428480412,59.950089530215145,0.0016599268053748915,-1.14909903624324,0.014900863673958962,0.009998750445118887,1
2021-12-22,440.0585021972656,467.6900024414063,467.80999755859375,462.5799865722656,462.7900085449219,58890200,0.009998750445118887,-0.0026919322744088925,0.0024416194550951342,0.013109335478270274,0.01339025886717815,0.017702996944348293,58.64265310250108,0.002463158240288482,-1.4758602745954497,0.011182644399124947,0.006221845642221835,1
2021-12-23,442.7964782714844,470.6000061035156,472.1900024414063,468.6400146484375,468.75,56439700,0.006221845642221835,0.012441409523548996,0.005992739019522908,0.013168432979312751,0.019385810486438615,0.02239119335188411,63.85281592558154,0.003551507839907823,-1.5312761792258682,0.007543535373834936,0.014152191435230055,1
2021-12-27,449.0630187988281,477.260009765625,477.30999755859375,472.010009765625,472.05999755859375,56808600,0.014152191435230055,0.03781510145445366,0.04350329377755657,0.012361554429469138,0.03158931569122614,0.03522704388398901,64.53799133529714,0.005427797711196911,-1.3534104287133226,0.011105032235094434,-0.0008172670185866426,0
2021-12-28,448.6960144042969,476.8699951171875,478.80999755859375,476.05999755859375,477.7200012207031,47274600,-0.0008172670185866426,0.048111767633229,0.030015516570659262,0.012145304216362758,0.029200536706573965,0.032921922277663995,58.52721079790907,0.006815174113111763,-1.5093472128130396,0.00576677087709032,0.001279341973414505,1
2021-12-29,449.2700500488281,477.4800109863281,478.55999755859375,475.9200134277344,476.9800109863281,54503000,0.001279341973414505,0.03114060266087959,0.05179889586586639,0.011097457578836897,0.027908875307098846,0.03281807975536499,58.09010001458986,0.007912938230680512,-1.1853211040329694,0.005528994031406619,-0.002764426154866384,0
2021-12-30,448.028076171875,476.1600036621094,479.0,475.6700134277344,477.9299926757813,55329000,-0.002764426154866384,0.018110260192261585,0.060672314247761205,0.010705514841375914,0.022070808078981097,0.028756940457295377,59.94742107239804,0.008492609415249566,-1.0558465131524117,0.006993419326812329,-0.0025204032645222973,0
2021-12-31,446.89886474609375,474.9599914550781,476.8599853515625,474.6700134277344,475.6400146484375,65237400,-0.0025204032645222973,0.009264722453583119,0.04203881791494912,0.01036330009827378,0.017402523422588523,0.025095053567701475,55.39918040320915,0.008653552676340144,-0.6431603219656881,0.004610855573579934,0.00579016008077593,1
2022-01-03,449.4864807128906,477.7099914550781,477.8500061035156,473.8500061035156,476.2999877929688,72668200,0.00579016008077593,0.000942989950932116,0.05727217278343222,0.010069922529825057,0.020465148471861205,0.02988765060830434,62.064932287910715,0.009073574982047706,-0.29641107180390897,0.008373281010548309,-0.00033505846006320894,0
2022-01-04,449.33587646484375,477.5499877929688,479.9800109863281,475.5799865722656,479.2200012207031,71178700,-0.00033505846006320894,0.0014260480147041399,0.0445469706527597,0.009862693927168258,0.017909007722753945,0.02838896888069975,65.844729625289,0.009314672791356301,-0.30428813336607,0.009213746260150745,-0.019202058593689952,0
2022-01-05,440.7077026367188,468.3800048828125,477.9800109863281,468.2799987792969,477.1600036621094,104538900,-0.019202058593689952,-0.01905835345841267,0.003727546450108088,0.009966227719273068,-0.0018219841417325133,0.008015533838712896,49.44802820751318,0.00801719271931407,0.9988686334336787,0.020709706020559458,-0.0009394707193561835,0
2022-01-06,440.2936706542969,467.9400024414063,470.8200073242188,465.4299926757813,467.8900146484375,86858900,-0.0009394707193561835,-0.017263216144094984,0.00013621637898997285,0.009952753041206927,-0.002766515470439046,0.006480384713934306,53.24252332829325,0.006697756591851778,0.2724694459790001,0.011518602000931556,-0.003953410501011834,0
2022-01-07,438.5530090332031,466.0899963378906,469.2000122070313,464.6499938964844,467.9500122070313,85111600,-0.003953410501011834,-0.018675043441053085,0.002953829034276545,0.009871386018861469,-0.006854254777466151,0.0019091981258967383,56.901984890188984,0.005287307121020479,0.15879375219943428,0.009762102482990021,-0.0012444239085543929,0
2022-01-10,438.00726318359375,465.510009765625,465.739990234375,456.6000061035156,462.7000122070313,119362000,-0.0012444239085543929,-0.02553851566590104,-0.007635866822097159,0.009632253920135269,-0.007711473364305554,0.00028419468466456266,62.92015443966275,0.0040068879062699035,1.36940110151559,0.01963434499606394,0.009108300908363676,1
2022-01-11,441.9967651367188,469.75,469.8500061035156,462.0499877929688,465.2300109863281,74303100,0.009108300908363676,-0.016333241373614582,0.010352884580907329,0.00963372688931624,0.0008131522645375977,0.008870123124360418,59.06251043480866,0.0036462633409970018,-0.31347721821330965,0.016604615881951716,0.0027034491329698263,1
2022-01-12,443.1916809082031,471.0199890136719,473.2000122070313,468.9400024414063,471.5899963378906,67605400,0.0027034491329698263,0.005636339588854122,0.020102814527495294,0.009481358377363691,0.0025275005676383966,0.011050772435562184,54.9625877303223,0.0035565502723744753,-0.5115518266597476,0.009044222888598786,-0.013778545781185647,0
2022-01-13,437.0851440429688,464.5299987792969,472.8800048828125,463.4400024414063,472.1900024414063,91173100,-0.013778545781185647,-0.007287242186697962,-0.009430477401276116,0.009379610558511954,-0.010820322300647,-0.003061805401941675,41.826133974376404,0.0023871827011434955,0.4517238793878438,0.020321620705256623,0.00040900949184075053,1
2022-01-14,437.263916015625,464.7200012207031,465.0899963378906,459.8999938964844,461.1900024414063,95890900,0.00040900949184075053,-0.0029394234927722085,-0.00020863491778189136,0.009169967626205021,-0.01040552061713007,-0.0027236890476478592,29.55008743098867,0.00143691707489869,0.7144048194288645,0.011168020373070693,-0.017709612274034003,0
2022-01-18,429.5201416015625,456.489990234375,459.9599914550781,455.30999755859375,459.739990234375,109709100,-0.017709612274034003,-0.0193766685975566,-0.007349813562247176,0.009722345813569705,-0.027580909397810216,-0.020015548163791808,23.532672473271646,-0.0007492042160985913,1.5140945979656317,0.010186409331992002,-0.01038344764395438,0
2022-01-19,425.0602416992188,451.75,459.6099853515625,451.4599914550781,458.1300048828125,109357600,-0.01038344764395438,-0.03831820676846176,-0.00709917856201614,0.009708554847789501,-0.03734679331690138,-0.029560346275174787,19.821800694020126,-0.003336691691962889,1.4806541545350302,0.01804093834307554,-0.011068197910251487,0
2022-01-20,420.3555908203125,446.75,458.739990234375,444.5,453.75,122379700,-0.011068197910251487,-0.051526441202809026,-0.03522231850705648,0.008998503089169116,-0.04634437782223999,-0.039453779258637245,18.246633366857182,-0.006272095593573178,1.7890816770702926,0.03187462839255736,-0.019630669253529742,0
2022-01-21,412.1037292480469,437.9800109863281,448.05999755859375,437.9500122070313,445.55999755859375,202271200,-0.019630669253529742,-0.05715457305148319,-0.0635251286127575,0.009392383040065566,-0.062091136256767876,-0.05718433258398936,15.68306876045527,-0.010238138913134673,3.2350575605850964,0.023083211785841145,0.004246873938957174,1
2022-01-24,413.8538818359375,439.8399963378906,440.3800048828125,420.760009765625,432.0299987792969,251783900,0.004246873938957174,-0.053537539509322274,-0.06536320376469162,0.009297637574449338,-0.0549955553064253,-0.052276263368286724,14.266836170398918,-0.012737489978782999,3.072621669211332,0.044607119135466645,-0.012209055210894881,0
2022-01-25,408.8011169433594,434.4700012207031,439.7200012207031,427.1499938964844,433.05999755859375,167997300,-0.012209055210894881,-0.04823760902328722,-0.0896575762643802,0.00852484928653555,-0.0622224355084291,-0.06272920876685006,12.989690836552967,-0.015750678596432463,1.2612910741194083,0.02893181874214926,-0.0025085858448243847,0
2022-01-26,407.7756042480469,433.3800048828125,444.0400085449219,428.8599853515625,440.7200012207031,186391100,-0.0025085858448243847,-0.04066397125752097,-0.09119851490229358,0.008493147819618331,-0.06016380043512293,-0.0637775732106497,15.083812258986669,-0.018054002730650814,1.441034959908787,0.035027050215351095,-0.004938186232875008,0
2022-01-27,405.7619323730469,431.239990234375,441.5899963378906,429.4500122070313,438.260009765625,149878300,-0.004938186232875008,-0.03471741250969562,-0.09684179408587923,0.008374357382183941,-0.06009233174159423,-0.06700794135953769,14.588950727162938,-0.020115084718461306,0.6774850332812109,0.02815134126188378,0.024835501365184198,1
2022-01-28,415.8392333984375,441.9500122070313,442.0,427.8200073242188,432.6799926757813,164457400,0.024835501365184198,0.009064475483409717,-0.07184559291121084,0.0107166852862722,-0.03314470617028198,-0.042772674544521716,30.10880911822224,-0.018977957458593975,0.8652873664129328,0.03208506003873257,0.018011011124141607,1
2022-01-31,423.3289184570313,449.9100036621094,450.2799987792969,439.80999755859375,441.239990234375,152251400,0.018011011124141607,0.02289464237730643,-0.05274111918465885,0.011764395604905949,-0.013026269191538375,-0.02483119154669222,38.53952717031308,-0.016518398452158866,0.5566874264692862,0.023271323454648694,0.006757022708630878,1
2022-02-01,426.1893615722656,452.9500122070313,453.6300048828125,446.9400024414063,450.6799926757813,123155400,0.006757022708630878,0.04253472876718045,-0.05183052247461484,0.011802783846824804,-0.003651368596868765,-0.017597386434540563,37.4364822916873,-0.014032374391695504,-0.07432449960793057,0.014769847137896471,0.009714097861904802,1
2022-02-02,430.3294067382813,457.3500061035156,458.1199951171875,453.0499877929688,455.5,117361000,0.009714097861904802,0.05530934723724945,-0.042299025566567505,0.012113704524452791,0.008267300004682232,-0.007628133928624492,40.234408850296546,-0.011128564768126872,-0.24907555640305537,0.011085617703197666,-0.023505013887634152,0
2022-02-03,420.2145080566406,446.6000061035156,452.9700012207031,445.7099914550781,450.9500122070313,118024400,-0.023505013887634152,0.0356183627159643,-0.04650064988079183,0.012466709022170423,-0.013062606629556717,-0.03014014610049931,37.92598999250855,-0.010965230314751447,-0.2507668382415403,0.016256179279904064,0.00470210113025149,1
2022-02-04,422.1903991699219,448.7000122070313,452.7799987792969,443.8299865722656,446.3500061035156,118454400,0.00470210113025149,0.015273127837360567,-0.04111635640247269,0.01256266792122902,-0.00630942679617541,-0.024823693887645937,39.482695695760086,-0.01007993621839986,-0.281340311247338,0.01994653880887726,-0.003209189310508842,0
2022-02-07,420.8355102539063,447.260009765625,450.989990234375,445.8500061035156,449.510009765625,84472900,-0.003209189310508842,-0.0058900020632020045,-0.04039990243905822,0.012557747434382175,-0.0074288133237711,-0.027084740689098608,43.34731922525582,-0.009598472344516622,-1.02148398237596,0.011492161200713764,0.008227810741425978,1
2022-02-08,424.2980651855469,450.9400024414063,451.9200134277344,445.2200012207031,446.7300109863281,81012000,0.008227810741425978,-0.004437690278662809,-0.03129901978885807,0.012764069572767907,0.0023583944542269197,-0.01880559004069471,49.4070909782393,-0.008361302169164374,-1.025852879351488,0.014857879475666672,0.014636061296953384,1
2022-02-09,430.5081176757813,457.5400085449219,457.8800048828125,455.010009765625,455.2200012207031,92589900,0.014636061296953384,0.00041528869443197003,-0.025992605301950134,0.0130624837297563,0.01841099220480702,-0.004209308616108243,57.71706402779908,-0.006101246143351172,-0.8163212284998723,0.006272664824033022,-0.017965689106528848,0
2022-02-10,422.7737426757813,449.3200073242188,457.7099914550781,447.2000122070313,451.3399963378906,140103700,-0.017965689106528848,0.006090305237142601,-0.046070219979266525,0.013543283612358679,0.002535696814974786,-0.021901609353304208,58.17472234211346,-0.0058945735672607386,0.14078264253244507,0.023390855240646033,-0.01971869823040473,0
2022-02-11,414.4371948242188,440.4599914550781,451.6099853515625,438.9400024414063,449.4100036621094,153214600,-0.01971869823040473,-0.018364236517331545,-0.051815875070152284,0.013870180133007042,-0.014586884929316812,-0.04083503469328942,50.40593186359131,-0.00729487263388901,0.37787607510389865,0.02876534340451756,-0.003269299789003033,0
2022-02-14,413.082275390625,439.0199890136719,441.6000061035156,435.3399963378906,439.9200134277344,123006300,-0.003269299789003033,-0.018423433085776098,-0.055302163611725796,0.0138530413300029,-0.01497670034659715,-0.04327169240860207,53.1409456981459,-0.008504545529680921,-0.36761681520291806,0.014259054080177776,0.016126842141035436,1
2022-02-15,419.7439880371094,446.1000061035156,446.2799987792969,443.1799926757813,443.7300109863281,88482700,0.016126842141035436,-0.010733202722586044,-0.0227606405790437,0.013995258627953783,0.0020766311928495096,-0.027599727740358238,58.11009110565906,-0.007922395590606958,-1.1392401270062196,0.0069491281351747505,0.001120969050043108,1
2022-02-16,420.2145080566406,446.6000061035156,448.05999755859375,441.9400024414063,443.9299926757813,84863600,0.001120969050043108,-0.023910372874531682,-0.01140011030720467,0.013827187903457204,0.003780538419458246,-0.02606031575314438,60.002635929921425,-0.00738406160904855,-1.163212300996325,0.013703526720886148,-0.021361349274840347,0
2022-02-17,411.2381591796875,437.05999755859375,446.5700073242188,436.4200134277344,443.2200012207031,102259100,-0.021361349274840347,-0.027285477624707344,-0.021689807010375595,0.014420761994334744,-0.016590678981841855,-0.04563368016894542,46.76631448904218,-0.008776610695526786,-0.7362113548519361,0.023223342225740275,-0.006475107476914266,0
2022-02-18,408.5753479003906,434.2300109863281,438.6600036621094,431.8200073242188,437.3299865722656,132642900,-0.006475107476914266,-0.01414411398647375,-0.008561876773341415,0.01381332000816481,-0.02254599410848046,-0.05041798881438353,38.87631307802005,-0.010224077761233415,0.024518295811140622,0.015752011986352385,-0.01073176619674765,0
2022-02-22,404.1906127929688,429.5700073242188,435.5,425.8599853515625,431.8900146484375,124391800,-0.01073176619674765,-0.021525161275070315,-0.02334947059116743,0.013956901573745344,-0.03191679979239204,-0.059162409912463465,33.786371604743394,-0.012183652148126356,-0.028004553888714638,0.02244107941447057,-0.017738659874221185,0
2022-02-23,397.0208129882813,421.9500122070313,433.260009765625,421.3500061035156,432.6600036621094,132578000,-0.017738659874221185,-0.05413579633407195,-0.02881671176233669,0.014240683785373616,-0.04774589695732534,-0.07393930094075485,26.5002346841668,-0.015177466478053863,0.31325876848440554,0.028226101001427837,0.015049066157257318,1
2022-02-24,402.99560546875,428.2999877929688,428.760009765625,410.6400146484375,411.0199890136719,213942900,0.015049066157257318,-0.040976459064972826,-0.01172213033222369,0.01470021000137777,-0.03286095805308975,-0.058488869987723624,37.09807020648885,-0.015740328426724282,2.7311051591929854,0.04230678410840003,0.022063995226180966,1
2022-02-25,411.8872985839844,437.75,437.8399963378906,427.8599853515625,429.6099853515625,121804500,0.022063995226180966,0.0015784999271266642,0.015095960764761829,0.015488680802899371,-0.01224801012593546,-0.03669945358804372,43.0049593406994,-0.01410689296039289,-0.051392664127472516,0.02279842601102941,-0.0025583247133394993,0
2022-02-28,410.8335571289063,436.6300048828125,438.2000122070313,430.7000122070313,432.0299987792969,145615000,-0.0025583247133394993,0.0055270325048251134,-0.012037527648900315,0.014432448037054168,-0.014183304707690358,-0.037795099691003364,43.18153448760815,-0.013170373404472179,0.7433925977243439,0.017177014671753792,-0.015230429750158203,0
2022-03-01,404.5763854980469,429.9800109863281,437.1700134277344,427.1099853515625,435.0400085449219,137785900,-0.015230429750158203,0.0009544326188388741,-0.04429778392493133,0.014097930670382654,-0.027008598474438705,-0.05099277850029926,37.04893524066808,-0.013681533807816304,0.5242905218575147,0.02339650174224436,0.018396022858291117,1
2022-03-02,412.01898193359375,437.8900146484375,439.7200012207031,431.5700073242188,432.3699951171875,117726500,0.018396022858291117,0.03777678261354822,-0.03324902242138461,0.014712575174224923,-0.007418104357565625,-0.032596205435540426,38.05175524332644,-0.012076857189449163,-0.12416529826088844,0.018611965616588875,-0.004978283891949653,0
2022-03-03,409.96783447265625,435.7099914550781,441.1099853515625,433.7999877929688,440.4700012207031,105501700,-0.004978283891949653,0.017301005046435725,-0.04731624645398358,0.014483656726470581,-0.009931195296497553,-0.03659192876412509,41.06837115649034,-0.01132915950403184,-0.5019479370231927,0.01677720892785025,-0.008124639994592786,0
2022-03-04,406.6369934082031,432.1700134277344,433.3699951171875,427.8800048828125,431.75,113978200,-0.008124639994592786,-0.012746946054979391,-0.032310913564667754,0.013686028802198037,-0.016362494800068794,-0.043112131741253834,44.15126703440583,-0.011306893289917555,-0.2192347290930494,0.01270331134460585,-0.02947912974426925,0
2022-03-07,394.6496887207031,419.4299926757813,432.2999877929688,419.3599853515625,431.5499877929688,137896600,-0.02947912974426925,-0.03939276168505679,-0.06523291506241535,0.014940651296354343,-0.04216874604447496,-0.06933142398186731,38.079586653062094,-0.013847718951908058,0.522875938006286,0.030851399917432486,-0.007581727669779825,0
2022-03-08,391.6575622558594,416.25,427.2099914550781,415.1199951171875,419.6199951171875,164772700,-0.007581727669779825,-0.031931728358994604,-0.0693333791638513,0.014971812635383878,-0.04605302169247494,-0.07415442444268938,30.931369705207118,-0.016138676515261473,1.2555203069768919,0.029045036247184686,0.026810925962504673,1
2022-03-09,402.15826416015625,427.4100036621094,429.510009765625,422.8200073242188,425.1400146484375,116990800,0.026810925962504673,-0.02393267836147117,-0.05217983027028139,0.016258009872061083,-0.01782863253083955,-0.04721878059882434,39.21059532315129,-0.015122571039395542,-0.35787852661528025,0.01565242363090547,-0.004515658842114911,0
2022-03-10,400.3422546386719,425.4800109863281,426.4299926757813,420.4400024414063,422.5199890136719,93972700,-0.004515658842114911,-0.02347886596119375,-0.07007036986890813,0.01574848504643283,-0.01864884856265192,-0.04934310338661363,42.879933824148196,-0.014911853031443061,-1.146852884539281,0.01407819422700794,-0.012715103158422725,0
2022-03-11,395.2518615722656,420.0700073242188,428.7699890136719,419.5299987792969,428.1199951171875,95636300,-0.012715103158422725,-0.02799826877656586,-0.06509836899833632,0.015537135278760453,-0.027847572422997624,-0.05901676496292618,41.56133084583844,-0.015737494032068287,-0.9912374669164131,0.021996310313207822,-0.007308201688855265,0
2022-03-14,392.36328125,417.0,424.5499877929688,415.7900085449219,420.8900146484375,95729200,-0.007308201688855265,-0.0057935114002363175,-0.05326238535028527,0.015085872770856145,-0.032325385105137494,-0.06341128464222023,42.364231730094765,-0.01676003054499488,-0.8939386986038761,0.021007144479728852,0.02199026830603823,1
2022-03-15,400.991455078125,426.1700134277344,426.8399963378906,418.4200134277344,419.7699890136719,106219100,0.02199026830603823,0.0238317696931587,-0.0292697630298141,0.016055301237174024,-0.009569265465860233,-0.04071301578548736,52.516081572791705,-0.015191126147602171,-0.5115844786427975,0.019757333094445946,0.02217434690991138,1
2022-03-16,409.8831787109375,435.6199951171875,435.6799926757813,424.7999877929688,429.8900146484375,144954800,0.02217434690991138,0.019208643062236908,-0.023492437312288783,0.016454007424492087,0.01362727197879221,-0.017579914751545744,54.20886559871697,-0.012035577203299164,0.6943646090973455,0.024975907912320773,0.012510933618602671,1
2022-03-17,415.0111999511719,441.0700073242188,441.0700073242188,433.1900024414063,433.5899963378906,102676900,0.012510933618602671,0.036641011890537145,-0.012382504662993177,0.01672827999488128,0.026969427359537335,-0.0036495192976343516,52.00099928767522,-0.008578960628482318,-0.7955394079210454,0.017865655682681954,0.010952647041672758,1
2022-03-18,419.5566711425781,444.5199890136719,444.8599853515625,437.2200012207031,438.0,106345500,0.010952647041672758,0.061491954708652985,0.0202279671212513,0.016157110274516523,0.03714999289356302,0.008287151465073528,55.34830529754258,-0.004961477745005618,-0.677813125864692,0.017187042921987465,-0.0002923327286165067,0
2022-03-21,419.43402099609375,444.3900146484375,446.4599914550781,440.6799926757813,444.3399963378906,88349800,-0.0002923327286165067,0.06899407013788639,0.026576916966489117,0.016062904291361382,0.03545707203256687,0.009004030344443859,59.850486985593776,-0.0021674997131221393,-1.1874201159330615,0.013006590132025013,0.011701457812834049,1
2022-03-22,424.3420104980469,449.5899963378906,450.5799865722656,445.8599853515625,445.8599853515625,74650400,0.011701457812834049,0.058232052389676214,0.04985617445648072,0.01595147583921617,0.044974172531133894,0.021509283696995896,58.45419649949396,0.0009694575131475057,-1.470960531408362,0.0104984569477738,-0.012878538183721533,0
2022-03-23,418.8771057128906,443.7999877929688,448.489990234375,443.7099914550781,446.9100036621094,79426100,-0.012878538183721533,0.021942659443206614,0.05505074799505394,0.015660391324553588,0.02874792971333795,0.009283319850770466,55.83870760002576,0.002400059679643048,-1.1895502081372205,0.010770614940906056,0.015074278191415935,1
2022-03-24,425.1913757324219,450.489990234375,450.5,444.760009765625,445.9400024414063,64736900,0.015074278191415935,0.024529882042816586,0.05507695360065923,0.01566143025661514,0.041417072847353076,0.025327900069543885,61.70205312819502,0.004616556522638184,-1.7748537345513853,0.012741659878810345,0.004883916371814179,1
2022-03-25,427.2679748535156,452.6900024414063,452.9800109863281,448.4299926757813,451.1600036621094,77101300,0.004883916371814179,0.01837964747393328,0.037341953302294284,0.01500672214380391,0.04453579271114738,0.031127405690368093,73.51117755180512,0.006685391624207086,-1.1705962589747136,0.010051068691616948,0.007112921431095209,1
2022-03-28,430.3070983886719,455.9100036621094,455.9100036621094,450.05999755859375,452.05999755859375,68529800,0.007112921431095209,0.025923212825598174,0.047400074608938025,0.01500990665959429,0.04946741064169613,0.03880157749518598,77.83962563605205,0.008752820514930646,-1.3502269555620805,0.01283149318182381,0.012370797989234683,1
2022-03-29,435.6303405761719,461.5499877929688,462.0700073242188,457.1799926757813,460.0199890136719,86581500,0.012370797989234683,0.026601962093915743,0.07675671688029095,0.014563385654093205,0.05844200561614943,0.051735334512228226,76.05351834722696,0.011158649855183007,-0.5999615889524429,0.010594767149318932,-0.006174755608422844,0
2022-03-30,432.9404296875,458.7000122070313,461.2000122070313,456.4700012207031,460.3399963378906,79666900,-0.006174755608422844,0.03357386637466098,0.05077787352350249,0.014301776278804586,0.04923961610363836,0.045068531815006585,75.03275044186732,0.012585330649809684,-0.7881091646552625,0.010311774276110814,-0.015391363901915311,0
2022-03-31,426.2768859863281,451.6400146484375,458.760009765625,451.1600036621094,457.8900146484375,121699900,-0.015391363901915311,0.0025529921721398896,0.03978129536589203,0.01477306821288883,0.031052753574184466,0.02892306609640727,73.26264880271364,0.012469480737388305,0.7825203423479221,0.016827574743198008,0.0028341435403356208,1
2022-04-01,427.4850158691406,452.9200134277344,453.4599914550781,449.1400146484375,453.30999755859375,89048800,0.0028341435403356208,0.0005079739844753295,0.051269369975911694,0.01457752692158582,0.03137450384007634,0.03148417371596657,77.01515884890587,0.01227377681713536,-0.4052970560860501,0.009538056783904734,0.008566495207787073,1
2022-04-04,431.1470642089844,456.7999877929688,456.9100036621094,452.260009765625,453.1300048828125,59601000,0.008566495207787073,0.0019520147900367046,0.09248043652736992,0.01250564683228982,0.035650027783953986,0.0393652031659415,75.11392442382072,0.012583753922945497,-1.3802275851008772,0.010179496542788545,-0.012631241874635046,0
2022-04-05,425.7011413574219,451.0299987792969,457.8299865722656,449.8200073242188,455.2200012207031,74214500,-0.012631241874635046,-0.022792717342913882,0.08692179695313218,0.012809808377382461,0.01840445900373,0.025650874819178382,63.97548318837188,0.011907674660504658,-0.8129432353897964,0.017759304857161734,-0.009999229356153938,0
2022-04-06,421.4444580078125,446.5199890136719,448.9299926757813,443.4700012207031,446.8900146484375,106898000,-0.009999229356153938,-0.026553241257660787,0.04795672640952042,0.012018205326053598,0.005900669671407455,0.014776916384893646,55.772793916693004,0.010422717381030936,0.7855406502922521,0.012227876891108236,0.005038924272543266,1
2022-04-07,423.5680847167969,448.7699890136719,450.6900024414063,443.5299987792969,445.5899963378906,78097200,0.005038924272543266,-0.006354558172356861,0.05801493549335035,0.011917759998721798,0.008174905677629463,0.019115243008061444,53.76314779930031,0.00940087828942802,-0.5763062881478452,0.015954729231885647,-0.002674019680421691,0
2022-04-08,422.4354553222656,447.5700073242188,450.6300048828125,445.9400024414063,447.9700012207031,79272700,-0.002674019680421691,-0.011812251563036669,0.06877537183978544,0.011427124975822595,0.0022366766783430414,0.015575274018637453,52.763312794837,0.0083430983752418,-0.47778181783903073,0.010478813067580655,-0.017092238212184085,0
2022-04-11,415.215087890625,439.9200134277344,445.0,439.3900146484375,444.1099853515625,89770500,-0.017092238212184085,-0.03695253346462979,0.05824145054507435,0.012099040488150779,-0.017557016169123862,-0.0017532229907146757,41.94033816672478,0.006141007634039491,0.042433937527261205,0.012752284916185228,-0.0037052667662714756,0
2022-04-12,413.6766052246094,438.2900085449219,445.75,436.6499938964844,443.0799865722656,84363600,-0.0037052667662714756,-0.028246426811237013,0.0316344649888185,0.011303762589588002,-0.022663937873566797,-0.004990193996579961,45.06543132085787,0.003951134810372043,-0.16915267195835001,0.020762522362138068,0.011453554702182345,1
2022-04-13,418.4146728515625,443.30999755859375,444.1099853515625,437.8399963378906,438.0299987792969,74070400,0.011453554702182345,-0.007189049704371286,0.02081445295573281,0.010503576700543702,-0.012465211885416494,0.00678274875943452,43.371559126400626,0.0030512282125225256,-0.661132984694252,0.014143576838334556,-0.012451887632732972,0
2022-04-14,413.2046203613281,437.7900085449219,444.7300109863281,437.6799926757813,443.5499877929688,97869500,-0.012451887632732972,-0.02446705672453553,-0.004353086350576296,0.010557158824369651,-0.024553925988128444,-0.004933554892891379,37.03882042431784,0.0013702043496510207,0.9152619060803419,0.016103652831134477,0.0004112293682763113,1
2022-04-18,413.3745422363281,437.9700012207031,439.75,435.6099853515625,436.80999755859375,66002500,0.0004112293682763113,-0.02144922489762402,-0.014734907895551319,0.010230991373429386,-0.023440195254904928,-0.0041963009233687565,33.523073505707046,4.019373414214349e-05,-1.0891045219829407,0.009452735659744997,0.016142681638574574,1
2022-04-19,420.0475158691406,445.0400085449219,445.7999877929688,437.6799926757813,437.8599853515625,77821000,0.016142681638574574,0.011638372784248618,0.0014626731317357589,0.010902768787895908,-0.007747806066432994,0.011983120835570293,35.22460927327086,0.00028133957142208746,-0.24940434759127575,0.018245539639764493,-0.0007414932610642078,0
2022-04-20,419.7360534667969,444.7099914550781,447.5700073242188,443.4800109863281,446.9200134277344,65224400,-0.0007414932610642078,0.01464779048575271,-0.010854350776733246,0.010557228407218252,-0.007943857654818642,0.011286316549382613,36.88843070623764,0.0004087182190188175,-1.0507517666871662,0.009196996731529088,-0.014953492137617985,0
2022-04-21,413.4595336914063,438.05999755859375,450.010009765625,437.1000061035156,448.5400085449219,85417300,-0.014953492137617985,-0.011842651516941638,-0.012933559623088287,0.010694654874196659,-0.022152516026536784,-0.0033154031152663466,37.17415402656182,-0.000699638218266444,0.2737946440249947,0.029470857266264232,-0.02743913195527503,0
2022-04-22,402.1145629882813,426.0400085449219,438.0799865722656,425.4400024414063,436.9100036621094,132471800,-0.02743913195527503,-0.026839141738901895,-0.05427394359631388,0.011602490941111047,-0.046381494675994395,-0.029334811219750345,28.89444365743431,-0.0038596795511420794,2.6010573851289736,0.02966853787753258,0.005797522709006575,1
2022-04-25,404.4458312988281,428.510009765625,428.6900024414063,418.8399963378906,423.6700134277344,119647700,0.005797522709006575,-0.02159956655578321,-0.0534141215767735,0.011635763030025965,-0.03825023396280747,-0.022842734135147147,27.284419732983253,-0.005780054916316351,1.6540449215592248,0.022986641803077544,-0.02896079727872003,0
2022-04-26,392.7327575683594,416.1000061035156,426.0400085449219,416.0700073242188,425.8299865722656,103996300,-0.02896079727872003,-0.06502778202190518,-0.0873198256803418,0.012778290531472006,-0.06191238162928858,-0.050145803594572325,24.655340521031434,-0.00983116479480397,0.7816029221129008,0.023960588979714585,0.0028116257379031673,1
2022-04-27,393.83697509765625,417.2699890136719,422.9200134277344,415.010009765625,417.239990234375,122030000,0.0028116257379031673,-0.061703249352129785,-0.09593768290619753,0.012284049148725556,-0.05455572619173377,-0.046587614045545456,27.695477268984064,-0.012498583229831332,1.502962330762301,0.018956560189738934,0.025259487417911286,1
2022-04-28,403.78509521484375,427.80999755859375,429.6400146484375,417.6000061035156,422.2900085449219,105449100,0.025259487417911286,-0.023398755351432432,-0.06734260067534192,0.014009894843530307,-0.027270208923413253,-0.021749035474328493,35.81094125315681,-0.012145804119994563,0.6518384691847485,0.028143354792153612,-0.03695567229955188,0
2022-04-29,388.8629455566406,412.0,425.8699951171875,411.2099914550781,423.5899963378906,145491100,-0.03695567229955188,-0.03295483091475815,-0.08776910421290696,0.015709198419347987,-0.05897731487955882,-0.05646762820365969,29.897097488398046,-0.015492830755434905,2.2414393696351596,0.035582533160459645,0.006019653811831338,1
2022-05-02,391.2037658691406,414.4800109863281,415.9200134277344,405.0199890136719,412.0700073242188,158312500,0.006019653811831338,-0.0327412582969695,-0.08487139584585168,0.015802962603713094,-0.04913848607353666,-0.04986414487741908,34.72991578196388,-0.01699094575231502,2.243399254638953,0.026298070172609708,0.004583911415625197,1
2022-05-03,392.99700927734375,416.3800048828125,418.9299926757813,413.3599853515625,415.010009765625,100028200,0.004583911415625197,0.0006728537507807442,-0.08848501613163862,0.015656648008071983,-0.04033042429073597,-0.04478597905515114,36.891215284776905,-0.017597351610230245,0.06495665070772337,0.013377220949373998,0.030452969724623635,1
2022-05-04,404.9649353027344,429.05999755859375,429.6600036621094,413.7099914550781,417.0799865722656,144247900,0.030452969724623635,0.028255244958447223,-0.04871071284555761,0.017351827521461017,-0.008595584243978549,-0.01573392433930665,42.19007671329005,-0.015045191372999487,1.5417993048432177,0.03717431664053712,-0.03554279383304659,0
2022-05-05,390.57135009765625,413.80999755859375,425.0,409.4400024414063,424.5499877929688,172929100,-0.03554279383304659,-0.032724697552684034,-0.07325546065095945,0.018822236788379167,-0.04020574695902723,-0.05041978954219151,38.124037020680085,-0.016710905347577496,2.1330803294849514,0.0376017922486043,-0.005969101068724947,0
2022-05-06,388.239990234375,411.3399963378906,414.7999877929688,405.7300109863281,411.1000061035156,151770800,-0.005969101068724947,-0.0016019919855667641,-0.08340594052557737,0.018716131460064803,-0.04177541177551802,-0.05541019177773743,37.10409648711033,-0.017974571805841808,1.3120398612407482,0.022049829550711258,-0.03201712518495736,0
2022-05-09,375.8096618652344,398.1700134277344,406.4100036621094,396.5,405.1000061035156,155586100,-0.03201712518495736,-0.03935060279827585,-0.11037376922223907,0.01971547853885376,-0.0670871088562135,-0.08404524546403236,28.568809628989612,-0.021937617268467866,1.2802320609958067,0.02488887492254106,0.0023105224226567245,1
2022-05-10,376.677978515625,399.0899963378906,406.0799865722656,394.8200073242188,404.489990234375,132497200,0.0023105224226567245,-0.04152456730326459,-0.09281240132861301,0.019599573636662926,-0.06043743822694514,-0.08039783208086149,29.252300084612628,-0.024086798557438227,0.5312474619373059,0.028214135536771327,-0.015886109874240995,0
2022-05-11,370.6940307617188,392.75,404.0400085449219,391.9599914550781,398.0700073242188,142361000,-0.015886109874240995,-0.08462684433504375,-0.10390380775715558,0.01975649153263011,-0.0703800600447334,-0.09350705604665932,29.33501129883848,-0.027235694654471808,0.7456809396435284,0.0307575228258275,-0.001043887569028068,0
2022-05-12,370.30706787109375,392.3399963378906,395.7999877929688,385.1499938964844,389.3699951171875,125090800,-0.001043887569028068,-0.051883688400328754,-0.11497590333677299,0.01939355651316762,-0.06571471097361603,-0.09260220382387574,32.809606464300956,-0.029201523456806825,0.1547989383281882,0.02714480806415784,0.023907672036987515,1
2022-05-13,379.1602478027344,401.7200012207031,403.1799926757813,395.6099853515625,396.7099914550781,104174400,0.023907672036987515,-0.02338693246452872,-0.08239107425474468,0.020424681700478724,-0.039252000107949936,-0.06950355852836343,37.23430414648846,-0.02781447937286304,-0.5222744114972285,0.018843989099910113,-0.004057524904978682,0
2022-05-16,377.6217956542969,400.0899963378906,403.9700012207031,397.6000061035156,399.9800109863281,78622400,-0.004057524904978682,0.004821945716000142,-0.08648995748168553,0.020397266096683776,-0.03879632820042167,-0.0719574243943798,41.497570273194015,-0.02737976562554754,-1.4054880654471391,0.015921405622468517,0.020570456664833037,1
2022-05-17,385.3896484375,408.3200073242188,408.5700073242188,402.5799865722656,406.5299987792969,83029700,0.020570456664833037,0.023127632669701192,-0.08250939744264019,0.02065340726280548,-0.014677741785948273,-0.052435881823419406,45.578530983923095,-0.024493583797512906,-1.2842709176363836,0.014669917330788346,-0.0403116044030114,0
2022-05-18,369.8539733886719,391.8599853515625,403.7999877929688,390.5499877929688,403.5,117674500,-0.0403116044030114,-0.0022661745356965524,-0.1188415425983198,0.022156136021884373,-0.04832918800558572,-0.08965766346349058,33.22132003258385,-0.026676692556315003,-0.23714549573394184,0.033813097778056064,-0.006124655768139808,0
2022-05-19,367.5887451171875,389.4599914550781,394.1400146484375,387.1099853515625,388.6199951171875,98510700,-0.006124655768139808,-0.0073407260885782755,-0.11094384053665429,0.02205758339338532,-0.0485428162024335,-0.09369087816441968,37.97481848714273,-0.027936697424970288,-1.0070131747828124,0.01805070983186182,0.0004365243166792876,1
2022-05-20,367.7492065429688,389.6300048828125,397.0299987792969,380.5400085449219,393.25,131432200,0.0004365243166792876,-0.03009556335584629,-0.08546160623959798,0.021480100320139226,-0.04387509746343399,-0.09183565316187459,36.40733342789405,-0.028429483721873244,0.2612051756339348,0.04232217752155569,0.018710074996643122,1
2022-05-23,374.62982177734375,396.9200134277344,397.7300109863281,390.3800048828125,392.8299865722656,76414900,0.018710074996643122,-0.007923202292306808,-0.07372064987228055,0.021985655823823436,-0.02219597229047998,-0.07390056899529973,39.9483334290864,-0.026512544201542688,-1.637403535729003,0.01851760015838509,-0.007633674843412375,0
2022-05-24,371.77001953125,393.8900146484375,395.1499938964844,386.9599914550781,392.55999755859375,91448800,-0.007633674843412375,-0.03533989291479045,-0.05337659676494033,0.021193292652106652,-0.026998375778746975,-0.08003344991295602,29.822134878607912,-0.02592447496222501,-1.0593561653198813,0.020792612497973966,0.008834886424082367,1
2022-05-25,375.0545654296875,397.3699951171875,399.4500122070313,391.8900146484375,392.30999755859375,91472900,0.008834886424082367,0.014061203651178467,-0.04769082350206311,0.021315547055975673,-0.015983423174168787,-0.07071277329943004,39.09522265344849,-0.024090897769889454,-0.978273667174752,0.019025084056395112,0.01998138617199907,1
2022-05-26,382.5486755371094,405.30999755859375,407.0400085449219,398.4500122070313,398.6700134277344,82168300,0.01998138617199907,0.040697465900792595,-0.052593371893618346,0.02098753418080896,0.006482511249763068,-0.05085866207110812,46.270899244913736,-0.020553035054442746,-1.2108183171925158,0.021193645332295938,0.02454912525413122,1
2022-05-27,391.9399108886719,415.260009765625,415.3800048828125,407.7000122070313,407.9100036621094,84768700,0.02454912525413122,0.06578043926486776,0.007912724437209473,0.020160852612097702,0.030773546605300073,-0.026443502861565826,61.00734550531379,-0.015576023333657135,-1.0176135674153581,0.018494419147453717,-0.005610956306688619,0
2022-05-31,389.7407531738281,412.9299926757813,416.4599914550781,410.0299987792969,413.5499877929688,95937000,-0.005610956306688619,0.0403356340528207,-0.003739771502613509,0.020163688932478815,0.02518714766385144,-0.030469997663187476,58.755066918712075,-0.012402174150587756,-0.5797201448735191,0.015571629065050411,-0.008088544184981283,0
2022-06-01,386.58831787109375,409.5899963378906,416.239990234375,406.9299926757813,415.1700134277344,86585800,-0.008088544184981283,0.03985877709700092,-0.016307226912577577,0.020211347722174863,0.017752721408566208,-0.036737961750592074,61.073115764855906,-0.010434989403211204,-0.8609542005547989,0.02273004136290825,0.019043354742595442,1
2022-06-02,393.95025634765625,417.3900146484375,417.4400024414063,407.0400085449219,409.4200134277344,79609600,0.019043354742595442,0.05038117825954358,-0.027199093044547262,0.019434005799829138,0.03864006253936614,-0.01690528225467336,65.0125605257671,-0.0070423567300845,-0.9907069918987939,0.02491672903398089,-0.016411544165983116,0
2022-06-03,387.4849243164063,410.5400085449219,414.0400085449219,409.510009765625,412.3999938964844,71874300,-0.016411544165983116,0.012903583504416227,-0.007902335336368749,0.018078022990774083,0.02201019468592391,-0.03152200159605845,55.451166058701254,-0.005862228301479168,-1.200836456006097,0.011034244373289129,0.0030450245906428197,1
2022-06-06,388.6648254394531,411.7900085449219,416.6099853515625,410.5499877929688,414.7799987792969,57508900,0.0030450245906428197,-0.008356090712458797,0.0010942592617046998,0.018040012723400795,0.02506481040717845,-0.02679600295362372,57.26531454693228,-0.00452208061087466,-1.5938234998238172,0.014716232625475691,0.009592118073121547,1
2022-06-07,392.3929443359375,415.739990234375,416.2200012207031,407.6099853515625,408.1000061035156,59272400,0.009592118073121547,0.0068050136931061544,0.04412681246244787,0.016457689066690522,0.03263913871047586,-0.01574189011962379,54.8662008924747,-0.0026439722435602645,-1.4607355442173318,0.020710097828901895,-0.010872199355230538,0
2022-06-08,388.1267700195313,411.2200012207031,415.8200073242188,410.3800048828125,413.9299926757813,64350000,-0.010872199355230538,0.003979561919795316,0.030394108912399354,0.01671876599218644,0.01987568020360797,-0.02437846782303066,65.054441208875,-0.002065808336247121,-1.1495171446114738,0.013228934451772057,-0.023782805313167787,0
2022-06-09,378.8960266113281,401.4400024414063,411.739990234375,401.4400024414063,409.3399963378906,86289800,-0.023782805313167787,-0.038213529484400044,0.02212605321093375,0.017239379487175376,-0.005451563767751133,-0.04485720387618419,58.35662782121924,-0.0035481075503390087,-0.10149681913729042,0.025657601958768587,-0.02899578878779352,0
2022-06-10,367.9096374511719,389.7999877929688,395.7799987792969,389.75,394.8800048828125,132893900,-0.02899578878779352,-0.05051883476439445,-0.00647416867764572,0.018519495551717217,-0.03398532772921781,-0.06950152813021349,50.10221068271755,-0.007149961468012564,2.1307919828411834,0.015469468876688467,-0.03796813165729662,0
2022-06-13,353.9407958984375,375.0,381.80999755859375,373.2999877929688,379.8500061035156,170004900,-0.03796813165729662,-0.08934183715172594,-0.06651396619357042,0.019432905179668142,-0.06757592187780803,-0.10154338569165011,37.910871795018096,-0.013342833949503712,2.840944742010706,0.022693359374999847,-0.0030132095963314454,0
2022-06-14,352.8742980957031,373.8699951171875,377.9400024414063,370.5899963378906,376.8500061035156,104011800,-0.0030132095963314454,-0.10071191852624517,-0.06553514082976675,0.019432037546207565,-0.06734529086999785,-0.10084471980614029,38.72239543661135,-0.018116618764624615,0.3923538197087738,0.01965925642471486,0.014256093906547473,1
2022-06-15,357.9049072265625,379.2000122070313,383.8999938964844,372.1199951171875,377.3599853515625,125666800,0.014256093906547473,-0.07786595805140673,-0.07131676038100643,0.01907344937683575,-0.05060092791196491,-0.08460953576668606,39.97347957156232,-0.02019359171527232,1.073300939337619,0.031065396624685142,-0.03309589806398938,0
2022-06-16,346.0597229003906,366.6499938964844,370.9400024414063,364.0799865722656,370.510009765625,134473300,-0.03309589806398938,-0.08666309859359123,-0.06433417564849675,0.018397104499384323,-0.07911592510633192,-0.11128469006134623,29.699613982472982,-0.02526657788476204,1.3123399798122999,0.018709984953872542,0.0021557918055044034,1
2022-06-17,346.8057556152344,365.8599853515625,369.3800048828125,362.1700134277344,365.510009765625,111113900,0.0021557918055044034,-0.05736159015062048,-0.056538699233915635,0.018419974018024705,-0.07457166462226916,-0.10594135043182595,22.21739231711959,-0.028178942338742175,0.4858960855263,0.019706969178796347,0.02517341625153735,1
2022-06-21,355.5360412597656,375.0700073242188,376.5299987792969,371.80999755859375,371.8900146484375,76811900,0.02517341625153735,0.004507096609981831,-0.03321058228245599,0.019446627841481705,-0.04972700075154257,-0.08020848137735781,30.512019807557863,-0.027482208683133877,-0.6084863180680221,0.012584320602908277,-0.0018129294720564681,0
2022-06-22,354.8914794921875,374.3900146484375,378.7200012207031,370.1799926757813,370.6199951171875,90059400,-0.0018129294720564681,0.005716430489185909,-0.0526875895557708,0.018856210236220285,-0.048941054750855195,-0.07865608538910307,31.409612055448846,-0.02735948872309248,-0.1687831401615069,0.022810460244088296,0.009802577743870389,1
2022-06-23,358.3703308105469,378.05999755859375,378.8299865722656,372.8900146484375,376.6400146484375,79292100,0.009802577743870389,0.0013004112952543778,-0.03604295133211188,0.01901040637078084,-0.037890793556353164,-0.0668703837362179,28.136285743540242,-0.025876813817369244,-0.52541717287096,0.01571171761674552,0.03179387620572083,1
2022-06-24,369.7643127441406,390.0799865722656,390.0899963378906,381.3699951171875,381.3999938964844,98050300,0.03179387620572083,0.06849855176753139,-0.014105288065180632,0.020325276909484363,-0.006596165250227659,-0.03499581559617382,39.73267820775008,-0.021411351356495172,0.12372858511765883,0.02235439274218615,-0.0038196872562453743,0
2022-06-27,368.3519287109375,388.5899963378906,391.3599853515625,387.4400024414063,391.0499877929688,66009600,-0.0038196872562453743,0.06212749571436649,-0.0371109553738207,0.01975083251072773,-0.00849982725981957,-0.036163269659897024,38.26232969159944,-0.018669503874856216,-0.9562408911004642,0.01008770927481018,-0.020432793080719103,0
2022-06-28,360.8254699707031,380.6499938964844,393.1600036621094,380.5299987792969,390.2300109863281,86548900,-0.020432793080719103,0.01487733477651254,-0.0793857426956619,0.01915624580369022,-0.024674704322222962,-0.053262018212060114,32.52600229404679,-0.018247057649876573,-0.25099654049191067,0.03318010005340276,-0.0008144776403051779,0
2022-06-29,360.5315856933594,380.3399963378906,382.2699890136719,378.4200134277344,381.2300109863281,65676000,-0.0008144776403051779,0.01589248129947296,-0.07494511991010899,0.01916440777804718,-0.021606705382270497,-0.051402655607399095,34.02218844522912,-0.01748224227997535,-0.8987796184316059,0.01012245786140571,-0.008124159517530982,0
2022-06-30,357.6025695800781,377.25,380.6600036621094,372.55999755859375,376.239990234375,112508300,-0.008124159517530982,-0.002142368283480023,-0.0749783347066395,0.019164837474240696,-0.025723492692914407,-0.05600726362758368,36.70039677093721,-0.017462092686350492,0.631701873393787,0.0214711891411945,0.010576534864845,1
2022-07-01,361.384765625,381.239990234375,381.7000122070313,373.7999877929688,376.55999755859375,74839700,0.010576534864845,-0.022661860083125096,-0.08266396632045236,0.018724126839759495,-0.011031781492322867,-0.043075099416186924,45.52163307163602,-0.016120904926752506,-0.6160753953488006,0.02072191956884114,0.0018884708613244872,1
2022-07-05,362.0672302246094,381.9599914550781,381.9800109863281,372.8999938964844,375.8800048828125,81438000,0.0018884708613244872,-0.017061668465593982,-0.06559660130426581,0.018538974476260964,-0.005706076595515364,-0.03865149746153329,56.8217811687104,-0.014850894567900973,-0.41646983395477416,0.023772168009673966,0.003377382025736342,1
2022-07-06,363.2900695800781,383.25,385.8699951171875,379.6000061035156,382.1099853515625,70426200,0.003377382025736342,0.006830447999070399,-0.06528698816694933,0.01854503609643442,0.0011401611270909218,-0.03341183250449653,58.72068779434851,-0.013395774873080852,-0.8272886604375587,0.016360049611668297,0.014977122951232102,1
2022-07-07,368.7311096191406,388.989990234375,389.8299865722656,383.2699890136719,385.1199951171875,64525900,0.014977122951232102,0.02274287261131991,-0.060301376613284274,0.018778250129653132,0.019458116650893365,-0.017067070087241953,59.00245290976611,-0.01078593159067809,-1.0504891237220184,0.016864180887125674,-0.000822340855815451,0
2022-07-08,368.4278869628906,388.6700134277344,390.6400146484375,385.6600036621094,387.2699890136719,72397800,-0.000822340855815451,0.030271922809515406,-0.050753734548249274,0.018688972346111127,0.02140120102732479,-0.01660108933468818,73.0185678591752,-0.008846009636182362,-0.8018495864559241,0.01281295395651628,-0.011423760079087741,0
2022-07-11,364.2190551757813,384.2300109863281,386.8699951171875,383.5,385.8500061035156,58366900,-0.011423760079087741,0.00784285841678889,-0.03873614502324263,0.018142251118910845,0.011791413451341937,-0.026295669989410797,66.72746727643178,-0.00822360520551275,-1.1995959294597036,0.008770775371076917,-0.008848964325125275,0
2022-07-12,360.99609375,380.8299865722656,386.1600036621094,378.989990234375,383.6499938964844,62219200,-0.008848964325125275,-0.0029583911085929726,-0.018791417776027775,0.01708202352465426,0.003802040925490857,-0.03269890997091607,55.86563863220448,-0.00834187856252318,-0.9726557232567291,0.018827334192534247,-0.005251700887301869,0
2022-07-13,359.1002502441406,378.8299865722656,381.9200134277344,374.6600036621094,375.1000061035156,84224600,-0.005251700887301869,-0.011532986136341239,0.0145771677226596,0.014742557853857986,-0.0021853900841336538,-0.03624168883352297,54.40303477462993,-0.008746830715862814,-0.07827431596218258,0.019164295390961823,-0.0024283170973868895,0
2022-07-14,358.2282409667969,377.9100036621094,379.0499877929688,371.0400085449219,373.6099853515625,89704800,-0.0024283170973868895,-0.0284838148405544,0.01517237979639341,0.014735117247036585,-0.005348259316683923,-0.03687726894898824,49.84277621544521,-0.009145838301569061,0.20935181233366462,0.021195467625696095,0.01910478094033574,1
2022-07-15,365.0721130371094,385.1300048828125,385.25,380.5400085449219,382.5499877929688,79060400,0.01910478094033574,-0.009108360264051485,0.02002544716719923,0.015004607891235281,0.012646742172262027,-0.017000985823845127,44.226693721960295,-0.007667038214721905,-0.19907327935422217,0.012229614403871967,-0.008256759792096613,0
2022-07-18,362.0578002929688,381.9500122070313,389.0899963378906,380.6600036621094,388.3800048828125,63203600,-0.008256759792096613,-0.005933942368197664,0.04622923829012904,0.012906606946450861,0.0020621910494205142,-0.0228595441690852,42.54937915707555,-0.007274109765988518,-1.0481766604032228,0.022070931814008887,0.027019169902670948,1
2022-07-19,371.8403015136719,392.2699890136719,392.8699951171875,385.3900146484375,386.0799865722656,78506000,0.027019169902670948,0.030039681734566948,0.07218607388457587,0.014035880156271809,0.02558405882750181,0.004557634403891786,62.37760731736093,-0.004554908016045723,0.06046571396883795,0.019068449481842206,0.006373034248616349,1
2022-07-20,374.2100524902344,394.7699890136719,396.260009765625,391.0299987792969,392.4700012207031,71843800,0.006373034248616349,0.042076835746622576,0.05252353928536024,0.013113093082525408,0.029468982680937783,0.011726665114607737,64.6856492057189,-0.0020013601469820778,-0.41489007344391793,0.013248248681201034,0.010183316662745412,1
2022-07-21,378.020751953125,398.7900085449219,398.8399963378906,391.6300048828125,394.1600036621094,64903900,0.010183316662745412,0.055251118484995754,0.06517280294819439,0.013172731204215846,0.036654291909136605,0.021907219380165266,71.51431741080765,0.000803651635554532,-0.8398382901841939,0.01807966925095605,-0.009278206866174976,0
2022-07-22,374.5133972167969,395.0899963378906,400.1799926757813,392.75,398.9200134277344,72197300,-0.009278206866174976,0.025861422558802305,0.045045766957711786,0.013362300134859484,0.024767702686694593,0.012544251541584117,63.91402136851934,0.0022571457718322035,-0.2704288404046129,0.01880582334316305,0.0012149554414480068,1
2022-07-25,374.9684143066406,395.5700073242188,396.4700012207031,393.2099914550781,395.75,53631500,0.0012149554414480068,0.03565898594982575,0.014074104458266179,0.011416449014030218,0.025282758803692573,0.013540191478719876,63.73920515630508,0.0034570235076081873,-1.5083239117371643,0.008241296623262482,-0.011830911864728177,0
2022-07-26,370.5321960449219,390.8900146484375,394.05999755859375,389.9500122070313,393.8399963378906,52946400,-0.011830911864728177,-0.0035179227841226623,0.005918979009053471,0.011722067110705975,0.012850821137196045,0.0015368976613681085,57.21850243526741,0.0034569709946634802,-1.4350915957386228,0.010514429116995792,0.02596626688132253,1
2022-07-27,380.1535339355469,401.0400085449219,402.8800048828125,394.0499877929688,394.3599853515625,82342100,0.02596626688132253,0.0158827412726108,0.05356624067146121,0.011978964648440496,0.036412919186806114,0.027487899610695088,60.50938316724154,0.005318390921867373,0.6972618326274117,0.022017795984698153,0.012542555831235536,1
2022-07-28,384.921630859375,406.0700073242188,406.7999877929688,398.1499938964844,401.8900146484375,73966600,0.012542555831235536,0.01825529119921354,0.06765023130805492,0.012145071526809043,0.04593473539640991,0.03996485037416564,64.02319196158685,0.007688816732488604,0.05885536475989823,0.02130173058946954,0.014578876331233781,1
2022-07-29,390.5333557128906,411.989990234375,413.0299987792969,406.7699890136719,407.5799865722656,87003700,0.014578876331233781,0.042775394992933036,0.0920876664043051,0.012077178800625303,0.05645661034599403,0.054833187946506934,71.85148430043935,0.010519604694449935,1.4189959824143599,0.01519456762059625,-0.002961476040042821,0
2022-08-01,389.3768005371094,410.7699890136719,413.4100036621094,408.3999938964844,409.1499938964844,69997500,-0.002961476040042821,0.03842559981248428,0.07745770595420187,0.012097050347239796,0.049354922517287125,0.05060133355031038,74.40499027714728,0.012504928128760882,-0.15491035237551112,0.012196630473552558,-0.00659725267434641,0
2022-08-02,386.8079833984375,408.05999755859375,413.0,406.8200073242188,409.1199951171875,63435400,-0.00659725267434641,0.04392543354462619,0.06833193149924144,0.012314705059021077,0.0389683843590638,0.042588948711324015,73.55367998767228,0.013455889438157842,-0.6944485298096896,0.015144813784139186,0.015659502179263596,1
2022-08-03,392.8652038574219,414.4500122070313,415.6799926757813,410.0,410.2999877929688,67820600,0.015659502179263596,0.03343825267195921,0.0814091458969115,0.01261699877941716,0.05106334234270693,0.05748360757956794,77.05865636500096,0.014996883880752218,-0.2649559279550253,0.01370489204604961,-0.0006757340927696642,0
2022-08-04,392.5997314453125,414.1700134277344,415.0899963378906,412.4400024414063,414.3699951171875,45656600,-0.0006757340927696642,0.019947178777132812,0.06473178205881669,0.012383294724592913,0.047010124736325265,0.055747699797704664,73.96828939711597,0.016152864201264983,-2.021548005487616,0.00639832390218829,-0.0016902054830937319,0
2022-08-05,391.9361572265625,413.4700012207031,414.1499938964844,409.6000061035156,409.6600036621094,56814900,-0.0016902054830937319,0.003592014595299231,0.06380697850388217,0.012399690521743265,0.041974219150582304,0.052821396856062464,77.12547847923946,0.016760020196991108,-0.9901160221309363,0.01100439640006687,-0.0011607912316814462,0
2022-08-08,391.481201171875,412.989990234375,417.6199951171875,411.8299865722656,415.25,53886100,-0.0011607912316814462,0.005404535226194218,0.0748509601809173,0.011968833477133702,0.03700673500113494,0.05067206590716844,71.46696766110908,0.016950365536024754,-1.1882572706311216,0.014019730942234219,-0.003971139508589516,0
2022-08-09,389.9265747070313,411.3500061035156,412.75,410.2200012207031,412.2200012207031,44931800,-0.003971139508589516,0.008062375758624007,0.08014070361954251,0.011747679594794894,0.028945980479771594,0.04608542802491322,67.48935863850352,0.016640364949153264,-1.6980215008822945,0.006150477067600199,0.021004117205184025,1
2022-08-10,398.11663818359375,419.989990234375,420.1400146484375,416.7200012207031,418.7799987792969,68665700,0.021004117205184025,0.013367013099174097,0.10865040587670749,0.012128831725995666,0.04517765325177647,0.06770367547565392,70.37666230975655,0.017463639202845452,0.12702311431458882,0.008143083185925075,0.0,0
2022-08-11,398.11663818359375,419.989990234375,424.9500122070313,419.2099914550781,422.989990234375,59489700,0.0,0.01405224277146444,0.11134911393123259,0.01205998892144908,0.039733648733227156,0.0672242106185088,75.76565982297237,0.018177842882298713,-0.5089484868713298,0.013667041799615198,0.01692907416404421,1
2022-08-12,404.85638427734375,427.1000061035156,427.2099914550781,421.0299987792969,422.0299987792969,61694500,0.01692907416404421,0.03296513172504412,0.10897647291999624,0.011938695059771574,0.05187081190223308,0.08422941502360981,78.68965505119722,0.019549757426300784,-0.2584626531884292,0.014469661876528782,0.004120656090823571,1
2022-08-15,406.524658203125,428.8599853515625,429.4100036621094,424.7099914550781,424.7699890136719,54048300,0.004120656090823571,0.03842702276946719,0.1228170139523983,0.011514840070977366,0.05013903857425728,0.08796440766542668,86.48836450960418,0.020881585949734882,-0.8693641645768618,0.01095931625138299,0.001958711808422775,1
2022-08-16,407.3209228515625,429.7000122070313,431.7300109863281,426.8800048828125,427.7300109863281,59289000,0.001958711808422775,0.04460929126874791,0.09541897743051941,0.01040220985899925,0.04739605966464211,0.08893926285401466,83.54380298322558,0.021863357151215734,-0.3515416536059808,0.011286958263289206,-0.007097950624750271,0
2022-08-17,404.4297790527344,426.6499938964844,429.5,424.5400085449219,425.9100036621094,63563400,-0.007097950624750271,0.015857515772122355,0.08075605227972504,0.010714060159580052,0.03593667491558272,0.08029941289044196,75.25755680394872,0.02200535297662596,0.06796805358743212,0.011625434257668217,0.0029062004451283485,1
2022-08-18,405.6051330566406,427.8900146484375,428.6099853515625,425.5,426.8599853515625,49023200,0.0029062004451283485,0.018809801336646226,0.07297054714852291,0.010614144496445292,0.03528980667297077,0.08267478521368843,72.04632177401939,0.021911531487986986,-1.137278498611138,0.0072681886585218,-0.013437721792307178,0
2022-08-19,400.15472412109375,422.1400146484375,425.260009765625,421.2200012207031,424.9800109863281,68016900,-0.013437721792307178,-0.01161315552585962,0.068465713362595,0.010915832711035517,0.018046395220236988,0.0674406774284515,64.00606291824344,0.0208464540203039,0.5506703713425318,0.009570304649480896,-0.020822481538284365,0
2022-08-22,391.822509765625,413.3500061035156,417.2300109863281,412.3999938964844,417.0499877929688,77695600,-0.020822481538284365,-0.03616545304406571,0.04494804046402012,0.012183745459703275,-0.005284479466649672,0.04449358287634064,55.667499520568654,0.01825975639099507,1.262467837094918,0.011685053873288595,-0.0024193799632999946,0
2022-08-23,390.8745422363281,412.3500061035156,415.4200134277344,411.7699890136719,412.8999938964844,49105200,-0.0024193799632999946,-0.040376960014960606,0.05490034714538017,0.01178566487812654,-0.010246760240200659,0.040692368329688255,47.45635283969757,0.015522289167701495,-1.159137984873039,0.008851762725926101,0.0032010800600272837,1
2022-08-24,392.1257629394531,413.6700134277344,415.1099853515625,411.3900146484375,412.1099853515625,49177800,0.0032010800600272837,-0.030423121022640887,0.031493141415689374,0.010447988796156585,-0.008581248037506484,0.041905173157964715,49.40924979935565,0.013378493114125966,-1.0640668650660214,0.008992604207157152,0.014117635705384046,1
2022-08-25,397.6616516113281,419.510009765625,419.55999755859375,414.0899963378906,415.239990234375,50942300,0.014117635705384046,-0.019584272480603016,0.033097700234486105,0.01054031374494135,0.003798581565222614,0.054105574536012835,56.36333912415861,0.012534460769195468,-0.8199729521805742,0.01303902432211128,-0.03384915341814876,0
2022-08-26,384.2011413574219,405.30999755859375,419.9599914550781,405.25,419.3900146484375,103087000,-0.03384915341814876,-0.03986853534895174,-0.016214272770400773,0.012752180697937267,-0.0294034444925102,0.01700718343034935,43.723402743829105,0.009497521892526317,3.14191460057298,0.036293186804383155,-0.006612095807118079,0
2022-08-29,381.6607666015625,402.6300048828125,405.8399963378906,401.2000122070313,402.2000122070313,65370800,-0.006612095807118079,-0.02593455687408286,-0.019816367911245192,0.012811650410981971,-0.03488047782254722,0.008382067386764724,42.992634937323956,0.0061792572288279,0.35906166755640806,0.0115241886461239,-0.01097802220647881,0
2022-08-30,377.4708862304688,398.2099914550781,404.1000061035156,396.0,403.8500061035156,85652400,-0.01097802220647881,-0.034291453030356966,-0.024138842962687423,0.012950485089450956,-0.044347382867728324,-0.0043014039986103425,31.224050267545934,0.0026124698130339853,1.6572900080006028,0.020341041855624516,-0.0076088817771834405,0
2022-08-31,374.5987548828125,395.1799926757813,401.239990234375,395.0400085449219,399.9299926757813,76029700,-0.0076088817771834405,-0.044697415250797734,-0.04649546153555151,0.012395027249844766,-0.049420823904126054,-0.012870291996970984,29.67387852552706,-0.0008791973367768082,0.9438213733317761,0.015689007045809108,0.0031376345718874266,1
2022-09-01,375.7741088867188,396.4200134277344,396.7799987792969,390.0400085449219,392.8900146484375,78740100,0.0031376345718874266,-0.055040617157628424,-0.042856938532922606,0.012450602769516468,-0.04439820730614019,-0.01086166920487086,22.18975801650585,-0.0033596709145989577,1.0214550042833732,0.01700214420582898,-0.010544232990394531,0
2022-09-02,371.8118591308594,392.239990234375,401.55999755859375,390.3299865722656,400.2799987792969,99632100,-0.010544232990394531,-0.03224686470943294,-0.05134585754503396,0.012591368524656503,-0.052048652176854726,-0.021983452199589748,18.200635277764945,-0.006173156174699186,2.032524519117023,0.028630459070779248,-0.0037731261979798703,0
2022-09-06,370.4089660644531,390.760009765625,394.1199951171875,388.4200134277344,393.1300048828125,76637400,-0.0037731261979798703,-0.029481155837156714,-0.05382693995099497,0.012589679311583248,-0.053081750725903376,-0.02570667425485995,16.557739023782034,-0.008612540189469192,0.581412188874337,0.014586911523704619,0.01796489426500103,1
2022-09-07,377.0633239746094,397.7799987792969,398.5899963378906,390.2000122070313,390.4299926757813,70964200,0.01796489426500103,-0.00107971838551435,-0.03298890500624807,0.013401277814928527,-0.03448297203468409,-0.008657904749558964,26.788735310866116,-0.008815800080816763,0.16729818537242752,0.02109202110866915,0.006536301604186168,1
2022-09-08,379.5279235839844,400.3800048828125,400.8599853515625,394.1199951171875,395.3900146484375,80821700,0.006536301604186168,0.01315852932483419,-0.04669162957976425,0.012476004451372853,-0.0258536570196497,-0.00315850498050807,28.355588248108134,-0.008417235073447958,0.7455285036777176,0.016833983096502865,0.01553531974882394,1
2022-09-09,385.4240112304688,406.6000061035156,407.510009765625,402.4599914550781,402.739990234375,76706900,0.01553531974882394,0.02568006181250526,-0.03188167922605556,0.013095851417920114,-0.00910588655442579,0.011005741049257445,37.86311634105261,-0.00671036651984594,0.43508395284165646,0.012420113710625964,0.010747710096951746,1
2022-09-12,389.5664367675781,410.9700012207031,411.7300109863281,408.4599914550781,408.7799987792969,69256300,0.010747710096951746,0.04775150980450582,-0.03776634901548537,0.012704196706327591,0.003516328545705605,0.020161041414442638,48.003331786638185,-0.004491844215628303,-0.059201332430261724,0.007956832667924836,-0.04348252173683487,0
2022-09-13,372.6271057128906,393.1000061035156,403.1000061035156,391.9200134277344,401.8299865722656,122947100,-0.04348252173683487,0.0059883530142506025,-0.08338375497335038,0.015646163550999726,-0.035909898626104386,-0.024772355365644372,37.41335699947461,-0.006510170711505949,2.5707268891622626,0.028440581282609304,0.003815730151196739,1
2022-09-14,374.0489501953125,394.6000061035156,396.2000122070313,391.1199951171875,394.4700012207031,85023700,0.003815730151196739,-0.00799434362250484,-0.08168490934204997,0.015690246041565416,-0.02804772077550688,-0.02166472593651081,37.560330217505914,-0.007524209231119052,0.5308767975300828,0.01287383935952389,-0.011353256256345423,0
2022-09-15,369.8022766113281,390.1199951171875,395.9599914550781,388.7799987792969,392.9599914550781,87633800,-0.011353256256345423,-0.025625642721658903,-0.08562055574273397,0.015761256762992313,-0.03473992215424193,-0.03310139789785871,30.48208123628997,-0.009263166228223166,0.6046170842915513,0.01840457491450666,-0.007628934942255028,0
2022-09-16,366.9810791015625,385.55999755859375,386.25,382.1099853515625,384.1400146484375,103084800,-0.007628934942255028,-0.047851020153173995,-0.09522575235674957,0.015681975233465678,-0.037250766878763386,-0.040389986793312405,35.822301820972186,-0.011145945046409315,1.2886820639702137,0.010737666445306842,0.007755107675225581,1
2022-09-19,369.8270568847656,388.5499877929688,388.5499877929688,382.1799926757813,382.260009765625,73278500,0.007755107675225581,-0.05067012457900566,-0.07578985179530318,0.015788414590034206,-0.02590948826277928,-0.033018864838162854,40.305800764501925,-0.011728646975489384,-0.31071466887164256,0.016394274397922837,-0.011478737496485758,0
2022-09-20,365.5819091796875,384.0899963378906,386.1199951171875,381.2000122070313,385.05999755859375,77274900,-0.011478737496485758,-0.018906827831873918,-0.06697063066038178,0.015391869163175042,-0.033751688873378316,-0.04418670699428218,40.26933678887962,-0.013185759600131035,-0.09588759533529258,0.012809453401717859,-0.01744371248347576,0
2022-09-21,359.2048034667969,377.3900146484375,389.30999755859375,377.3800048828125,386.1099853515625,106746600,-0.01744371248347576,-0.03968503780257804,-0.08102277162472071,0.015707671690312307,-0.04661652476397071,-0.06077166502581055,38.0842999125508,-0.015736425676086917,1.3564905763189228,0.03161183977507934,-0.008399868042125558,0
2022-09-22,356.1875305175781,374.2200012207031,378.2999877929688,373.4400024414063,376.5799865722656,89472600,-0.008399868042125558,-0.03681628522817193,-0.09164976091464849,0.01563802751439919,-0.05009446111102023,-0.06851917567653365,35.25932091356364,-0.01819498325456652,0.3313161178189863,0.012986973800730214,-0.01675501109406774,0
2022-09-23,350.2196044921875,367.9500122070313,370.6199951171875,363.2900085449219,370.5799865722656,122346900,-0.01675501109406774,-0.04567394768801214,-0.11930254508299976,0.015202817206945529,-0.06006402255414667,-0.08374235037970457,34.22606772534428,-0.02150633412392148,2.069166061938469,0.019921147789339722,-0.009892561830798785,0
2022-09-26,346.7550354003906,364.30999755859375,370.2099914550781,363.0299987792969,366.4100036621094,92581200,-0.009892561830798785,-0.06238597488978204,-0.09746484829464674,0.013789478517711215,-0.0646623426989803,-0.0919361643119736,33.22523732930729,-0.02464565148439411,0.33819320924940766,0.019708470049950955,-0.0025525262159130646,0
2022-09-27,345.86993408203125,363.3800048828125,370.3999938964844,360.8699951171875,368.0199890136719,108294100,-0.0025525262159130646,-0.05391944897352019,-0.09377655670040441,0.013794731915044153,-0.06252451667869519,-0.09348544298904171,25.906955585045566,-0.026928372135727314,1.1740474053703658,0.026225985610766427,0.019676152026220306,1
2022-09-28,352.6753234863281,370.5299987792969,372.2999877929688,362.6000061035156,364.3800048828125,110802200,0.019676152026220306,-0.018177596506089855,-0.06568867599765427,0.014744758659059566,-0.040855496576960415,-0.07471917239499959,30.563017012711384,-0.026273960882954573,1.2012679049853998,0.026178667642052095,-0.020888913694628974,0
2022-09-29,345.3083190917969,362.7900085449219,367.1099853515625,359.70001220703125,366.80999755859375,112952300,-0.020888913694628974,-0.030543493226651175,-0.0781914926550642,0.01524031182819733,-0.057135601990213614,-0.09267128819303372,21.568095625567977,-0.028122744530408635,1.194035117546526,0.020424964773013372,-0.015463634625808131,0
2022-09-30,339.9685974121094,357.17999267578125,365.9100036621094,357.0400085449219,361.7999877929688,153711200,-0.015463634625808131,-0.029270226305411762,-0.09528466870878372,0.015352109702569535,-0.06715564505689531,-0.10491197204959568,15.434281786333486,-0.03051703279512542,2.648525903128856,0.024833404163370806,0.026401310366315656,1
2022-10-03,348.9442138671875,366.6099853515625,368.5499877929688,359.2099914550781,361.0799865722656,89756500,0.026401310366315656,0.006313328555615838,-0.06150327027525926,0.01679025682254138,-0.03951395871745211,-0.08004184442793583,31.434079391912093,-0.028831773851571287,-0.2639873859990957,0.025476655604276695,0.030986678215641383,1
2022-10-04,359.7568359375,377.9700012207031,378.0,366.5700073242188,372.3999938964844,103602800,0.030986678215641383,0.04015064764830112,-0.028757754543931813,0.018428797211285528,-0.008297826152518728,-0.0507740442836675,40.23380120266358,-0.024564795368977474,0.31474650797379883,0.030240475801959283,-0.0023282836714252353,0
2022-10-05,358.9192199707031,377.0899963378906,379.4599914550781,370.9500122070313,373.3900146484375,88065700,-0.0023282836714252353,0.01770437586234208,-0.04811951428383432,0.017862460949313007,-0.008126319395121095,-0.05240340389770071,42.19989763645192,-0.021857322928812192,-0.4673547371253096,0.02256750200400827,-0.010315817487617007,0
2022-10-06,355.2166748046875,373.2000122070313,378.7200012207031,372.6799926757813,375.6199951171875,82333500,-0.010315817487617007,0.028694228215963014,-0.06405654832909058,0.017820591388036766,-0.015049653966479282,-0.060942146680440734,41.67341296412295,-0.020476226224011827,-0.7508317822756846,0.016184373921111092,-0.027893836116614334,0
2022-10-07,345.3083190917969,362.7900085449219,373.2900085449219,360.9400024414063,368.9700012207031,107789500,-0.027893836116614334,0.015706514426138796,-0.10408197457808166,0.018067741105520566,-0.037168746942134234,-0.08522011112249261,34.22339343431764,-0.02181600812576901,0.4203659231606467,0.03404174815356402,-0.007635308791475559,0
2022-10-10,342.6717834472656,360.0199890136719,364.2099914550781,357.6700134277344,363.9599914550781,76042800,-0.007635308791475559,-0.017975453297842114,-0.12037652347419914,0.017670284567974946,-0.03823234622319571,-0.0898968371991552,34.946837030926474,-0.02294099455177735,-1.206443186859679,0.018165596986047885,-0.006332896623811757,0
2022-10-11,340.5016784667969,357.739990234375,363.0299987792969,355.7099914550781,358.239990234375,92482800,-0.006332896623811757,-0.05352270074458931,-0.08621333969957201,0.015350001228135774,-0.03999515211946003,-0.09330651226149234,36.991914094470275,-0.024087179078452,-0.3011326316425319,0.02046180892279617,-0.0032986605762066468,0
2022-10-12,339.37847900390625,356.5599975585937,359.82000732421875,356.29998779296875,358.1700134277344,76991800,-0.0032986605762066468,-0.054443283835264866,-0.09268966313981841,0.015231901250352673,-0.038462398106729356,-0.09400892413373796,37.99290123685549,-0.024941552751590896,-1.0794493832993977,0.009872166130109852,0.026391196136520856,1
2022-10-13,348.3350830078125,365.9700012207031,367.510009765625,348.1099853515625,349.2099914550781,147254500,0.026391196136520856,-0.01937294131999512,-0.05805046361593447,0.016642606611075184,-0.010075836205362343,-0.06788261173375831,48.70896632006061,-0.022563484243877933,2.113254075658671,0.05300987608097161,-0.022788806687503826,0
2022-10-14,340.3969421386719,357.6300048828125,370.260009765625,356.9599914550781,368.5499877929688,123737000,-0.022788806687503826,-0.014223164289938084,-0.07244007518854512,0.017207141248520942,-0.02896701025672166,-0.0865725105019094,45.895809644932044,-0.023294406404631957,0.9716693953843804,0.037189324522434855,0.025697035724983275,1
2022-10-17,349.1441345214844,366.8200073242188,367.9800109863281,357.2799987792969,364.010009765625,93168200,0.025697035724983275,0.01888790203006252,-0.05592593072422458,0.018266123113924095,-0.0010674339499213703,-0.0609435150180796,51.91876205161552,-0.0206098313266986,-0.44247137084313226,0.029169652672663245,0.011749661626352381,1
2022-10-18,353.2464599609375,371.1300048828125,375.4500122070313,367.5199890136719,375.1300048828125,97162900,0.011749661626352381,0.037429423407037365,-0.03374195743555519,0.018417464352470752,0.012456307722942928,-0.047951822791635235,50.34565067469756,-0.017584986086242663,-0.3156852602585162,0.02136723813495868,-0.007086455674987335,0
2022-10-19,350.7431945800781,368.5,371.8500061035156,365.5499877929688,368.989990234375,79746900,-0.007086455674987335,0.033486848104004485,-0.02355650259977915,0.01808987273749647,0.006502076240856081,-0.05269767956848215,53.494923931584346,-0.015880051009485394,-1.0508371971209178,0.017096386188729492,-0.00838534038483607,0
2022-10-20,347.8020935058594,365.4100036621094,372.6700134277344,364.6099853515625,368.0299987792969,88283100,-0.00838534038483607,-0.0015301057170321597,-0.023542196998120102,0.018089561796556977,-0.0007355174619658733,-0.05808115312290041,55.197712656525894,-0.015060177357145106,-0.6511765596901994,0.022057491572192684,0.024301339878574524,1
2022-10-21,356.254150390625,374.2900085449219,374.7999877929688,363.5400085449219,365.1199951171875,131038400,0.024301339878574524,0.04658446151814477,0.017230748424799103,0.018535894928845185,0.022661415717964095,-0.03299864290044652,54.8842535573822,-0.01191292228952466,1.2773417107335772,0.030083568866347447,0.012236528220271659,1
2022-10-24,360.6134643554688,378.8699951171875,380.05999755859375,373.1099853515625,375.8900146484375,85436900,0.012236528220271659,0.032849842514764305,0.039966049632346845,0.018510853607782766,0.03312026466789919,-0.018809257398215595,50.62638856531806,-0.008511021310346287,-0.7606008487488154,0.018344055471802553,0.0159684077849247,1
2022-10-25,366.3718872070313,384.9200134277344,385.25,378.6700134277344,378.7900085449219,78846300,0.0159684077849247,0.037156571215307466,0.05927648258705687,0.018726632310616862,0.046544061081909005,-0.0009582692758732803,55.08373277954195,-0.004515611192119204,-0.9655960345047878,0.01709442570592907,-0.007533938833882647,0
2022-10-26,363.6116638183594,382.0199890136719,387.5799865722656,381.3500061035156,381.6199951171875,104087300,-0.007533938833882647,0.03668914874795459,0.031009655634313793,0.018441363021430488,0.03703961980139403,-0.00611579406100593,55.80110240916343,-0.00205513197933331,0.1518830308851218,0.016307996041869523,-0.0053400691424222435,0
2022-10-27,361.6699523925781,379.9800109863281,385.0,379.3299865722656,383.0700073242188,81971800,-0.0053400691424222435,0.03987284477482622,0.04738267917730554,0.01775439221836484,0.029100646546198705,-0.009106926305044505,62.705065267320634,-0.000505818876104606,-0.7446380069120578,0.014921872898041432,0.023790668979456253,1
2022-10-28,370.2743225097656,389.0199890136719,389.5199890136719,379.6799926757813,379.8699951171875,100302000,0.023790668979456253,0.03935441061884548,0.089142718852117,0.01783748175442705,0.04906049304554627,0.01643486721208487,69.61576964916813,0.0025593809513133926,0.20452481005823203,0.025294320641052578,-0.007223269078785677,0
2022-10-31,367.5997314453125,386.2099914550781,388.3999938964844,385.260009765625,386.4400024414063,96631300,-0.007223269078785677,0.019373284085025366,0.05346275088322727,0.01723187554632002,0.038737734297755955,0.010899691063787742,69.12015944717169,0.004377922692723727,-0.006186346107792776,0.008130250900628503,-0.004375822090691428,0
2022-11-01,365.9911804199219,384.5199890136719,390.3900146484375,383.2900085449219,390.1400146484375,85407600,-0.004375822090691428,-0.001039126637176424,0.017329328756674256,0.01594828749989226,0.033282257966267714,0.007908132853826855,68.64996212456587,0.0054128428825590096,-0.5467373101664159,0.01846459561628454,-0.025096143110544866,0
2022-11-02,356.80621337890625,374.8699951171875,388.6300048828125,374.760009765625,383.8999938964844,126990400,-0.025096143110544866,-0.01871626000108939,-0.005887136921698843,0.01697630390056837,0.007651417402563476,-0.015539207279322675,55.91755812416591,0.0042516463452266446,1.445994618884504,0.03699948061421033,-0.01029693736461701,0
2022-11-03,353.1322021484375,371.010009765625,374.2000122070313,368.7900085449219,371.4700012207031,87100100,-0.01029693736461701,-0.0236064682389574,-0.005868172313127307,0.016975709871329063,-0.0024306850690738457,-0.0235751302367192,59.45985891898336,0.002387432087265903,-0.5452797660388352,0.014581826688522629,0.014393114216766145,1
2022-11-04,358.2148742675781,376.3500061035156,378.8699951171875,370.0,377.0,103505200,0.014393114216766145,-0.03256895633606738,0.037376901922684835,0.015941236994231094,0.01008605951969388,-0.0073559432985566,57.12575349874664,0.001984605565519575,0.2855686337881487,0.023568473424570094,0.009565781520422867,1
2022-11-07,361.6414794921875,379.9500122070313,380.5700073242188,375.5299987792969,377.7099914550781,68286900,0.009565781520422867,-0.016208531844402074,0.05535820852854423,0.01586030263114786,0.01702826410392566,0.0033940114447497116,56.66569096014367,0.002412925179091354,-1.4239936036560024,0.01326492534016732,0.005395405403489706,1
2022-11-08,363.5926818847656,382.0,385.1199951171875,377.7200012207031,381.1099853515625,84641100,0.005395405403489706,-0.006553432605682752,0.06781465372488737,0.015720402609184937,0.019206293026057697,0.009820192547377093,60.29279759378733,0.0031491500809670545,-0.6003911750639714,0.019371711770901506,-0.02060212997845845,0
2022-11-09,356.1018981933594,374.1300048828125,381.1400146484375,373.6099853515625,379.9299926757813,78495500,-0.02060212997845845,-0.001973943163368963,0.049276604805753355,0.016562258951807865,-0.004125773030631774,-0.0098089187460908,56.196706609747466,0.0021000117787750247,-0.9051325989119484,0.020126771973912133,0.05495397235024457,1
2022-11-10,375.6711120605469,394.6900024414063,395.0400085449219,385.6400146484375,388.0499877929688,141455800,0.05495397235024457,0.06382569976621744,0.078476244243596,0.019667669093158004,0.04660094880779386,0.044543721331347985,62.432960246496016,0.005295015551974562,2.2496475534563145,0.02381614390620358,0.009678561097242078,1
2022-11-11,379.30706787109375,398.510009765625,399.3500061035156,393.6099853515625,395.5899963378906,93839900,0.009678561097242078,0.05888140085372395,0.11430809421481403,0.018657049418872102,0.051033849009313625,0.05444623871722021,62.0817028528149,0.008513270644388587,-0.07868967538450598,0.014403705330586285,-0.008506626447184473,0
2022-11-14,376.0804443359375,395.1199951171875,400.1799926757813,394.8299865722656,396.6600036621094,71903500,-0.008506626447184473,0.03992618563563277,0.07714954126716278,0.01828073316993565,0.03821853437431155,0.045228397360183026,56.486946989451354,0.010387213894701855,-1.144947177903513,0.013540205936500224,0.008529055770629679,1
2022-11-15,379.2880554199219,398.489990234375,402.30999755859375,394.489990234375,401.1499938964844,93194500,0.008529055770629679,0.04316746270523297,0.07372075423449131,0.01822184656019439,0.04332327108103895,0.05362319566201923,60.41221240358725,0.012255656090300637,-0.04426551101602761,0.019624099766268537,-0.007628749735185458,0
2022-11-16,376.3945617675781,395.4500122070313,397.7799987792969,394.7900085449219,396.7799987792969,68508500,-0.007628749735185458,0.05698555294754448,0.07313432615053506,0.018239165844193946,0.03172408236380231,0.045624218209471046,59.65793222057018,0.013140376688875383,-1.2432239439695416,0.007560981519984478,-0.0030600719313924607,0
2022-11-17,375.2427673339844,394.239990234375,394.9500122070313,390.1400146484375,390.4599914550781,74496300,-0.0030600719313924607,-0.0011402120440218155,0.07889737968947186,0.018091863925462096,0.024713148959156328,0.04267277587411766,53.61193937135048,0.013406889272544279,-0.89235718485468,0.012200684044594947,0.004540680248097839,1
2022-11-18,376.9466247558594,396.0299987792969,397.80999755859375,393.0400085449219,397.739990234375,92922500,0.004540680248097839,-0.0062230401571018445,0.05808346188401048,0.017450588193213105,0.0264659172078634,0.047900902239231824,56.89224275859834,0.013731180321017335,0.10957430307802148,0.012044514376119616,-0.003636154023705096,0
2022-11-21,375.5759887695313,394.5899963378906,395.8200073242188,392.6600036621094,394.6400146484375,51243200,-0.003636154023705096,-0.0013413501659117477,0.04149186287540685,0.017367687445983916,0.020654224078432648,0.044903362684916015,57.09256294275596,0.013635771607252517,-1.8551698902355207,0.008008321780675592,0.013456950969027437,1
2022-11-22,380.6300964355469,399.8999938964844,400.0700073242188,395.1499938964844,396.6300048828125,60429000,0.013456950969027437,0.003538316054111368,0.03891731250781927,0.01727152764663703,0.032388983583160336,0.05849322037546978,68.77712861785062,0.014248119823488135,-1.3046046185560278,0.012303109534450246,0.006301710316475084,1
2022-11-23,383.0287170410156,402.4200134277344,402.9299926757813,399.30999755859375,399.5499877929688,68261600,0.006301710316475084,0.01762553433897396,0.05340052356614167,0.01714405782490841,0.036166305737022286,0.06463182235728171,74.0468039920215,0.015114815095117362,-0.8494364200305756,0.008995564326816531,-0.0002238850266730319,0
2022-11-25,382.9429626464844,402.3299865722656,402.9100036621094,401.5400085449219,401.8299865722656,30545400,-0.0002238850266730319,0.020520569569423497,0.05881884882384503,0.01705505567519798,0.032962100065697664,0.0636165026740112,71.62821958292233,0.01567715717777395,-2.1489916562691107,0.0034051528916834153,-0.0159569343196575,0
2022-11-28,376.8323669433594,395.9100036621094,400.80999755859375,395.1099853515625,399.0899963378906,67881600,-0.0159569343196575,-0.0003031140352404149,0.01771131303176121,0.01681880050394453,0.015580916944074152,0.046071996642239155,62.69074681325923,0.014901290739141494,-0.5817294815758053,0.014397242187130848,-0.0017176001087781945,0
2022-11-29,376.1851196289063,395.2300109863281,397.2999877929688,393.2999877929688,396.0499877929688,52310000,-0.0017176001087781945,0.001621857833272733,0.02335526239325092,0.016721718836153327,0.012665001687818478,0.043906769711479,60.75425670269419,0.013811136390071076,-1.093504807669912,0.01012068893760795,0.03150062700609069,1
2022-11-30,388.0351867675781,407.6799926757813,407.6799926757813,393.4800109863281,395.489990234375,144566700,0.03150062700609069,0.019454820838859188,0.060230976938744574,0.01796082593892461,0.04147447836953089,0.07545031656018986,75.38192103003469,0.01482540870987424,2.107350225580475,0.034831195900128724,-0.00073573725552456,0
2022-12-01,387.7496948242188,407.3800048828125,410.0,404.75,408.7699890136719,76398200,-0.00073573725552456,0.012325388601862164,0.086723493832358,0.016733594125328058,0.03640448719290701,0.07296136469218562,63.84464541440801,0.015734450305316915,-0.15009167498813686,0.012887230441047842,-0.001153805409222386,0
2022-12-02,387.3023071289063,406.9100036621094,407.8599853515625,402.1400146484375,402.25,85342700,-0.001153805409222386,0.011383795780695039,0.09676292553491206,0.016436142164901715,0.030502771508977844,0.06988105719485649,59.886951494356765,0.016185433653379693,0.18060523660514463,0.014057090392584104,-0.017989110813055098,0
2022-12-05,380.3350830078125,399.5899963378906,404.9299926757813,398.1700134277344,403.9500122070313,77289800,-0.017989110813055098,0.00929515713542628,0.06175122902269847,0.01702125702890792,0.008995687147038245,0.04888968932839144,54.81578456500566,0.015178090328473734,-0.06766661159831508,0.01691728849570783,-0.014415036083326283,0
2022-12-06,374.8525390625,393.8299865722656,399.989990234375,391.6400146484375,399.4200134277344,77972200,-0.014415036083326283,-0.0035423532108894706,0.0365308193873759,0.017385208615023816,-0.007288638797330327,0.03217030246645014,45.22537260969687,0.013021380960793935,-0.06053106909722974,0.021201980221496733,-0.001701026966333119,0
2022-12-07,374.21490478515625,393.1600036621094,395.6400146484375,391.9700012207031,392.9400024414063,65927900,-0.001701026966333119,-0.035616053527382396,0.02921462237723782,0.01738331701378318,-0.010369209624560116,0.02880860487498471,47.53393204268997,0.010892167058109605,-0.4749635823060235,0.009334656103240012,0.007833946623603483,1
2022-12-08,377.146484375,396.239990234375,397.3599853515625,393.2699890136719,395.1400146484375,60737900,0.007833946623603483,-0.02734550301587113,0.05909709071590985,0.016619503902303247,-0.005384187558034159,0.03547495890542218,52.070484289066584,0.00963194301623365,-0.6285927327783708,0.01032201806655457,-0.007470180451478292,0
2022-12-09,374.3291320800781,393.2799987792969,397.6199951171875,393.1499938964844,394.9400024414063,81447700,-0.007470180451478292,-0.03349625037092874,-0.0035722203208758962,0.011387811431230457,-0.01263942937109952,0.026104612255873905,47.22053350720255,0.008065494416826307,0.29576345945695454,0.011365951064324595,0.014417067903949476,1
2022-12-12,379.7258605957031,398.9500122070313,398.9500122070313,393.4100036621094,394.1099853515625,75405800,0.014417067903949476,-0.0016018044070282844,0.0011040994489237566,0.011648655938239594,0.0015400978929565046,0.03863418497457216,54.05955999615484,0.007728170133065491,0.07068948350323391,0.013886472929964462,0.007570046011137199,1
2022-12-13,382.6004028320313,401.9700012207031,410.489990234375,399.0700073242188,410.2200012207031,123782500,0.007570046011137199,0.020669097744165255,0.017336606022167356,0.01157655973732402,0.008254873913132288,0.044573485050001915,52.01327904135455,0.00800887358531677,1.9091363230595437,0.0284100377527576,-0.006393609341910689,0
2022-12-14,380.1542053222656,399.3999938964844,405.5,396.30999755859375,401.6099853515625,108111300,-0.006393609341910689,0.015871362848359105,0.0022836202985216936,0.011541383293178092,0.0016941658951423744,0.036740194241090096,47.06564784284991,0.00772236198321922,1.2108858962263953,0.02300952073571662,-0.024461637424356142,0
2022-12-15,370.8550109863281,389.6300048828125,395.25,387.8900146484375,394.2999877929688,117705900,-0.024461637424356142,-0.0166817765757461,-0.014717403873307444,0.012696520429677184,-0.022095212330539904,0.010721835909351274,39.61405300976352,0.005554010960300342,1.4102058782188922,0.018889678051812603,-0.01180611506892959,0
2022-12-16,366.4766540527344,383.2699890136719,386.5799865722656,381.0400085449219,385.1799926757813,119858000,-0.01180611506892959,-0.02097746970349057,-0.023361178533916283,0.012931804650308236,-0.032522291996834984,-0.0018234982625859875,40.829411090668124,0.002730595298882803,1.3359381649504454,0.01445450514296889,-0.00847968061840465,0
2022-12-19,363.3690490722656,380.0199890136719,383.8200073242188,378.2799987792969,383.4700012207031,79878100,-0.00847968061840465,-0.04307531622359717,-0.036019889267844385,0.012960494540704286,-0.03900389509295932,-0.011260481824595159,39.12452809862262,-0.00024309077216859648,-0.04866116240888389,0.014578203002691578,0.0013684528697155418,1
2022-12-20,363.8663024902344,380.5400085449219,382.2300109863281,377.8500061035156,379.2300109863281,74427200,0.0013684528697155418,-0.04896518718518328,-0.031177941693398492,0.012970531240595447,-0.03619644387051224,-0.01104811539155015,24.596020898877626,-0.002475875276664693,-0.29085789530116124,0.011509972104011898,0.014952230409175593,1
2022-12-21,369.3069152832031,386.2300109863281,387.4100036621094,382.6900024414063,383.25,78167400,0.014952230409175593,-0.028533920938391244,-0.02974851767734854,0.013065263205741069,-0.02031626443685608,0.0021697291743958402,32.510142290151975,-0.0029602206185895224,-0.1901686718307574,0.0122207003247869,-0.014265977570123933,0
2022-12-22,364.0383911132813,380.7200012207031,386.2099914550781,374.7699890136719,383.0499877929688,100120900,-0.014265977570123933,-0.018380821806660452,-0.0495793789939275,0.01323320014618833,-0.03185380358653089,-0.013447571346537845,29.786449842653425,-0.0045372912264741655,0.5639589939349998,0.03004833579724247,0.005752208309127038,1
2022-12-23,366.1324157714844,382.9100036621094,383.05999755859375,378.0299987792969,379.6499938964844,59857300,0.005752208309127038,-0.0009393184461907733,-0.043898304747066796,0.013353189168103049,-0.024103354066352223,-0.008728919784753875,36.517858746518606,-0.005198845003896323,-1.0781045913574547,0.013136242801677984,-0.0039436789238226355,0
2022-12-27,364.6885070800781,381.3999938964844,383.1499938964844,379.6499938964844,382.7900085449219,51638200,-0.0039436789238226355,0.003631178855715067,-0.032226159238350593,0.012964319333439767,-0.026376240731713962,-0.01393519026796275,39.550382995225355,-0.006016564471777541,-1.330976530706313,0.009176717503959724,-0.012427915953598268,0
2022-12-28,360.1561889648437,376.6600036621094,383.3900146484375,376.4200134277344,381.3299865722656,70911500,-0.012427915953598268,-0.010196364708683792,-0.04260915657662001,0.013190536677861566,-0.03641461522723766,-0.026769479573451105,36.617934470650255,-0.00765912381457128,-0.6347914580731556,0.01850475535744886,0.018000528403018023,1
2022-12-29,366.6391906738281,383.4400024414063,384.3500061035156,379.0799865722656,379.6300048828125,66970900,0.018000528403018023,-0.007223597769159706,-0.05513931937972827,0.011634647248162693,-0.016253878940055144,-0.009967410431757084,40.63180738967916,-0.007233282973819535,-0.7554556463118455,0.013744052518504026,-0.0026341695582156044,0
2022-12-30,365.6734008789063,382.4299926757813,382.5799865722656,378.4299926757813,380.6400146484375,84022200,-0.0026341695582156044,0.004491311371377371,-0.056934394120723875,0.011624939193915598,-0.01593072004231466,-0.013370861074851526,42.01913959070208,-0.007152296440580188,0.0505659726500002,0.010851643375164416,-0.004209846018981556,0
2023-01-03,364.1339721679688,380.8200073242188,386.4299926757813,377.8299865722656,384.3699951171875,74850700,-0.004209846018981556,-0.005458253673891744,-0.05981977007233874,0.011621383475890425,-0.017009091865671455,-0.018389516996691002,34.52287693367488,-0.00735917945131067,-0.3672284868647258,0.022582863132487398,0.007720285599778887,1
2023-01-04,366.9451904296875,383.760009765625,385.8800048828125,380.0,383.1799926757813,85934100,0.007720285599778887,0.0061879749588977795,-0.03520551528466265,0.011295218462741344,-0.007626583565436551,-0.011381048890860446,34.440458266251014,-0.006745769243102582,0.14736257917293102,0.015322088631391308,-0.011413532533936177,0
2023-01-05,362.7570495605469,379.3800048828125,381.8399963378906,378.760009765625,381.7200012207031,76970500,-0.011413532533936177,0.007221479667414599,-0.03226732712603131,0.011136629189754495,-0.0173458767510013,-0.022777556931881326,33.28783492050087,-0.007225423297563382,-0.28343389176895545,0.008118473648122305,0.022932283924813168,1
2023-01-06,371.0758972167969,388.0799865722656,389.25,379.4100036621094,382.6099853515625,104189600,0.022932283924813168,0.012101015537413717,-0.008388248378726537,0.012411677188176533,0.005616169243353175,-0.0006208974253821831,50.216262407151774,-0.005502324151546044,0.9338044590986779,0.025355588225001877,-0.0005670503062853438,0
2023-01-09,370.865478515625,387.8599853515625,393.7000122070313,387.6700134277344,390.3699951171875,73978100,-0.0005670503062853438,0.014198674621231477,-0.016654022030150317,0.01226145086818941,0.005902034077073903,-0.0015776977118762137,54.678808345614925,-0.004264174019743667,-0.5655464371819673,0.015546844240277182,0.007012784179742049,1
2023-01-10,373.4662780761719,390.5799865722656,390.6499938964844,386.2699890136719,387.25,65358100,0.007012784179742049,0.025628770237066112,-0.0023050677330709313,0.01227246459481109,0.013074754272370148,0.004785835172084196,60.88197451994677,-0.0026649597275090714,-0.9300372908154915,0.011214104750352092,0.012647838739545447,1
2023-01-11,378.1898193359375,395.5199890136719,395.6000061035156,391.3800048828125,392.2300109863281,68881100,0.012647838739545447,0.030643892329213163,-0.004045132078589364,0.01216867983067195,0.026101733668489224,0.01706101550968553,64.14791995104707,-0.00039101988091565817,-0.7368250518617347,0.010669501764567588,0.003640985484474335,1
2023-01-12,379.5668029785156,396.9599914550781,398.489990234375,392.4200134277344,396.6700134277344,90157700,0.003640985484474335,0.046338874567241284,-0.007928898744122614,0.012069095075820787,0.030261746013905855,0.020107519711253463,61.018643425639354,0.001653364109212416,0.40198794807157906,0.015291155122184479,0.0038794321593838,1
2023-01-13,381.039306640625,398.5,399.1000061035156,393.3399963378906,393.6199951171875,63903900,0.0038794321593838,0.02685005816480479,0.0023282691759494156,0.012015884671642356,0.03413435433707024,0.023237308019626868,69.879031394743,0.003530908765905132,-0.9040328842372963,0.014454227768193224,-0.00183206715801576,0
2023-01-17,380.3412170410156,397.7699890136719,400.2300109863281,397.05999755859375,398.4800109863281,62677300,-0.00183206715801576,0.025550338530609285,0.025579285094349702,0.010548786360955636,0.030912687475577627,0.020073284697933902,67.17491191104344,0.004829387097227746,-0.9142394473308317,0.00796946354750111,-0.015787905677122738,0
2023-01-18,374.33642578125,391.489990234375,400.1199951171875,391.2799987792969,399.010009765625,99632300,-0.015787905677122738,0.002329923091210606,0.02144685518599121,0.010842957254917322,0.013557100961463231,0.0028278550319089657,60.50379460681415,0.004599787109670781,1.6335734204878236,0.02258038917571902,-0.007279727408265435,0
2023-01-19,371.6113586425781,388.6400146484375,391.0799865722656,387.260009765625,389.3599853515625,86958900,-0.007279727408265435,-0.01739460016377614,0.02268302595214511,0.010790251086859968,0.005057190450565852,-0.005186505399712549,62.982238795749346,0.0037533914537896495,0.6998933646039743,0.00982908774871307,0.01862886807307662,1
2023-01-20,378.5340576171875,395.8800048828125,396.0400085449219,388.3800048828125,390.1000061035156,91806400,0.01862886807307662,-0.002720852701616705,0.04031083677320413,0.01147488538097595,0.02175360483769917,0.012430064108812866,63.34752655150005,0.004424696501599999,0.9547574400693105,0.019349306778898498,0.011998577210668548,1
2023-01-23,383.075927734375,400.6300048828125,402.6499938964844,395.7200012207031,396.7200012207031,84178800,0.011998577210668548,0.005344910769719657,0.03728338647710694,0.011317894319225892,0.03209525973395899,0.02351108039282912,68.07701671497801,0.0058410706710344375,0.4104921635589209,0.01729773754167097,-0.001073161389579469,0
2023-01-24,382.6648254394531,400.2000122070313,401.1499938964844,397.6400146484375,398.8800048828125,59524900,-0.001073161389579469,0.006109273185048725,0.051166126378071164,0.010693809326820727,0.02840717938573256,0.020963502812260337,69.71112676467816,0.006847041907691377,-1.1612713013267983,0.00877056257117527,0.0003749054661632556,1
2023-01-25,382.8082885742188,400.3500061035156,400.7000122070313,393.55999755859375,395.9500122070313,84800300,0.0003749054661632556,0.02263168158238349,0.04554601582489326,0.010676705548100372,0.026492559534860627,0.020957441208983463,67.88870090950518,0.0075793160798595305,0.5355563553362492,0.01783443122164313,0.010990235702529327,1
2023-01-26,387.0154418945313,404.75,404.9200134277344,400.0299987792969,403.1300048828125,72287400,0.010990235702529327,0.04145213243271462,0.061221931541568075,0.010740310238516945,0.03467669055003908,0.03175378021287956,77.3442880328256,0.008848142400341184,-0.48623528316247977,0.012081568001080914,0.0022978740584282953,1
2023-01-27,387.9047546386719,405.6799926757813,408.1600036621094,403.4400024414063,403.6600036621094,68346200,0.0022978740584282953,0.024755228315442634,0.0770459220861448,0.010111159619436172,0.03322176230718199,0.03347306295587038,72.78616586091483,0.009966361196882118,-0.7837448432145003,0.011634789257342756,-0.012546984417973861,0
2023-01-30,383.0377197265625,400.5899963378906,405.1300048828125,400.2799987792969,402.7999877929688,74202000,-0.012546984417973861,-9.97400385831515e-05,0.04472661262042488,0.01015493494408223,0.018034604958566458,0.020302235701715743,64.63558186400203,0.009867685477154931,-0.3566140377330563,0.012107157312597316,0.014703164114224787,1
2023-01-31,388.6695861816406,406.4800109863281,406.5299987792969,400.7699890136719,401.1300048828125,86811800,0.014703164114224787,0.015691958975564635,0.0628872246312211,0.010452676482787446,0.029855743134222568,0.03462731999990787,67.03815425866645,0.010595816360228532,0.6429196610725912,0.014170462531843262,0.010627967736933197,1
2023-02-01,392.8003540039063,410.7999877929688,413.6700134277344,402.3500061035156,405.2099914550781,101459200,0.010627967736933197,0.02610200909416882,0.07872482115652257,0.010432654549966938,0.03686315770436943,0.04464681603415088,66.59431723021129,0.011879127744188301,1.5883869709078433,0.027556006963475623,0.014556902723442677,1
2023-02-02,398.518310546875,416.7799987792969,418.30999755859375,412.8800048828125,414.8599853515625,101654500,0.014556902723442677,0.029721988859241488,0.0860431501506147,0.010675397062569873,0.04759122470970967,0.05863896457684592,69.59270713114304,0.013796891793592085,1.4582435377603904,0.013028438724711133,-0.010629048275135333,0
2023-02-03,394.2824401855469,412.3500061035156,416.9700012207031,411.0899963378906,411.5899963378906,94736800,-0.010629048275135333,0.016441369873941625,0.08690497031881428,0.010616327582103208,0.0321794254908363,0.046346727842284885,62.95120188189677,0.014582821508981332,0.8916751995468503,0.014259742441561633,-0.006111372681116167,0
2023-02-06,391.8728332519531,409.8299865722656,411.2900085449219,408.1000061035156,409.7900085449219,60295300,-0.006111372681116167,0.023065909884012692,0.05604496597903763,0.009884447147334286,0.023086365285997834,0.039331923416926484,60.9121215376565,0.014517467788094466,-1.3503274830368819,0.007783721411131429,0.013078611613261293,1
2023-02-07,396.99798583984375,415.1900024414063,416.489990234375,407.5700073242188,408.8699951171875,90990700,0.013078611613261293,0.021427968522113705,0.07046357463308017,0.010109881972020854,0.032943248904490297,0.05214531204856443,71.8071878725941,0.015076695767154483,0.7312415074162925,0.02148409850358819,-0.010934726643364368,0
2023-02-08,392.6569213867188,410.6499938964844,414.5299987792969,409.9299926757813,413.1300048828125,76227500,-0.010934726643364368,-0.00036515399165371054,0.051385210491836864,0.01056415259089574,0.019104009211915907,0.040104852054129836,69.64124490257439,0.01477918037205811,-0.33826918456870203,0.011201768347463135,-0.008669279844484068,0
2023-02-09,389.25286865234375,407.0899963378906,414.5700073242188,405.80999755859375,414.4100036621094,78694900,-0.008669279844484068,-0.02324972692425742,0.02925263650891452,0.010568326751847821,0.008820792690815704,0.030409871234791996,60.706760701456616,0.01367404676713861,-0.2014365045732819,0.021518607296736717,0.002333822917658157,1
2023-02-10,390.1613159179688,408.0400085449219,408.4400024414063,405.010009765625,405.8599853515625,70769700,0.002333822917658157,-0.010452213559494772,0.027912116803462617,0.010558398365712733,0.009788880823575319,0.0320510084045329,57.63135820518759,0.012707627738612687,-0.7048547622524608,0.008406020497874029,0.011739012699918838,1
2023-02-13,394.7414245605469,412.8299865722656,412.9700012207031,408.239990234375,408.7200012207031,64913500,0.011739012699918838,0.007320209683301604,0.035959854222716636,0.010797900220899104,0.019834491597381154,0.043795944600982795,61.93531886350174,0.012618902258621724,-1.137947081392094,0.01145752765103496,-0.0004602282184604789,0
2023-02-14,394.5597534179688,412.6400146484375,415.0499877929688,408.510009765625,411.239990234375,88389300,-0.0004602282184604789,-0.006141674539524189,0.03738363274843248,0.01077779655935625,0.017496283796012868,0.04293994514954913,61.605223724960034,0.01249013671548833,0.49772331130147107,0.015849112531938426,0.0032473674937159025,1
2023-02-15,395.8410339355469,413.9800109863281,414.05999755859375,409.4700012207031,410.3500061035156,61555700,0.0032473674937159025,0.008109146624954322,0.0574472764957783,0.00994247320159588,0.017977799547861384,0.04585464685692231,59.25033153762446,0.01246094608849405,-1.3905008828932282,0.011087483009034008,-0.013768800807406167,0
2023-02-16,390.3907775878906,408.2799987792969,412.9100036621094,408.1400146484375,408.7900085449219,76431500,-0.013768800807406167,0.002923315477382449,0.050535104776963546,0.010386195037464685,0.0015430040929436117,0.030906695265058293,52.3782803464158,0.011386153628032747,-0.22639385179118893,0.011683131742758672,-0.0024982167041566194,0
2023-02-17,389.4154968261719,407.260009765625,407.510009765625,404.0499877929688,406.05999755859375,89257800,-0.0024982167041566194,-0.0019115659635352555,0.028746262033808367,0.009714131489388692,-0.0023515952820704067,0.0275409550100687,56.59223808733715,0.010103977600413911,0.7669671856902894,0.00849585495675701,-0.020061100123530906,0
2023-02-21,381.6033935546875,399.0899963378906,404.1600036621094,398.8200073242188,403.05999755859375,82655900,-0.020061100123530906,-0.03328262550728123,-0.0038439747138289126,0.010497641808768948,-0.022181078545676414,0.006534888550979723,43.01119018484901,0.007512326702026221,0.2660577284084037,0.01338043144877389,-0.0013781570937543286,0
2023-02-22,381.0774841308594,398.5400085449219,401.1300048828125,397.0199890136719,399.5199890136719,83742300,-0.0013781570937543286,-0.03417041188391878,-0.0041481244239547355,0.010499289915554818,-0.02333004142257511,0.004939329315008623,37.51525106651827,0.005131294492125611,0.2739463479186145,0.01031268073723986,0.005319469691515533,1
2023-02-23,383.1046142578125,400.6600036621094,402.2000122070313,396.25,401.55999755859375,96242400,0.005319469691515533,-0.03217559218433175,0.0007740837710106252,0.010570408669170089,-0.01817195804369831,0.00981769319993031,32.18396643047214,0.0036043862134494523,1.2074844832070735,0.014850527012047752,-0.010682377892125006,0
2023-02-24,379.01214599609375,396.3800048828125,397.25,393.6400146484375,395.4200134277344,108194400,-0.010682377892125006,-0.029146773553673788,-0.020679526013896332,0.010505037043866289,-0.027663035836557937,-0.0009319707495343277,32.29101266512686,0.0015527185655908604,1.8376010644543173,0.009107385102913482,0.003405861924864695,1
2023-02-27,380.3030090332031,397.7300109863281,401.2900085449219,396.75,399.8699951171875,80444700,0.003405861924864695,-0.023400424141405973,-0.019596938461220126,0.01052619881095566,-0.02339911158470309,0.0025921485992748128,36.22501849405352,0.00016821938329984626,-0.21890212819824306,0.011414800039009219,-0.003695863725286519,0
2023-02-28,378.8974609375,396.260009765625,399.2799987792969,396.1499938964844,397.2300109863281,96438600,-0.003695863725286519,-0.007090955329252635,-0.010809010642654382,0.010193156420232169,-0.02649097813733503,-0.0010471016782739317,26.355369093805393,-0.0012136020452730178,0.8817478687469777,0.007898866415169669,-0.003835945936890184,0
2023-03-01,377.4440307617188,394.739990234375,396.6900024414063,393.3800048828125,395.4100036621094,99706800,-0.003835945936890184,-0.009534683943417832,-0.02888200111103023,0.009561831392629444,-0.028824771894566337,-0.0052246512059404004,28.505914047112242,-0.0025988548070221646,1.043344463084882,0.008385260273803298,0.0077771128046812965,1
2023-03-02,380.3794555664063,397.80999755859375,398.6900024414063,392.3299865722656,392.6799926757813,85127800,0.0077771128046812965,-0.007113353872507222,-0.031621403369143763,0.009392511492217518,-0.0197053532183743,0.0017776935608602162,37.294626377314195,-0.0030071057879679564,0.059914169169523315,0.015987571725629923,0.01603799788098348,1
2023-03-03,386.47998046875,404.1900024414063,404.4500122070313,399.0299987792969,399.7099914550781,90120000,0.01603799788098348,0.019703417295585002,-0.030207721350632877,0.009531116301794472,-0.0024359397548684436,0.016606675023083106,45.41117933033564,-0.0019969924133619375,0.49493118215147686,0.013409568259967409,0.0006928204409035743,1
2023-03-06,386.7477416992188,404.4700012207031,407.4500122070313,404.010009765625,405.0499877929688,72795900,0.0006928204409035743,0.016946309950056193,-0.01910990122406231,0.00929294763521855,-0.0007731482235091569,0.016087876712739257,38.83552996676282,-0.0011639501602796858,-0.7682741751372881,0.008504963114753312,-0.015328869758028052,0
2023-03-07,380.8193359375,398.2699890136719,404.6700134277344,397.6300048828125,404.4200134277344,108310600,-0.015328869758028052,0.005072282604493328,-0.028206847672306745,0.00977961553233191,-0.014683205979328706,-9.246911940075098e-05,33.463763559650616,-0.0017487223301288369,1.8010352668839915,0.01767647259176288,0.0016322228747125411,1
2023-03-08,381.44091796875,398.9200134277344,399.7099914550781,396.5899963378906,398.3900146484375,74746600,0.0016322228747125411,0.010589350688538168,-0.03918676775697738,0.009206846678745915,-0.011084671320125805,0.0006251641689587473,32.39021477486892,-0.0020392180111124696,-0.7283446685680819,0.007821104512603495,-0.01844979332839214,0
2023-03-09,374.4034118652344,391.55999755859375,401.4800109863281,390.5299987792969,399.739990234375,111945300,-0.01844979332839214,-0.015710742559093438,-0.046487171185012555,0.009730993469129904,-0.02702772492735861,-0.01826218084351039,31.179793445256678,-0.003787464344608471,1.8170735350344795,0.027965094175363688,-0.014429531486900848,0
2023-03-10,369.0009460449219,385.9100036621094,393.1600036621094,384.3200073242188,390.989990234375,189253000,-0.014429531486900848,-0.045226235011263216,-0.052027677220561785,0.010009681826547082,-0.03853720720502374,-0.03264697059407273,28.23660772382057,-0.006326339991233994,3.6176647227427225,0.022906885683198278,-0.0014251424336076957,0
2023-03-13,368.4750671386719,385.3599853515625,390.3900146484375,380.6499938964844,381.80999755859375,157790000,-0.0014251424336076957,-0.047247010364595554,-0.055582775366321724,0.009946860138516344,-0.03718722581047618,-0.03444672840660279,33.43006437865775,-0.008325499245464643,2.0429981174467358,0.025275122280968898,0.01652996875732704,1
2023-03-14,374.5659484863281,391.7300109863281,393.4500122070313,387.0499877929688,390.5,149752400,0.01652996875732704,-0.01642087693834482,-0.05111061271737438,0.010364553296081868,-0.018685321695830925,-0.018893740084134025,42.79376461544905,-0.00833345897295738,1.5681349424731843,0.016337845543025982,-0.006254390967018519,0
2023-03-15,372.2232666015625,389.2799987792969,389.489990234375,383.7099914550781,385.8900146484375,172996900,-0.006254390967018519,-0.024165344966851854,-0.05661116376647923,0.010383481322627784,-0.021961167999494213,-0.025364382353640247,38.0412719664823,-0.008905419597384364,1.9378304113599083,0.0148479212839647,0.017545280762206295,1
2023-03-16,378.7540283203125,396.1099853515625,396.4700012207031,386.2900085449219,386.8200073242188,143254200,0.017545280762206295,0.011620130365275871,-0.043166332316160516,0.011279514538549019,-0.0025620973208004827,-0.009022846641185467,49.730755615996,-0.0076766458669123416,0.9963640940884608,0.025699914297151898,-0.011692841808548682,0
2023-03-17,374.3253173828125,389.989990234375,394.3999938964844,388.5499877929688,393.2200012207031,140553400,-0.011692841808548682,0.014429153624019309,-0.041152253401942174,0.011175979452662448,-0.01213525530530457,-0.02098826956269395,44.1477299548913,-0.007770374120395132,0.8308329625800627,0.015000400651308638,0.009615525719613327,1
2023-03-20,377.9246520996094,393.739990234375,394.1700134277344,390.0700073242188,390.7999877929688,93055800,0.009615525719613327,0.025645113614651383,-0.029507928729636035,0.011474093694051403,-0.0011218694621097924,-0.012358140291983566,49.08682771102768,-0.006851170332739066,-0.5425844569239726,0.01041297862854882,0.013130746654812508,1
2023-03-21,382.8870849609375,398.9100036621094,399.4100036621094,395.5799865722656,397.239990234375,91524200,0.013130746654812508,0.022215410952960868,0.0033639412749773,0.01102989309363404,0.011822496823821638,-6.991573604397949e-06,54.79358540342784,-0.00499780931457542,-0.6054942611051168,0.009601205922847468,-0.017046662783494648,0
2023-03-22,376.3601379394531,392.1099853515625,402.489990234375,392.0700073242188,398.7300109863281,111746600,-0.017046662783494648,0.01111395151533845,-0.012378968550622482,0.011686698449512773,-0.0048053892192011505,-0.0173355696868448,46.67086941860972,-0.005003500232538402,-0.05804984560451037,0.026574133022431765,0.0027035729538589237,1
2023-03-23,377.3776550292969,393.1700134277344,399.2900085449219,390.3500061035156,395.0899963378906,119351300,0.0027035729538589237,-0.0036339502370958954,-0.014948812975302928,0.011631970499497612,-0.0013586578519095838,-0.014880075093605116,41.767498809004,-0.004654778253740479,0.13454669371512418,0.022738261149332143,0.006562072135243513,1
2023-03-24,379.8540344238281,395.75,395.8399963378906,389.3999938964844,391.8399963378906,107682400,0.006562072135243513,0.014769818615719021,0.0022212703118571486,0.011490447286199239,0.005082539512262674,-0.008501794907027072,44.00458415366996,-0.0037907416180905946,-0.2138631972963592,0.01627290572686355,0.0018695985725782904,1
2023-03-27,380.564208984375,396.489990234375,398.9200134277344,395.55999755859375,398.1199951171875,74010400,0.0018695985725782904,0.0069843469329169405,0.0006868206271517519,0.011472824677470184,0.00692684465962734,-0.006699811178680459,49.75596798393359,-0.0029397278714614733,-1.1982348087677375,0.008474402764000263,-0.0022446081610684177,0
2023-03-28,379.7099914550781,395.6000061035156,396.489990234375,393.6900024414063,395.7699890136719,62871700,-0.0022446081610684177,-0.00829772961964359,0.0021444601807774077,0.011452144662346708,0.004558705546922948,-0.008860603564442848,48.351683480450305,-0.002429530703415828,-1.4060289576401308,0.007077825454421322,0.014535050770606794,1
2023-03-29,385.2290954589844,401.3500061035156,401.6000061035156,398.6799926757813,399.9299926757813,77497900,0.014535050770606794,0.023565082019812778,0.020625745972335352,0.011844014919224042,0.01811155967774991,0.005289136192777155,60.61601979460819,-0.0008254460635177012,-0.9426941080635419,0.007275478717648736,0.005855098241038581,1
2023-03-30,387.4846496582031,403.7000122070313,404.3500061035156,401.760009765625,404.0899963378906,69840000,0.005855098241038581,0.026782175611647308,0.0186792267243161,0.011794578174928402,0.023112096520803593,0.010481781060355022,69.31801944323952,0.0008753992405038275,-1.1098802303611623,0.006415645924138307,0.014094796629497308,1
2023-03-31,392.9461669921875,409.3900146484375,409.7000122070313,404.5499877929688,404.6600036621094,112062600,0.014094796629497308,0.034466219605164605,0.01673097404837076,0.011671471001872333,0.03664770466025202,0.023585334469640173,73.18383389105057,0.003272476094230616,0.00028704926151399855,0.01257975092158774,0.003810404735610007,1
2023-04-03,394.4434509277344,410.9500122070313,411.3699951171875,408.4400024414063,408.8500061035156,67391100,0.003810404735610007,0.03647017143414355,0.0198985240216365,0.011689436974601097,0.03954249305654556,0.026634685321432983,70.62725480856929,0.005406131560511195,-1.198420190106133,0.007129803111686248,-0.005548109677563584,0
2023-04-04,392.2550354003906,408.6700134277344,411.9200134277344,407.239990234375,411.6199951171875,66601500,-0.005548109677563584,0.03303848786606567,0.03002919858241504,0.01116075852965282,0.032219524909586905,0.02045121449926346,70.85410851363552,0.006620067659597714,-1.1223760536177243,0.011451838988883752,-0.0026181372994082963,0
2023-04-05,391.2280578613281,407.6000061035156,408.7000122070313,405.8800048828125,407.9100036621094,65200200,-0.0026181372994082963,0.015572454087862342,0.02565833771766446,0.011199303421299215,0.028192983711258668,0.017326268612922302,64.66685086243089,0.007282296093747114,-1.131317826601284,0.006918565461215001,0.0039006967446584273,1
2023-04-06,392.7541198730469,409.1900024414063,409.4800109863281,405.6799926757813,406.7699890136719,63743300,0.0039006967446584273,0.013599171527160836,0.04901319653149372,0.010191798065722443,0.029720594699932823,0.0207665573423077,73.25581843150937,0.00798455323571456,-1.0712062607139619,0.009286684151309291,0.001026514310632054,1
2023-04-10,393.15728759765625,409.6099853515625,409.6900024414063,405.9700012207031,406.6099853515625,63681000,0.001026514310632054,0.000537276154351618,0.06546417241378455,0.009400196663805505,0.027523811218102656,0.021488275929365752,70.90915793327575,0.008539053322762905,-1.0161948628395767,0.009081812831077243,0.0002684938218477928,1
2023-04-11,393.2628479003906,409.7200012207031,411.1799926757813,408.9200134277344,410.260009765625,59297900,0.0002684938218477928,-0.0029930856363997727,0.06727125651731036,0.009363730232333396,0.024481230168317714,0.021478134765418266,66.43353128090413,0.008901622828474284,-1.0453640008084983,0.005515911454929321,-0.0040759133032660655,0
2023-04-12,391.6599426269531,408.0499877929688,412.1700134277344,407.4400024414063,411.8699951171875,86420400,-0.0040759133032660655,-0.001517106779343358,0.045636807642830624,0.008956444572258311,0.01803880776122857,0.01685921217321562,78.71063729386621,0.008796750752577536,-0.18610552807250788,0.011591743972132945,0.01328254290020503,1
2023-04-13,396.8621826171875,413.4700012207031,413.8399963378906,407.989990234375,409.1799926757813,85814800,0.01328254290020503,0.014401126510860784,0.06619391700196742,0.009042570968292417,0.02826824401969552,0.029927551307493028,81.60039911979831,0.009518935949785366,-0.08644561352096303,0.014148562377547176,-0.0024425616599945688,0
2023-04-14,395.892822265625,412.4599914550781,415.0899963378906,410.05999755859375,412.80999755859375,78161500,-0.0024425616599945688,0.007991519970796723,0.045250459833573675,0.008465460766714561,0.023484165752774455,0.027247006298785514,77.34890580231277,0.009895939716632274,-0.2921006772941584,0.012195119244298154,0.0035881737345806464,1
2023-04-17,397.3133544921875,413.9400024414063,413.9599914550781,411.0899963378906,412.3699951171875,66436400,0.0035881737345806464,0.010571003070873886,0.06141192177462518,0.007804687726411958,0.024113454011090774,0.030997416783342224,77.88466423741869,0.010309521647090869,-0.7734900675309094,0.006933360149442795,0.0006522692240453765,1
2023-04-18,397.572509765625,414.2099914550781,415.7200012207031,412.7799987792969,415.5799865722656,63560000,0.0006522692240453765,0.01095873126140301,0.05198882252549386,0.007661658141025403,0.022193041890722798,0.03149377760047134,80.33938788267699,0.010588912166205776,-0.8398535013590614,0.007097854957767475,-0.00016902503412741243,0
2023-04-19,397.50531005859375,414.1400146484375,415.0799865722656,412.1600036621094,412.2200012207031,55227300,-0.00016902503412741243,0.01492459860059836,0.03817894536491773,0.007263173763530095,0.0201032513696473,0.03101809683897261,75.59044799362826,0.010680723453687271,-1.1485414803015306,0.007050714267818377,-0.005456930714276775,0
2023-04-20,395.3361511230469,411.8800048828125,413.7000122070313,410.2699890136719,411.2099914550781,75840400,-0.005456930714276775,-0.0038452429104655073,0.050419827369301506,0.006029521795324729,0.0120723517501653,0.025480305824237437,66.42605408994561,0.010250158927559927,-0.010796661806743654,0.0083277244651275,0.0007767260095528083,1
2023-04-21,395.6432189941406,412.2000122070313,412.6799926757813,410.1700134277344,412.1900024414063,73457400,0.0007767260095528083,-0.0006304819320944732,0.04840128640744701,0.0060411391949120935,0.010495895602862015,0.026117850873893067,57.194023824602475,0.00980444217377182,-0.019064046666224004,0.006089226525268203,0.0010432385147154388,1
2023-04-24,396.0559692382813,412.6300048828125,413.0700073242188,410.6000061035156,411.989990234375,64332100,0.0010432385147154388,-0.003164719332208854,0.04265305445295242,0.005965794077078851,0.009461473322979419,0.02682598737935238,54.56531092913281,0.009423125946436073,-0.5747732205536863,0.0059859951808513435,-0.01587383288685862,0
2023-04-25,389.76904296875,406.0799865722656,411.1600036621094,406.0199890136719,410.5799865722656,97766700,-0.01587383288685862,-0.01962778261876119,0.024187334928159165,0.007195578188708344,-0.007726542826998362,0.010546878139550131,44.287455417313616,0.00788385147330916,1.800035799796919,0.012657640904257634,-0.00423545281097204,0
2023-04-26,388.1181945800781,404.3599853515625,407.8399963378906,403.7799987792969,406.7200012207031,80447000,-0.00423545281097204,-0.023615069386448972,0.022143750004520957,0.00725951941056288,-0.012985651511434604,0.006612463978314498,43.0530483581569,0.006157146660959877,0.49371869103389604,0.010040552244713008,0.019907756471864824,1
2023-04-27,395.8447570800781,412.4100036621094,412.6900024414063,406.739990234375,407.0,92968400,0.019907756471864824,0.0012865151734453573,0.02755674933754837,0.007856868207689455,0.005306604698970707,0.026583432865153966,55.40634322063755,0.006173066719418234,1.2853996087330353,0.014427419689620809,0.008535244010099197,1
2023-04-28,399.223388671875,415.9299926757813,415.9400024414063,411.4299926757813,411.489990234375,89433100,0.008535244010099197,0.00904898531266718,0.030294720123820396,0.007959234904263507,0.012378077307141577,0.035163968024598535,59.61076159292614,0.006831913489382242,0.9506257149324526,0.01084319439579479,-0.0010095742527453933,0
2023-05-01,398.8203430175781,415.510009765625,417.6199951171875,415.2699890136719,415.4700012207031,62122300,-0.0010095742527453933,0.006979755372992891,0.014949060504533263,0.007400590866738208,0.01060330211065641,0.03366702781123676,58.722733673733295,0.007237949735495971,-0.8793378859711515,0.005655714780111273,-0.011239430250268856,0
2023-05-02,394.33782958984375,410.8399963378906,414.8200073242188,407.8200073242188,414.7699890136719,103998500,-0.011239430250268856,0.011721779098449403,-0.0002677730803799516,0.007827775220582329,-0.0007419310178227168,0.02178848476345885,53.85462855014235,0.006646283914404292,2.0915428398030884,0.017038263222655982,-0.0068639777143219005,0
2023-05-03,391.631103515625,408.0199890136719,413.8699951171875,407.7699890136719,411.3599853515625,91531800,-0.0068639777143219005,0.009051131806246948,-0.0015906281078807982,0.007882340262972614,-0.007522358151318298,0.014247881213268254,41.887404681311885,0.005532950623263974,1.0850457695473963,0.014950262898299394,-0.0070829289062358525,0
2023-05-04,388.8572082519531,405.1300048828125,407.2699890136719,403.739990234375,406.9299926757813,94901900,-0.0070829289062358525,-0.01765224549055089,-0.006060019371656011,0.008020903919809,-0.014255877168785624,0.006658393270351448,39.66718866390523,0.004025127957171334,1.186767435006773,0.008713249418092246,0.018512607799374692,1
2023-05-05,396.0559692382813,412.6300048828125,413.7200012207031,408.6400146484375,408.9100036621094,87891800,0.018512607799374692,-0.007933952577605652,0.008406912106489806,0.009023882526173053,0.003572816295558834,0.024607205437924273,48.42129220922542,0.004166645709983735,0.6361806809298457,0.012311238911742127,0.0002664516971153663,1
2023-05-08,396.1614990234375,412.739990234375,413.239990234375,411.2799987792969,412.9700012207031,50046800,0.0002664516971153663,-0.006666771243470482,0.007641245680928721,0.009022959130179399,0.0034582826122491195,0.0239716268022796,48.22154729539486,0.004307466011311523,-1.7988861270295915,0.004748731650560783,-0.004385190526151939,0
2023-05-09,394.42425537109375,410.9299926757813,412.0899963378906,410.6900024414063,411.1300048828125,49220100,-0.004385190526151939,0.00021916685330425345,0.0029532600826744915,0.009086828517159303,-0.0010890024624525818,0.018737644800150832,46.2734881715731,0.004037466256586048,-1.7324366934284383,0.003406891493532077,0.004672445977382145,1
2023-05-10,396.2671813964844,412.8500061035156,414.5400085449219,408.8699951171875,413.8800048828125,96142900,0.004672445977382145,0.011837869462465678,0.011763364766459006,0.00908140750715991,0.002993198899441163,0.022580114294316944,51.1350310433297,0.004118539751274243,1.0864386512042443,0.013733833944313201,-0.001744259074186405,0
2023-05-11,395.5759887695313,412.1300048828125,412.4299926757813,409.9700012207031,411.9500122070313,70157100,-0.001744259074186405,0.017278271753740748,-0.0032409080632831433,0.008587153229681604,0.001406722368633373,0.019842099444136396,49.91879927608622,0.004017700090294359,-0.42037965042505077,0.005968969562838965,-0.0013101136733068008,0
2023-05-12,395.0577392578125,411.5899963378906,413.6400146484375,409.0700073242188,413.4200134277344,70481500,-0.0013101136733068008,-0.00252042655079443,-0.0021093663760647363,0.008574808746570902,0.00020048819727858103,0.01773571979718258,48.79740171121163,0.0037877225885641413,-0.37653744674341844,0.011103300286401985,0.0034501452733404214,1
2023-05-15,396.4207458496094,413.010009765625,413.4299926757813,410.2300109863281,412.2200012207031,54289400,0.0034501452733404214,0.0006543968225356522,-0.002246611226342954,0.008571763844547635,0.003764745151388693,0.020724259346669216,59.09220982375639,0.003822284335782654,-1.2601808538330315,0.007747951898960289,-0.006682722712196387,0
2023-05-16,393.7715759277344,410.25,412.8200073242188,410.239990234375,411.8599853515625,57705500,-0.006682722712196387,-0.001654764975712042,-0.009560353758189533,0.008694920057779072,-0.002463110217770348,0.01353643943948879,57.52230500479966,0.0033049989437760074,-1.030700396509147,0.006288889920399285,0.012138936769260367,1
2023-05-17,398.5515441894531,415.2300109863281,415.8599853515625,410.6400146484375,412.3500061035156,87287000,0.012138936769260367,0.005764703463250198,0.0026320003893913757,0.009139625440911922,0.009512145827445417,0.024904135434759,53.908056511195085,0.003764557893881963,0.5715226242935252,0.012571275112619143,0.009633195523003346,1
2023-05-18,402.390869140625,419.2300109863281,419.6700134277344,414.6700134277344,414.8999938964844,97177200,0.009633195523003346,0.01722774021823703,0.017844859362184495,0.009272476403906913,0.018327135792128635,0.033663479117990835,54.51316659129648,0.004834652566834631,1.0531812306759882,0.011926627075758322,-0.0014550783797769862,0
2023-05-19,401.8053588867188,418.6199951171875,420.7200012207031,417.3500061035156,420.1700134277344,103793300,-0.0014550783797769862,0.017080084651886374,0.015574991802575155,0.009287777374919355,0.016053149231916475,0.030708381426270304,54.23118217706494,0.005538075217987281,1.2821849579021423,0.008050248809171457,0.0004061867374409722,1
2023-05-22,401.9685668945313,418.7900085449219,420.3900146484375,417.3500061035156,418.6400146484375,60745400,0.0004061867374409722,0.013994779796480783,0.014928692193735715,0.009288041747634711,0.015706549751596466,0.029385972707530295,62.32564742626628,0.00605050296348587,-1.0263474977088127,0.007259028350471704,-0.0112230716355195,0
2023-05-23,397.4572448730469,414.0899963378906,418.7200012207031,413.6799926757813,417.0799865722656,86383500,-0.0112230716355195,0.009359916181428174,0.01972501932359272,0.008899171981496782,0.0033326260096162574,0.016324481273473967,58.89234501242248,0.00555180837694308,0.3858548269741164,0.012171287858906048,-0.00724476939627583,0
2023-05-24,394.5777587890625,411.0899963378906,412.8200073242188,409.8800048828125,412.4200134277344,89213700,-0.00724476939627583,-0.009970568320020523,0.01664329139728493,0.009017267226603247,-0.00474773590633204,0.00792989860606541,58.703131253383496,0.004498680383142266,0.5130849432890631,0.007151724604336531,0.008659947574249482,1
2023-05-25,397.9947814941406,414.6499938964844,416.1600036621094,412.4100036621094,414.739990234375,90961600,0.008659947574249482,-0.01092491898703607,0.005431483872420095,0.008067803520633358,0.0035989679320196366,0.015321703595183367,53.33322140573361,0.00424463421417003,0.6159073384150946,0.009043771988903422,0.012950817824308958,1
2023-05-26,403.1491394042969,420.0199890136719,420.7699890136719,415.25,415.3299865722656,93830000,0.012950817824308958,0.0033443568828979142,0.009833468789195887,0.008360098430751918,0.016093463402317765,0.027192420097315484,60.23620463199983,0.004995896870978294,0.7542958846578741,0.013142205509395878,0.00038098796621532927,1
2023-05-30,403.302734375,420.1799926757813,422.5799865722656,418.739990234375,422.0299987792969,72216000,0.00038098796621532927,0.0033190841034562713,0.011239124171818604,0.008352465169256949,0.015906728625225908,0.026068630206409926,63.638912224905866,0.00559833715690276,-0.4521249960231493,0.009138931897820364,-0.005545338537757072,0
2023-05-31,401.0662841796875,417.8500061035156,419.2200012207031,416.2200012207031,418.2799987792969,110811800,-0.005545338537757072,0.009080320847575374,0.017062665777823227,0.008018310490164287,0.009417762792148565,0.019178626498074447,57.28420040409879,0.005596698901312579,1.6148367991707973,0.007179609802989445,0.00950119234766933,1
2023-06-01,404.87689208984375,421.8200073242188,422.9200134277344,416.7900085449219,418.0899963378906,88865000,0.00950119234766933,0.02610165695194966,0.033822105689034654,0.00802182926488861,0.017312703648876715,0.027713468272719588,62.89596972384508,0.006206141076157089,0.4452101857854771,0.014532276270387674,0.014461062277351777,1
2023-06-02,410.7318420410156,427.9200134277344,428.739990234375,423.9500122070313,424.5,91426200,0.014461062277351777,0.0320030843094421,0.05625364098918606,0.008224992348371322,0.02919572979153995,0.04075923591185293,68.93099963214941,0.0076964585155686015,0.5966680612191742,0.01119362936305527,-0.001916284000555435,0
2023-06-05,409.94476318359375,427.1000061035156,429.6199951171875,426.3699951171875,428.2799987792969,65460200,-0.001916284000555435,0.016856351942951653,0.03506775563066045,0.0073938551670301,0.02543913211522364,0.0370532461510511,66.56459765096733,0.008709513727004193,-0.7434866679551064,0.0076094590343140905,0.0021774620395784705,1
2023-06-06,410.83740234375,428.0299987792969,428.5799865722656,425.989990234375,426.6700134277344,64022200,0.0021774620395784705,0.01868241230852674,0.03704525390904845,0.007386008186158098,0.025789129269514266,0.037684719117594634,71.84256842634828,0.009545303018654102,-0.9025592529987368,0.006050969196731682,-0.003457724968653264,0
2023-06-07,409.4168395996094,426.5499877929688,429.6199951171875,426.1099853515625,428.4400024414063,85373300,-0.003457724968653264,0.02082088609617605,0.03801131402126856,0.007347636426921373,0.02033248340300986,0.032591680428145864,65.21489412983391,0.009864449999321729,0.21972515305026386,0.008228835695873061,0.006048701934462164,1
2023-06-08,411.8932800292969,429.1300048828125,429.6000061035156,425.8200073242188,426.6199951171875,61952800,0.006048701934462164,0.017329682371440835,0.039433239406161835,0.0073814071390554585,0.024509310173216337,0.03715381277765184,63.83447415446982,0.010395766817736258,-1.1072675582597358,0.008808516618009654,0.0017943354331459993,1
2023-06-09,412.6323547363281,429.8999938964844,431.989990234375,428.8699951171875,429.9599914550781,85742800,0.0017943354331459993,0.004627137467279052,0.04311779898434165,0.00733013866373105,0.02417511279389606,0.03758291197989627,65.69275586942915,0.01086368185997828,0.29849043397991737,0.0072574904896108555,0.009071574380172365,1
2023-06-12,416.3755798339844,433.7999877929688,433.8800048828125,430.1700134277344,430.9200134277344,76104300,0.009071574380172365,0.015687032078296248,0.053961328833150635,0.007439848429685073,0.03073907039529722,0.045476396270184516,68.91835463784983,0.011738241727606975,-0.31399636816860516,0.008552308804694387,0.006593106976468199,1
2023-06-13,419.1207885742188,436.6600036621094,437.3299865722656,434.6300048828125,435.3200073242188,95899700,0.006593106976468199,0.020162200868795388,0.057262499408194945,0.007490493951858708,0.03462784804504149,0.050987877868510445,79.83079921568564,0.01280769039845799,0.8361641598490307,0.006183258523357661,0.001190716301082917,1
2023-06-14,419.6198425292969,437.1799926757813,439.05999755859375,433.5899963378906,437.010009765625,100612100,0.001190716301082917,0.024920818937651745,0.0656427944060296,0.007164901265425925,0.03256548984419738,0.05091237480605226,86.90227886172939,0.013638604358014885,1.0613343070486134,0.012512011785406093,0.012397725311585006,1
2023-06-15,424.8221740722656,442.6000061035156,443.8999938964844,436.2300109863281,436.3299865722656,110303100,0.012397725311585006,0.03138894143174453,0.0659152630715305,0.007182091433077022,0.04199897418225951,0.06220857176250805,87.55699256960442,0.014949762961503991,1.5443391886885904,0.01732937822952128,-0.003406109791601164,0
2023-06-16,423.3751831054688,439.4599914550781,443.6099853515625,438.9700012207031,443.0199890136719,114165800,-0.003406109791601164,0.026034866742345786,0.052149080841867645,0.007161202693728556,0.03578421616475591,0.056891526583536134,81.59508793005654,0.01571933944610908,1.6289172973523627,0.010558376692030854,-0.005188364466115147,0
2023-06-20,421.1785583496094,437.1799926757813,438.3699951171875,435.0299987792969,437.4500122070313,76160400,-0.005188364466115147,0.011535207030008987,0.04821538347962262,0.00731855001763055,0.027974077259707686,0.0499180017905112,76.24841928282268,0.015771054210575747,-0.6103023963468476,0.007639865487548997,-0.005123620235633508,0
2023-06-21,419.0205993652344,434.9400024414063,436.989990234375,434.3299865722656,436.1600036621094,76982300,-0.005123620235633508,-0.00023904614544478786,0.04242130821929968,0.007499370474502708,0.020583343516520802,0.04319347870317203,76.42458491994836,0.015236959202184897,-0.6481309970797624,0.006115794470911472,0.0036097097061593697,1
2023-06-22,420.53314208984375,436.510009765625,436.6199951171875,433.6000061035156,433.9500122070313,70637200,0.0036097097061593697,0.0021764927869993844,0.05805881642481481,0.006813931290929441,0.021396993721657598,0.04553942675146461,74.71413871642793,0.014815707068776524,-0.9864384757627147,0.006918487425508055,-0.007559998055156614,0
2023-06-23,417.3539123535156,433.2099914550781,435.05999755859375,432.4700012207031,432.9299926757813,92074500,-0.007559998055156614,-0.017579736121494438,0.05772285197815474,0.006838824308503215,0.010879190507390613,0.03631113982994516,61.41777112681244,0.01386147920605299,0.37651552796061805,0.005978616349985999,-0.004085741489031847,0
2023-06-26,415.6487121582031,431.4400024414063,434.6099853515625,431.1900024414063,432.6199951171875,72823600,-0.004085741489031847,-0.018249702050535443,0.04435719131237503,0.006860981431980499,0.004601169638021929,0.031115053062708675,59.532929452843604,0.012592999826582817,-0.7836175936657153,0.007926902676625725,0.010963234372568964,1
2023-06-27,420.20556640625,436.1700134277344,436.80999755859375,431.8800048828125,432.3500061035156,72813700,0.010963234372568964,-0.002310164950400262,0.04230798316264828,0.006709709774537961,0.013525743576455085,0.041163484384243,63.94848381304117,0.012152443173459366,-0.7136532909732123,0.011302915202807866,0.0005044557107349856,1
2023-06-28,420.4175415039063,436.3900146484375,437.4400024414063,434.4100036621094,435.0499877929688,75636000,0.0005044557107349856,0.0033338268829459228,0.04243662556721617,0.006708106053808729,0.011948335553279454,0.040497411623865665,66.99070220373709,0.011810065826256272,-0.5518548453228219,0.006943327476770855,0.003941205446303719,1
2023-06-29,422.0744934082031,438.1099853515625,438.2799987792969,435.5400085449219,435.9599914550781,67882300,0.003941205446303719,0.003665231498044541,0.05238089078338848,0.006470115959533248,0.013374470294267748,0.043332865096482376,66.13339703811454,0.011680397703643352,-0.9585161431017651,0.00625411500761912,0.011800915611592133,1
2023-06-30,427.0553588867188,443.2799987792969,444.2999877929688,441.1099853515625,441.4400024414063,104964000,0.011800915611592133,0.023245131400579044,0.0547782973792279,0.00661840625426962,0.022610561676071894,0.054105200623282945,70.14666676897453,0.012278506309248574,1.3892910815472699,0.007196359976066879,0.0011504421616792548,1
2023-07-03,427.5466613769531,443.7900085449219,444.0799865722656,442.6300048828125,442.9200134277344,32793400,0.0011504421616792548,0.02862501162814013,0.040938679729287664,0.0060141858874462354,0.021730062454998755,0.05364247942992839,67.16352267313846,0.012790976065746506,-2.4638444280617158,0.003267269793223281,-0.001487096684625211,0
2023-07-05,426.9108581542969,443.1300048828125,443.8900146484375,441.8999938964844,441.9100036621094,58418400,-0.001487096684625211,0.015957170214076388,0.04138629516558767,0.006000130932309514,0.01814662642892051,0.05045673733371192,62.798432892020095,0.01295841365461527,-1.0918983592233498,0.004490828267156935,-0.007830858713068767,0
2023-07-06,423.5677795410156,439.6600036621094,440.1000061035156,437.05999755859375,439.4200134277344,80658300,-0.007830858713068767,0.0074931174989520954,0.030986412445997313,0.0063931358196663455,0.008642500203571268,0.04082157919851381,55.93180392574035,0.012399411862140181,0.0030419259818491385,0.006914453258427856,-0.002524664308123037,0
2023-07-07,422.4984130859375,438.5499877929688,442.6400146484375,438.2999877929688,438.6300048828125,86134200,-0.002524664308123037,0.0010043717029930566,0.03195172308770022,0.006358005414430495,0.004531400171790434,0.03652660126295171,46.013413401883746,0.011567819697619615,0.28612809453140436,0.009896310514817614,0.0025310543707548483,1
2023-07-10,423.5677795410156,439.6600036621094,439.8399963378906,437.5899963378906,438.1799926757813,62443500,0.0025310543707548483,-0.008166574363555279,0.028343505654883083,0.00627638968457882,0.0056781798653011695,0.03734575946904806,50.33475098155066,0.010934104748139545,-0.9496844026282715,0.0051175908230424024,0.006368759496490739,1
2023-07-11,426.265380859375,442.4599914550781,442.9700012207031,439.4400024414063,440.4500122070313,64463800,0.006368759496490739,-0.0029968203083416967,0.033039159354719905,0.006373459067930553,0.010447746574691275,0.04239914582976345,58.6900465770022,0.010775304419291159,-0.7771157248569569,0.007978119711316792,0.008045754168282349,1
2023-07-12,429.6950073242188,446.0199890136719,447.4800109863281,444.9100036621094,446.3900146484375,91924500,0.008045754168282349,0.006521617140306191,0.031988973742276494,0.006314408535616822,0.016972104772804197,0.0492223561323506,67.47624477005223,0.011134546815286785,0.5871210120555932,0.005762090012831177,0.007936864171265157,1
2023-07-13,433.1054382324219,449.55999755859375,450.3800048828125,447.4500122070313,447.8999938964844,72425200,0.007936864171265157,0.0225174320429693,0.03336663329389267,0.006377231255515278,0.023350137659062797,0.055782157512088704,69.37917071605779,0.011895226128068618,-0.35056406669335216,0.006517467505322936,-0.0006227452524482091,0
2023-07-14,432.8357238769531,449.2799987792969,451.3599853515625,448.489990234375,450.4800109863281,69815800,-0.0006227452524482091,0.024467099688047833,0.03149489134735939,0.006397141602793338,0.021118540696698718,0.05314799105379531,76.21535421433724,0.012382368392280338,-0.41819176143752645,0.006387987724771493,0.0034722866080416637,1
2023-07-17,434.3386535644531,450.8399963378906,451.9299926757813,449.0799865722656,449.1300048828125,52680200,0.0034722866080416637,0.02542892671182151,0.022401089380444272,0.005893616316945048,0.023515226605994144,0.05461305713137299,81.86596597117436,0.01284948999372996,-1.2335595198333504,0.006321546727588229,0.007430505967050305,1
2023-07-18,437.5660095214844,454.1900024414063,454.8599853515625,450.0499877929688,450.5,80668200,0.007430505967050305,0.026510782178291503,0.033518323657814486,0.005952979285611357,0.029399278293628095,0.059942192867783683,81.00481259231402,0.01359433870509457,0.4885856158226777,0.010590276167988124,0.0022237158274738267,1
2023-07-19,438.5390319824219,455.2000122070313,456.4299926757813,454.1099853515625,455.010009765625,65891700,0.0022237158274738267,0.020582097784370923,0.04121879732159117,0.005730316908430114,0.029585877375053693,0.06011728556317952,81.50750857190152,0.014242959664233947,-0.43284483720842354,0.005096676761870637,-0.006634425064858784,0
2023-07-20,435.6295776367188,452.1799926757813,455.1000061035156,451.4400024414063,454.1700134277344,70591600,-0.006634425064858784,0.005828002101747831,0.03963761756974482,0.0058386179909105974,0.020764984042098034,0.051078359532928275,72.58434050428897,0.014177273601699023,-0.10949266264197147,0.008094130039790563,0.0,0
2023-07-21,435.6295776367188,452.1799926757813,454.1700134277344,452.1700134277344,453.9599914550781,71275600,0.0,0.006454767029719477,0.035898325330206315,0.0058407837684806485,0.01896275022655547,0.04899255574198813,67.12853227206672,0.013889717697751873,-0.06739274430233369,0.0044230174541004625,0.004467271138958173,1
2023-07-24,437.5756530761719,454.2000122070313,455.0400085449219,452.2999877929688,453.3699951171875,54023400,0.004467271138958173,0.007452708814087661,0.048452261076511904,0.005433352101500336,0.021099841185752366,0.05158665351620484,68.93418235536788,0.013800848606430589,-1.0740882112510928,0.00603263029130903,0.0027301361601883567,1
2023-07-25,438.7702941894531,455.4400024414063,456.739990234375,453.8699951171875,453.9200134277344,55191200,0.0027301361601883567,0.002752235415373727,0.055627700399200286,0.005215686074681365,0.021132815969553187,0.052273003588256595,71.92727059338665,0.013802451054935615,-0.9182281763676399,0.0063015876993737134,0.00015357195642540233,1
2023-07-26,438.8376770019531,455.510009765625,456.989990234375,453.3800048828125,454.4700012207031,71052900,0.00015357195642540233,0.0006809998603345413,0.04434046591779284,0.004865180604134818,0.01908017697546205,0.05022923834527937,82.12420197330253,0.01368600219317462,0.10291866293263066,0.007925150433949755,-0.006629910097008751,0
2023-07-27,435.92822265625,452.489990234375,459.4400024414063,451.5499877929688,459.0199890136719,92194400,-0.006629910097008751,0.0006855480776841727,0.03689351566268928,0.005241697919009744,0.010503884689777365,0.04129722911170752,76.22286948272668,0.012997754172150284,1.3388215101577887,0.01743688218241188,0.009790334919762111,1
2023-07-28,440.1961059570313,456.9200134277344,457.7799987792969,452.489990234375,455.8800048828125,80011800,0.009790334919762111,0.010482594742730278,0.0429346308100691,0.005521617027986133,0.018258366188861563,0.04916496007854354,78.86303754313232,0.012893603955685107,0.5532653105516722,0.011577537401430837,0.0019040031346999609,1
2023-07-31,441.03424072265625,457.7900085449219,458.1600036621094,456.0499877929688,457.4100036621094,62040400,0.0019040031346999609,0.00790397642595142,0.03273318445734685,0.005029796078293009,0.01855034896168517,0.04903819956163069,77.40444182701576,0.012891143161697325,-0.46143430518747436,0.004609134821109835,-0.0028616484717137736,0
2023-08-01,439.7721557617188,456.4800109863281,457.25,455.489990234375,456.2699890136719,55291500,-0.0028616484717137736,0.0022833395640797782,0.028594526607674586,0.005128701788936967,0.014203850444722388,0.04417936450335991,70.33440729902574,0.012569193896580299,-1.1868314621581162,0.003855611906909355,-0.013910734526476398,0
2023-08-02,433.6546020507813,450.1300048828125,453.5199890136719,449.3500061035156,453.25,93933400,-0.013910734526476398,-0.01181091602385076,0.01579660898211932,0.006150349096440117,-0.0006815621858754506,0.028099130277401185,50.99899961250262,0.011190713279399212,1.7053166739946473,0.009263952335818781,-0.0028657295703292673,0
2023-08-03,432.411865234375,448.8399963378906,450.7900085449219,447.3699951171875,448.0400085449219,64276100,-0.0028657295703292673,-0.008066367899854487,0.020879977468878597,0.005877713541941693,-0.004559712563616425,0.02367521482855861,49.255309452192144,0.009643286787035816,-0.5033621541976222,0.007619671721857335,-0.004522885861743653,0
2023-08-04,430.45611572265625,446.80999755859375,452.8999938964844,446.2699890136719,450.7200012207031,100128900,-0.004522885861743653,-0.022126479772462626,0.018834869884115202,0.005958112028450725,-0.00996880186463689,0.017455570851050428,43.2854852312658,0.007971074915206895,2.017254971443781,0.01483853297607347,0.008728491776003544,1
2023-08-07,434.2133483886719,450.7099914550781,450.8699951171875,447.989990234375,448.7099914550781,58357500,0.008728491776003544,-0.015465675233759635,0.02513309406865627,0.006200865136377724,-0.0025484211926648515,0.02441696526294912,44.3062143425766,0.007169483182016653,-0.9027467653472533,0.0063899290839208025,-0.004348656336598977,0
2023-08-08,432.3251037597656,448.75,450.7000122070313,445.2699890136719,448.0799865722656,71361300,-0.004348656336598977,-0.016933887023962035,0.014215845744202538,0.006199245151355707,-0.007576725390434524,0.0183125889635265,39.76512124946966,0.006193824422842037,-0.020721853579412797,0.012100330235898455,-0.006685312155942591,0
2023-08-09,429.4348754882813,445.75,449.2000122070313,444.9599914550781,449.0299987792969,78789600,-0.006685312155942591,-0.009730616353532562,-0.0006053871501960906,0.0061585666030109796,-0.014181950943037647,0.010253868688978818,39.790322061450766,0.004833311865104719,0.5743596462177973,0.009512104883798502,0.0003590178941852429,1
2023-08-10,429.5890502929688,445.9100036621094,451.7000122070313,444.7000122070313,448.1900024414063,93005500,0.0003590178941852429,-0.006528070037754796,-0.008119011282342825,0.005870126185723092,-0.013429831074601828,0.009368200135712046,40.09476073614716,0.003706951253510551,1.4537655041908177,0.015698234940932806,-0.0005829460642049478,0
2023-08-11,429.338623046875,445.6499938964844,446.7000122070313,443.3500061035156,443.9700012207031,68690900,-0.0005829460642049478,-0.002596066439676914,-0.008079510625311204,0.005870050283627754,-0.013608850771347658,0.007441325170735702,35.697578914459214,0.002738683251690919,-0.2272737673255276,0.007517123638273451,0.005519822628713866,1
2023-08-14,431.70849609375,448.1099853515625,448.1099853515625,444.3800048828125,444.7000122070313,47867400,0.005519822628713866,-0.005768713247110369,-0.0060555454807404985,0.0059581343914886535,-0.00786438774354603,0.011728249340682728,38.2190113991009,0.0023743861538483508,-1.610959811724895,0.00832380574118129,-0.01164876224213618,0
2023-08-15,426.67962646484375,442.8900146484375,446.6400146484375,442.2999877929688,446.2699890136719,75707500,-0.01164876224213618,-0.013058407309280318,-0.024879407494530548,0.006180723782648965,-0.018193365256790828,-0.0008040184769697589,32.59786856158921,0.0011579309619541651,0.2873513386873543,0.009799333269940104,-0.0073381579205229475,0
2023-08-16,423.548583984375,439.6400146484375,444.1799926757813,439.5299987792969,442.4599914550781,80107200,-0.0073381579205229475,-0.01370706442324554,-0.03418269961121212,0.0062678390087874064,-0.023714236293978508,-0.008767837022738534,32.39239400868452,-0.0004187059591431933,0.5361900924897127,0.010576821357361762,-0.007619873130607413,0
2023-08-17,420.3211975097656,436.2900085449219,441.4299926757813,435.75,441.1600036621094,95711300,-0.007619873130607413,-0.021573763988823158,-0.035140818972854926,0.006312231229363195,-0.029441050707541105,-0.016757360918170816,20.869642229337003,-0.002281132767533259,1.4219763519214377,0.013018846557418874,0.00048130103023402704,1
2023-08-18,420.52349853515625,436.5,437.5700073242188,433.010009765625,433.3699951171875,98852000,0.00048130103023402704,-0.02053186934164164,-0.034676431254995865,0.00632023917775811,-0.027277429397511654,-0.016795026407071978,19.366747979041094,-0.0036716228531944945,1.4439495643465405,0.010446729802047668,0.0065063033964274375,1
2023-08-21,423.2595520019531,439.3399963378906,440.1099853515625,435.3200073242188,437.5499877929688,68719000,0.0065063033964274375,-0.019570946989104665,-0.03271685929867452,0.006440999072992637,-0.01932485314075072,-0.01092368887445494,26.378085100623977,-0.004173878208374726,-0.4283568702907366,0.01090266779093744,-0.002708558695063923,0
2023-08-22,422.1131286621094,438.1499938964844,441.1799926757813,437.5700073242188,441.1799926757813,64994200,-0.002708558695063923,-0.010702404144695254,-0.03796329365941875,0.006361003836980916,-0.02009013853892594,-0.01403953423892923,30.751855897085576,-0.0047673929021280785,-0.7151888358288414,0.00823915417516902,0.011137665855998735,1
2023-08-23,426.8144836425781,443.0299987792969,443.6700134277344,439.1000061035156,439.25,68441000,0.011137665855998735,0.007710802920128712,-0.027397814703411405,0.0069918147595176925,-0.007791547997365034,-0.003544165884162509,41.63054955504996,-0.004233559881880643,-0.4821409300527972,0.010315345093584461,-0.01385900056035183,0
2023-08-24,420.8992614746094,436.8900146484375,445.2200012207031,436.8599853515625,444.6900024414063,88517300,-0.01385900056035183,0.0013752910114182004,-0.03447577009367364,0.007450166036238644,-0.019830328001391062,-0.017435641647579825,37.223058625768566,-0.004982829755526567,0.8330210698239333,0.01913528711766936,0.00704965267251878,1
2023-08-25,423.866455078125,439.9700012207031,441.2999877929688,435.0,438.6799926757813,102325100,0.00704965267251878,0.007949511869404624,-0.03709630925381313,0.00724969541604368,-0.011040078964384636,-0.010705051011570488,35.86829576932921,-0.004869769693604295,1.549463779411178,0.014319130339544513,0.006341592379030203,1
2023-08-28,426.554443359375,442.760009765625,443.3999938964844,439.9700012207031,442.239990234375,61595400,0.006341592379030203,0.007784564676302175,-0.03283145848167113,0.007436562123730199,-0.003084504502275487,-0.004511842433309821,42.2869743343751,-0.004220376668318516,-0.9258362934845457,0.007746843888626971,0.014454685785617594,1
2023-08-29,432.72015380859375,449.1600036621094,449.4500122070313,442.4599914550781,442.6499938964844,83081900,0.014454685785617594,0.025128394324297476,-0.016035580835968233,0.008250517022126582,0.012159690401944312,0.009437325842660771,54.03755361426525,-0.002498347229483118,0.30947487141348745,0.015562429189958732,0.004118799602859768,1
2023-08-30,434.50244140625,451.010009765625,451.6700134277344,448.7799987792969,449.510009765625,69053900,0.004118799602859768,0.01801241068030368,0.0019551028663347125,0.007706866131204703,0.01622780674207802,0.01296530471232038,55.80612542229113,-0.0008358142159896279,-0.5155645405760174,0.006407872521364537,-0.0014634308054853884,0
2023-08-31,433.8665771484375,450.3500061035156,452.8299865722656,450.1600036621094,451.6499938964844,66084600,-0.0014634308054853884,0.0308085968799221,0.0033641813072682325,0.007684563493449722,0.01456803313424615,0.010783220539251737,55.302355633636715,0.00035201026547554946,-0.718044042538089,0.005928684076763482,0.0018651692980347079,1
2023-09-01,434.6758117675781,451.1900024414063,453.6700134277344,449.6799926757813,453.1700134277344,58944100,0.0018651692980347079,0.02550179793647689,0.009802848399163233,0.007610504671441512,0.01595912658592935,0.012001627375432422,53.60663217047794,0.0014257194124805454,-1.0859411948923494,0.008843327047059805,-0.004321984473291796,0
2023-09-05,432.7971496582031,449.239990234375,451.05999755859375,449.1700134277344,450.7300109863281,55166200,-0.004321984473291796,0.014635192285568532,-0.003261527393674468,0.007426500401213978,0.011735611946080304,0.006903716280559191,58.052185621358205,0.0019147121190757747,-1.3123392249394716,0.004207070100489814,-0.0067223728955301265,0
2023-09-06,429.8877258300781,446.2200012207031,448.510009765625,443.80999755859375,448.3999938964844,70758500,-0.0067223728955301265,-0.006545634525191302,-0.005637835759456422,0.007515779828980992,0.005220724114158415,-0.0005272587003805063,58.3928558441422,0.0017466412039818938,-0.2706717206081873,0.010532948308398654,-0.0030702312651044172,0
2023-09-07,428.56787109375,444.8500061035156,445.5499877929688,442.75,443.1099853515625,70355400,-0.0030702312651044172,-0.013658312927524618,-0.002018942670982349,0.007395521685511047,0.0022360579379627765,-0.003983163199899886,61.49920722122315,0.0013441122839084254,-0.26941188946557065,0.0062942289638122555,0.0015060549819017055,1
2023-09-08,429.21331787109375,445.5199890136719,447.1099853515625,444.5299987792969,444.8999938964844,61659700,0.0015060549819017055,-0.010725092741476039,-0.0008746322133182938,0.00740350844145711,0.0037895808693810817,-0.0028907632171708553,61.96921064445457,0.001127651536428024,-0.7654964783238294,0.005790955817666919,0.006576646870672942,1
2023-09-11,432.0361022949219,448.4500122070313,448.7699890136719,446.4700012207031,448.239990234375,60180100,0.006576646870672942,-0.006072823472560107,0.006282871149359437,0.007546452356502238,0.010072547242067076,0.0032025518360838667,62.05985856430695,0.0014618116432843589,-0.823665003448491,0.005128749538102227,-0.00548564137255747,0
2023-09-12,429.6661071777344,445.989990234375,448.5299987792969,445.3900146484375,446.9500122070313,67565400,-0.00548564137255747,-0.007234434152215363,-0.004730944455566322,0.007550138726248287,0.004771539365444166,-0.002421608909462525,60.040910780096034,0.001282164066981399,-0.42392117968761656,0.007040481175842673,0.0011660381670990372,1
2023-09-13,430.1671142578125,446.510009765625,447.7099914550781,445.0799865722656,446.2200012207031,60199300,0.0011660381670990372,0.0006499102229422515,0.008173551247017574,0.007055884912864827,0.005533111639822508,-0.0013799073869737999,55.01730451470176,0.0012120896051472777,-0.8844203488719559,0.005890136447765193,0.008622406978120223,1
2023-09-14,433.8761901855469,450.3599853515625,451.0799865722656,447.7200012207031,449.0700073242188,83430800,0.008622406978120223,0.012386180695835858,0.024383521965812616,0.007033512271987048,0.012980499157013714,0.0069049722257075175,70.7933418744071,0.0018167078897974441,0.752504892621131,0.007460665824783722,-0.012048247006893997,0
2023-09-15,428.6487426757813,443.3699951171875,447.4800109863281,442.9200134277344,447.1400146484375,111848900,-0.012048247006893997,-0.001315372034849105,0.019812336887487625,0.007387527523482058,-0.00019607484999717428,-0.005461009536474992,57.145254219049605,0.0013327704855819766,2.409046318991951,0.010284858264683637,0.0005863606921334696,1
2023-09-18,428.9000854492188,443.6300048828125,444.9700012207031,442.55999755859375,443.0499877929688,55752200,0.0005863606921334696,-0.00725869164415871,0.019919426484468428,0.00738717113248756,-0.0005861571342579142,-0.005173373838067041,53.77986289378704,0.0009672790536004429,-1.0328834447076762,0.0054324631688201334,-0.0020736864529731225,0
2023-09-19,428.01068115234375,442.7099914550781,443.2900085449219,439.9400024414063,442.6799926757813,66514600,-0.0020736864529731225,-0.0038528196609788345,0.011225096109275023,0.007299960878358565,-0.0032103999644270687,-0.0074409034606259805,40.856043117382995,0.0005061414571531705,-0.3161431365492603,0.007567044268653001,-0.009193547490084386,0
2023-09-20,424.0757446289063,438.6400146484375,444.4400024414063,438.4299926757813,444.010009765625,82562600,-0.009193547490084386,-0.01416047258613884,0.004649502310002607,0.007592068734901399,-0.012600088708940027,-0.01646615931505746,31.317163436405735,-0.0006014089493967913,0.6757169975690686,0.013701462622925363,-0.016528217888828634,0
2023-09-21,417.0665283203125,431.3900146484375,435.9700012207031,431.2300109863281,435.7000122070313,104095800,-0.016528217888828634,-0.038742992230216045,-0.02283885785476003,0.008014345947714809,-0.02781678086579964,-0.03215528681069557,25.494294953063346,-0.0028312597274974477,1.785049302172496,0.010987714303581803,-0.0022486477088833334,0
2023-09-22,416.1286926269531,430.4200134277344,434.1000061035156,429.989990234375,432.4500122070313,100829700,-0.0022486477088833334,-0.02920818097044553,-0.011334229551609787,0.007443501019426278,-0.0294632498568852,-0.033570154544675046,23.04701844016924,-0.00472812112400519,1.4874262724623053,0.009548849358582807,0.00420520977829919,1
2023-09-25,417.8786010742188,432.2300109863281,432.2699890136719,428.7200012207031,429.1700134277344,70874500,0.00420520977829919,-0.02569709064864467,-0.014126746601833662,0.007316882330109345,-0.024700913766275256,-0.02883140709159504,28.238683559901162,-0.005795555270400681,-0.13137102043141818,0.008213191362783551,-0.014691325801432509,0
2023-09-26,411.7394104003906,425.8800048828125,429.8200073242188,425.0199890136719,429.0899963378906,96168400,-0.014691325801432509,-0.03801603901132933,-0.03473186879101997,0.007752270025398889,-0.03736508754192658,-0.042092944044270775,25.80705003238296,-0.007868892348907329,1.2643686364868143,0.011270823366942835,0.0003992031649857619,1
2023-09-27,411.9037780761719,426.0499877929688,427.6700134277344,422.2900085449219,427.0899963378906,104705800,0.0003992031649857619,-0.02870234081269063,-0.048105861373005654,0.006783736696192715,-0.03463166907383575,-0.040564923586398405,27.079511845806877,-0.009300366533307833,1.5912592032163608,0.012627637687967298,0.005797397590904252,1
2023-09-28,414.291748046875,428.5199890136719,430.25,424.8699951171875,425.4800109863281,92258300,0.005797397590904252,-0.006653087900898247,-0.04651456800556486,0.006878872353690494,-0.026729987173215175,-0.033911432924168206,30.415051110327866,-0.009799085291886143,0.8282571456868874,0.012554851630598851,-0.0024269434552449676,0
2023-09-29,413.2862854003906,427.4800109863281,431.8500061035156,425.9100036621094,431.6700134277344,115111300,-0.0024269434552449676,-0.006830596584481707,-0.04743460969800817,0.006875664459770243,-0.02673929764224814,-0.03525076000931171,24.15754628889664,-0.010338842884831237,1.775716603200482,0.01389539227273068,-0.00039763515995672183,0
2023-10-02,413.1219482421875,427.30999755859375,428.6000061035156,424.4599914550781,426.6199951171875,83798600,-0.00039763515995672183,-0.01138285813105444,-0.049586066079323254,0.006820104621525567,-0.02465096872748873,-0.03461994953989844,25.721412864826704,-0.010661189949492363,0.15925390667155898,0.009688550869605647,-0.01338609666119528,0
2023-10-03,407.59185791015625,421.5899963378906,427.3699951171875,420.1799926757813,425.05999755859375,103760600,-0.01338609666119528,-0.010073246294789118,-0.05823811863814832,0.00723487822434162,-0.03483534637749508,-0.04620605174021575,21.13181835210679,-0.012017731088335998,1.0757672264568088,0.017054490153612756,0.007281987006559687,1
2023-10-04,410.5599365234375,424.6600036621094,425.4299926757813,420.55999755859375,422.0700073242188,87453000,0.007281987006559687,-0.0032625132962141867,-0.044960086425636425,0.0075245605453717265,-0.025577180463260074,-0.03799040988299318,19.6083111171575,-0.012160811700078804,0.18422047879594525,0.011467986330689343,-0.0003766382313598049,0
2023-10-05,410.4053039550781,424.5,425.3699951171875,421.1700134277344,424.3599853515625,70142700,-0.0003766382313598049,-0.009380935319419303,-0.04237967510798024,0.007533592469742287,-0.023840217854653067,-0.03706969771347557,22.596565087403945,-0.01223704991305522,-0.7268743110314758,0.009893949798476149,0.011872701405047037,1
2023-10-06,415.2779235839844,429.5400085449219,431.1300048828125,420.6000061035156,421.9700012207031,113273300,0.011872701405047037,0.0048190280054036805,-0.03246729238558854,0.008130340277872537,-0.010610864419694055,-0.02469200886475642,32.03262674784712,-0.011075135438058293,1.3854343917389929,0.02451459368119753,0.006402271281079619,1
2023-10-09,417.9366455078125,432.2900085449219,432.8800048828125,427.010009765625,427.5799865722656,80374400,0.006402271281079619,0.011654421378751056,-0.03263490414855341,0.008121179000681262,-0.0026013159536663055,-0.01742047997516505,37.305060654633195,-0.009579034266717695,-0.3900585751671724,0.013578835969273884,0.005204766020287188,1
2023-10-10,420.1119079589844,434.5400085449219,437.2200012207031,432.5299987792969,432.9400024414063,78607300,0.005204766020287188,0.03071712500102941,-0.02223633435158956,0.008205161960198897,0.0037342146877565874,-0.011333754816411523,44.773104265879596,-0.007896617137987031,-0.53000429124883,0.010793027912690822,0.00409618408878476,1
2023-10-11,421.832763671875,436.3200073242188,436.5799865722656,433.1799926757813,435.6400146484375,62451700,0.00409618408878476,0.02745720209305902,-0.019374680931426247,0.00827347075265489,0.008850130554949764,-0.006445087928307669,57.30360513207093,-0.006175297054361651,-1.4539633520860464,0.007792431791829031,-0.006096385807143889,0
2023-10-12,419.2611083984375,433.6600036621094,437.3399963378906,431.2300109863281,436.9500122070313,81154200,-0.006096385807143889,0.02157819199219868,-0.033684913156583285,0.008028638632281019,0.00445523982667817,-0.01183217630237432,54.57111428787736,-0.005300182955139457,-0.39059445238172386,0.014089344878397312,-0.004980802640899729,0
2023-10-13,417.1728515625,431.5,436.4500122070313,429.8800048828125,435.2099914550781,95143100,-0.004980802640899729,0.004563035670573923,-0.02677224956183144,0.007697005870674365,0.0008280674392942,-0.016047227798259178,48.98017501865364,-0.004946441111281717,0.46565907454308597,0.015225972941410908,0.010521422217540488,1
2023-10-16,421.5621032714844,436.0400085449219,437.1400146484375,433.5700073242188,433.8200073242188,75433200,0.010521422217540488,0.008674658713563543,-0.017108838227553158,0.00813516322087833,0.012249201763793405,-0.005277307201702275,64.9501151902497,-0.003713746970562696,-0.8241505455189174,0.008187338900693794,-4.5968700599474666e-05,0
2023-10-17,421.542724609375,436.0199890136719,438.1400146484375,432.4500122070313,432.80999755859375,75324700,-4.5968700599474666e-05,0.0034057988437936615,-0.015111670871285066,0.008131494677497578,0.012989295144765434,-0.004727905450641057,64.73548816911739,-0.002749782836452389,-0.8900059922577789,0.01304986602627472,-0.013325020458822001,0
2023-10-18,415.9256591796875,430.2099914550781,435.1799926757813,429.0899963378906,434.1900024414063,93559800,-0.013325020458822001,-0.014003427426472648,-0.01921846640003111,0.008405687452890604,0.0004709073580981826,-0.01722887899554182,52.27338349440359,-0.0030669010812590944,0.2895524835448386,0.014155869131009222,-0.008786451177968946,0
2023-10-19,412.2711486816406,426.4299926757813,432.8200073242188,425.7300109863281,430.9500122070313,121323000,-0.008786451177968946,-0.01667209187014329,-0.011497876988557976,0.007806790543970521,-0.007747407454483102,-0.025073179296566828,48.68453522142708,-0.003987257475729737,1.9158286035521523,0.016626401659512895,-0.01228797848238039,0
2023-10-20,407.2051696777344,421.1900024414063,426.5400085449219,421.0799865722656,425.9800109863281,123919900,-0.01228797848238039,-0.023893409763919626,-0.021444142418745482,0.00823295119567303,-0.018886612432819194,-0.03603255013447104,43.19697170659408,-0.0056917739789650685,1.8308023834133784,0.012963322825820916,-0.0017333044848953927,0
2023-10-23,406.4993591308594,420.4599914550781,424.4500122070313,417.7999877929688,419.6099853515625,92035100,-0.0017333044848953927,-0.035730783255260135,-0.027230975489310527,0.008139968515507922,-0.0192427116495284,-0.03666170560564097,48.58711842251707,-0.00707402438203455,-0.015402532960557328,0.01581606942208433,0.007539392699988712,1
2023-10-24,409.5641174316406,423.6300048828125,424.8200073242188,420.739990234375,422.6499938964844,78564200,0.007539392699988712,-0.02841611651306386,-0.0052831789083164216,0.007729474527295165,-0.011589022975055041,-0.028378933123225814,48.715362502332596,-0.007411315719841838,-0.7373922313014685,0.009631086190347754,-0.014352193125238721,0
2023-10-25,403.68597412109375,417.5499877929688,421.9200134277344,417.0199890136719,421.8900146484375,94223200,-0.014352193125238721,-0.029427578675317978,-0.019950785577787178,0.008344939658797065,-0.02480787673510554,-0.04127788884778438,42.44718183034382,-0.008905303909242856,0.19381725933877675,0.011735180355201083,-0.01197454003188092,0
2023-10-26,398.8520202636719,412.5499877929688,417.3299865722656,411.6000061035156,416.4500122070313,115156800,-0.01197454003188092,-0.03254927845637612,-0.037267765665118247,0.008530106307093551,-0.03468513559786579,-0.05164568045669016,31.520509116078244,-0.010976443620007409,1.2837014120634365,0.01388917861664195,-0.004532814857214684,0
2023-10-27,397.0440979003906,410.6799926757813,414.6000061035156,409.2099914550781,414.1900024414063,107367700,-0.004532814857214684,-0.02495319935497209,-0.03930008827722076,0.008550412575762648,-0.037168289210191885,-0.0548982394562475,26.036701345305303,-0.012809137256824399,0.8947358738755486,0.01312460978027908,0.011955874177317805,1
2023-10-30,401.7911071777344,415.5899963378906,416.6799926757813,412.2200012207031,413.55999755859375,86562700,0.011955874177317805,-0.01158243388917457,-0.027427351930017885,0.009098454870586779,-0.024316337610996164,-0.04274505045107613,30.15706806282722,-0.012951287651873936,-0.29863886151492675,0.010731710325991671,0.006280243395604623,1
2023-10-31,404.314453125,418.2000122070313,418.5299987792969,414.2099914550781,416.1799926757813,79665200,0.006280243395604623,-0.012817686128269834,-0.008040898564462218,0.008786585337699403,-0.017797957168622758,-0.0358629083209413,31.350421308160534,-0.0124544284812333,-0.6251287770226155,0.010330002864945198,0.01066469332251252,1
2023-11-01,408.6263427734375,422.6600036621094,423.5,418.6499938964844,419.2000122070313,98068100,0.01066469332251252,0.012238147889829243,-0.004709650353060257,0.008972166751029362,-0.00708987456866883,-0.02495351476490748,39.082980376431664,-0.011018297060119349,0.39645546623937367,0.011474958741052078,0.019164415959888492,1
2023-11-02,416.4574279785156,430.760009765625,430.9200134277344,426.55999755859375,426.5799865722656,94938900,0.019164415959888492,0.044140199423348125,0.014746700310919847,0.009961144769162269,0.01119514171433078,-0.005775902048298254,49.3430466293133,-0.008184879717744785,0.15336111180213516,0.010121682074231761,0.009123453621033395,1
2023-11-03,420.2569580078125,434.6900024414063,436.2900085449219,433.010009765625,433.1400146484375,100167800,0.009123453621033395,0.05846418629611638,0.011989643901263669,0.009817940781691665,0.019804285862035087,0.0033256252808546716,48.7883995496621,-0.005258247847523133,0.5219273790892779,0.0075456043637419515,0.002300344637781837,1
2023-11-06,421.22369384765625,435.6900024414063,436.1499938964844,433.6799926757813,435.4700012207031,67831700,0.002300344637781837,0.04836489987650672,0.007864944065504975,0.009733756318006924,0.021742694741798685,0.00576053399482257,49.708954642137265,-0.0027734729919722295,-1.3746030819747954,0.005669171215456673,0.0028460460296850787,1
2023-11-07,422.4225158691406,436.9299926757813,437.5899963378906,434.510009765625,435.6900024414063,64256100,0.0028460460296850787,0.04478707749421518,0.005499981948575927,0.009687123465344128,0.024363557219370113,0.008822032497731724,56.44663791521491,-0.0005758865276575209,-1.4705279417065706,0.007049153465990356,0.000732411733296745,1
2023-11-08,422.7319030761719,437.25,438.0899963378906,434.8699951171875,437.5499877929688,61746000,0.000732411733296745,0.03451945904171727,0.0021315068001599435,0.009647207833934218,0.02500206791803894,0.010042772048707738,61.11796568388959,0.0012038096198099303,-1.6046238307392804,0.007364210910698971,-0.007798757139632073,0
2023-11-09,419.4351196289063,433.8399963378906,438.4700012207031,433.3999938964844,438.4299926757813,83174400,-0.007798757139632073,0.007150050522197082,0.0004150426237565785,0.009712516198850702,0.01698687102769858,0.0028877867800607415,63.506242008335335,0.001977407854808802,-0.40815780398191515,0.01168635295734707,0.015604788981413709,1
2023-11-10,425.9803161621094,440.6099853515625,440.9299926757813,433.8299865722656,435.9800109863281,89462200,0.015604788981413709,0.01361871123188041,0.021112266933529966,0.010226748954035865,0.031755075282701606,0.018921902968273452,69.05617097393196,0.0037400197714362233,-0.03818439239661673,0.016114038127961604,-0.0009531810779693783,0
2023-11-13,425.57427978515625,440.1900024414063,441.3299865722656,438.4200134277344,439.2300109863281,52236100,-0.0009531810779693783,0.010328445434205413,0.009517403207109476,0.009989181648557192,0.03027102844955709,0.018394102275671953,66.52036369796974,0.0050309246378668635,-1.892352201362212,0.006610720662422578,0.019400772365121943,1
2023-11-14,433.8307495117188,448.7300109863281,450.05999755859375,446.0899963378906,446.3200073242188,97176900,0.019400772365121943,0.027006689307518483,0.02915012923952265,0.010841207897242942,0.04869924536415371,0.038100381849487164,79.65011220278878,0.007386524848363064,0.3696406557164906,0.008847193464900842,0.002117015713398729,1
2023-11-15,434.7491760253906,449.6799926757813,451.3800048828125,448.7999877929688,450.1099853515625,77327600,0.002117015713398729,0.02842764613167459,0.04525692616038146,0.01026487154676652,0.04853383384739551,0.040056081048583714,88.25468476613578,0.009371956699772005,-0.6148144574714327,0.0057374513695651165,0.001223302684197236,1
2023-11-16,435.281005859375,450.2300109863281,450.55999755859375,448.1199951171875,449.2200012207031,66665800,0.001223302684197236,0.03777911168833037,0.055812436187482994,0.009936415558466359,0.04691156516251227,0.04099401884779885,91.88735068851285,0.010917147606950173,-1.0746362336226376,0.005419457570278104,0.0012436823823511745,1
2023-11-17,435.8223571777344,450.7900085449219,451.4200134277344,449.2900085449219,450.239990234375,83133200,0.0012436823823511745,0.023104450234455287,0.07027707315859444,0.009297579306160231,0.044618622885918224,0.04195930448083507,91.06395326571446,0.012096493630514564,-0.0833455338111759,0.00472504900826843,0.0076976256679579524,1
2023-11-20,439.1771545410156,454.260009765625,455.1300048828125,450.5199890136719,450.5299987792969,69936200,0.0076976256679579524,0.03196357346296064,0.08038830732728575,0.009260337339193545,0.048553303420366456,0.04962151866758213,91.23973231271974,0.013404130928575574,-0.8167043137160381,0.010148407894234754,-0.002179493691767731,0
2023-11-21,438.219970703125,453.2699890136719,454.1300048828125,451.9599914550781,453.1799926757813,49244600,-0.002179493691767731,0.010117358431476653,0.06996670863449661,0.009314928497276158,0.042701063437897924,0.04690582675273691,88.0247537098412,0.014205372741831533,-1.8014484366626549,0.004787463278688238,0.00386090356884794,1
2023-11-22,439.9118957519531,455.0199890136719,456.3800048828125,453.8900146484375,454.9800109863281,59394900,0.00386090356884794,0.011875168513858059,0.08973787536148747,0.0083226056669169,0.042235007448492734,0.05045873045161264,85.78160703344848,0.0148987726649491,-1.1196466215598424,0.005472265602600118,0.0006152604714813048,1
2023-11-24,440.18255615234375,455.2999877929688,455.5,454.7300109863281,455.0700073242188,29737400,0.0006152604714813048,0.011260657430460563,0.10362373459046093,0.007454645584671557,0.037795212977328685,0.050788562363870415,84.06596961349041,0.015354686519306998,-2.323612754362298,0.0016911685357259435,-0.0018008303162347916,0
2023-11-27,439.3898620605469,454.4800109863281,455.489990234375,454.0799865722656,454.6499938964844,50506000,-0.0018008303162347916,0.008185685805369491,0.1066525466165722,0.007294697674822037,0.03078084865910502,0.0483586547769832,81.24387870466317,0.015428206817335968,-1.1756162652452782,0.003102454735136396,0.0009900730848269035,1
2023-11-28,439.8248901367188,454.9299926757813,456.2699890136719,453.5,454.0799865722656,62115000,0.0009900730848269035,0.0014748845403402822,0.09466058924534626,0.00716359146413179,0.027218725136949784,0.04884982115444236,80.73780521330045,0.015352065574458269,-0.5102128513954288,0.006088824782423141,-0.0007035020790052693,0
2023-11-29,439.5154724121094,454.6099853515625,458.3200073242188,454.2000122070313,457.1499938964844,63146000,-0.0007035020790052693,0.002956281766222979,0.08706347006651893,0.007244901806897277,0.02229380323860175,0.04753715984418094,79.64477840425188,0.015083905972014863,-0.4127608752543431,0.009062702646096507,0.003937358053992757,1
2023-11-30,441.2460021972656,456.3999938964844,456.760009765625,453.3399963378906,455.4800109863281,79752700,0.003937358053992757,0.003032667354975871,0.07982759800171291,0.007083700955897955,0.022440215688069864,0.050801640465667264,90.78089212534516,0.014948678334731288,0.533203252155152,0.007493456339769507,0.005916002829843725,1
2023-12-01,443.8564147949219,459.1000061035156,459.6499938964844,455.1600036621094,455.7699890136719,89183400,0.005916002829843725,0.008346215885271624,0.0657906066159053,0.006134103321387689,0.025234470616821714,0.05567118006015037,89.1903464591371,0.015101316579086787,1.092443629221365,0.009779982955091965,-0.005249415113989464,0
2023-12-04,441.52642822265625,456.6900024414063,459.1199951171875,454.3399963378906,455.6000061035156,72430900,-0.005249415113989464,0.00486257500819387,0.050610631923073024,0.0062455990496123786,0.017353514432996597,0.048862369044353926,82.25169550924494,0.014776501701482307,0.2465214378076762,0.010466615765056413,-0.0001969181786650731,0
2023-12-05,441.4394836425781,456.6000061035156,457.5899963378906,454.8699951171875,455.260009765625,69793500,-0.0001969181786650731,0.0036709916652453156,0.04799300250719818,0.006274486720169445,0.014789698914555727,0.04748328146226588,72.97158346493377,0.014278290719250682,0.07826018604263957,0.0059570766192378775,-0.004029840397110629,0
2023-12-06,439.6605529785156,454.760009765625,458.8399963378906,454.30999755859375,458.80999755859375,69124700,-0.004029840397110629,0.0003300920570783461,0.04080757171266658,0.006433118828117276,0.008701660493220853,0.04188152416083524,64.09557976015714,0.013455714370658334,0.022201480951353537,0.00996129536902674,0.007630287287313076,1
2023-12-07,443.0152893066406,458.2300109863281,458.8999938964844,456.2900085449219,456.9100036621094,66995400,0.007630287287313076,0.004009752157672741,0.04798167841809153,0.006544322334454179,0.014038896480412344,0.04828565682166608,69.10209157716213,0.013121206559616677,-0.12576612751063712,0.005695797501225585,0.0042992479364318825,1
2023-12-08,444.919921875,460.2000122070313,460.75,457.2099914550781,457.4599914550781,83194400,0.0042992479364318825,0.002396061078827616,0.060759819703798845,0.006099291600886623,0.015436807879253722,0.051268704507175134,71.05149799377713,0.013076171697634432,0.8769969195119914,0.0076923260561091045,0.003889530902242866,1
2023-12-11,446.65045166015625,461.989990234375,462.1700134277344,459.4700012207031,459.6900024414063,65002200,0.003889530902242866,0.011605247409824493,0.04852368692590181,0.005337051190605519,0.016987547733431363,0.053696310087320676,68.69856434486866,0.013194833731321055,-0.18157829312408194,0.005844308890029176,0.00456728078917501,1
2023-12-12,448.6904296875,464.1000061035156,464.2000122070313,460.6000061035156,461.6300048828125,68327600,0.00456728078917501,0.016425685317249084,0.054317544551831354,0.005297909036911396,0.018950861065534452,0.05673542653084196,74.85108010383817,0.013479902399922325,-0.018795840109371745,0.007756961982699727,0.013790199451964247,1
2023-12-13,454.8779602050781,470.5,470.760009765625,464.1199951171875,464.489990234375,93278000,0.013790199451964247,0.034611718343779074,0.04851479688115279,0.004444741539635084,0.030539559753250956,0.06892717399990622,79.27403487994485,0.014496790058834256,1.700239461634702,0.014112677254914984,0.0032092307768687434,1
2023-12-14,456.3377685546875,472.010009765625,473.7300109863281,469.25,472.5,119026000,0.0032092307768687434,0.030072278699224464,0.04965758124412423,0.004448037385110716,0.03132471511094459,0.07005539922262938,80.19534966494851,0.015478284599058917,2.6320797567616707,0.009491347415603875,-0.0016463950775735814,0
2023-12-15,455.5864562988281,469.3299865722656,470.7000122070313,467.4299926757813,469.489990234375,141553700,-0.0016463950775735814,0.023974054429562797,0.046649061562803684,0.00453464080775273,0.02726965751010213,0.06603486124772284,80.31959745254355,0.016002214170678878,2.770874656852762,0.006967420844196357,0.005625087373900994,1
2023-12-18,458.149169921875,471.9700012207031,472.9800109863281,469.8900146484375,470.9800109863281,70375300,0.005625087373900994,0.02574433367072415,0.051229158799293684,0.0045868629208782275,0.030454323264931915,0.06988488631576195,81.77165679308642,0.016565880749324406,-0.13342067899330656,0.006547018517911433,0.0060807458678797666,1
2023-12-19,460.93505859375,474.8399963378906,474.9200134277344,472.4500122070313,472.5299987792969,55761800,0.0060807458678797666,0.02728970376029194,0.04954243140327641,0.004504141229928869,0.03418973790217539,0.07423328127977902,84.20136537065281,0.017268909980370065,-0.6984904924346449,0.005201754780036355,-0.013857131128872546,0
2023-12-20,454.5478210449219,468.260009765625,475.8999938964844,467.8200073242188,473.9599914550781,102921000,-0.013857131128872546,-0.0007257752387198613,0.03725948480987484,0.005724687740281061,0.017994153079993636,0.057649862432875176,68.48982680713948,0.016829156109658974,1.104940523424564,0.017255341912092364,0.00948181098642098,1
2023-12-21,458.8577575683594,472.7000122070313,472.9800109863281,468.8399963378906,471.3299865722656,86667500,0.00948181098642098,0.005522201288868045,0.04306740053942293,0.005961856625989616,0.025471009227506114,0.06584184434839546,69.91143703377253,0.01670074647727841,0.39595940313677874,0.00875822835101657,0.002009663437074538,1
2023-12-22,459.7799072265625,473.6499938964844,475.3800048828125,471.7000122070313,473.8599853515625,67160400,0.002009663437074538,0.009204511832511031,0.04452096249683346,0.0059513864835944764,0.02528664555438187,0.06597728138850001,75.16865222967672,0.016660497419459932,-0.5281436449409936,0.007769434652595923,0.004222535037011754,1
2023-12-26,461.7213439941406,475.6499938964844,476.5799865722656,473.989990234375,474.0700073242188,55387000,0.004222535037011754,0.007796967247315489,0.05082384429369591,0.005890517005293014,0.027058675315382308,0.06827171085255657,76.60486848805296,0.016731533916363877,-1.0877101734433818,0.00544517265032129,0.0018081671892047346,1
2023-12-27,462.5562133789063,476.510009765625,476.6600036621094,474.8900146484375,475.4400024414063,68000300,0.0018081671892047346,0.0035171001965053073,0.0516826667884156,0.005882327252903996,0.026321032647681486,0.06817705859351642,80.79628791940085,0.01676532868107707,-0.5265748073178237,0.003714484433480122,0.00037764624522362844,1
2023-12-28,462.73089599609375,476.6900024414063,477.5499877929688,476.260009765625,476.8800048828125,77158100,0.00037764624522362844,0.018002671165292305,0.0528204922037796,0.0058558673406556025,0.024071100902405496,0.06655154025368804,78.99976029583264,0.01664824669599399,-0.13642363976705005,0.002706115128777781,-0.00289492035951755,0
2023-12-29,461.3913269042969,475.30999755859375,477.0299987792969,473.2999877929688,476.489990234375,122283100,-0.00289492035951755,0.005521469985303895,0.045655540462041344,0.005971475680885919,0.018835325364660038,0.06123972478280715,74.63740132212602,0.01618767900793438,1.7258660157472294,0.007847533200410437,-0.005596449629076128,0
2024-01-02,458.8091735839844,472.6499938964844,473.6700134277344,470.489990234375,472.1600036621094,123623700,-0.005596449629076128,-0.002111300705665231,0.03368827911605421,0.006151807866027971,0.011463619762485333,0.05304615817822289,67.73480476077285,0.015243359151140145,1.589334719013694,0.006728072007667974,-0.008166548148465402,0
2024-01-03,455.0622863769531,468.7900085449219,471.1900024414063,468.1700134277344,470.4299926757813,103585900,-0.008166548148465402,-0.014422243424103032,0.030656960238563347,0.006355847132631056,0.0017088860310217058,0.04215698859017558,58.85320070047786,0.013718990889694312,0.7189809200200352,0.006442093386430485,-0.0032210750897243567,0
2024-01-04,453.5964965820313,467.2799987792969,470.9599914550781,467.0499877929688,468.2999877929688,84232200,-0.0032210750897243567,-0.019370006364038628,0.027539477980398352,0.006434582681709492,-0.0028519128304410613,0.036564065227203235,47.950604847565614,0.012051877109997331,-0.07820936783748934,0.008367581904476227,0.001369601270229781,1
2024-01-05,454.2177429199219,467.9200134277344,470.4400024414063,466.4299926757813,467.489990234375,86118900,0.001369601270229781,-0.018397632727432445,0.03311006603341471,0.0063077252849234105,-0.0030813518000998297,0.035869679863469894,46.51608082287272,0.010668301532974362,-0.0371163311621309,0.008569861622822651,0.014275917445046193,1
2024-01-08,460.7021179199219,474.6000061035156,474.75,468.2999877929688,468.4299926757813,74879100,0.014275917445046193,-0.0014937623318566073,0.039923743130768186,0.006795573561130578,0.00919178010204047,0.04793244623863746,57.07385538833413,0.010465063305391258,-0.5154818019042057,0.013590417454871192,-0.0015171942610788802,0
2024-01-09,460.0031433105469,473.8800048828125,474.9299926757813,471.3500061035156,471.8699951171875,65931400,-0.0015171942610788802,0.0026023231341165687,0.033900980140386894,0.006815580182073274,0.005998701324916311,0.04343974403847484,52.70296364518125,0.010198658426227261,-0.8318982902074519,0.0075546267733980245,0.005655598348426549,1
2024-01-10,462.604736328125,476.55999755859375,477.4500122070313,473.8699951171875,474.1600036621094,67310600,0.005655598348426549,0.016574544138171055,0.03571984447495402,0.006856887644019776,0.00992635669942521,0.046229256465791346,52.44742544370546,0.010254418034616236,-0.7841183174030075,0.007512206454977662,-0.00044067301059880215,0
2024-01-11,462.40087890625,476.3500061035156,478.1199951171875,472.260009765625,477.5899963378906,77940700,-0.00044067301059880215,0.019410163858323504,0.030556589380118737,0.00684111638261981,0.007972792684515895,0.04290906849503484,64.05971180019435,0.010195520722740402,-0.37756673116196243,0.012301847961536641,0.0006927160276115618,1
2024-01-12,462.72119140625,476.6799926757813,478.6000061035156,475.2300109863281,477.8399963378906,58026400,0.0006927160276115618,0.018721083926981796,0.01724249554239954,0.006202644481050083,0.007809495203192629,0.04088914355099038,58.06970194939556,0.010077924126790249,-1.0856461739837633,0.007069722180430669,-0.003671240950010146,0
2024-01-16,461.0224304199219,474.9299926757813,476.6099853515625,473.05999755859375,475.260009765625,85014900,-0.003671240950010146,0.0006952703005711491,0.010265777211629024,0.006256844729115551,0.0035975873013311954,0.03462886320074343,52.51375263167645,0.009618922305126638,0.055069808126181855,0.007474760170373588,-0.0055586288622798685,0
2024-01-17,458.4597778320313,472.2900085449219,472.7900085449219,469.8699951171875,471.8200073242188,68843900,-0.0055586288622798685,-0.0033551194181159483,0.006306863370228344,0.006388223918043405,-0.002293068080595151,0.026941716093906276,43.56330575366696,0.00872567330843874,-0.564700325881306,0.006182670340053653,0.008892810333086754,1
2024-01-18,462.5367736816406,476.489990234375,477.05999755859375,472.4200134277344,474.010009765625,91856200,0.008892810333086754,-0.0001469129932041291,0.009576801722709138,0.006569882833547876,0.006099020246979281,0.03411537471952175,49.965988174349754,0.00851792114086555,0.5389235382755402,0.009737841772031913,0.012466148799797905,1
2024-01-19,468.3028259277344,482.4299926757813,482.7200012207031,476.5400085449219,477.6499938964844,110834500,0.012466148799797905,0.012763701996943988,0.015984393455473755,0.006996786275221894,0.017825606871842314,0.04480734417005561,58.15343448931241,0.009198125961244133,1.3467693358445285,0.012810133635150116,0.002114256523492175,1
2024-01-22,469.2929382324219,483.4500122070313,485.2200012207031,482.7799987792969,484.010009765625,75844900,0.002114256523492175,0.014202390009845356,0.03243908892490932,0.006086057388988838,0.018345776981932405,0.04483116898237549,61.681943609762165,0.009856217649985729,-0.34197310400472913,0.005047062529313476,0.002916543735052679,1
2024-01-23,470.6616516113281,484.8599853515625,485.1099853515625,482.8900146484375,484.010009765625,49945300,0.002916543735052679,0.020908356199992983,0.02572451669014275,0.005810218101629173,0.020009503379191607,0.04564683435720296,68.17512195304586,0.010476801953984198,-1.475929449005744,0.004578580972227153,0.0010931331410748424,1
2024-01-24,471.1761474609375,485.3900146484375,488.7699890136719,484.8800048828125,487.80999755859375,81765000,0.0010931331410748424,0.027737154367258654,0.024786294605865233,0.0058078301233945185,0.019865092051420064,0.04438880305457582,77.4288460040001,0.010941318529822183,0.016312082519271087,0.008014141233780523,0.005438906700346635,1
2024-01-25,473.7388305664063,488.0299987792969,488.30999755859375,485.3900146484375,487.5799865722656,72525000,0.005438906700346635,0.02421873788672202,0.026027574268730813,0.0058469335960063375,0.0240801265751569,0.04785063802975209,83.05183541185107,0.011560527883529433,-0.4931766694320097,0.005983203732270487,-0.001270334204830692,0
2024-01-26,473.1370239257813,487.4100036621094,489.1199951171875,486.5400085449219,487.5899963378906,76641600,-0.001270334204830692,0.010322803387893487,0.022874647968911033,0.005873361942713482,0.021610862149366472,0.044322205105697066,81.06472939806456,0.011874037806191508,-0.3107095318559398,0.005293257325211091,0.007919372301701921,1
2024-01-29,476.8839721679688,491.2699890136719,491.4200134277344,487.1700134277344,487.7300109863281,61322800,0.007919372301701921,0.016175470195946895,0.030585976199857035,0.006060433549257284,0.028130409892066277,0.050595853387833456,79.19441137897522,0.012505536813557545,-1.0247174778122845,0.008651047479071073,-0.0007734280679261296,0
2024-01-30,476.51513671875,490.8900146484375,491.6199951171875,490.1099853515625,490.55999755859375,58618400,-0.0007734280679261296,0.012436715605323334,0.03277870417705131,0.00599723935358729,0.025663089668003236,0.04785498414492051,80.1491787146737,0.012879146099784775,-1.097109061338385,0.003076065351841449,-0.016317387588725474,0
2024-01-31,468.7396545410156,482.8800048828125,489.0799865722656,482.8599853515625,488.6199951171875,126011100,-0.016317387588725474,-0.005171087146604525,0.021644033137915297,0.007061876045131457,0.007849827376317231,0.029242189252725925,59.421606203677925,0.011910176303291343,2.527278436619626,0.012881049448739594,0.013088114379607774,1
2024-02-01,474.8745727539063,489.2000122070313,489.2300109863281,483.7999877929688,484.6300048828125,91891600,0.013088114379607774,0.0023974015094816448,0.04353752655420351,0.0071928526539539826,0.018870541269339958,0.0409278480398787,66.20432921027597,0.011738335042160484,0.7558058198031093,0.011099801835371402,0.010527425197725648,1
2024-02-02,479.873779296875,494.3500061035156,496.0499877929688,489.2999877929688,489.6499938964844,99228200,0.010527425197725648,0.014238487014177181,0.057930964883657454,0.007307806320639792,0.02670238084383114,0.050012763282678785,69.86740359613663,0.01230078219430943,1.0874263216009619,0.013654293348155775,-0.003641259527168539,0
2024-02-05,478.1264343261719,492.5499877929688,494.3800048828125,490.2300109863281,493.7000122070313,75757100,-0.003641259527168539,0.002605376214584565,0.05263707060969014,0.007445651456259539,0.020354168681045115,0.044365526635135266,69.78885821016729,0.012451944943845413,-0.1486720708092057,0.008425528371404046,0.0029034456404497533,1
2024-02-06,479.5146484375,493.9800109863281,494.3200073242188,492.0499877929688,493.5199890136719,55918600,0.0029034456404497533,0.0062946829756644895,0.04083447804085871,0.0069224690243255655,0.02126666102067154,0.04558883718294715,75.04039557906127,0.012588318795308062,-1.1282952512431415,0.0045953671824037175,0.008340240681190103,1
2024-02-07,483.513916015625,498.1000061035156,498.5299987792969,495.3599853515625,496.2900085449219,70556500,0.008340240681190103,0.031519120115997445,0.05111002619650806,0.0070073254171995345,0.0272124868729009,0.052320736063677264,74.99416397166992,0.013135714529179806,-0.37961640521372175,0.006364210778739841,0.00044175053131256803,1
2024-02-08,483.7275085449219,498.3200073242188,498.7099914550781,497.260009765625,498.1000061035156,52343600,0.00044175053131256803,0.018642682297507207,0.04566051870643739,0.006981422247537549,0.025365606289174503,0.05075770943053559,71.18098858805695,0.013525731886133326,-1.249062973813343,0.0029097400628944293,0.0057793359482620765,1
2024-02-09,486.5231323242188,501.2000122070313,501.6499938964844,498.489990234375,498.8399963378906,63979400,0.0057793359482620765,0.013856462499548527,0.05216740390941066,0.0069934037775093785,0.028661643734897657,0.0546906688384905,72.54249983430472,0.014061469611654822,-0.61873331714156,0.006304875469165129,-0.00043889278834619017,0
2024-02-12,486.3096008300781,500.9800109863281,503.5,500.239990234375,501.1700134277344,56502300,-0.00043889278834619017,0.017115068141837497,0.0509775862050772,0.007013931247762698,0.025652540048579642,0.05209326754860788,71.11053105695918,0.014353142766831698,-0.985251659324577,0.006507265148576889,-0.013772926717276479,0
2024-02-13,479.6116943359375,494.0799865722656,497.0899963378906,490.7200012207031,494.5299987792969,113099200,-0.013772926717276479,0.0002023835950657471,0.040321820999215996,0.007802104921696497,0.009547300537285475,0.03588327272693914,59.75312335928365,0.0135005021334887,1.6378012603993621,0.012892639431481617,0.009087602657076976,1
2024-02-14,483.97021484375,498.5700073242188,499.0700073242188,494.3999938964844,496.7900085449219,68387800,0.009087602657076976,0.0009437139511621062,0.05564378435192863,0.007741691430597591,0.0159938441497669,0.04348882578441038,61.357806370307024,0.013127224731966283,-0.42808788699650563,0.00936681581148048,0.0068997302180955344,1
2024-02-15,487.3094787597656,502.010009765625,502.2000122070313,498.7999877929688,499.2900085449219,61683000,0.0068997302180955344,0.007404933876137276,0.053558347114635696,0.007670821595651464,0.02035075579815726,0.04861837403096292,64.8313661567272,0.013239486661401519,-0.6679207889244242,0.006772821951597898,-0.0049800362058063374,0
2024-02-16,484.8826599121094,499.510009765625,502.8699951171875,498.75,501.7000122070313,75532900,-0.0049800362058063374,-0.0033718281888727164,0.03540408698480402,0.0074843167927801935,0.013510140918908675,0.041449054048230405,58.60841736443509,0.012914085098463111,0.057610017477760525,0.008248073185001122,-0.005505255800765774,0
2024-02-20,482.2132568359375,496.760009765625,498.4100036621094,494.4500122070313,497.7200012207031,71736700,-0.005505255800765774,-0.008423325361351264,0.027531457541593696,0.00765767282548605,0.006571321295756771,0.0338258537802536,55.84313573314272,0.0120874349631497,-0.12143399037029644,0.00797163897501818,0.0009057560569587508,1
2024-02-21,482.6500244140625,497.2099914550781,497.3699951171875,493.55999755859375,495.4200134277344,59293400,0.0009057560569587508,0.00633497913834602,0.02547131843372341,0.007649727374227854,0.006224016033033797,0.03300668113066774,66.79169770339274,0.011308027956629786,-0.784350174958678,0.007662753412182738,0.020695361935360035,1
2024-02-22,492.6386413574219,507.5,508.489990234375,503.0199890136719,504.010009765625,76402500,0.020695361935360035,0.01791107437566275,0.04555089219210462,0.008793872384983607,0.024755562312020585,0.05223580051600529,69.6183657883401,0.011980065243219677,0.1041522409555498,0.010778327528479063,0.0006897819291753482,1
2024-02-23,492.97845458984375,507.8500061035156,510.1300048828125,507.1000061035156,509.2699890136719,61321800,0.0006897819291753482,0.011633214778637324,0.04061230108672831,0.008767777813943448,0.02341451441973752,0.050881859268187224,66.13292738090045,0.012596036372440498,-0.6335072006720694,0.005966326164972551,-0.0036625789483393234,0
2024-02-26,491.1728820800781,505.989990234375,508.75,505.8599853515625,508.2999877929688,50386700,-0.0036625789483393234,0.012972668829008827,0.0381197353879581,0.008831244078494754,0.01776082176490279,0.04513996781197416,66.03825116111553,0.01269588830781239,-1.0850064583665981,0.0057116043878631725,0.0018576861664170163,1
2024-02-27,492.0853271484375,506.9299926757813,507.1600036621094,504.75,506.7000122070313,48854500,0.0018576861664170163,0.020472415829618562,0.0318764225003445,0.00871740893577527,0.018048138559663807,0.045426150212884764,65.63628357551735,0.012717725615072902,-1.1002659162984543,0.004754115355038281,-0.0013215789091137742,0
2024-02-28,491.43499755859375,506.260009765625,506.8599853515625,504.9599914550781,505.3299865722656,56506600,-0.0013215789091137742,0.01820153879655595,0.031310360763313616,0.008726141651069731,0.015136003776278661,0.042489904975350656,60.7482595437296,0.012519467631117841,-0.7268641184980882,0.0037530001576936414,0.0035949680507312287,1
2024-02-29,493.2016906738281,508.0799865722656,509.739990234375,505.3500061035156,508.0700073242188,83924800,0.0035949680507312287,0.0011429256033486102,0.05218682886295478,0.007645883292974104,0.016217902147266816,0.04457061616136637,62.33575505390457,0.01245029927814126,0.8384947213535119,0.008640340589827534,0.009388206951783884,1
2024-03-01,497.83197021484375,512.8499755859375,513.2899780273438,508.55999755859375,508.9800109863281,76844800,0.009388206951783884,0.009845289545236113,0.048344128698663,0.007419521380202858,0.023338039040136094,0.05260791764796702,64.05314717562709,0.012917008689779786,0.4869507743684721,0.00922293203455053,-0.001072337708464599,0
2024-03-04,497.2981262207031,512.2999877929688,514.2000122070312,512.0,512.030029296875,49799300,-0.001072337708464599,0.012470648042874677,0.03631027089948269,0.007200021881269098,0.02041325269403549,0.04986477921342991,63.54725692803631,0.013154751149004917,-1.0979550654079449,0.0042943827043781255,-0.009994130268758838,0
2024-03-05,492.32806396484375,507.1799926757813,510.7000122070313,504.9100036621094,510.239990234375,72855600,-0.009994130268758838,0.0004932819635425911,0.0297026656948729,0.007583091687589675,0.008745341012148966,0.03771694247568402,66.37507564861318,0.012507995006256094,0.43503033145987247,0.011416082315027831,0.00506719125229993,1
2024-03-06,494.8227844238281,509.75,512.0700073242188,508.4200134277344,510.5499877929688,68382400,0.00506719125229993,0.006893662197573702,0.03192423012771295,0.00761963831418678,0.012269340677676377,0.04139636674750147,64.67966748592578,0.012097611829782503,0.09828631132459822,0.007160360758184159,0.009926452199480407,1
2024-03-07,499.734619140625,514.8099975585938,515.8900146484375,509.80999755859375,513.1400146484375,58652100,0.009926452199480407,0.013245957161808208,0.03354754142066052,0.007701305600196923,0.020624213586635687,0.04996794249302239,66.12096893617056,0.012356823008392064,-0.5126245004486145,0.011810215649807276,-0.006002148112792316,0
2024-03-08,496.7351379394531,511.7200012207031,518.219970703125,511.1300048828125,515.4600219726562,86532500,-0.006002148112792316,-0.0022032178345582354,0.026890406612720685,0.00788832925980947,0.013152510313026777,0.04213257372002088,65.15279910608388,0.012106109026147225,1.2141368020149526,0.013855166503946406,-0.0008599241494925414,0
2024-03-11,496.3079833984375,511.2799987792969,511.8800048828125,508.5,510.4800109863281,62557200,-0.0008599241494925414,-0.001991044747725823,0.020111790013918718,0.007831932587450035,0.011272157387680837,0.03976390494993476,69.11532202390904,0.011654684235221978,-0.35425177575915784,0.006610868586454405,0.010757350110865094,1
2024-03-12,501.6469421386719,516.780029296875,517.3800048828125,510.8599853515625,513.4500122070312,73114400,0.010757350110865094,0.018928188043518812,0.03153822437890308,0.008116742861191786,0.020556085289740622,0.04923814230220347,72.74001196744679,0.011890252248390036,0.2870462460670199,0.012616624408108542,-0.0015675904447307598,0
2024-03-13,500.8605651855469,515.969970703125,517.2899780273438,514.489990234375,517.1099853515625,55104100,-0.0015675904447307598,0.012201905311917116,0.044304321809813585,0.007321109323411772,0.016758601605635137,0.04586657105680958,62.62287124686321,0.011930145963030398,-0.9677706927873224,0.0054266487430521156,-0.0019766394497165996,0
2024-03-14,499.87054443359375,514.9500122070312,517.1300048828125,511.8200073242188,516.969970703125,110171800,-0.0019766394497165996,0.0002719949504448316,0.03285394245796125,0.007189732851539264,0.013113770151396587,0.042012388382045796,60.37409966191386,0.011676218508415388,2.827955533085559,0.010311675760207292,-0.006866707066123912,0
2024-03-15,496.4380798339844,509.8299865722656,511.7000122070313,508.1199951171875,510.2099914550781,107646300,-0.006866707066123912,-0.000598021123895176,0.018732656498805733,0.007317721477436528,0.005227108566216998,0.03307512941738322,57.55524220741117,0.010852447046496046,2.1655533615771754,0.007021982198248669,0.005943278911419991,1
2024-03-18,499.3885498046875,512.8599853515625,515.47998046875,512.4400024414062,514.0,88893300,0.005943278911419991,0.006206965249996532,0.02991628922182432,0.007258943031769644,0.009718546968991992,0.037238170804124726,59.90060997607093,0.010432222356823468,1.0126134193853504,0.005927500905066444,0.005557149844622078,1
2024-03-19,502.1637268066406,515.7100219726562,516.0,511.1199951171875,512.1500244140625,60755300,0.005557149844622078,0.0010301760552262618,0.04137271152935318,0.007117154963739585,0.013286005233427378,0.04092904886611137,63.752123104461816,0.010419737062562736,-0.5398762405700859,0.00946269158033009,0.009249220034809102,1
2024-03-20,506.808349609375,520.47998046875,520.6199951171875,515.0800170898438,515.77001953125,69594600,0.009249220034809102,0.011875130200407646,0.05005350455465263,0.007288827507248652,0.020171563029805606,0.04855256347641146,66.24269673727488,0.010972721851983164,-0.07470601306247253,0.010643979087061878,0.0033047319049641644,1
2024-03-21,508.4832153320313,522.2000122070312,524.1099853515625,521.9099731445312,523.3900146484375,60256100,0.0033047319049641644,0.017229802784632264,0.0321626698444748,0.005906417650783825,0.02191330753034615,0.04991158342741109,63.67997742345144,0.011581094763206042,-0.5540956385197272,0.004212968509389911,-0.0018958733470900713,0
2024-03-22,507.5191955566406,521.2100219726562,522.6099853515625,520.969970703125,522.1099853515625,79070800,-0.0018958733470900713,0.02232124442662009,0.02949569262391938,0.005955498009765351,0.018487728817468074,0.04598101993526771,62.984006277156254,0.011825260098522517,0.4546851056473118,0.003146552405555123,-0.00276271348794066,0
2024-03-25,506.1170654296875,519.77001953125,520.9500122070312,519.6099853515625,519.7999877929688,48512100,-0.00276271348794066,0.013473508008206236,0.030425505753334692,0.005917951184352993,0.014153219607651923,0.041215052879488345,69.26252641020695,0.011676433270181516,-1.2522010600105182,0.0025781149452929995,-0.001847152669091523,0
2024-03-26,505.1821899414063,518.8099975585938,521.5800170898438,518.4000244140625,521.22998046875,65463700,-0.001847152669091523,0.006010914316652682,0.026615024001758414,0.005964504547719316,0.010953381783985972,0.03747922360395961,65.1309719192426,0.01127457402522618,-0.36498431998701686,0.006129397449443148,0.008403865937811172,1
2024-03-27,509.42767333984375,523.1699829101562,523.2100219726562,519.489990234375,521.7100219726562,82999800,0.008403865937811172,0.005168272646825178,0.03661252428222661,0.006130979632492884,0.01761726534182384,0.04412216630020693,64.4387550073007,0.011388994745115441,0.586343053169909,0.007110560352848243,-0.00019103900658279382,0
2024-03-28,509.3303527832031,523.0700073242188,524.6099853515625,522.780029296875,523.2100219726562,96294900,-0.00019103900658279382,0.0016660086815620812,0.03270196030216255,0.006131653837916019,0.015786523833510202,0.04175035183066611,70.53750213973782,0.011409407238243694,1.2860095392569546,0.003498491653246758,-0.0017399315519470715,0
2024-04-01,508.4441528320313,522.1599731445312,524.3800048828125,520.969970703125,523.8300170898438,62477500,-0.0017399315519470715,0.0018225069780388736,0.02131679613225268,0.005890572756070528,0.012947199770521722,0.03798852034038647,69.49711620865287,0.011174317819894823,-0.590523361991857,0.006530631138100698,-0.006357956911529183,0
2024-04-02,505.2114868164063,518.8400268554688,518.97998046875,516.47998046875,518.239990234375,74230300,-0.006357956911529183,-0.0017892670987340598,0.015912709456281426,0.0061064401530942156,0.005714151715560556,0.02983708983849298,56.142231066060006,0.010406182567976636,0.0030827060930447288,0.004818440888517676,0.0010985353466099745,1
2024-04-03,505.7664794921875,519.4099731445312,520.9500122070312,517.6699829101562,517.719970703125,59155800,0.0010985353466099745,0.0011565917453442154,0.027295652047784502,0.005552351734020677,0.005474063350615621,0.029437655730344847,58.521559268773416,0.009706728635595248,-0.8326612327902788,0.006314913972516846,-0.012206090452421381,0
2024-04-04,499.5930480957031,513.0700073242188,523.8699951171875,512.760009765625,523.52001953125,96858100,-0.012206090452421381,-0.019305243430660424,0.009640347659878978,0.006245798927686374,-0.0072695660781746385,0.01567604435333325,49.591541361995965,0.00818323199832393,1.2232752819963613,0.02165393648617992,0.010446735059327139,1
2024-04-05,504.8121643066406,518.4299926757812,520.4400024414062,514.010009765625,514.4600219726562,74546500,0.010446735059327139,-0.008870840804741209,0.01016048312751927,0.006288074802172344,0.002595442462349107,0.02488486424184222,61.71024690346461,0.007556792826841808,-0.06649047075131957,0.012402817673788553,0.0005594956015666508,1
2024-04-08,505.0946044921875,518.719970703125,520.1799926757812,517.8900146484375,519.1500244140625,48401800,0.0005594956015666508,-0.0065878392369876915,0.016828820661672905,0.00609793339832069,0.0023243338178351447,0.024154341043193917,58.622715609395286,0.007086828044209599,-1.3850536168249037,0.004414671029996559,0.0011566714639772435,1
2024-04-09,505.6788330078125,519.3200073242188,520.75,514.3499755859375,520.5,68049200,0.0011566714639772435,0.0009250506047500107,0.018881118021130128,0.006084787273174966,0.00255153214297299,0.023987628423403073,55.68853817562597,0.006725661829266073,-0.33127181935541894,0.012323854894477184,-0.010013045196391235,0
2024-04-10,500.6154479980469,514.1199951171875,516.1599731445312,512.0900268554688,513.47998046875,82652800,-0.010013045196391235,-0.010184604363880578,-0.002056215345851431,0.006095889806658083,-0.007385565576162545,0.012761015734924497,40.11197357072896,0.005630078754434567,0.44234716409428726,0.007916335345282194,0.007546862940373655,1
2024-04-11,504.3935241699219,518.0,519.47998046875,512.0800170898438,515.6799926757812,70099000,0.007546862940373655,0.009608772765187013,0.007053777498067237,0.006315960486377244,-0.00024461029117772704,0.019254488348642518,43.88107242297849,0.005216916770992378,-0.29316680479544194,0.014285643588622105,-0.013803028527343941,0
2024-04-12,497.4313659667969,510.8500061035156,515.8200073242188,509.0799865722656,514.3699951171875,92561100,-0.013803028527343941,-0.014620880520938462,-0.004879620321618927,0.007057365475994097,-0.013805865750523671,0.004021449422116907,37.20354598947035,0.0038184117656155396,1.111113391158188,0.013193737244641174,-0.012528166703078103,0
2024-04-15,491.199462890625,504.4500122070313,515.2999877929688,503.5799865722656,515.1300048828125,92101400,-0.012528166703078103,-0.02750997828522128,-0.010552407553246601,0.00744107295884171,-0.025655095784288595,-0.009210036280847822,33.14253356526336,0.001643183321691762,1.2325972763170334,0.02323322616135277,-0.0018237876332101166,0
2024-04-16,490.3036193847656,503.5299987792969,506.5,502.2099914550781,504.9400024414063,73484000,-0.0018237876332101166,-0.030405096316952873,-0.018192107975793625,0.007287989542877648,-0.026554976273099107,-0.011432973270794955,33.17179616218043,-0.0002637046851503386,0.04167623818268136,0.008519866850678416,-0.005918237768831047,0
2024-04-17,487.4018859863281,500.5499877929688,506.2200012207031,499.1199951171875,506.0499877929688,75910300,-0.005918237768831047,-0.02639463497293093,-0.029396469781252432,0.007204757254887918,-0.03089592809618713,-0.017650975691689275,24.307056133953054,-0.0022424336937339117,0.15946518828540932,0.01418440970265739,-0.002057705799538345,0
2024-04-18,486.3989562988281,499.5199890136719,504.1300048828125,498.55999755859375,501.9800109863281,74548100,-0.002057705799538345,-0.035675652062954866,-0.040270436203897364,0.0067488901171917385,-0.030923797822040133,-0.01994433012208674,23.804128498576873,-0.003938186229524843,0.046688577972875164,0.011150719584249309,-0.008728460168420549,0
2024-04-19,482.1534423828125,495.1600036621094,500.4599914550781,493.8599853515625,499.4400024414063,102212600,-0.008728460168420549,-0.030713631325379964,-0.05178100703289856,0.006784422822614852,-0.036856106782584,-0.028445441570377317,22.107370051492367,-0.005966631969090983,1.7282799782555702,0.013329037189399857,0.009209261428613669,1
2024-04-22,486.5937194824219,499.7200012207031,502.3800048828125,495.4299926757813,497.8299865722656,67961000,0.009209261428613669,-0.009376523706070672,-0.04123090566312071,0.007283977379084529,-0.025950476078397844,-0.019611386464262526,30.74131481335324,-0.006664686923958452,-0.4891349535794914,0.013907812755250706,0.011866636838578914,1
2024-04-23,492.3679504394531,505.6499938964844,506.0899963378906,499.5299987792969,501.7799987792969,64633600,0.011866636838578914,0.004210311678461309,-0.027165879061124998,0.007918490541718266,-0.013033590577191112,-0.008211059627571404,37.49093252660125,-0.006158594913670287,-0.819644787909407,0.012973395901863097,-0.0004745903861016476,0
2024-04-24,492.13427734375,505.4100036621094,507.3699951171875,503.1300048828125,506.55999755859375,55928100,-0.0004745903861016476,0.009709423565001485,-0.02582813261720429,0.007919869278668135,-0.01221021649682541,-0.008914317126783478,42.167708690510906,-0.005793745787411525,-1.350336533105405,0.0083892091641495,-0.0037990839287185274,0
2024-04-25,490.2646179199219,503.489990234375,504.2699890136719,497.489990234375,499.1799926757813,69122400,-0.0037990839287185274,0.007947512162667536,-0.037616832423506774,0.007598273165935773,-0.014066804379077702,-0.01310298100898355,33.5680553736272,-0.005764539496817234,-0.40537634011040374,0.013466005105962048,0.009474079381681655,1
2024-04-26,494.909423828125,508.260009765625,509.8800048828125,505.7000122070313,506.3500061035156,64306100,0.009474079381681655,0.026456269569023805,-0.02831350787612774,0.00800816958154274,-0.003280711527331448,-0.004191604314224939,39.527542649436185,-0.004856872116386537,-0.6568341777252794,0.008224122684192136,0.0035414269005387133,1
2024-04-29,496.662109375,510.05999755859375,510.75,507.25,510.0899963378906,46415400,0.0035414269005387133,0.020691573872526847,-0.023172738621155098,0.008083253697537665,0.0014372202177819204,-0.0010409988678620197,40.946496509256356,-0.0038366803600636324,-1.7465449981451835,0.006861937844082614,-0.015841164748260805,0
2024-04-30,488.7944030761719,501.9800109863281,509.55999755859375,501.9800109863281,508.55999755859375,77483600,-0.015841164748260805,-0.007257879722048832,-0.0324954680735523,0.008662780388032362,-0.012792768231808527,-0.01702035202932417,38.76352083618584,-0.004339516047464084,0.3095363354127795,0.015100176115323589,-0.0032473372515072763,0
2024-05-01,487.2071228027344,500.3500061035156,508.1900024414063,499.8699951171875,501.3800048828125,80242800,-0.0032473372515072763,-0.010011809312713393,-0.03669550561770629,0.008645629240247725,-0.014150888504464998,-0.020409175319830886,32.95351630416357,-0.004910631631091518,0.4304856362861259,0.016628374583246255,0.009353513475863329,1
2024-05-02,491.7642211914063,505.0299987792969,505.8900146484375,499.5499877929688,504.1499938964844,62550200,0.009353513475863329,0.0030587629958835905,-0.01567040801335795,0.008628115948505469,-0.004140945562335907,-0.011608809297069311,44.097380929525656,-0.004502782575719135,-0.6889143334747333,0.012553762886943568,0.012395332543550186,1
2024-05-03,497.85980224609375,511.2900085449219,512.5499877929688,508.55999755859375,511.1600036621094,72756700,0.012395332543550186,0.005961451279604901,-0.013772176171895412,0.00877107064775319,0.008913285577620833,0.00043265837756445436,56.956837174194106,-0.0031398607445332952,0.04919027044862342,0.007803771182093107,0.010326734245154512,1
2024-05-06,503.0010681152344,516.5700073242188,516.6099853515625,513.2999877929688,513.75,47264700,0.010326734245154512,0.012763121286242907,-0.004144840111800274,0.009107793262485281,0.019548339354330535,0.010356886646383234,62.182274727321065,-0.0012428362214911676,-1.7623925923492665,0.00640764564659727,0.0011033628176195798,1
2024-05-07,503.5560607910156,517.1400146484375,518.5700073242188,516.4500122070312,517.5599975585938,52561300,0.0011033628176195798,0.030200136544000777,-0.004197866468268918,0.009107392917063816,0.020892901505539907,0.0109687489247694,66.22957735769455,0.0003201201074496624,-1.271890522705703,0.004099460604743024,9.684540340382242e-05,1
2024-05-08,503.6048278808594,517.1900024414062,517.739990234375,515.1400146484375,515.260009765625,42047200,9.684540340382242e-05,0.03365653807316016,0.005971409581480014,0.008808011518307329,0.020682474416599206,0.010599209457893721,67.62407769321085,0.0015475129434931569,-1.7202180765438935,0.005027118802885324,0.005761804102417667,1
2024-05-09,506.5065002441406,520.1699829101562,520.2100219726562,516.7100219726562,517.3800048828125,43643700,0.005761804102417667,0.02997834819503109,0.004189141955571518,0.008739862835054278,0.026343682065844032,0.015807633359600892,75.6511626262386,0.0029342587914426206,-1.4440556207249318,0.006728569727185738,0.0012882289518025836,1
2024-05-10,507.1589965820313,520.8400268554688,522.6400146484375,519.5900268554688,521.8099975585938,52233200,0.0012882289518025836,0.018678339351729578,0.019555724228061067,0.008090480255359756,0.026654014395964376,0.016547130126715937,73.53980699595985,0.004091741152905387,-0.8483280317020906,0.005855901305018385,0.00013418710833756897,1
2024-05-13,507.22705078125,520.9099731445312,522.6699829101562,519.739990234375,522.5599975585938,36716400,0.00013418710833756897,0.008401538155476507,0.03262948985388814,0.007445891762058618,0.02512876160070987,0.016300769187934883,69.56393860762189,0.004964966900245562,-1.6398983588028562,0.0056247582631102685,0.004588282548823042,1
2024-05-14,509.5543518066406,523.2999877929688,523.8300170898438,520.5599975585938,521.1099853515625,57535900,0.004588282548823042,0.011911863410406731,0.03926288051071469,0.007427235407339086,0.027832867944141082,0.02046265276338577,71.73739692443144,0.005931767639621365,-0.2990681972343216,0.006248843125415294,0.01238294582938071,1
2024-05-15,515.8641357421875,529.780029296875,530.0800170898438,525.1799926757812,525.8300170898438,59504900,0.01238294582938071,0.02434311027738678,0.05839585478472631,0.007532978046688523,0.03758199384197347,0.03212600789389164,78.75736979486277,0.007533921896468145,-0.12663181732558193,0.009249167849089784,-0.0020575211449046504,0
2024-05-16,514.802734375,528.6900024414062,531.52001953125,528.5399780273438,529.8800048828125,50244800,-0.0020575211449046504,0.016379324109089488,0.05839605062540776,0.0075329716909816324,0.03249782385999378,0.029179551486370414,74.30394924634582,0.008613749081868785,-0.6467145065296722,0.0056366518945788514,0.001437543393062457,1
2024-05-17,515.5427856445312,529.4500122070312,529.52001953125,527.3200073242188,528.8099975585938,59187600,0.001437543393062457,0.016530888969735313,0.0692504508454983,0.007035824865810916,0.030531541078290925,0.03000800965034367,73.65202112725594,0.009450525577512976,0.08958840803928209,0.004155278414028967,0.0011521723456615618,1
2024-05-20,516.1367797851562,530.0599975585938,531.5599975585938,529.1699829101562,529.5700073242188,37764200,0.0011521723456615618,0.0175655635679981,0.06071401894409689,0.006913917857217989,0.028681484068115992,0.030395937176851406,91.88510189904248,0.010088396584334521,-1.503280781249709,0.004508951174292876,0.002452466390780561,1
2024-05-21,517.402587890625,531.3599853515625,531.52001953125,529.0700073242188,529.280029296875,33437000,0.002452466390780561,0.015402156916447085,0.05084538388176507,0.0065894965027247215,0.02863809362088432,0.032053701966306525,96.71578510016478,0.010651223329425115,-1.6133455639616368,0.004610833097283857,-0.002879396361313069,0
2024-05-22,515.9127807617188,529.8300170898438,531.3800048828125,527.5999755859375,530.6500244140625,48390000,-0.002879396361313069,9.429812262728987e-05,0.048317104726602444,0.006668168807546396,0.023257584196235026,0.028496676099494467,91.27821086368643,0.010791517518697488,-0.4660973933079371,0.0071344189172921416,-0.007304162035511652,0
2024-05-23,512.1444702148438,525.9600219726562,533.0700073242188,524.719970703125,532.9600219726562,57211200,-0.007304162035511652,-0.005163655867880257,0.04462865867774224,0.006881842040713425,0.013584252815844522,0.02052523538872042,76.52804918411853,0.010246530605651507,0.24017017215444628,0.015875800958742553,0.0066163943999355546,1
2024-05-24,515.5330200195312,529.4400024414062,530.27001953125,526.8800048828125,527.8499755859375,41291100,0.0066163943999355546,-1.8942414232059335e-05,0.041671455822931636,0.00675147069175666,0.018212551488737683,0.02663660936991219,74.89364126949101,0.010101534483139748,-0.8864087482395977,0.0064030194787041556,0.0006987515410241674,1
2024-05-28,515.8932495117188,529.8099975585938,530.510009765625,527.1099853515625,530.27001953125,36269600,0.0006987515410241674,-0.00047183282218110634,0.0387207716749709,0.006748676296742261,0.016992617651828246,0.026558530410759618,74.69786332462144,0.009974354282883804,-1.1893201751036881,0.006417441025518734,-0.007002512305683828,0
2024-05-29,512.2807006835938,526.0999755859375,527.3099975585938,525.3699951171875,525.6799926757812,45190300,-0.007002512305683828,-0.009899229974694279,0.0480494405410814,0.005737879828829404,0.007538707744934259,0.018847298526371015,65.19949230056918,0.009272898711019415,-0.45628649438316626,0.003687516691567217,-0.006633578797711093,0
2024-05-30,508.8824462890625,522.6099853515625,525.2000122070312,521.3300170898438,524.52001953125,46377600,-0.006633578797711093,-0.013626982573054947,0.044488929803894184,0.005957940268101064,-0.0012736844136280734,0.011818286317659243,54.09129652926889,0.008087014484875282,-0.26826591060636895,0.007405130452270509,0.009108093164282405,1
2024-05-31,513.5173950195312,527.3699951171875,527.5,518.3599853515625,523.5900268554688,90785800,0.009108093164282405,0.002680737339820549,0.04423496645490621,0.005942654920272748,0.005676066314083128,0.020761688614885143,59.62838087632899,0.007673904709761886,2.972669889525956,0.017331313372135414,0.0008153592768926909,1
2024-06-03,513.9360961914062,527.7999877929688,529.3099975585938,522.5999755859375,529.02001953125,46835700,0.0008153592768926909,-0.0030976169636320883,0.032290805308611725,0.0054380174245781555,0.004914121494137946,0.02137255992742726,60.052603757986134,0.007379005488402216,-0.19102522918897602,0.01271319084472635,0.0011180085718740518,1
2024-06-04,514.5106811523438,528.3900146484375,529.1500244140625,524.9600219726562,526.4600219726562,34632700,0.0011180085718740518,-0.0026799504755752324,0.022881885877969133,0.005035579861348617,0.004906848672806108,0.02223039454788789,57.83808305784127,0.007149958219538197,-1.0803532794006236,0.00792975326037161,0.011885059841088896,1
2024-06-05,520.6256713867188,534.6699829101562,534.6900024414062,528.72998046875,530.77001953125,47610400,0.011885059841088896,0.0162898401052185,0.033898133544235654,0.005578830426621502,0.015157999508108366,0.033783672898688666,57.57671112872241,0.007751450013810775,-0.05702888438360375,0.011147104126205917,-1.8640244569434472e-05,0
2024-06-06,520.615966796875,534.6599731445312,535.4199829101562,532.6799926757812,534.97998046875,30808500,-1.8640244569434472e-05,0.02305742827911872,0.033778744710604824,0.0055806179814958815,0.01345827172147307,0.033131172500744155,59.57052995438011,0.008198830479454782,-1.2655899066630192,0.0051247341712530176,-0.0012159762300797405,0
2024-06-07,519.98291015625,534.010009765625,536.8900146484375,532.5399780273438,533.6599731445312,43224500,-0.0012159762300797405,0.012590644833896603,0.026606588277966026,0.0055297011097615815,0.01089993894511565,0.03144281268936666,57.335777685005354,0.008368970585501295,-0.33816033476868723,0.00814598329908266,0.003089888959316278,1
2024-06-10,521.589599609375,535.6599731445312,535.989990234375,532.5700073242188,533.1799926757812,35686100,0.003089888959316278,0.014891935932669575,0.02845380467387537,0.005543671768503782,0.012603100397327038,0.034126907728683875,58.71720765218206,0.008618933239813439,-0.8248329501135377,0.006384615393380296,0.0024082219364913726,1
2024-06-11,522.845703125,536.9500122070312,537.010009765625,532.0499877929688,534.0700073242188,36383400,0.0024082219364913726,0.01619990075616773,0.030792230658230002,0.005539265408132234,0.01350511229135476,0.03602567871829132,58.70439416713842,0.008907406964926628,-0.7717288593815277,0.009237399869438535,0.008213110344904795,1
2024-06-12,527.139892578125,541.3599853515625,544.1199951171875,540.2999877929688,541.6300048828125,63251300,0.008213110344904795,0.012512293475761993,0.03451160942720688,0.005701452537458354,0.020090472960824668,0.04362772967306783,66.47611950191413,0.009624264967928047,1.1509749438839554,0.007056316365418131,0.002013509852188289,1
2024-06-13,528.2012939453125,542.4500122070312,543.3300170898438,539.5900268554688,543.1500244140625,44760900,0.002013509852188289,0.014569908785369678,0.023915518347433107,0.005122177891740027,0.0209257483896077,0.0448009608926041,75.5975768048931,0.010273014897280473,-0.12505347340333536,0.006894626509746666,0.0006083856691376788,1
2024-06-14,528.5226440429688,542.780029296875,542.8099975585938,539.8499755859375,540.8800048828125,40089900,0.0006083856691376788,0.016423104913491526,0.026650809624438887,0.005067482222021726,0.020194173389258996,0.04424149411135381,72.95249927741612,0.01072138493233736,-0.4289010071320165,0.005453446724063714,0.007958943634686966,1
2024-06-17,532.7291259765625,547.0999755859375,548.530029296875,541.6099853515625,542.0800170898438,55839500,0.007958943634686966,0.02135687976817402,0.03333639963663715,0.005280238059951153,0.026610982825751472,0.05139270697150122,76.18902039568502,0.011498768122304175,0.7423760057941321,0.01264859121571193,0.00254083472097566,1
2024-06-18,534.0827026367188,548.489990234375,548.6199951171875,546.72998046875,547.1599731445312,41376400,0.00254083472097566,0.021491999350011337,0.034769703602662405,0.0052824188127286115,0.02744281828629158,0.05285942285679335,86.47767656549978,0.012214767698911052,-0.34184373442106586,0.003445850757695466,-0.0027167866743630364,0
2024-06-20,532.6317138671875,547.0,550.1199951171875,545.1799926757812,549.4400024414062,70328200,-0.0027167866743630364,0.010418147756192875,0.029433803256859292,0.005370607848352837,0.02315270671726677,0.04888441389043452,92.50539635931452,0.012476541156569395,1.5911940915203902,0.00903108307386883,-0.0013404933262958219,0
2024-06-21,531.917724609375,544.510009765625,545.6500244140625,543.02001953125,544.4000244140625,64338600,-0.0013404933262958219,0.007036012040605222,0.03102257676971254,0.005315831402248522,0.020212880033377623,0.04618860872109187,88.30878708939576,0.012423100251162375,1.0753120516503116,0.004830039550502553,-0.0032507395346381696,0
2024-06-24,530.1885986328125,542.739990234375,546.9500122070312,542.6199951171875,544.3300170898438,45528700,-0.0032507395346381696,0.0031520969037388546,0.03523249681949947,0.005030415314175775,0.015139812513243811,0.04173069094916926,82.08630059405463,0.0120062467294809,-0.17260613133963582,0.00797806899759476,0.0038509844461762643,1
2024-06-25,532.2303466796875,544.8300170898438,545.2000122070312,542.4400024414062,543.989990234375,37936200,0.0038509844461762643,-0.000936271873554273,0.03238847175981796,0.004926393188238228,0.01742275068505794,0.044314298711629174,83.06722583790261,0.011772949078753132,-0.680121795897054,0.0050658181066588846,0.0012479269069416432,1
2024-06-26,532.89453125,545.510009765625,546.239990234375,543.030029296875,543.6900024414062,38550600,0.0012479269069416432,-0.0022246955028740745,0.03295503818740131,0.004922596188389378,0.017039729914170687,0.04390944310266365,78.74266823382722,0.011577189314389877,-0.6496995953434895,0.005884330039844988,0.0015765763702069169,1
2024-06-27,533.7346801757812,546.3699951171875,546.9600219726562,544.6099853515625,545.3699951171875,35041500,0.0015765763702069169,0.0020707860232085373,0.04187934361680812,0.004484718901996432,0.016561996724399286,0.0437791738377995,79.58258437636773,0.01141115502411477,-0.8405180241466466,0.004301181693899031,-0.003935179546855183,0
2024-06-28,531.6343383789062,544.219970703125,550.280029296875,542.9500122070312,547.1599731445312,76144500,-0.003935179546855183,-0.0005327632777735181,0.04470952428357089,0.004243417998716038,0.010372482864881682,0.03787615607701467,74.64312731234655,0.010894260684047365,1.6876602253785604,0.01346884988504458,0.002058253581938674,1
2024-07-01,532.7285766601562,545.3400268554688,545.8800048828125,542.52001953125,545.6300048828125,40297800,0.002058253581938674,0.004790706616274898,0.03741096567896074,0.003919642886018772,0.010607176661309614,0.03813445804959703,74.08128742475463,0.01047245064668425,-0.47813706934149386,0.006161266707189633,0.006729546958287536,1
2024-07-02,536.3135986328125,549.010009765625,549.010009765625,543.6500244140625,543.7000122070312,40434800,0.006729546958287536,0.007671963800257364,0.04354141031781533,0.004058479608793495,0.015253179119864013,0.04291918594002775,76.45246521084482,0.01050628784041529,-0.4401503440350083,0.009763001140636222,0.004462634526017029,1
2024-07-03,538.7069702148438,551.4600219726562,551.8300170898438,548.6500244140625,548.6900024414062,32789900,0.004462634526017029,0.010907297080361422,0.04702776822496246,0.004082939774675293,0.017453705664744357,0.04545443039718289,74.55232794649959,0.010775820023912535,-1.0182799524025739,0.005766497205737477,0.005766484349109424,1
2024-07-05,541.8134155273438,554.6400146484375,555.0499877929688,551.1199951171875,551.77001953125,41488400,0.005766484349109424,0.015136238381402878,0.04069669496740369,0.0035177029478522396,0.021277403029568598,0.04946893844345612,76.58512279262935,0.011295629600061599,-0.32446502321555165,0.0070856638035254335,0.001153984236467176,1
2024-07-08,542.4386596679688,555.280029296875,556.25,554.1900024414062,555.4400024414062,36110500,0.001153984236467176,0.020322843182040806,0.04191706413723595,0.0034919227095282857,0.020357365462463584,0.048636480956302464,76.85980594968264,0.011701120465276884,-0.7735887627099688,0.0037098354882350586,0.0009725096949979584,1
2024-07-09,542.9661865234375,555.8200073242188,557.1799926757812,555.52001953125,556.260009765625,27289700,0.0009725096949979584,0.019217309361296175,0.04420006103716223,0.0034173219743005422,0.01914664349869022,0.047521815742757934,73.02952080186736,0.011961613790423395,-1.333383458154215,0.002986530032487587,0.00989528053077593,1
2024-07-10,548.3389892578125,561.3200073242188,561.6699829101562,556.77001953125,557.0700073242188,38701200,0.00989528053077593,0.02242231160212138,0.051284361629277964,0.00382784772037566,0.02665404434843821,0.055710896796111964,77.15982055855685,0.012701973694150206,-0.4978153079653384,0.00872935814681558,-0.00862278725723753,0
2024-07-11,543.6107788085938,556.47998046875,562.3300170898438,555.8300170898438,561.4400024414062,53054200,-0.00862278725723753,0.009102923973295374,0.03971549457035373,0.00456678979330832,0.01582673843365834,0.04471908846882777,68.59446552062767,0.012650325614039832,0.519509838104757,0.011680563952228318,0.006307739308701876,1
2024-07-12,547.0397338867188,559.989990234375,563.6699829101562,557.1500244140625,557.6300048828125,53084400,0.006307739308701876,0.009645974443597494,0.03775058876926951,0.004447781791556332,0.020337188196432265,0.04896055998674509,73.45416403970638,0.012801572178799155,0.5822873742219746,0.011642991142332604,0.002749841314541479,1
2024-07-15,548.5440063476562,561.530029296875,564.8400268554688,559.6300048828125,562.030029296875,40584300,0.002749841314541479,0.011255367903579394,0.03851318168949791,0.004452130908936111,0.02120556432835352,0.04937659060722854,78.66911474509669,0.01301986687409518,-0.38013331646700826,0.009278260646505453,0.005930561250291344,1
2024-07-16,551.7971801757812,564.8599853515625,565.1599731445312,562.0999755859375,562.8699951171875,36475300,0.005930561250291344,0.016264352866773857,0.044036970591784685,0.004529211518912699,0.02504116525032951,0.05318094505554294,79.4468908276246,0.013463273875372682,-0.6814244090247462,0.0054172673546511564,-0.014021455327578924,0
2024-07-17,544.0601806640625,556.9400024414062,560.510009765625,556.6099853515625,558.7999877929688,57119000,-0.014021455327578924,-0.007803217858977085,0.021269823884190187,0.005591889908703899,0.009606034764942706,0.036585697347984114,63.85427931816874,0.012778030343281004,0.9090676695550809,0.007002593451657853,-0.007684867266584905,0
2024-07-18,539.879150390625,552.6599731445312,559.52001953125,550.4299926757812,558.510009765625,56270400,-0.007684867266584905,-0.0068645224918960634,0.01085309021484826,0.005908629889871182,0.0013088225124309183,0.02717622448830026,57.040333781377676,0.011420261731195076,0.7749800250491471,0.016447774937902972,-0.006640528727991368,0
2024-07-19,536.2940673828125,548.989990234375,554.0800170898438,547.9099731445312,552.4199829101562,65509100,-0.006640528727991368,-0.01964330164384631,0.006875958416058925,0.006085527574384888,-0.005678095701028618,0.01908570601923376,55.16343494051685,0.00968338029472838,1.5464267891576584,0.011238900626727971,0.010309854435858412,1
2024-07-22,541.8231811523438,554.6500244140625,555.27001953125,551.02001953125,553.0,43346700,0.010309854435858412,-0.012252116726352402,0.01862215918870347,0.006460215733894125,0.0036515992317567303,0.028099039654711166,59.17585652247809,0.008883263898183358,-0.12052936762197254,0.007662489521189041,-0.0015686197644287914,0
2024-07-23,540.9732666015625,553.780029296875,556.739990234375,553.280029296875,554.5399780273438,34439600,-0.0015686197644287914,-0.019615746442869897,0.020341191788280977,0.006413526962870014,0.0010773210205035078,0.025145452424575554,54.9759233719272,0.00812018324622333,-0.8043624524460125,0.006247897638874867,-0.022662536981121972,0
2024-07-24,528.7134399414062,541.22998046875,549.1699829101562,540.2899780273438,548.8599853515625,74515300,-0.022662536981121972,-0.028207799923759325,-0.006607865861504192,0.008270431881480658,-0.02129115517082769,0.0010952466856886112,41.185590652744544,0.005741126654394792,2.059288475736463,0.016407082392445593,-0.00521030965752034,0
2024-07-25,525.9586791992188,538.4099731445312,547.4600219726562,537.4500122070312,541.3499755859375,61158300,-0.00521030965752034,-0.02578442079367982,-0.013015431091987328,0.008332708966315282,-0.025765118665003195,-0.004826695738657905,35.928643242212544,0.0032656236323034215,0.991024882464896,0.018591798564136,0.01119967061635374,1
2024-07-26,531.8492431640625,544.4400024414062,547.1900024414062,541.489990234375,542.280029296875,53763800,0.01119967061635374,-0.008288035406472716,-0.003532536074099202,0.008734468855963415,-0.014681952615049454,0.0054706128610080285,41.40500608843237,0.0021348642225730583,0.4064928577261429,0.010469495594502531,0.0005879168006492907,1
2024-07-29,532.1619262695312,544.760009765625,547.0499877929688,542.719970703125,546.02001953125,39515800,0.0005879168006492907,-0.01783101059328074,0.0009923886636702406,0.008689485543987945,-0.014150847180203652,0.005442166970744067,41.199935174110216,0.0012990856652002575,-0.5514631269101469,0.007948485594063111,-0.00506655567459402,0
2024-07-30,529.4656982421875,542.0,547.3400268554688,538.52001953125,546.260009765625,46853600,-0.00506655567459402,-0.021271972331768807,-0.006124842107072204,0.008750194155525987,-0.018849173590559487,-0.00020591818778870064,33.926904372306154,0.00022743441611868548,0.018695134101151475,0.016273076243946034,0.01625473240430919,1
2024-07-31,538.072021484375,550.8099975585938,553.5,547.5800170898438,548.97998046875,65663400,0.01625473240430919,0.01770066889921673,0.0032787213601241927,0.009387280888361547,-0.003063256701243966,0.015181707301209935,45.575289846380684,0.0006658965966551424,1.3855060547709266,0.010747776794894682,-0.0141609832922176,0
2024-08-01,530.452392578125,543.010009765625,554.8699951171875,539.4299926757812,552.5700073242188,76428700,-0.0141609832922176,0.008543852505196847,-0.015322945670123267,0.009854833457467361,-0.01642872264270334,0.0002654067519201053,37.58053297773455,-0.00012676356080811444,1.90989471602785,0.028434102804238345,-0.018618371424376612,0
2024-08-02,520.5762329101562,532.9000244140625,536.989990234375,528.5999755859375,535.75,82789100,-0.018618371424376612,-0.021195875332718717,-0.03919648721971469,0.010496903970134641,-0.032836958979091335,-0.018475384609492496,31.39240239035412,-0.0022815480238666044,1.9851109378581355,0.015744068801014862,-0.029123810062021582,0
2024-08-05,505.4150695800781,517.3800048828125,523.5800170898438,510.2699890136719,511.6400146484375,146267400,-0.029123810062021582,-0.050260748409697964,-0.06825396646793769,0.012089092527349242,-0.05776384492070641,-0.04668374143149012,23.361826158130796,-0.006453090209094634,3.4513061362617226,0.025725826182994103,0.009219729128642884,1
2024-08-06,510.0748596191406,522.1500244140625,529.75,517.8699951171875,519.219970703125,84826300,0.009219729128642884,-0.03662340863142588,-0.06057711828225809,0.01238522477654972,-0.0461522473624727,-0.037819302281756007,29.766371322536784,-0.00877782529162567,0.9600285271448461,0.02275209102239113,-0.0066840439764359605,0
2024-08-07,506.6654968261719,518.6599731445312,531.5900268554688,518.0499877929688,528.469970703125,70698300,-0.0066840439764359605,-0.05836862613960525,-0.07599950623253415,0.012022977708601858,-0.048821537705633355,-0.04393071180527697,30.04241476246449,-0.011153102287141066,0.3449168975742362,0.02610581067285656,0.023117299501307587,1
2024-08-08,518.3782348632812,530.6500244140625,531.2899780273438,521.8400268554688,523.9099731445312,63276600,0.023117299501307587,-0.02276200066920331,-0.046416562969213926,0.013381397676405754,-0.024522450616817126,-0.02192069846085465,40.1925911769305,-0.010748114064844584,0.02611801650115754,0.017808255417135852,0.004409574868284416,1
2024-08-09,520.6640625,532.989990234375,534.510009765625,528.5599975585938,529.8099975585938,45619600,0.004409574868284416,0.0001687160963010914,-0.048215275331683016,0.013323829060655662,-0.017783471944050944,-0.017918471536982228,37.99073404334921,-0.010109429720443057,-0.6656847002388043,0.011163459569690632,0.0005254051316678776,1
2024-08-12,520.9376220703125,533.27001953125,535.72998046875,530.9500122070312,534.2100219726562,42542100,0.0005254051316678776,0.03071248449938624,-0.05032665375592016,0.01328796191463763,-0.014701763509794352,-0.017849135333996013,38.553495524459436,-0.009483902787988375,-0.7954704810044958,0.008963504578638029,0.016445730436944528,1
2024-08-13,529.5048217773438,542.0399780273438,542.280029296875,536.280029296875,536.530029296875,52333100,0.016445730436944528,0.03809237368160234,-0.0403995511382208,0.013835591286538986,0.003617994602541197,-0.0022983999886128093,50.472038473720424,-0.00745537893028273,-0.4453163885655157,0.011069294227772484,0.003154779942889041,1
2024-08-14,531.17529296875,543.75,544.9600219726562,540.1199951171875,542.8499755859375,42446900,0.003154779942889041,0.04837470934198418,-0.02368283537969207,0.01357876627271435,0.008015069859903523,0.0001993519987182335,53.15234870614617,-0.00563190860040449,-0.8085796228915053,0.008901198814655172,0.017140163092787875,1
2024-08-15,540.2797241210938,553.0700073242188,553.3599853515625,548.8800048828125,549.5,60846800,0.017140163092787875,0.04225001704322873,0.0007419692540060474,0.014071790272638529,0.02525364412362663,0.01635660007068873,54.90397615274062,-0.0027431278063678416,-0.07281585535551588,0.008100205054373455,0.0022421066199815876,1
2024-08-16,541.4910888671875,554.3099975585938,555.02001953125,551.260009765625,551.4199829101562,44430700,0.0022421066199815876,0.04000089091454728,0.009690619010083612,0.013986723737024795,0.027045933230599895,0.017836351057226585,55.37058509367402,-0.00034330593879596135,-0.6870172506080691,0.006783225599728689,0.009561430105987645,1
2024-08-19,546.6685180664062,559.6099853515625,559.6099853515625,553.8599853515625,554.72998046875,39121800,0.009561430105987645,0.04939343004990482,0.008942653401719625,0.01396028536749725,0.03638973235438692,0.02656289075306839,59.628215884433125,0.002276964923772641,-0.8847733208581922,0.010275013224411446,-0.0016260603752510372,0
2024-08-20,545.7796020507812,558.7000122070312,560.8400268554688,557.3300170898438,559.1500244140625,33732300,-0.0016260603752510372,0.03073584905007909,0.00888460806836644,0.01396074750638217,0.034233304029748224,0.023901632779874227,54.7217382200519,0.004178468196976391,-1.0958754503683295,0.006282458723706515,0.00343634733544973,1
2024-08-21,547.6550903320312,560.6199951171875,562.1099853515625,554.72998046875,559.77001953125,41514600,0.00343634733544973,0.03102515794960148,0.035825929434901704,0.01285417429903673,0.03592812077766627,0.026416283966847365,61.33637353815165,0.0058716740250222416,-0.7165947549662136,0.013164005827637031,-0.007848402853028458,0
2024-08-22,543.3568725585938,556.219970703125,563.1799926757812,554.97998046875,562.5599975585938,56121500,-0.007848402853028458,0.005695472734065232,0.03307901180728501,0.012943557026722957,0.02610928153943437,0.017578199116982773,66.2033777043037,0.006568022333702294,-0.13076191885010477,0.014742390850629665,0.010625385922989672,1
2024-08-23,549.1302490234375,562.1300048828125,563.0900268554688,557.2899780273438,559.530029296875,50639400,0.010625385922989672,0.0141076378047722,0.03249230130810621,0.012922012134377183,0.03532272471470477,0.02754401928761907,85.88613610616889,0.007767431558743898,-0.34002534397250905,0.010317984768192793,-0.0023838078459922363,0
2024-08-26,547.8212280273438,560.7899780273438,563.9099731445312,559.0499877929688,563.1799926757812,35788600,-0.0023838078459922363,0.0021086086409634053,0.02942582132394289,0.012952276002388461,0.03133227008264905,0.024342413390342932,82.79019385050483,0.00850283188309922,-0.9109380318441643,0.008666319909385989,0.0013729592647899747,1
2024-08-27,548.5733642578125,561.5599975585938,562.0599975585938,558.3200073242188,559.489990234375,32693900,0.0013729592647899747,0.005118846868834348,0.036088581524850394,0.01285934243560002,0.030894069222315412,0.02498022675307454,88.16733362275836,0.009064638743358642,-0.9832098053069103,0.0066600011586202155,-0.005805074553067668,0
2024-08-28,545.3888549804688,558.2999877929688,561.6500244140625,555.0399780273438,561.2100219726562,41066000,-0.005805074553067668,-0.004138070459983378,0.013598241878306272,0.012500096603266243,0.024205511332035634,0.01854828464725733,79.12387891934011,0.008999795489123214,-0.610712903237342,0.011839596151253932,8.919327757994644e-05,1
2024-08-29,545.4375,558.3499755859375,563.6799926757812,557.1799926757812,560.3099975585938,38715200,8.919327757994644e-05,0.0038292097633896294,0.028249674488305843,0.012001625425467342,0.022857647801565406,0.018207294212884362,78.06567243439395,0.008811291894832875,-0.6308128394793566,0.01164144404802533,0.009546186583304639,1
2024-08-30,550.6443481445312,563.6799926757812,564.2000122070312,557.1400146484375,560.77001953125,62700100,0.009546186583304639,0.0027572677407343704,0.05775929313231698,0.011143046490615233,0.029718916971890996,0.027236464720471032,80.27094365063668,0.009237158684676493,0.33043554135641995,0.012524832618379868,-0.020578918275010016,0
2024-09-03,539.3126831054688,552.0800170898438,560.8099975585938,549.510009765625,560.469970703125,60600100,-0.020578918275010016,-0.015531608646334405,0.06706886194262918,0.009951901295165438,0.005342014266514816,0.005819535369785633,59.461108023324826,0.008054965919380114,0.7734137777063539,0.020468025364391747,-0.00204683084696089,0
2024-09-04,538.2088012695312,550.9500122070312,554.4299926757812,549.4600219726562,550.2000122070312,47224900,-0.00204683084696089,-0.018893667945952708,0.05515649540421874,0.009917873291328132,0.0006602696922406448,0.0034606036957800512,56.85982705928154,0.00673539756699761,-0.08001847552304302,0.009020728910080189,-0.0024324073915518163,0
2024-09-05,536.899658203125,549.6099853515625,553.7999877929688,547.0999755859375,550.8900146484375,44264300,-0.0024324073915518163,-0.01556540200596468,0.05967282470652613,0.009749501166782498,-0.004571525618350503,0.0008455180178568167,46.112242935148124,0.005431019527784581,-0.2609692138676864,0.012190484863089837,-0.016829866752518408,0
2024-09-06,527.8637084960938,540.3599853515625,551.5999755859375,539.4400024414062,549.9400024414062,68493800,-0.016829866752518408,-0.03221962462043082,0.018298364003099366,0.009488268579363192,-0.022184265168708528,-0.0158139836094362,36.716716978752316,0.003042971123752315,2.106949607906011,0.022503467085224445,0.01119602096035166,1
2024-09-09,533.773681640625,546.4099731445312,547.7100219726562,542.6799926757812,544.6500244140625,40445800,0.01119602096035166,-0.03063804533861858,0.02517865181183887,0.00973660617465854,-0.012435734229556683,-0.004796463706523202,37.60773700381148,0.0019359322786828834,-0.6165526354689004,0.009205595695714917,0.0043556871607624,1
2024-09-10,536.0986328125,548.7899780273438,549.1500244140625,543.3800048828125,548.3599853515625,36394600,0.0043556871607624,-0.005959530331201557,0.029103313141282783,0.009758437034977665,-0.009523367909230918,-0.0006280345051573599,40.946240143569675,0.0014142313492335056,-0.9598028813960847,0.010514075989489929,0.010259192298234021,1
2024-09-11,541.5985717773438,554.4199829101562,555.3599853515625,539.9600219726562,548.7000122070312,75248600,0.010259192298234021,0.006298244287006538,0.02283973535766104,0.009348546993704817,-0.0004785420134634233,0.009290940888501797,44.69547776516196,0.0017959249391035405,2.249782796841075,0.02777671053281969,0.00842300900732984,1
2024-09-12,546.1604614257812,559.0900268554688,559.4000244140625,552.739990234375,555.010009765625,51819600,0.00842300900732984,0.01724866663847391,0.02821134313924656,0.009480660559431442,0.006548622858957298,0.017418814282883943,52.44419754505382,0.002734645161839244,0.3042170138667102,0.011912275053708293,0.005222895584666265,1
2024-09-13,549.0130004882812,562.010009765625,563.030029296875,559.4500122070312,559.7100219726562,39310500,0.005222895584666265,0.040065819361673416,0.01616436075108041,0.008791042438502044,0.01099212394716731,0.022340135298910102,49.8922963582601,0.0038472458730880684,-0.6414264121670639,0.006370023714233709,0.0014768156945352828,1
2024-09-16,549.8237915039062,562.8400268554688,563.1099853515625,559.9000244140625,561.739990234375,36656100,0.0014768156945352828,0.030069129324527655,0.015388439086136962,0.008786277758230175,0.011708967633704326,0.023544590076868932,51.85653368581632,0.00479695483023729,-0.8156272567299789,0.005703149712776706,0.00040873357753001827,1
2024-09-17,550.0485229492188,563.0700073242188,566.5800170898438,560.7899780273438,565.0999755859375,49321000,0.00040873357753001827,0.026021126119151416,0.006182914821522445,0.008540890155045609,0.011807844515092425,0.023672911524329487,51.38109360624919,0.005521156382144985,0.18032964443620342,0.010282982554895815,-0.0029658249921354907,0
2024-09-18,548.4171752929688,561.4000244140625,568.6900024414062,560.8300170898438,563.739990234375,59044900,-0.0029658249921354907,0.012589773812084815,0.004832670976117059,0.008562374257219308,0.00856233313124899,0.020429839497765556,52.920141063247755,0.0058078020108081295,0.8901386976533922,0.014000685802901465,0.017064378832593485,1
2024-09-19,557.7755737304688,570.97998046875,572.8800048828125,568.0800170898438,571.010009765625,75315500,0.017064378832593485,0.021266849442681313,0.018479666449008336,0.00933455591816037,0.02481912637895256,0.037478509923518866,60.08638041511698,0.0071918650129248534,1.9036863411471674,0.008406578088829256,-0.0017286027009622007,0
2024-09-20,556.8114013671875,568.25,569.3099975585938,565.1699829101562,567.8400268554688,77503100,-0.0017286027009622007,0.014204401119773946,0.024761863681300733,0.009128739429498935,0.021784672855815757,0.03517677677909492,55.41735875277594,0.008146819456475255,1.8092335878610306,0.007285551515068192,0.0024987947776549113,1
2024-09-23,558.2027587890625,569.6699829101562,570.3300170898438,568.0999755859375,569.3400268554688,44116900,0.0024987947776549113,0.015239368347880422,0.016521598986323216,0.008867213552711854,0.023485920733629095,0.037332908361088046,70.10478040288163,0.008969326499402753,-0.4588344289683373,0.00391461999193655,0.0028613778394273037,1
2024-09-24,559.7999877929688,571.2999877929688,571.3599853515625,567.5999755859375,570.47998046875,46805700,0.0028613778394273037,0.017728372019735872,0.021866183989911248,0.008843849528079846,0.025288553887306442,0.03986608201417785,72.74077254984648,0.009727858925309096,-0.32148965326049267,0.006581498067504906,-0.002205573781180359,0
2024-09-25,558.5653076171875,570.0399780273438,571.8900146484375,568.9099731445312,571.1400146484375,38428600,-0.002205573781180359,0.018504402818525056,0.018214415810897888,0.008874595848485016,0.022091964134874242,0.03731175376534113,72.85504939683324,0.010077625907073768,-0.9523431824028733,0.005227776329335454,0.003964690509809632,1
2024-09-26,560.7798461914062,572.2999877929688,574.7100219726562,569.9000244140625,574.3800048828125,48336000,0.003964690509809632,0.005386167129629804,0.02822021585220824,0.008751787515731175,0.024701297051983984,0.0407780486964715,90.5605545076308,0.010494631737889202,-0.2699736023545246,0.00840467877195514,-0.0014503989358952696,0
2024-09-27,559.9664916992188,571.469970703125,574.219970703125,570.4199829101562,573.3900146484375,42100900,-0.0014503989358952696,0.005666353677895808,0.026637317198063393,0.008770942118308948,0.021858629515209005,0.03849418216243583,86.91216112767351,0.010632648904076569,-0.7454401631211492,0.00664949689008737,0.004007306781378839,1
2024-09-30,562.21044921875,573.760009765625,574.3800048828125,568.0800170898438,570.4199829101562,63557400,0.004007306781378839,0.007179632072011888,0.02100466682931046,0.00858404497069966,0.024871958680883655,0.04165443346649789,86.88221581582687,0.010883726067952142,0.8319065815309004,0.010980179318426583,-0.008958387433809278,0
2024-10-01,557.1739501953125,568.6199951171875,574.0599975585938,566.0,573.4000244140625,72668800,-0.008958387433809278,-0.004691028322471924,0.03311857415812103,0.00734508437835358,0.01403990708688485,0.03173600385332631,72.29162990515093,0.010367907736791486,1.3919835601357897,0.014174664323811998,0.00042185458712906687,1
2024-10-02,557.4089965820312,568.8599853515625,569.9000244140625,565.27001953125,567.7100219726562,38097800,0.00042185458712906687,-0.0020701447429468667,0.035674249969919636,0.007300188226931196,0.012698309096951688,0.03154335541361286,68.37476968725323,0.009798062733141686,-0.9815079230988818,0.008139093981010283,-0.0018281781869303737,0
2024-10-03,556.3899536132812,567.8200073242188,569.7999877929688,565.489990234375,567.3599853515625,40846500,-0.0018281781869303737,-0.007828192485766716,0.036301560472930205,0.007283070335027003,0.00906038046992963,0.028603844190212113,62.81827206163088,0.009114194214567217,-0.7747182303077572,0.00759042919058819,0.00908742566416687,1
2024-10-04,561.4461059570312,572.97998046875,573.3599853515625,568.0999755859375,572.3499755859375,42939100,0.00908742566416687,0.00264232642443063,0.06361944744527936,0.0059814005191104755,0.015138814219774144,0.03659107386781968,67.59863070416704,0.009102677474453268,-0.5598619529624185,0.009180093449899996,-0.00904048416232972,0
2024-10-07,556.370361328125,567.7999877929688,571.9600219726562,566.6300048828125,571.2999877929688,49964700,-0.00904048416232972,-0.010387725626125222,0.04233382136422703,0.006246518817417714,0.003910650157875173,0.026290522836652563,58.34642788648272,0.008409070674678018,-0.10352820174705878,0.009387138436831354,0.009457442714510877,1
2024-10-08,561.6322021484375,573.1699829101562,573.780029296875,569.530029296875,570.4199829101562,37398700,0.009457442714510877,0.008001544134577987,0.047628491798202166,0.00644477475596374,0.011075933398228432,0.03487146568837307,65.9209463960857,0.008379941274189466,-1.002571583432841,0.007414903303940435,0.006926701806237112,1
2024-10-09,565.5224609375,577.1400146484375,577.7100219726562,572.5499877929688,573.1599731445312,37912200,0.006926701806237112,0.01455567528550783,0.044172733103128525,0.0062702097307790056,0.01589168915226491,0.040656913834495656,60.74945077653507,0.008814845532849875,-0.8882246776841021,0.008940697315591111,-0.0017500366951881396,0
2024-10-10,564.5327758789062,576.1300048828125,577.5800170898438,574.489990234375,575.77001953125,44138100,-0.0017500366951881396,0.014635099380828631,0.03363904154680686,0.006148749524123621,0.012443127617307592,0.03782504509848561,60.706469396425504,0.008976397655846138,-0.3849159084919223,0.005363419417978891,0.005988125594301508,1
2024-10-11,567.9132690429688,579.5800170898438,580.3300170898438,575.9099731445312,576.0499877929688,42268000,0.005988125594301508,0.011518760246655768,0.03442590346290153,0.006174325995060139,0.016782517246564543,0.04260364630335345,62.76069279596783,0.009409904918908108,-0.5417954171913113,0.007626287682425955,0.008178347889252757,1
2024-10-14,572.557861328125,584.3200073242188,585.27001953125,580.72998046875,581.219970703125,36217200,0.008178347889252757,0.02909482805906194,0.0413479194162103,0.00634050934962503,0.02301614232396565,0.049128045793316755,65.52208104676117,0.010252727974512908,-0.9999230319151806,0.00776978197835504,-0.007769603150609483,0
2024-10-15,568.1093139648438,579.780029296875,584.9000244140625,578.5399780273438,584.5900268554688,54203600,-0.007769603150609483,0.011532657478736219,0.03283490503490061,0.006704965764750228,0.013432536071287693,0.038590513634533696,60.76964506846692,0.010316381220207015,0.349866981218476,0.01096975760691837,0.0043464140096862725,1
2024-10-16,570.5785522460938,582.2999877929688,582.8300170898438,578.9600219726562,579.780029296875,30725400,0.0043464140096862725,0.008940566746388656,0.04040970624467799,0.0066397609435396914,0.0158293947232937,0.04080219574287414,60.99385874567208,0.0104869282540945,-1.2810971252921002,0.006646050486546533,8.579045798295937e-05,1
2024-10-17,570.6275024414062,582.3499755859375,586.1199951171875,582.1599731445312,585.9099731445312,34393700,8.579045798295937e-05,0.010796054406249977,0.023041397501475824,0.005619883439468393,0.014755615666317334,0.03846823763134166,62.17009001978764,0.010541956301771835,-0.9507683981015602,0.0068000723597040295,0.003846548369420555,1
2024-10-18,572.8224487304688,584.5900268554688,585.3900146484375,582.5800170898438,584.0700073242188,37416800,0.003846548369420555,0.008644241920553908,0.028754884192327745,0.00560759709577935,0.01721078583505342,0.04040106750379757,62.127711814870466,0.010731207062487513,-0.669756438086561,0.0048067832660588315,-0.001642173469649788,0
2024-10-21,571.8817749023438,583.6300048828125,584.8499755859375,580.5999755859375,583.8499755859375,36439000,-0.001642173469649788,-0.0011808176455965214,0.02450546131831355,0.005642528966021797,0.014308419860145749,0.036763644125269224,68.54462984311486,0.01067536702371308,-0.718534719500299,0.007282010802123446,-0.00053117967032279,0
2024-10-22,571.5780029296875,583.3200073242188,584.5,580.3800048828125,581.0499877929688,34183800,-0.00053117967032279,0.006105671707150373,0.02103968451866889,0.00564178357528115,0.01271186853080164,0.03431381469299777,67.8343425465977,0.010459314054055478,-0.8622030335229889,0.007063010123871063,-0.009137472564623828,0
2024-10-23,566.355224609375,577.989990234375,581.7100219726562,574.4199829101562,581.260009765625,49314600,-0.009137472564623828,-0.00740183384057036,0.013946295779483586,0.006050842994906398,0.0027662307284439525,0.02349779017838438,61.34281676950887,0.009524517054872434,0.545037163757802,0.012612742756226434,0.002162910365631987,1
2024-10-24,567.5802001953125,579.239990234375,580.0599975585938,576.5700073242188,579.97998046875,34979900,0.002162910365631987,-0.00534026529225462,0.01212660199914728,0.0060131322439876365,0.004330495216166241,0.024363672519542412,57.649164841287124,0.008761605414772155,-0.7631479526356648,0.006025119627812408,-0.00034540479355615883,0
2024-10-25,567.3841552734375,579.0399780273438,584.4600219726562,578.0800170898438,581.510009765625,47268200,-0.00034540479355615883,-0.009493855328267964,0.01324662043921565,0.005998165188472059,0.0033251364007904627,0.023008984700408464,65.63713188397759,0.008055369266057825,0.38174990188803987,0.011018245932772572,0.0030914298610738022,1
2024-10-28,569.13818359375,580.8300170898438,582.7100219726562,580.52001953125,582.5800170898438,30174700,0.0030914298610738022,-0.004797479879582234,0.01232231521955307,0.005974838447370173,0.005810758754519085,0.025149502746488528,61.835732984293195,0.007630898814782512,-1.1679191812411207,0.0037704704938958016,0.0016184866956361343,1
2024-10-29,570.059326171875,581.77001953125,582.9099731445312,578.4299926757812,579.8499755859375,42899700,0.0016184866956361343,-0.002656989509792762,0.02312630727270304,0.005533306404688869,0.006292899570980559,0.025944186728087404,57.89298198668859,0.007348042487772128,0.4326259477432157,0.007700603878418586,-0.0030255297407282278,0
2024-10-30,568.3345947265625,580.010009765625,583.3200073242188,579.2899780273438,581.2899780273438,41435800,-0.0030255297407282278,0.0034949269136745897,0.019600684975531024,0.0056106116469366125,0.0022818136242763742,0.022010441810889736,56.44924490129774,0.006831670339787714,0.18191136313402892,0.006948206460270377,-0.01960308836489222,0
2024-10-31,557.1934814453125,568.6400146484375,575.6300048828125,568.4400024414062,575.5599975585938,60182500,-0.01960308836489222,-0.018300001914136166,0.0014441810582901393,0.007248568304774327,-0.01743562271890109,0.0016322716990360142,35.605433501566225,0.004863337913843045,2.4086686116012657,0.012644207681816904,0.004220588805548209,1
2024-11-01,559.545166015625,571.0399780273438,575.5499877929688,570.6199951171875,571.3200073242188,45667500,0.004220588805548209,-0.013816017216826681,-0.0033857923694491365,0.007008593583484663,-0.013123214579546572,0.005274665838175485,31.379912663755462,0.0034807463301552055,0.5435502013406764,0.00863335819816311,-0.002154001685066964,0
2024-11-04,558.3399047851562,569.8099975585938,572.5,567.8900146484375,571.1799926757812,38217000,-0.002154001685066964,-0.01897303523093352,0.003539986300366005,0.0067114899199766645,-0.015419956034314342,0.0027774634208475035,34.590516826413946,0.002206791070442334,-0.3323734735853157,0.008090390430695196,0.012091814888343544,1
2024-11-05,565.0912475585938,576.7000122070312,576.739990234375,570.52001953125,570.739990234375,39478300,0.012091814888343544,-0.008715020323662559,0.006158915740451132,0.006925221894638362,-0.003818416943942693,0.014273669896560204,42.374813407517976,0.0021166377726540763,-0.1826187855908049,0.010785452698919095,0.024865595825653397,1
2024-11-06,579.142578125,591.0399780273438,591.9299926757812,585.3900146484375,589.2000122070312,68182000,0.024865595825653397,0.01901693737935739,0.024084131273797826,0.008746748110752664,0.019728023901299574,0.03835473558664626,58.51783108549519,0.003928437550080763,2.647227859821434,0.011065204166343526,0.007732272756398428,1
2024-11-07,583.6206665039062,595.6099853515625,596.6500244140625,593.0,593.0800170898438,47233200,0.007732272756398428,0.04742909947554286,0.03381183775429619,0.008833455768484494,0.025888879362341743,0.04495102342547441,60.32986820686128,0.00591449229903557,0.47863360689661816,0.00612821225941679,0.004331711190110887,1
2024-11-08,586.1487426757812,598.1900024414062,599.6400146484375,596.1699829101562,596.1699829101562,46444900,0.004331711190110887,0.04754500311314169,0.03210961008807267,0.008798842221515247,0.02868404479394915,0.04794970728873138,63.24587748625829,0.00773876007407699,0.3753868994696541,0.005800885544925412,0.0009527815024188424,1
2024-11-11,586.7072143554688,598.760009765625,600.1699829101562,597.0,599.8099975585938,37586800,0.0009527815024188424,0.05080652363765403,0.02471252948046576,0.008662591302626532,0.028387313031984496,0.047597293032442645,63.98029154347942,0.00916709579929339,-0.5345770351573519,0.005294246206250629,-0.00310644007127725,0
2024-11-12,584.8846435546875,596.9000244140625,599.2899780273438,594.3699951171875,598.6799926757812,43006100,-0.00310644007127725,0.035026902436745555,0.029528348114500114,0.008467408250396808,0.02368766411524481,0.04264616769880614,68.27039505834038,0.009970631246086504,0.07904524841840468,0.008242557729807221,0.0004858730531422939,1
2024-11-13,585.1688232421875,597.1900024414062,599.22998046875,594.9600219726562,597.3699951171875,47388600,0.0004858730531422939,0.01040546032152867,0.025571011981889047,0.008442833882083512,0.02287901116935087,0.04140916316703036,67.67059112092224,0.010497834281394558,0.4730785897876992,0.0071500836896758,-0.006430310763933411,0
2024-11-14,581.406005859375,593.3499755859375,597.8099975585938,592.6500244140625,597.3200073242188,38904100,-0.006430310763933411,-0.003794691949135176,0.018888860722368506,0.00861598604224688,0.015345080702149128,0.033076046777614776,63.145113854055325,0.010348630978048149,-0.4959978240924696,0.008696340030073715,-0.012808537191168923,0
2024-11-15,573.9590454101562,585.75,590.2000122070312,583.8599853515625,589.719970703125,75988800,-0.012808537191168923,-0.02079625251771211,0.001984204149482194,0.009113938762857305,0.002240527676254711,0.01817598220310046,54.083554007761265,0.009156082761988184,2.6992797981122383,0.010823776108354673,0.004097410127560819,1
2024-11-18,576.310791015625,588.1500244140625,589.489990234375,585.3400268554688,586.219970703125,37001700,0.004097410127560819,-0.017719951426308667,0.007744635880444939,0.00914522922096351,0.005958119401245465,0.020807288841384164,55.17005703901873,0.008305039274999907,-0.7280673510017917,0.007055960565572708,0.0036555804977529416,1
2024-11-19,578.4175415039062,590.2999877929688,591.0399780273438,584.030029296875,584.7100219726562,49412000,0.0036555804977529416,-0.011057055646865432,0.011966063317975673,0.009170063779932867,0.009033162902166936,0.02300527118622675,58.28639187647784,0.00783586472564764,0.3041959094203992,0.011875231027325201,0.0003388277025782038,1
2024-11-20,578.613525390625,590.5,590.7899780273438,584.6300048828125,590.3800048828125,50032600,0.0003388277025782038,-0.011202404487720696,0.021644191222399023,0.008878750245042638,0.008296966986036658,0.022013757377443044,71.46500726619726,0.007427192161755912,0.3565207745730777,0.010431791946708298,0.005368246680064637,1
2024-11-21,581.7196655273438,593.6699829101562,595.1199951171875,587.4500122070312,593.4000244140625,46750300,0.005368246680064637,0.0005394847401087866,0.02491183682440945,0.008927577711830226,0.01246242263436681,0.02621107851069171,71.89005175665335,0.007412888158151602,0.008113893002460579,0.012919607072869299,0.0030992892063126387,1
2024-11-22,583.5225830078125,595.510009765625,596.1500244140625,593.1500244140625,593.6599731445312,38226400,0.0030992892063126387,0.016662404180462165,0.02844356435473161,0.00892802365052611,0.014176009427420144,0.02813977498702691,74.56972477392016,0.007572043916637132,-0.7289651079815571,0.005037698696585656,0.0033921054211556445,1
2024-11-25,585.501953125,597.530029296875,600.8599853515625,595.2000122070312,599.52001953125,42441400,0.0033921054211556445,0.015948273488298748,0.02875183918942681,0.008931201466198775,0.01617117459146633,0.030331932823906005,71.95861070873711,0.007872283682115355,-0.4241116909069821,0.009472282340674073,0.00522148547086676,1
2024-11-26,588.5591430664062,600.6500244140625,601.3300170898438,598.0700073242188,598.7999877929688,45621300,0.00522148547086676,0.017533357539834427,0.03245244143054937,0.008970898175731974,0.01983987420637412,0.034309918723717026,63.26977164236873,0.008410470915540086,-0.13001478873402528,0.005427469629765117,-0.003029984694522536,0
2024-11-27,586.7758178710938,598.8300170898438,600.8499755859375,597.280029296875,600.4600219726562,34000200,-0.003029984694522536,0.014106639617451622,0.032447827944388496,0.00897102007545317,0.015127881393049325,0.029787617491519258,54.81166251531161,0.008552525097275923,-1.1835755783860702,0.0059615353058143266,0.006211945721408041,1
2024-11-29,590.4208374023438,602.5499877929688,603.3499755859375,599.3800048828125,599.6599731445312,30177400,0.006211945721408041,0.01495767186607333,0.05963342548595918,0.007489013981065685,0.018506427367695588,0.03499865489671583,56.30038489650281,0.008986048954509182,-1.3892414712264203,0.006588616353086791,0.0017923275603184408,1
2024-12-02,591.4790649414062,603.6300048828125,604.3200073242188,602.469970703125,602.969970703125,31746000,0.0017923275603184408,0.013635259654530385,0.05707117291920194,0.007486618431216992,0.017529261022357856,0.035595010365671476,56.9351845609603,0.00939081295590405,-1.1354708714231367,0.003064851989014218,0.00046394552024797697,1
2024-12-03,591.7534790039062,603.9099731445312,604.1599731445312,602.3400268554688,603.3900146484375,26906600,0.00046394552024797697,0.010677207557617807,0.059844503200263244,0.007417914725309241,0.01508389598923876,0.03485966517221817,60.4532442127673,0.009646048635791679,-1.441435465672813,0.0030136052888580793,0.006209510619023417,1
2024-12-04,595.427978515625,607.6599731445312,607.9099731445312,604.9500122070312,605.6300048828125,42787600,0.006209510619023417,0.011670595096751057,0.05368465904948505,0.007147484147809901,0.018736363307656045,0.03998967904675821,64.15236998268905,0.010171689377549241,-0.10295874918344353,0.004871080980013763,-0.0016457396510601852,0
2024-12-05,594.4480590820312,606.6599731445312,608.47998046875,606.2999877929688,607.6599731445312,28762200,-0.0016457396510601852,0.013075251190094228,0.02642782888901629,0.004920460277748633,0.01572986156126177,0.03697830087548426,69.48758684466365,0.010400069650026272,-1.241039745552995,0.0035934341678775738,0.0018957974675537503,1
2024-12-06,595.5750122070312,607.8099975585938,609.0700073242188,607.02001953125,607.4400024414062,31241500,0.0018957974675537503,0.008729662773021563,0.020483074690853087,0.004687493009849952,0.016617192287987415,0.03768449341213609,89.81947461446092,0.010578520757186374,-0.9181304046731561,0.003372744445144024,-0.005149673070058869,0
2024-12-09,592.5079956054688,604.6799926757812,607.8599853515625,604.0800170898438,607.6900024414062,34742700,-0.005149673070058869,0.0017395893194704914,0.010849213632460275,0.004813209246464728,0.010833319796759833,0.031171453734640364,79.07129601836901,0.01025520888963873,-0.5412511259498831,0.006251187913448134,-0.003108991042220177,0
2024-12-10,590.6658935546875,602.7999877929688,605.7999877929688,602.1300048828125,605.3699951171875,37234500,-0.003108991042220177,-0.001837902923780832,0.0067472822940615185,0.004880571742298391,0.007350485707083632,0.026948411092215574,72.19460942079476,0.009624042277838519,-0.31063417801440196,0.006088226583403155,0.007730532876877971,1
2024-12-11,595.2320556640625,607.4600219726562,608.4299926757812,605.5,605.780029296875,28677700,0.007730532876877971,-0.0003290454238494833,0.017691372518327197,0.005074623198345464,0.014242925403856743,0.033519532587647394,75.99630312821041,0.009537753853356935,-1.0025573027049255,0.004823350623579206,-0.0051524350916021255,0
2024-12-12,592.1651611328125,604.3300170898438,607.1599731445312,604.3300170898438,606.5800170898438,31543800,-0.0051524350916021255,-0.0038403657213450515,0.01195610157742344,0.0052517493244684625,0.008416019146824105,0.02695489297760778,66.3599359899664,0.009054933746994768,-0.6756195492116877,0.004682799090992,-0.00019861814543220557,0
2024-12-13,592.0475463867188,604.2100219726562,607.1300048828125,602.8099975585938,606.4000244140625,35904700,-0.00019861814543220557,-0.005922790157432467,0.0183031142095178,0.004990586211382082,0.0073030221197669665,0.02548263030568365,64.0961102555149,0.008520612434297681,-0.27226253783083415,0.007149843874013486,0.004269952898457774,1
2024-12-16,594.5755615234375,606.7899780273438,607.780029296875,605.2100219726562,606.0,43695200,0.004269952898457774,0.0034895156408074612,0.03591983831973322,0.0038484977438953275,0.0098330775723523,0.028680809480881697,64.73593434043059,0.008308619895572831,0.878893323122326,0.004235414916663204,-0.004120196363485595,0
2024-12-17,592.1257934570312,604.2899780273438,605.1699829101562,602.8900146484375,604.1900024414062,55773500,-0.004120196363485595,0.002471617065203935,0.027441794753722437,0.004022040832953744,0.004323542491069032,0.023176551909757093,55.90897692065007,0.007779604312361945,2.1033826396521755,0.003772970501945976,-0.029803258069540317,0
2024-12-18,574.478515625,586.280029296875,606.4099731445312,585.8900146484375,603.97998046875,108248700,-0.029803258069540317,-0.03486630103600363,-0.006810004186015295,0.008004638862032133,-0.025282961736970977,-0.007757959979370677,36.646106818419824,0.005021741528166478,3.7996255173927227,0.035000268592985016,-0.00030725896108219075,0
2024-12-19,574.302001953125,586.0999755859375,593.0,585.8499755859375,591.3599853515625,85919500,-0.00030725896108219075,-0.03016583945180984,-0.007451473649167206,0.008003182975688566,-0.02522591126520668,-0.008363580024993156,31.070238189103364,0.0025928459953744195,2.121735427610814,0.012199325562016033,0.012011013709321894,1
2024-12-20,581.199951171875,591.1500244140625,595.75,580.9099731445312,581.77001953125,125716700,0.012011013709321894,-0.01832216902349637,-0.000893410325053412,0.008381575942049265,-0.01347437455351963,0.0029696913854178053,39.38439273202199,0.0015980570656006616,2.872418585883301,0.02510365599693229,0.005988313845908255,1
2024-12-23,584.6803588867188,594.6900024414062,595.2999877929688,587.6599731445312,590.8900146484375,57635800,0.005988313845908255,-0.01664246443524353,0.001984114947082949,0.008462504073549832,-0.007664256523464252,0.008392236864784186,43.14900208096859,0.0012945108385183117,0.3534759916039894,0.012847054124119494,0.011115097673623398,1
2024-12-24,591.1791381835938,601.2999877929688,601.3400268554688,595.469970703125,596.0599975585938,33160100,0.011115097673623398,-0.0015987401391697187,0.009696270060745249,0.008788927475099956,0.0028824896745609507,0.01894612710665311,46.098070362867745,0.0019147819024054834,-0.5184798492130751,0.009762275522222107,6.648854481872135e-05,1
2024-12-26,591.2184448242188,601.3400268554688,602.47998046875,598.0800170898438,599.5,41219100,6.648854481872135e-05,0.029139347676051308,0.00451832545486841,0.008719094206872623,0.00272299229511197,0.018202764891219303,46.98193748274627,0.0023952222648588027,-0.21834771469140707,0.007316930825168196,-0.010526584203640499,0
2024-12-27,584.9949340820312,595.010009765625,597.780029296875,590.760009765625,597.5399780273438,64969300,-0.010526584203640499,0.018619005492826135,-0.003035032690208328,0.009023871810479483,-0.007682394490538869,0.0069845385438243035,40.97283267577939,0.0019249753124175215,0.5830322138763381,0.011798153671423431,-0.011411586367528481,0
2024-12-30,578.3192138671875,588.219970703125,591.739990234375,584.4099731445312,587.8900146484375,56578800,-0.011411586367528481,-0.0049565339757497995,-0.02049660643482598,0.009231817080352898,-0.01799839633668099,-0.004770292770389761,38.59606435718848,0.000611296729917304,0.2354245010160765,0.012461353668563583,-0.0036380303829519622,0
2024-12-31,576.2152709960938,586.0800170898438,590.6400146484375,584.4199829101562,589.9099731445312,57052700,-0.0036380303829519622,-0.014478146498273392,-0.025806144037954337,0.009225407088024348,-0.02030134018753893,-0.008506749491567267,38.43429512700542,-0.0007352022066302172,0.20892813112083353,0.010612939456913344,-0.002456912408398071,0
2025-01-02,574.799560546875,584.6400146484375,591.1300048828125,580.5,589.3900146484375,50204000,-0.002456912408398071,-0.02770662321922457,-0.028650306349815913,0.009219704277034346,-0.021297791737720062,-0.01104206543673869,32.77814474824112,-0.0019843903755211814,-0.08866726702928583,0.018182137069773882,0.012503297047756545,1
2025-01-03,581.9864501953125,591.9500122070312,592.5999755859375,586.4299926757812,587.530029296875,37888500,0.012503297047756545,-0.015615200624620407,-0.02257456620332421,0.009593360643156464,-0.007925522765226733,0.0009646636746423187,41.97786466350594,-0.0019176749510427104,-0.5418123532812069,0.010423148547885041,0.005760615382937484,1
2025-01-06,585.3390502929688,595.3599853515625,599.7000122070312,593.5999755859375,596.27001953125,47679400,0.005760615382937484,0.0005882379331667575,-0.015323473009784871,0.009713259988712688,-0.001435300841330367,0.006073860164887979,44.9693617691267,-0.0013951769349435964,-0.21389405770666886,0.010245963402279469,-0.01130394116073763,0
2025-01-07,578.722412109375,588.6300048828125,597.75,586.780029296875,597.4199829101562,60393100,-0.01130394116073763,0.0006971897742966693,-0.028296351848619894,0.00997072536394247,-0.011301771017406703,-0.005679586197082864,38.798737983153565,-0.0019017546332653632,0.22210728801911864,0.018636444986029822,0.0014609058966514876,1
2025-01-08,579.56787109375,589.489990234375,590.5800170898438,585.2000122070312,588.7000122070312,47304700,0.0014609058966514876,0.005818311777576968,-0.021839577875224392,0.009948960853222123,-0.008761705401203024,-0.004643697676692038,40.92120138130786,-0.0021448032518155643,-0.31868181196437345,0.009126541539193001,-0.0152676386215147,0
2025-01-10,570.71923828125,580.489990234375,585.9500122070312,578.5499877929688,585.8800048828125,73105000,-0.0152676386215147,-0.007098687169737716,-0.03376977660483582,0.010440349220775925,-0.02222774429706198,-0.01989366406437809,46.886059463766415,-0.003585632730490748,0.6354501452206686,0.01274789322564324,0.0015506920150269998,1
2025-01-13,571.604248046875,581.3900146484375,581.75,575.3499755859375,575.77001953125,47910100,0.0015506920150269998,-0.01783925063023939,-0.039695119562785375,0.010237146680018702,-0.018725429535073945,-0.018425905710174217,47.791281056986946,-0.004516866090955026,-0.4183865510975809,0.011008142989749403,0.0013759502770052112,1
2025-01-14,572.3907470703125,582.1900024414062,585.0,578.3499755859375,584.3599853515625,48420600,0.0013759502770052112,-0.022121030907087946,-0.03339341008287544,0.010234513318658251,-0.015704560964381886,-0.017212217451224032,41.98567382975179,-0.005082584368247678,-0.4446080841663858,0.011422429767216387,0.01819002884394938,1
2025-01-15,582.8025512695312,592.780029296875,593.9400024414062,589.2000122070312,590.3300170898438,56900200,0.01819002884394938,0.007050252547304403,-0.015615291666370323,0.011155946051106608,0.0029970784459352195,-0.0002144997837337792,48.482959801343966,-0.0039498480652607314,-0.1340547299293551,0.00799620432556969,-0.0019231016950377322,0
2025-01-16,581.6817626953125,591.6400146484375,594.3499755859375,590.9299926757812,594.1699829101562,43319700,-0.0019231016950377322,0.0036473581559537394,-0.021685719465307618,0.011095729499067113,0.002180136563675994,-0.0028944879242139843,41.59710379403413,-0.0032481605952529653,-0.722241995966231,0.005780513192956466,0.010039900216929798,1
2025-01-17,587.5217895507812,597.5800170898438,599.3599853515625,595.6099853515625,596.9600219726562,58070600,0.010039900216929798,0.029441010820194125,-0.007775381442801654,0.011337756521075444,0.012643551885532123,0.00610978101466042,47.03381197719749,-0.0018360887932521272,-0.08743340581304258,0.006275310239224754,0.00915337560722529,1
2025-01-21,592.8995971679688,603.0499877929688,603.0599975585938,598.6699829101562,600.6699829101562,42532900,0.00915337560722529,0.03725540737994559,0.0320657449181152,0.009141106632483749,0.020292928658861786,0.0143529958955535,56.4299502325526,-3.9171006373126075e-06,-0.7015880001232674,0.007279686157533963,0.005621538331987974,1
2025-01-22,596.2326049804688,606.4400024414062,607.8200073242188,605.3599853515625,605.9199829101562,48196000,0.005621538331987974,0.041653115519750816,0.03818653418020612,0.009171433670298346,0.024096108930129922,0.019459077075335784,65.40941724236782,0.0018565468634728092,-0.34966921251028893,0.004056496871500385,0.00545805853915704,1
2025-01-23,599.4868774414062,609.75,609.75,605.52001953125,605.7999877929688,41152100,0.00545805853915704,0.02862775074599644,0.031464087759572656,0.008904970818480773,0.02807110805110935,0.024467497123572324,69.63015515402137,0.0037081622548977788,-0.9714496214318019,0.006937237341123411,-0.002919264959769352,0
2025-01-24,597.73681640625,607.969970703125,610.780029296875,606.7999877929688,609.8099975585938,34604700,-0.002919264959769352,0.02760109520460796,0.022330932313840535,0.008896048445774324,0.023923574742185538,0.021072400271391123,69.23959854276183,0.004905941695771544,-1.4502557392841162,0.006546444225367384,-0.014145356222404648,0
2025-01-27,589.2816162109375,599.3699951171875,599.6900024414062,594.6400146484375,594.8099975585938,70361100,-0.014145356222404648,0.0029953385414043243,-0.0032097241768145324,0.009193854899944098,0.009603894706762928,0.0065404387391589935,55.991646464585706,0.004718296167779384,1.8000402318024646,0.00842549315799732,0.008592315317060173,1
2025-01-28,594.3449096679688,604.52001953125,605.3699951171875,597.25,600.6199951171875,44433300,0.008592315317060173,0.0024377019429657754,0.00528817203035592,0.009398368909417367,0.01800608188189945,0.014860970908678661,57.19449997562046,0.0051039325116948005,-0.6848137377589654,0.013432136000200314,-0.004482967158625062,0
2025-01-29,591.6804809570312,601.8099975585938,604.1300048828125,599.219970703125,603.719970703125,37177400,-0.004482967158625062,-0.007634812295423843,0.011428384222661458,0.00912493389656883,0.012862472498851085,0.010086762598828791,61.049529664399905,0.0050443953890449075,-1.2526394554794902,0.00815877801898671,0.005367082820435076,1
2025-01-30,594.8560791015625,605.0399780273438,606.5999755859375,600.719970703125,603.9600219726562,39281300,0.005367082820435076,-0.007724603346795256,0.02859470139993081,0.008724224408822553,0.016859302629905315,0.015041848716298878,62.538218033505736,0.005321836878795361,-0.951870870016356,0.009718374151049508,-0.005321911628030085,0
2025-01-31,591.6903076171875,601.8200073242188,609.9600219726562,601.0499877929688,607.5,66566900,-0.005321911628030085,-0.010115670681648314,0.026856345883270905,0.008783800926693962,0.010111625559201531,0.009029301628441289,68.96681924470559,0.0051022700673332725,1.513708467641876,0.014805147836980092,-0.006729656557379227,0
2025-02-03,587.7084350585938,597.77001953125,600.2899780273438,590.489990234375,592.6699829101562,65857200,-0.006729656557379227,-0.0026696593090062004,0.022458045200029364,0.008932293347452264,0.002209609060227047,0.0018494263505894892,63.792452731559166,0.004342173298883318,1.3118396975112525,0.016394244396287307,0.0067084743351215614,1
2025-02-04,591.6510620117188,601.780029296875,602.2999877929688,597.280029296875,597.8300170898438,33457800,0.0067084743351215614,-0.00453246526121498,0.016606248845076887,0.008633594343104551,0.008102184688985936,0.008115470082162846,65.64948944421576,0.004177214541865909,-1.4119044728453365,0.008341849599028922,0.004054526223509436,1
2025-02-05,594.0499267578125,604.219970703125,604.3699951171875,598.5800170898438,600.6400146484375,30653100,0.004054526223509436,0.004004603628209535,0.014881762049676839,0.008590940644074327,0.011438958176452907,0.011670719074460045,60.50692699881747,0.004328926076128544,-1.4788216106045975,0.009582566462684124,0.003475526445625654,1
2025-02-06,596.1145629882812,606.3200073242188,606.4500122070312,602.6300048828125,605.989990234375,35771500,0.003475526445625654,0.0021156107013640124,0.030052665172433768,0.008120093251064494,0.013453713562223468,0.014689313362404866,63.2490096874142,0.0046726816946976975,-0.9741026146063783,0.006300315473799085,-0.009153513951071335,0
2025-02-07,590.6580200195312,600.77001953125,608.1300048828125,600.0499877929688,606.8900146484375,50788500,-0.009153513951071335,-0.0017446417228185185,0.019135203103740173,0.008463293090769805,0.0032312871652306896,0.005157173050205577,52.89940774981041,0.004208833534401097,0.18406524244110883,0.013449434604190423,0.006791224986284927,1
2025-02-10,594.6693115234375,604.8499755859375,605.5,602.739990234375,604.030029296875,26048700,0.006791224986284927,0.01184409828004207,0.041964720366382435,0.007630537621298889,0.007994239395618719,0.011667768508420773,51.67848951573595,0.004276344370854951,-1.6193423355839076,0.004563131151574059,0.0007606438304508245,1
2025-02-11,595.1216430664062,605.3099975585938,605.8599853515625,602.4299926757812,602.5499877929688,30056700,0.0007606438304508245,0.005865925504953795,0.0411427925875083,0.007635493434166061,0.006754343454134393,0.012211274641568348,48.88539985254603,0.004360108993777046,-1.1760020699324187,0.005666505905429438,-0.0032215873014570517,0
2025-02-12,593.2044067382812,603.3599853515625,604.5499877929688,598.510009765625,599.2000122070312,45076100,-0.0032215873014570517,-0.0014233147441763405,0.03636267667585469,0.00772539491428149,0.001747419337717382,0.00872975760947936,43.523193476126956,0.004134923526897059,0.004736176338534653,0.010010571091857224,0.010557604278849553,1
2025-02-13,599.4672241210938,609.72998046875,609.9400024414062,603.2000122070312,604.47998046875,40921300,0.010557604278849553,0.005624189276648206,0.028594028655608117,0.007031296110415017,0.01090104740709874,0.01906599806808429,51.63207480913746,0.004692989219981646,-0.2624488534035515,0.011054057452109228,-4.927878362037674e-05,0
2025-02-14,599.4376831054688,609.7000122070312,610.989990234375,609.0700073242188,609.9400024414062,26910400,-4.927878362037674e-05,0.01486420701719604,0.030525145447025004,0.006996605390595623,0.009340128886200283,0.018740123421651766,61.389082436814775,0.005106904630263878,-1.2546738919370024,0.0031490616232828545,0.0029358976669520143,1
2025-02-18,601.1975708007812,611.489990234375,611.489990234375,608.3800048828125,610.8800048828125,26749000,0.0029358976669520143,0.01097796565391862,0.023277062218333144,0.0067164422006723325,0.011139250834051984,0.021403166334354573,58.2995263073857,0.005590607000803081,-1.1455479372990036,0.005085913753666661,0.0023548173146026308,1
2025-02-19,602.61328125,612.9299926757812,613.22998046875,609.5599975585938,610.0800170898438,31011100,0.0023548173146026308,0.012588414941510973,0.016383354160517838,0.006458351008129442,0.012693070394880657,0.023558483358328663,63.65414549440565,0.006091083299033125,-0.7653670343675448,0.005987605361151814,-0.004160143969300423,0
2025-02-20,600.1063232421875,610.3800048828125,611.6799926757812,607.02001953125,611.5399780273438,36554000,-0.004160143969300423,0.011634971732351618,0.006496991659564966,0.0064469792182846285,0.008151978397395343,0.019104445589877006,56.668485861445575,0.006117657419468757,-0.30918119024047536,0.0076345442302388706,-0.01710410610424462,0
2025-02-21,589.842041015625,599.9400024414062,610.2999877929688,599.469970703125,610.1599731445312,76519800,-0.01710410610424462,-0.016056229128424304,-0.01608848631840809,0.007407395261257481,-0.008288129747649031,0.0018686542532195816,48.01110241226572,0.004765911196330464,2.1921099047520634,0.018051833592979117,-0.004550509873166075,0
2025-02-24,587.157958984375,597.2100219726562,603.030029296875,596.489990234375,602.02001953125,50737200,-0.004550509873166075,-0.020485405684669278,-0.017698186110532532,0.007441042657486464,-0.011922206055708373,-0.002509070234419153,49.39061881345328,0.003220783748843921,0.48210739294354105,0.010950986791711009,-0.004973182941032439,0
2025-02-25,584.2379150390625,594.239990234375,597.8900146484375,589.5599975585938,597.1500244140625,58266500,-0.004973182941032439,-0.02820978757304171,-0.0085590675716406,0.006837725287284809,-0.01641868484048814,-0.007252956269540922,41.603491971755616,0.0015675149472398802,1.0675839419109683,0.014017934213007604,0.0005049020314549235,1
2025-02-26,584.5328979492188,594.5399780273438,599.5800170898438,591.8599853515625,595.9299926757812,43321600,0.0005049020314549235,-0.030003293759601757,-0.01650895222478055,0.006508705744725461,-0.015108611264080474,-0.006390436026950219,38.6810764980277,0.0002818781414710714,0.050257905584979126,0.012984882469797843,-0.015961909523318774,0
2025-02-27,575.20263671875,585.0499877929688,598.02001953125,584.6500244140625,596.8499755859375,74196700,-0.015961909523318774,-0.04149879039582627,-0.027849227359382667,0.007306671866671584,-0.02948209255578782,-0.021686177851372168,28.793717482288955,-0.0020337570522605073,1.8403224117495542,0.022852739759254094,0.0156054888944539,1
2025-02-28,584.178955078125,594.1799926757812,594.719970703125,582.4400024414062,585.5599975585938,88744100,0.0156054888944539,-0.009601021195011716,-0.017949087852583867,0.008118276731833289,-0.013448043918026786,-0.00615309879322834,43.8675119613355,-0.002543826749473906,2.2141446895253467,0.020667084743830152,-0.017519873186066404,0
2025-03-03,573.9442138671875,583.77001953125,597.3400268554688,579.9000244140625,596.1799926757812,74249200,-0.017519873186066404,-0.02250458316198889,-0.02999219950292209,0.008891414012371406,-0.02927771495150555,-0.022879241075710155,32.450990323134135,-0.004413875483204286,1.3904076716519187,0.02987478263342481,-0.011836973076626123,0
2025-03-04,567.1504516601562,576.8599853515625,585.3900146484375,572.25,579.7100219726562,109648200,-0.011836973076626123,-0.029247440022381554,-0.034979901890276444,0.009120402962042915,-0.03909759529550627,-0.033623592859025164,28.61223118279571,-0.006818138654239493,2.548613214042415,0.02277851642011437,0.010747839611165988,1
2025-03-05,573.24609375,583.0599975585938,584.8800048828125,573.0800170898438,576.6900024414062,71230500,0.010747839611165988,-0.019309100033235937,-0.03110780905072419,0.009358923598976767,-0.02725331874913728,-0.023196109588013214,35.65574885135271,-0.00764317139900029,0.835505317497495,0.02023803355122631,-0.017751050248379863,0
2025-03-06,563.0703735351562,572.7100219726562,580.1699829101562,570.1199951171875,575.47998046875,80094900,-0.017751050248379863,-0.02109215502349293,-0.052149746725389745,0.009926174817753609,-0.04200252179121333,-0.040168008701601976,25.234150214963023,-0.00985015449279734,1.0906524934129767,0.01754812628972744,0.005604776840324233,1
2025-03-07,566.2262573242188,575.9199829101562,577.3900146484375,565.6300048828125,570.9000244140625,81158800,0.005604776840324233,-0.03073150375899003,-0.05013852624944182,0.010006172731352495,-0.03417748796806963,-0.03429537720935549,28.323865673425487,-0.010850879826819352,1.0259250640070068,0.02041952027120331,-0.026635619444153158,0
2025-03-10,551.1444702148438,560.5800170898438,569.5399780273438,555.5900268554688,567.5900268554688,99326600,-0.026635619444153158,-0.039724668533063556,-0.06689750831349228,0.0112964634785573,-0.05672397644542382,-0.05894102565463244,22.171131574517986,-0.014053379353650253,1.5566077410736094,0.024884852735732196,-0.00831278043479966,0
2025-03-11,546.5629272460938,555.9199829101562,564.02001953125,552.02001953125,559.4000244140625,88102100,-0.00831278043479966,-0.03629993479472504,-0.08089602632108883,0.011082487185145819,-0.06069842825382199,-0.06533978380530181,19.896478363060027,-0.016973899275284036,1.0246145482033302,0.021585840352746147,0.005306487954566119,1
2025-03-12,549.4632568359375,558.8699951171875,563.1099853515625,553.6900024414062,562.1699829101562,69588200,0.005306487954566119,-0.04148800519246887,-0.07672109855593667,0.011234085168170661,-0.05199469296822912,-0.059036244500342616,22.915069888296244,-0.018455084942769893,0.24094024048356913,0.016855410010303034,-0.013330436330021067,0
2025-03-13,542.138671875,551.4199829101562,559.1099853515625,549.6799926757812,558.489990234375,74079400,-0.013330436330021067,-0.037174219500734074,-0.08608455076061361,0.011426626262824324,-0.06049324432565251,-0.07021492681629271,23.65900809266323,-0.020816327616573472,0.3681082356962339,0.01710128934032065,0.02065556606322616,1
2025-03-14,553.3368530273438,562.8099975585938,563.8300170898438,551.489990234375,556.1099853515625,62660300,0.02065556606322616,-0.022763699369551804,-0.0769522823560268,0.012312412659943588,-0.037238935288988806,-0.05019579225720039,32.92963111059905,-0.02016938309545522,-0.1468237725641754,0.021925742095908734,0.007711448795157061,1
2025-03-17,557.6038818359375,567.1500244140625,569.7100219726562,562.3499755859375,562.7899780273438,49008700,0.007711448795157061,0.011719997151701023,-0.06978840745013815,0.012560727584119542,-0.026270891762737336,-0.0422594966052825,36.73746147720849,-0.019001039324054038,-0.8159637297067014,0.012977247764950035,-0.010808379622018083,0
2025-03-18,551.5770874023438,561.02001953125,565.02001953125,559.0599975585938,564.7999877929688,66041400,-0.010808379622018083,0.00917398511002987,-0.08253606768960187,0.01256401939420099,-0.03260403639272891,-0.05185474761117059,34.47568773576225,-0.01905825551794457,-0.15730925397818638,0.010623545979047303,0.010890845995021214,1
2025-03-19,557.584228515625,567.1300048828125,570.9500122070312,561.6300048828125,562.8300170898438,66556000,0.010890845995021214,0.014779826637456805,-0.07472296767334985,0.01293861849578799,-0.018191348041379674,-0.04072387391079524,41.43235699521666,-0.017662093476000968,-0.24476921221048595,0.01643363469394388,-0.0028916989401738258,0
2025-03-20,555.9718627929688,565.489990234375,570.5700073242188,562.5999755859375,563.3300170898438,62958200,-0.0028916989401738258,0.025515964153832282,-0.07354440161665687,0.01293984774092515,-0.01721166701374477,-0.04253031263349416,35.22500500337928,-0.016807101495323707,-0.5706769119231921,0.014094027968519765,0.0003298919546212975,1
2025-03-21,556.1552734375,563.97998046875,564.8900146484375,558.030029296875,559.280029296875,83763000,0.0003298919546212975,0.005093498462530599,-0.05711150653168284,0.012573694423157027,-0.013951596997993976,-0.041469402329719185,39.58543860978145,-0.015874018321869323,0.6677011373213755,0.012163526346911901,0.01790848775160092,1
2025-03-24,566.1151733398438,574.0800170898438,575.1500244140625,570.2000122070312,570.7999877929688,58766800,0.01790848775160092,0.015264046361876948,-0.035838372489967796,0.013391167609130583,0.005582867879318387,-0.023850915809839113,49.415561325747554,-0.01329963859981702,-0.8884011345887023,0.008622512645752955,0.0024039293468809397,1
2025-03-25,567.47607421875,575.4600219726562,576.4099731445312,573.6900024414062,575.2999877929688,38355700,0.0024039293468809397,0.028824596197936092,-0.02869009420450197,0.013398957702062458,0.00950305693651754,-0.021394871877434385,46.55872832824438,-0.011131393785397884,-1.9138120132258152,0.004726602369007387,-0.011938334576674592,0
2025-03-26,560.7013549804688,568.5900268554688,576.3300170898438,567.1900024414062,575.1900024414062,51848300,-0.011938334576674592,0.005590413619018575,-0.04077023389506529,0.01359482888418984,-0.0004299012826530779,-0.032714051087220586,48.52736295756693,-0.01040735398218007,-1.2168396359363751,0.016074876829946266,-0.002655735881150312,0
2025-03-27,559.2122802734375,567.0800170898438,570.9000244140625,564.9400024414062,567.1799926757812,42164200,-0.002655735881150312,0.005828383947688032,-0.027799518681850377,0.0131948434374927,-0.0016615521547335144,-0.03484405755172104,45.54768541011413,-0.00985413322676054,-1.5728071117399254,0.010510019385345385,-0.02013843063199028,0
2025-03-28,547.9506225585938,555.6599731445312,566.27001953125,555.0700073242188,565.530029296875,71662700,-0.02013843063199028,-0.014752446431362087,-0.06201581245713694,0.013201552317591432,-0.01859280116991524,-0.053141681583791955,47.86928047090172,-0.011117052540723186,0.08987557958960171,0.020156233575093312,0.006712801372924737,1
2025-03-31,551.62890625,559.3900146484375,560.7100219726562,546.8699951171875,549.8300170898438,95328200,0.006712801372924737,-0.025588904470411622,-0.038880621283432504,0.012918705394490181,-0.010026454298388776,-0.045794546859202256,53.420907510491354,-0.011210408128375112,1.2973899185112907,0.024741283349805337,0.002824553701041621,1
2025-04-01,553.18701171875,560.969970703125,562.9400024414062,553.6799926757812,557.4500122070312,54609600,0.002824553701041621,-0.025180026346788065,-0.02462034527263912,0.012739982869459508,-0.005984754372646561,-0.041961342611189556,52.560966190712854,-0.010957603408579921,-0.8272721140618803,0.016507139863508945,0.006328298292829215,1
2025-04-02,556.687744140625,564.52001953125,567.4199829101562,554.8099975585938,555.0499877929688,76014500,0.006328298292829215,-0.00715819714754129,-0.02888523757930095,0.012559467312680187,0.0017960176992266597,-0.0346878239653986,60.56143453888429,-0.010090723848051486,0.4435801799068267,0.022337534392550363,-0.049280587213450744,0
2025-04-03,529.2538452148438,536.7000122070312,547.969970703125,536.7000122070312,545.1099853515625,125986000,-0.049280587213450744,-0.053572562898556164,-0.060057374548052156,0.016178655627097475,-0.04466623386704838,-0.08012222664562774,35.85250138400066,-0.013970212830055659,2.6265554927247883,0.020998617923910872,-0.05854310111696115,0
2025-04-04,498.2696838378906,505.2799987792969,525.8699951171875,505.05999755859375,523.6699829101562,217965100,-0.05854310111696115,-0.09066681681777011,-0.12001664106406229,0.020239188302656173,-0.0950440898202648,-0.130916905725583,23.471523813864067,-0.022423542984636124,3.592679048588905,0.04118508076486009,-0.0017811884523963872,0
2025-04-07,497.3821716308594,504.3800048828125,523.1699829101562,481.7999877929688,489.1900024414063,256611400,-0.0017811884523963872,-0.09833918056961977,-0.09754665335393298,0.019671725821014577,-0.0922240920488665,-0.12941719117552297,24.602132846540357,-0.0283028666388051,3.062636832291105,0.08202148125756757,-0.01566275431689801,0
2025-04-08,489.591796875,496.4800109863281,524.97998046875,489.1600036621094,521.8599853515625,165816600,-0.01566275431689801,-0.11496151120063336,-0.10423526282352868,0.019806432632238052,-0.10177254885607612,-0.14005186786982415,18.659889177473588,-0.03434263703206265,1.3013393807799367,0.07214787305430313,0.10501950265487436,1
2025-04-09,541.0084838867188,548.6199951171875,548.6199951171875,493.0499877929688,493.4400024414063,241867300,0.10501950265487436,-0.028165269343428334,-0.015387330897984386,0.031634380087749624,-0.0066707467218133365,-0.04795673222438934,45.27311288923166,-0.027106142126537044,2.1281990666710766,0.10129052498778997,-0.043819170447082834,0
2025-04-10,517.3019409179688,524.5800170898438,533.5,509.3200073242188,532.1699829101562,162331200,-0.043819170447082834,-0.022582555431455154,-0.04581250562910921,0.032999877108299124,-0.04802701852296887,-0.08728520781608462,39.31441493856451,-0.028425936864480153,0.8697706281160643,0.04609400260788038,0.01784277577362925,1
2025-04-11,526.5320434570312,533.9400024414062,536.4299926757812,520.0700073242188,523.010009765625,97866300,0.01784277577362925,0.05672100979825134,-0.04844211879917548,0.032904830890849626,-0.028645430632017077,-0.06875462390905218,39.069827174742535,-0.026270690112055597,-0.0940600730239421,0.030640119258264077,0.009701506983955888,1
2025-04-14,531.6401977539062,539.1199951171875,544.280029296875,533.8599853515625,544.0499877929688,68034000,0.009701506983955888,0.06887666683089733,-0.046562954326186845,0.032938662975930955,-0.016867312624549435,-0.05771860283927066,40.305195583620176,-0.02366959628185238,-0.5513172415457608,0.019327875129260444,-0.0028009069165995104,0
2025-04-15,530.151123046875,537.6099853515625,543.22998046875,536.8099975585938,539.6699829101562,56892900,-0.0028009069165995104,0.08284314898811584,-0.03884491369352283,0.032872998340279784,-0.017674899086717044,-0.058436777080112745,41.491814865318304,-0.021844343595936844,-0.7064355235511806,0.011941710691921008,-0.02222796326408627,0
2025-04-16,518.366943359375,525.6599731445312,537.8900146484375,520.2899780273438,531.6799926757812,83484800,-0.02222796326408627,-0.04185062009505314,-0.07033427982827356,0.0330508472812406,-0.03600749664394409,-0.07696305891158561,39.241571028684646,-0.022383998007441595,-0.32848394988498014,0.03348178959833905,0.0014267171117980926,1
2025-04-17,519.1065063476562,526.4099731445312,531.1699829101562,523.9099731445312,527.6400146484375,79868100,0.0014267171117980926,0.0034884180532654963,-0.0663079535358434,0.03306661178230917,-0.03131161068349608,-0.07317246231925889,41.9567958303095,-0.022017422045114542,-0.3974206233252952,0.013791550570854572,-0.02380276591259234,0
2025-04-21,506.7503356933594,513.8800048828125,521.7000122070312,508.4599914550781,521.1599731445312,69368100,-0.02380276591259234,-0.03756980797178433,-0.08883299341706719,0.033380695417374276,-0.0499898590969573,-0.09233710657239946,38.063274068852735,-0.023973730241799652,-0.5408818197127354,0.02576481012327467,0.026017821531153285,1
2025-04-22,519.9348754882812,527.25,529.2999877929688,519.1900024414062,520.1400146484375,75948100,0.026017821531153285,-0.022017376253861354,-0.08157403303486455,0.03371003165296535,-0.02103498535342796,-0.06635630263679437,41.67079455412395,-0.022160567772776477,-0.45939068153253393,0.019174936655405407,0.015495362918822586,1
2025-04-23,527.991455078125,535.4199829101562,545.4299926757812,533.8800048828125,540.4299926757812,90590700,0.015495362918822586,-0.004073683662760175,-0.06957935485647371,0.03396134142909928,-0.0021563807182691797,-0.04961330177245871,42.97236748527166,-0.019426633058217107,-0.28688719729506823,0.02157182802590101,0.021049146580611966,1
2025-04-24,539.105224609375,546.6900024414062,547.4299926757812,535.4500122070312,536.719970703125,64150400,0.021049146580611966,0.04000695166941326,-0.03851627997554241,0.034306948906721556,0.020930800747540168,-0.027647631465737454,52.62217596822555,-0.015326461615331808,-0.7093316545405449,0.021913662981305395,0.007225197278295514,1
2025-04-25,543.0003662109375,550.6400146484375,551.0499877929688,543.6900024414062,546.6500244140625,61119600,0.007225197278295514,0.04602881984931062,-0.028990625982986074,0.03435924318389565,0.029888173546797958,-0.018845321213328825,63.912394159838456,-0.011593054599743562,-0.7822337507784185,0.013366237752012207,0.000381272763119167,1
2025-04-28,543.2073974609375,550.8499755859375,553.5499877929688,545.02001953125,551.3900146484375,47613800,0.000381272763119167,0.07194284680185925,-0.008656300225571956,0.03406025128011946,0.030744485925219944,-0.016471589808870313,64.31341321107334,-0.008588353775777796,-0.9609146238477645,0.015485102368653912,0.006299501905075555,1
2025-04-29,546.6293334960938,554.3200073242188,555.4500122070312,548.5499877929688,548.9099731445312,47775100,0.006299501905075555,0.051341926203244626,-0.009063290007576996,0.03405615654329079,0.03772989786886072,-0.008379584603180112,68.31537145688365,-0.005602017909072858,-0.9017612287423599,0.012447727527227271,0.0003967183919115769,1
2025-04-30,546.84619140625,554.5399780273438,556.52001953125,541.52001953125,547.5700073242188,93101500,0.0003967183919115769,0.035710305814201426,-0.011462344881885578,0.03405020273536869,0.038766792949083584,-0.00602613645301775,52.7929037555642,-0.0032076583588317334,-0.24708617332642055,0.027049447459783264,0.007086980474864335,1
2025-05-01,550.7216796875,558.469970703125,564.0700073242188,557.8599853515625,560.3699951171875,63186100,0.007086980474864335,0.02154765813397952,-0.010717075265120113,0.03405808869616071,0.04672163216680825,0.0029100397211230256,69.73328749133255,-0.0007264302786102204,-0.6942728730254868,0.011119706158663655,0.014844136511218409,1
2025-05-02,558.8966674804688,566.760009765625,568.3800048828125,562.3800048828125,564.72998046875,60717300,0.014844136511218409,0.02927493655382918,0.05600870458218754,0.03213878906020417,0.05927532047336226,0.019327306379974374,69.35139885277358,0.002357300675115195,-0.6747815460586039,0.010586491454259817,-0.005734215590911473,0
2025-05-05,555.6918334960938,563.510009765625,566.6500244140625,561.7000122070312,562.5700073242188,38659200,-0.005734215590911473,0.02298281668016866,0.11524311335964232,0.02879374794184507,0.04750112306780996,0.014746310089942538,64.71585320221106,0.0043053983285195226,-0.9308089127117384,0.008784248941895563,-0.008358545349501978,0
2025-05-06,551.0470581054688,558.7999877929688,563.3499755859375,556.9600219726562,557.9299926757812,48264700,-0.008358545349501978,0.0080817554760928,0.1078946724178882,0.028922742185252957,0.03351798088450986,0.007593360470389499,62.30970526518655,0.0051482228712237035,-0.7541375611761514,0.011435135563475854,0.004205638790233612,1
2025-05-07,553.3645629882812,561.1500244140625,563.8200073242188,556.0399780273438,560.1500244140625,55588000,0.004205638790233612,0.01191993596091212,0.1302570151712803,0.028494962814603,0.03169457580104007,0.012974625858368283,73.20514543052876,0.0060315796979247315,-0.532042389352604,0.013864437242070324,0.006967872870209169,1
2025-05-08,557.2203369140625,565.0599975585938,570.3099975585938,561.7000122070312,565.239990234375,65130800,0.006967872870209169,0.011800256765359451,0.02996598669003192,0.01661190801541533,0.03731562699915969,0.02105391032401016,74.26847562492227,0.007177653595532563,-0.23720041750403217,0.015237294072776209,-0.00127433074633454,0
2025-05-09,556.51025390625,564.3400268554688,567.5,562.760009765625,566.47998046875,37603400,-0.00127433074633454,-0.004269865456483779,0.07579386406071631,0.012767502641453038,0.03222664346839088,0.020451800951436283,87.20128350386334,0.007934933344306417,-1.5891662542585472,0.00839917427226714,0.033047433039141705,1
2025-05-12,574.9014892578125,582.989990234375,583.0,577.0399780273438,581.469970703125,78993600,0.033047433039141705,0.03456890060964657,0.0918642016223814,0.014040805049707861,0.06157702809129639,0.05453390260499957,88.12572128186869,0.010712871300285727,0.9187467303586814,0.010223197777821517,0.006604073855214221,1
2025-05-13,578.6981811523438,586.8400268554688,589.0800170898438,582.8400268554688,583.4099731445312,67947200,0.006604073855214221,0.05017924084730829,0.08851472028874019,0.013997396605752768,0.06396513482569066,0.061313026483537314,87.37994516149642,0.013404409221154597,0.2281228975861059,0.010633204874949388,0.0012778715696883935,1
2025-05-14,579.4376831054688,587.5900268554688,588.97998046875,585.5399780273438,587.8099975585938,66283500,0.0012778715696883935,0.04711743732989948,0.09296700113608147,0.013917326071460838,0.060519754891595,0.06219053234243699,85.10110050983171,0.015497607871148207,0.09523288989026546,0.005854426188639851,0.004884390984280174,1
2025-05-15,582.2678833007812,590.4600219726562,590.969970703125,585.0999755859375,585.5599975585938,71268100,0.004884390984280174,0.044950883389207164,0.1232735627918018,0.01241103342054532,0.05950402649900388,0.06702575238004416,84.81971503816125,0.01727960819040935,0.46270235550815936,0.009941392979623835,0.006334043929497213,1
2025-05-16,585.9559936523438,594.2000122070312,594.5,589.280029296875,591.25,76052100,0.006334043929497213,0.05291140556604046,0.1287779800238471,0.012366328511116013,0.0597694324139344,0.07288443324609473,85.70238674166077,0.018923280652105585,0.7959523913976482,0.008784871416842477,0.0010938196429841618,1
2025-05-19,586.596923828125,594.8499755859375,595.5399780273438,588.0999755859375,588.0999755859375,68168500,0.0010938196429841618,0.02034337149728227,0.1575659304211725,0.010267810598142,0.0533230141886194,0.07325735417865786,85.00587503862343,0.02014584018409991,0.2809974698443578,0.012507359412896872,-0.003362153676216839,0
2025-05-20,584.6246948242188,592.8499755859375,594.0499877929688,589.5999755859375,593.0900268554688,60614500,-0.003362153676216839,0.01024111335562461,0.12441908089967235,0.009538604432028912,0.0437196409391849,0.06834004175331332,82.10145912187147,0.02069166549170633,-0.16951786101639033,0.007506135431030631,-0.016850879747133396,0
2025-05-21,574.7732543945312,582.8599853515625,592.5800170898438,581.8200073242188,588.4400024414062,95197700,-0.016850879747133396,-0.00804992296313678,0.08860332656232872,0.010521741024375718,0.02186480679184455,0.04925576009165544,68.55307476673356,0.019820012357976938,2.069177134172122,0.018460711038749567,0.00039481431886834173,1
2025-05-22,575.0001831054688,583.0900268554688,586.6199951171875,581.4099731445312,582.6599731445312,70860400,0.00039481431886834173,-0.012481712290420499,0.06658247195081901,0.009779311696262841,0.01901676919585804,0.0486922630309532,64.15812192383892,0.018657494227778754,0.4623356106199789,0.00893519307945163,-0.0068258512570531504,0
2025-05-23,571.0753173828125,579.1099853515625,581.8099975585938,575.5999755859375,575.97998046875,76029000,-0.0068258512570531504,-0.025395552619537076,0.051703374286434345,0.009983049474054966,0.009549630496556105,0.040435865515173974,63.355974560149384,0.017112491835427353,0.7374340079127849,0.010723389562841518,0.02079068471986001,1
2025-05-27,582.9483642578125,591.1500244140625,591.3099975585938,578.4299926757812,586.0700073242188,72588500,0.02079068471986001,-0.00621987504895527,0.07315984094221184,0.010760341850937199,0.026931542387949037,0.06092252775457596,74.60816375341695,0.016913416412232058,0.4508490114844505,0.021788047620532425,-0.005785451740996206,0
2025-05-28,579.5757446289062,587.72998046875,592.77001953125,586.989990234375,591.5599975585938,68445500,-0.005785451740996206,-0.00863622464123004,0.0602719413575854,0.010938094128885469,0.01803599269329137,0.05394172912987383,69.89504055503977,0.016471546042890715,0.11646545081338198,0.009834497964975479,0.003947442276660329,1
2025-05-29,581.8635864257812,590.0499877929688,593.2000122070312,586.0700073242188,593.0599975585938,69973300,0.003947442276660329,0.012335876760165121,0.06403518131758723,0.010922645996998529,0.018921004118557905,0.05693788359968943,69.16100741753158,0.01611182596028327,0.32915764120508934,0.012083730243740315,-0.0011185059286688004,0
2025-05-30,581.2127685546875,589.3900146484375,591.1300048828125,583.239990234375,588.9299926757812,90601200,-0.0011185059286688004,0.010804492992794845,0.05536569558055038,0.010921658049536154,0.015071399991098078,0.05485019751721265,69.22480605426111,0.015625376636228525,1.636283907003304,0.01338674638582701,0.005632921295571913,1
2025-06-02,584.4866943359375,592.7100219726562,592.7899780273438,585.0599975585938,587.760009765625,61630500,0.005632921295571913,0.023484427613835956,0.04578668713633549,0.010573667010942644,0.018513235062709743,0.059695260408671125,59.75510974840111,0.015414574201822693,-0.37162178242042254,0.013041757659205922,0.005702557269405606,1
2025-06-03,587.8197631835938,596.0900268554688,597.0800170898438,591.8499755859375,592.3400268554688,63606200,0.005702557269405606,0.008356484423767574,0.05781609113340669,0.010424875323839669,0.021462017115009058,0.06451598052715601,59.37170778693047,0.01550878858015198,-0.360827755116623,0.008773912107699722,-0.0002684085986693896,0
2025-06-04,587.6619873046875,595.9299926757812,597.9500122070312,595.489990234375,596.9600219726562,57314200,-0.0002684085986693896,0.013952003255344625,0.0664461023076739,0.010118908566121585,0.017949433342598464,0.0634003703762891,58.552052855719374,0.01545708120267208,-0.9287550347740317,0.004128038532866121,-0.004832859623354335,0
2025-06-05,584.8218994140625,593.0499877929688,599.0,591.0499877929688,597.6300048828125,92278700,-0.004832859623354335,0.005084203681576582,0.05684739958031515,0.010275541397150876,0.010277302384337217,0.05759718764320354,52.65525079095952,0.014923755559169393,1.6838189153221912,0.013405298660602225,0.010269030973764526,1
2025-06-06,590.8274536132812,599.1400146484375,600.8300170898438,596.8599853515625,598.6599731445312,66588700,0.010269030973764526,0.01654245326114001,0.060312078495444066,0.010371773372117544,0.017697690867118476,0.06729475498191606,54.83173030355863,0.014942759482886843,-0.3113999970616617,0.006626216979700112,0.0009012287764704752,1
2025-06-09,591.3599243164062,599.6799926757812,601.25,598.489990234375,599.719970703125,53016400,0.0009012287764704752,0.011759429337014682,0.06262179387628497,0.010336119826680196,0.01556672682147342,0.06701733777448449,54.73434131035395,0.014964616253710403,-1.6454221728480216,0.004602470983415328,0.005669718390465928,1
2025-06-10,594.7127685546875,603.0800170898438,603.469970703125,599.0900268554688,600.219970703125,66247000,0.005669718390465928,0.011726392684998643,0.034460302620629824,0.007614741213034678,0.01959024224902217,0.07125927459638248,59.75951222219729,0.015187919017515896,-0.40578147206823234,0.007262624732272879,-0.002851975015019881,0
2025-06-11,593.0166625976562,601.3599853515625,605.0599975585938,599.27001953125,604.1900024414062,73658200,-0.002851975015019881,0.009111828582835546,0.024742572055092005,0.0075892397240452285,0.015436052282872259,0.06661370651381016,70.95596792874551,0.01507136416618657,0.2384464375313721,0.00962813983035279,0.0039742753822695764,1
2025-06-12,595.3734741210938,603.75,603.75,599.52001953125,600.010009765625,64129000,0.0039742753822695764,0.01804237275930154,0.027502165427381042,0.007613669647469458,0.018082642485505396,0.06923011161225201,72.31083686024346,0.015031555735741586,-0.6101956500562614,0.007006178830227743,-0.011180059785133145,0
2025-06-13,588.7171630859375,597.0,601.8499755859375,595.47998046875,598.5,89506000,-0.011180059785133145,-0.003571754349663281,0.011076138612688524,0.008059388595289945,0.006145618746741022,0.056061129078183836,68.22908389147463,0.01414206216308596,1.489353278728563,0.01067000857150335,0.009514239842613348,1
2025-06-16,594.318359375,602.6799926757812,604.4500122070312,600.219970703125,600.4000244140625,79984100,0.009514239842613348,0.0050027655526601045,0.014271320394783293,0.00820884037770018,0.014993031671198143,0.06362592664920763,63.49796826905798,0.013778724324458624,0.6647825974350302,0.00701871898074083,-0.0085450687006845,0
2025-06-17,589.2398681640625,597.530029296875,601.75,596.760009765625,600.2100219726562,82209400,-0.0085450687006845,-0.009202594395149144,0.004505554374014897,0.008465944506453637,0.006092786831621844,0.05111462699201885,61.02623812501654,0.012869774546351243,0.7807176294366199,0.008351028383036778,-0.00015092024056917452,0
2025-06-18,589.1509399414062,597.4400024414062,601.219970703125,596.469970703125,598.4400024414062,76605000,-0.00015092024056917452,-0.006518742052401327,0.007742138088348227,0.008424004461201697,0.005552386533016929,0.04752635821861273,58.753706153020495,0.011907686598903646,0.26042270564755615,0.00795058914801383,-0.002348370897978347,0
2025-06-20,587.7673950195312,594.280029296875,599.4600219726562,592.8599853515625,598.3800048828125,94051400,-0.002348370897978347,-0.012775307319142448,0.02260742044910935,0.007423988767301148,0.0020797618562633513,0.04143055881601043,57.73733787333622,0.010854848656269615,1.7557253857939523,0.011105937093162313,0.009877485739587577,1
2025-06-23,593.5730590820312,600.1500244140625,600.5399780273438,591.8900146484375,595.0399780273438,87426000,0.009877485739587577,0.008248266401203797,0.032300643586326894,0.0076722468513540565,0.010378122267137302,0.049761860082273124,60.120958476271284,0.010567876748476856,1.0843864469984255,0.014413001794595223,0.011047186039507384,1
2025-06-24,600.13037109375,606.780029296875,607.8499755859375,603.4099731445312,604.3300170898438,67735300,0.011047186039507384,0.009779290218902226,0.0508777963721041,0.007677791164087041,0.01902005234463755,0.05825837450061733,62.79340593820763,0.011064813083679362,-0.5040999750166316,0.0073173180181148,0.0005602827185173798,1
2025-06-25,600.4666137695312,607.1199951171875,608.6099853515625,605.5399780273438,607.9099731445312,62114800,0.0005602827185173798,0.019052929396051743,0.030051117021354656,0.006362997109276646,0.018076808618035622,0.05609752826055692,63.257622195905256,0.01145679950541347,-0.9015293273422327,0.005056673061189776,0.007823912169541813,1
2025-06-26,605.1646118164062,611.8699951171875,612.3099975585938,608.3699951171875,608.989990234375,78548400,0.007823912169541813,0.027180932405187486,0.044151031896416226,0.00626981137745931,0.023821211941712495,0.06161470218654119,70.28207908729883,0.012167139053380105,0.37605016025843846,0.0064392803583245605,0.004968221436231435,1
2025-06-27,608.1712036132812,614.9099731445312,616.3900146484375,610.8300170898438,612.8800048828125,86258400,0.004968221436231435,0.034714087182518893,0.04521268868034878,0.006289071244416715,0.02662316662540043,0.06397656647147354,68.39189969372724,0.012986504775278228,0.9101698042209623,0.009041970046706175,0.004781280167141189,1
2025-06-30,611.0790405273438,617.8499755859375,619.219970703125,615.0399780273438,617.3800048828125,92502500,0.004781280167141189,0.029492547172517813,0.051386124993305415,0.00626193851393647,0.028938005603358796,0.06560697305126606,69.9078912342624,0.01384281612676295,1.3790847844258591,0.006765384544714366,-0.0003235144031829007,0
2025-07-01,610.88134765625,617.6500244140625,618.8300170898438,615.52001953125,616.3599853515625,70030100,-0.0003235144031829007,0.017914401737252783,0.04515868979755089,0.006248086528472019,0.026324459251534593,0.061863462244973855,67.43403647046745,0.014383224386170814,-0.41153923703909734,0.005359017935332877,0.004533165212595502,1
2025-07-02,613.6505737304688,620.4500122070312,620.489990234375,616.6099853515625,617.239990234375,66510400,0.004533165212595502,0.021956191499429067,0.043943419675066764,0.006219279392946744,0.02874470432969156,0.06272756196482043,71.74561313230072,0.014933125658238974,-0.7109023428561786,0.006253533413611769,0.007881400243543668,1
2025-07-03,618.4869995117188,625.3400268554688,626.280029296875,622.4299926757812,622.4500122070312,51065800,0.007881400243543668,0.022014485703857112,0.05245364320467649,0.006317257950175414,0.03418053229171192,0.06745959610275443,73.14896093385138,0.015749224956877618,-1.848809503922419,0.006156709079464678,-0.007451971921066947,0
2025-07-07,613.8780517578125,620.6799926757812,624.030029296875,617.8699951171875,623.3599853515625,74814500,-0.007451971921066947,0.009383621109690043,0.0496837624802724,0.006503383689442582,0.023986319615470597,0.05637312017940599,76.27708751380032,0.015824091321149505,0.05399070920167163,0.009924654012337818,-0.0005478347205516432,0
2025-07-08,613.541748046875,620.3400268554688,622.1099853515625,619.52001953125,621.3499755859375,59024600,-0.0005478347205516432,0.004030096527948279,0.03844488656490408,0.006264061873835738,0.021490190480282223,0.053096541746626036,72.55672914679249,0.01557460491607527,-1.1646797272455616,0.004175074488488438,0.00599675615492945,1
2025-07-09,617.2210083007812,624.0599975585938,624.719970703125,620.9099731445312,622.77001953125,66113300,0.00599675615492945,0.010377891989752808,0.043731546425418655,0.006324351397656781,0.025408303186390757,0.05671931215203063,83.94782714297774,0.015579799770473905,-0.7018829917011796,0.006105178305770231,0.0028203571621754353,1
2025-07-10,618.9617919921875,625.8200073242188,626.8699951171875,623.010009765625,624.2000122070312,57529000,0.0028203571621754353,0.008655118220506353,0.04077434472515473,0.006273046075641992,0.026233197229770244,0.05695797238300959,84.77390104530808,0.01565987971911988,-1.3370014002055701,0.006167884226115443,-0.0035155067463294998,0
2025-07-11,616.7858276367188,623.6199951171875,624.8599853515625,621.530029296875,622.739990234375,63670200,-0.0035155067463294998,-0.0027505378065231234,0.04008178275285523,0.0063018514879732215,0.020614394489940846,0.05072466457939129,83.23514115068002,0.015352020673774995,-0.7839802059269034,0.005339719830602532,0.0019081841138897104,1
2025-07-14,617.9627685546875,624.8099975585938,625.1599731445312,621.7999877929688,623.1599731445312,51898500,0.0019081841138897104,0.006653954780071691,0.03794138539164971,0.006284449157365663,0.02065435264962323,0.05018503083042969,81.24680377900839,0.015016150600951657,-1.5794345863945884,0.005377611377365013,-0.004273212189356279,0
2025-07-15,615.3220825195312,622.1400146484375,627.8599853515625,622.0599975585938,627.52001953125,74317300,-0.004273212189356279,0.00290173322080145,0.045191343316943744,0.005690570947718665,0.014064885711562836,0.043406382469012295,71.63389580656994,0.014325119365060188,0.17291041101620808,0.009322640653882778,0.0033431741923299896,1
2025-07-16,617.3792114257812,624.219970703125,624.72998046875,618.0499877929688,623.739990234375,88987500,0.0033431741923299896,0.00025631519807722825,0.03880218688689441,0.005436316244437902,0.015525338768481722,0.04482238568651753,72.95924116582594,0.013790562411980798,1.2484189906119,0.010701344060262711,0.006119637877514572,1
2025-07-17,621.1573486328125,628.0399780273438,628.4000244140625,624.1799926757812,624.4000244140625,68885700,0.006119637877514572,0.0035471602109047318,0.05416721133992097,0.004914563509408118,0.019064891109880966,0.04889217170983895,72.26660956081179,0.013656592124882933,-0.23270399414739779,0.0067193680114699915,-0.0007322363413652111,0
2025-07-18,620.7025146484375,627.5800170898438,629.469970703125,626.4600219726562,629.2999877929688,65621600,-0.0007322363413652111,0.0063501572770015,0.05355431446849468,0.004933697861438992,0.01568992590827545,0.045664296016205475,68.78184615778679,0.013413126428975802,-0.44120650951957463,0.004796119456489719,0.0018960449732978724,1
2025-07-21,621.87939453125,628.77001953125,631.5399780273438,628.3400268554688,628.77001953125,63375000,0.0018960449732978724,0.006337964317369549,0.05803656310433003,0.004798002518909233,0.014783491668454607,0.04523403596997411,67.07338488227813,0.013187926974977688,-0.5397489858762335,0.005089223519690989,0.00014309729281114514,1
2025-07-22,621.9683837890625,628.8599853515625,629.72998046875,626.1900024414062,629.0999755859375,60046300,0.00014309729281114514,0.01080133715064635,0.047837960757425524,0.00453245620473753,0.012582776830793563,0.04311324207229461,67.5870201691607,0.012890657003726021,-0.7390051884787855,0.005629199042398499,0.008507379054456532,1
2025-07-23,627.2597045898438,634.2100219726562,634.2100219726562,629.72998046875,631.5499877929688,70511000,0.008507379054456532,0.016003929159267294,0.04520573329200106,0.004305836226113009,0.018946992869037782,0.04949683984617259,69.98838197484912,0.013079706733448614,0.1686556904725589,0.00706397147426252,0.00033122432439824934,1
2025-07-24,627.4674682617188,634.4199829101562,636.1500244140625,633.989990234375,634.5999755859375,71307100,0.00033122432439824934,0.010158649242088202,0.044966454209144135,0.004310790376724,0.01705402622326302,0.04800101365624587,65.2656676032022,0.013186016688236452,0.19979731456530114,0.0034047385610068252,0.004224338152491125,1
2025-07-25,630.1181030273438,637.0999755859375,637.5800170898438,634.8400268554688,635.0900268554688,56865400,0.004224338152491125,0.015169244777813118,0.04123422077844152,0.004135675989745772,0.019289057519114472,0.05062353235147832,79.57508675441775,0.013402799391757175,-0.9760772902583945,0.004300722554344858,-0.0002511658677887274,0
2025-07-28,629.9598388671875,636.9400024414062,638.0399780273438,635.5399780273438,637.47998046875,54917100,-0.0002511658677887274,0.012993587513907334,0.03582648294502455,0.004105107122922101,0.01724038234770342,0.048593028084479295,80.0944696542527,0.013446704004483716,-1.0565075588829687,0.003925016470024556,-0.0026375650574512743,0
2025-07-29,628.2982788085938,635.260009765625,638.6699829101562,634.3400268554688,638.3499755859375,60556300,-0.0026375650574512743,0.010177197401850524,0.028178414148176678,0.004153540452059099,0.013148808802231793,0.04422713439430637,71.9266028444539,0.013149503937909809,-0.4707006293209204,0.0068160375092476055,-0.0012593696215839056,0
2025-07-30,627.5070190429688,634.4600219726562,637.6799926757812,631.5399780273438,635.9199829101562,80418900,-0.0012593696215839056,0.00039427760354326935,0.027215876619094637,0.0041791548971793335,0.010518312154220721,0.041473635159112066,67.5752759847452,0.012654416367238014,1.5698455976572114,0.009677543794401786,-0.003751066887460741,0
2025-07-31,625.1531982421875,632.0800170898438,639.8499755859375,630.77001953125,639.4600219726562,103385200,-0.003751066887460741,-0.003688270924933401,0.018744583650908364,0.004257056261771946,0.00579624812097701,0.03624077833108563,67.08448088929876,0.011854563438792555,2.8189558453811094,0.014365200305639272,-0.016390513653391614,0
2025-08-01,614.9066162109375,621.719970703125,626.3400268554688,619.2899780273438,626.2999877929688,140103600,-0.016390513653391614,-0.02414069163117849,-0.005788938657737108,0.005462398200789119,-0.010404245361593012,0.0182340611444487,45.44644351160032,0.00991040485057868,3.379900251445812,0.011339588818663572,0.015199764160073403,1
2025-08-04,624.2530517578125,631.1699829101562,631.219970703125,625.5800170898438,625.6699829101562,73218000,0.015199764160073403,-0.00905896972676401,0.016900750841786216,0.00619536456409815,0.0037993580785349312,0.032019819891278,61.09062134765545,0.009192292769305917,0.08297276270257804,0.0089357126701066,-0.005070024116712868,0
2025-08-05,621.0880737304688,627.969970703125,632.6099853515625,627.0399780273438,631.7899780273438,68051400,-0.005070024116712868,-0.011475767674865023,0.012299612385980874,0.006330369549275664,-0.0018955036835306416,0.025225158065654174,54.4823923402623,0.00827869318012763,-0.19629896727547394,0.008869862547698145,0.007659857740445197,1
2025-08-06,625.8455200195312,632.780029296875,633.4400024414062,628.1300048828125,629.0499877929688,64357500,0.007659857740445197,-0.0026477775913511525,0.013973133776657098,0.006414929054356288,0.005053342250671333,0.031213622460063872,55.53493064312737,0.007981769435154737,-0.37549779480383894,0.008391537837396748,-0.0008376363499652539,0
2025-08-07,625.3212890625,632.25,636.97998046875,629.1099853515625,636.239990234375,74205800,-0.0008376363499652539,0.0002688794055363264,0.010274458217919724,0.006403839264215609,0.003698944316178343,0.028913098973556872,55.44407866338998,0.007647067361199489,0.07426243254502897,0.012447600027184659,0.007797456463786601,1
2025-08-08,630.1972045898438,637.1799926757812,637.6500244140625,633.739990234375,634.0599975585938,64051600,0.007797456463786601,0.024866521152637766,0.02174397716710219,0.006526094723753386,0.010437683300012157,0.03521148014514375,59.01772988167285,0.007853231840852778,-0.43958741386457073,0.006136467284962379,-0.0019775013459851776,0
2025-08-11,628.9509887695312,635.9199829101562,638.9500122070312,634.6599731445312,637.4600219726562,58742300,-0.0019775013459851776,0.007525693304165637,0.01778136284900045,0.006558413790548727,0.007551981092848381,0.031568522489738626,57.38486941905066,0.00782934973819675,-0.7370860318698848,0.0067461931969294685,0.010645981802730908,1
2025-08-12,635.6467895507812,642.6900024414062,642.8499755859375,636.7899780273438,638.2899780273438,64730800,0.010645981802730908,0.023440662340958873,0.03303100540131343,0.00678339214013,0.016623334354062713,0.04069233262415328,58.6143472569798,0.008468322520261955,-0.40317429563782015,0.009429114402859,0.003423324755817303,1
2025-08-13,637.8228149414062,644.8900146484375,646.1900024414062,642.6799926757812,644.9099731445312,60092800,0.003423324755817303,0.019137781670948373,0.03311352753263641,0.006784469896764087,0.018438595773035305,0.04243439352370815,60.22262230127399,0.009178716811006788,-0.5724810393681178,0.005442803712100405,9.29178689290655e-05,1
2025-08-14,637.882080078125,644.9500122070312,645.6199951171875,642.3400268554688,642.7899780273438,59327500,9.29178689290655e-05,0.02008693968256936,0.026925112424612152,0.006709016337674009,0.017175039660571656,0.04082804270194473,58.07774908906638,0.009659842785166175,-0.5820184798709723,0.005085616248761103,-0.002341293610408912,0
2025-08-15,636.3886108398438,643.4400024414062,646.0900268554688,642.52001953125,645.989990234375,68592500,-0.002341293610408912,0.009824553655437995,0.02527152028744517,0.006744861175937473,0.013525955209377383,0.0367425945530675,56.507775670215196,0.009763467077088108,-0.11539695308437344,0.005548314233919341,-0.00021752076014103228,0
2025-08-18,636.2501831054688,643.2999877929688,644.0,642.1799926757812,642.8599853515625,43804900,-0.00021752076014103228,0.011605346785792614,0.023108642448349537,0.006751095157579149,0.012147230370995077,0.034783158060818664,58.305750350631136,0.00970038648426447,-1.2795063267302484,0.0028291735718242814,-0.005425196437217061,0
2025-08-19,632.7984008789062,639.8099975585938,644.1099853515625,638.47998046875,643.1199951171875,69750700,-0.005425196437217061,-0.0044810871677460895,0.017412488113731417,0.00690842319388786,0.005789725504865784,0.027766137168153904,55.23584051021271,0.00915564635545731,-0.029592221296290782,0.008799495013043938,-0.002657080804944645,0
2025-08-20,631.1170043945312,638.1099853515625,639.6599731445312,632.9500122070312,639.4000244140625,88890300,-0.002657080804944645,-0.010513594668906667,0.006149446196627162,0.006708358649478737,0.0028098538878111867,0.023713217809891107,55.98079505626946,0.008393402392805208,0.8530922853228289,0.010515367399874163,-0.004011809805612443,0
2025-08-21,628.5850830078125,635.5499877929688,637.969970703125,633.8099975585938,636.280029296875,54805800,-0.004011809805612443,-0.014574789542878941,0.001781151697298089,0.00677817634507637,-0.0013019043060260582,0.018487097949135167,66.22851482165926,0.007391061897622463,-0.745295781660836,0.006545469631707973,0.015356833041096918,1
2025-08-22,638.2381591796875,645.3099975585938,646.5,637.25,637.760009765625,84083200,0.015356833041096918,0.0029063190452180976,0.012886562238621169,0.0075472324556459915,0.013381245292943156,0.032614605281944486,66.4724658519051,0.007603319335409952,0.586458140906643,0.014334196022060089,-0.0044010200352035955,0
2025-08-25,635.4292602539062,642.469970703125,645.2899780273438,642.3499755859375,644.0399780273438,51274300,-0.0044010200352035955,-0.0012902516547117493,0.008682174718556812,0.007630402670769032,0.008483438857529002,0.02673925345778594,67.0347675541494,0.00745227156502842,-0.9640267621322998,0.004576093164616993,0.004186968758527643,1
2025-08-26,638.0897827148438,645.1599731445312,645.510009765625,641.5700073242188,642.2000122070312,51581600,0.004186968758527643,0.008361876118188949,0.01558416477730451,0.007637185777454637,0.011919666022448983,0.029395731174877593,65.30649616212175,0.007525165853932241,-0.9134803941572553,0.006107016252422708,0.002278452752666471,1
2025-08-27,639.5436401367188,646.6300048828125,647.3699951171875,644.4199829101562,644.5700073242188,48341100,0.002278452752666471,0.013351938996274848,0.019181651724163196,0.00762791401838682,0.013258204816336328,0.030237847964373454,67.37544758635192,0.007685111058093588,-0.9687149984588699,0.004562133190163168,0.0035414199062957508,1
2025-08-28,641.8085327148438,648.9199829101562,649.47998046875,645.3400268554688,647.239990234375,61519500,0.0035414199062957508,0.02103684936931116,0.026642004742978065,0.007563985830943275,0.015506727803016984,0.03213826943395315,65.15223922441945,0.007990456240081815,-0.2910628323465933,0.006379759789050034,-0.005963639392962183,0
